unique_id,city,site,lat,lon
1,ahga,ALIB,33.9447177895793,-83.4040147836465
2,ahga,ARPT,33.9464910581604,-83.3391438786554
3,ahga,ATCH,34.0043907165527,-83.3263778686523
4,ahga,ATECH,33.9907493591309,-83.3425216674805
5,ahga,BARN,33.9567077407602,-83.4040816540554
6,ahga,BBPK,33.9572720702871,-83.4377138722348
7,ahga,BHVN,33.9506620824398,-83.4172185941841
8,ahga,CSHS,33.9187433622935,-83.328467649795
9,ahga,CVMD,33.9208003427081,-83.3506947285137
10,ahga,DCKR,33.9370249214305,-83.3897795358542
11,ahga,DELL,33.985408782959,-83.4245910644531
12,ahga,DPRD,33.9794273376465,-83.3869934082031
13,ahga,DUDP,33.9556310911785,-83.3675465470971
14,ahga,DXBH2,33.9491996765137,-83.4329986572266
15,ahga,FIRE,33.96275546358,-83.4156889073143
16,ahga,HALP,33.9512324665747,-83.3842913543462
17,ahga,LDFN,33.9338541508502,-83.2651997233868
18,ahga,LDFS,33.9215073093398,-83.2644076708218
19,ahga,MBR2,33.946662902832,-83.4507751464844
20,ahga,MDHS,33.9930992126465,-83.44873046875
21,ahga,NDA1,33.9496389933332,-83.4839721878708
22,ahga,NOWR,33.9415711721484,-83.3588273929293
23,ahga,RDIO,33.9631751091109,-83.4559629355125
24,ahga,RHDR,33.9397680549694,-83.4168996737836
25,ahga,SCNC,33.9875602722168,-83.3855667114258
26,ahga,SEPK,33.9240145950798,-83.3037243421448
27,ahga,SOBR,33.9839172363281,-83.3494415283203
28,ahga,STDR,33.9613800048828,-83.3357238769531
29,ahga,STPK,33.9422509860127,-83.3230930575331
30,ahga,TRAN,33.9791564941406,-83.4050064086914
31,ahga,UGACF,33.8943094094773,-83.2459456411941
32,ahga,UGDF,33.9133132885348,-83.25251121086
33,ahga,UGEX,33.9456329345703,-83.4751129150391
34,ahga,UGLH,33.9240574521405,-83.3754652315305
35,ahga,UGRC,33.929997680614,-83.3605415637947
36,ahga,WALK,33.9685440063477,-83.3553009033203
37,ahga,WARN,33.9437765674551,-83.3735466458711
38,ahga,WLST,33.9689712524414,-83.3761520385742
39,ahga,WSBS,33.9378688598209,-83.4599626765208
40,atga,AHC,33.8408922685404,-84.3896679142858
41,atga,ANGC,34.13116159,-84.35474305
42,atga,BCC,34.08053911,-84.39469532
43,atga,BFES,34.14321638,-84.34105252
44,atga,BHNP,33.86368318,-84.37607044
45,atga,CC,33.76592183,-84.35764988
46,atga,CCB,33.86870509,-84.35375019
47,atga,CCCrab,34.12317477,-84.36902979
48,atga,CLEV,33.93068168,-84.38517778
49,atga,CMAC,34.09387489,-84.34388696
50,atga,CN,34.0947334,-84.40084879
51,atga,CNC,34.00423774,-84.38472111
52,atga,CP,34.03775433,-84.36267286
53,atga,CTCC,33.98222145,-84.36694439
54,atga,DHGC,33.78705369,-84.32583959
55,atga,ELGC,33.7413101196289,-84.2997970581055
56,atga,EU,33.7962341308594,-84.3304901123047
57,atga,GB,33.99083716,-84.3820041
58,atga,GP,33.73100432,-84.36903689
59,atga,HF,33.96244146,-84.39487387
60,atga,HH,33.7548312999307,-84.3116875730273
61,atga,HMS,34.01347354,-84.39510147
62,atga,HTP,33.80008747,-84.34072524
63,atga,IF,33.9910892486324,-84.3308353751761
64,atga,JAN,33.89853278,-84.378408339999993
65,atga,JT,33.82837403,-84.37756084
66,atga,KM,33.94604781,-84.39555765
67,atga,KR,34.08276783,-84.38080165
68,atga,LA,34.06812295,-84.40866039
69,atga,LP,33.7974662780762,-84.311393737793
70,atga,MF,33.83684175,-84.34775417
71,atga,MNP,33.80553008,-84.35484467
72,atga,MVD,33.88155344,-84.38546775
73,atga,NF,34.16973911,-84.34190162
74,atga,PP,33.78750466,-84.37197347
75,atga,RZ,34.13861518,-84.38281914
76,atga,SGB,34.04772969,-84.36960937
77,atga,SP,33.75671304,-84.35704757
78,atga,TES,34.01846583,-84.42236232
79,atga,TV,33.88389118,-84.35982088
80,atga,VHTC,34.15968965,-84.36499059
81,atga,WN,34.1061234,-84.36004246
82,autx,AUTX-C01-EML,30.34375,-97.83463
83,autx,AUTX-C01-WBP,30.313086,-97.818565
84,autx,AUTX-C02-BOG,30.2700386476803,-97.7122807882598
85,autx,AUTX-C02-PEA,30.284234,-97.753562
86,autx,AUTX-C02-RBI,30.290917,-97.786779
87,autx,AUTX-C02-ROY,30.24436,-97.70617
88,autx,AUTX-C02-ZIL,30.27233,-97.77658
89,autx,AUTX-C03-HOR,30.2151,-97.65006
90,autx,AUTX-C03-MON,30.2315764772119,-97.6904615184409
91,autx,AUTX-C03-ONI,30.19906,-97.61216
92,autx,AUTX-H02-BLU,30.2328622924375,-97.7477266469611
93,autx,AUTX-RMP,30.1724376678467,-97.6701431274414
94,autx,AUTX-WL1-DEL,30.2594000099019,-97.7411499268353
95,autx,AUTX-WL10-HIG,30.3351191513793,-97.7135012745675
96,autx,AUTX-WL3-DEL,30.2770215974606,-97.7345314676342
97,autx,AUTX-WL8-WRI,30.3139305993248,-97.7256958509682
98,autx,AUTX-WL9-REI,30.3270349347678,-97.718598937078
99,autx,AUTX_BCG,30.25653,-97.78541
100,autx,AUTX_BDP,30.301837713709,-97.6907673361164
101,autx,AUTX_BRDP,30.2573506007231,-97.6727512789625
102,autx,AUTX_BRP,30.1660498895116,-97.8435659968035
103,autx,AUTX_CF,30.33687685,-97.89155907
104,autx,AUTX_CRWS,30.2472386157787,-97.6949005277684
105,autx,AUTX_DNP,30.2732312947475,-97.7513136871276
106,autx,AUTX_EW/FG,30.24981,-97.72793
107,autx,AUTX_GVP,30.2604013268003,-97.6890404027066
108,autx,AUTX_MFBCP,30.281749987382,-97.7645797752723
109,autx,AUTX_PLC,30.277643561518,-97.6895292581305
110,autx,AUTX_RNP,30.3046493530273,-97.7713241577148
111,autx,AUTX_SONP,30.1601934211726,-97.8652434577924
112,autx,AUTX_TNP,30.29651,-97.76015
113,autx,AUTX_WBCG,30.2564068721036,-97.7584316093468
114,autx,OSA,30.1319163406892,-97.8164856394102
115,baar,BAR01,-41.0687,-71.165265
116,baar,BAR02,-41.086661,-71.182046
117,baar,BAR03,-41.103049,-71.164578
118,baar,BAR04,-41.103229999999996,-71.19098
119,baar,BAR05,-41.1109,-71.22064
120,baar,BAR06,-41.1264,-71.23132
121,baar,BAR07,-41.15844,-71.27044
122,baar,BAR08,-41.14189,-71.25586
123,baar,BAR09,-41.15844,-71.25074
124,baar,BAR10,-41.15854,-71.28876
125,baar,BAR11,-41.18503,-71.35069
126,baar,BAR12,-41.1328,-71.29241
127,baar,BAR13,-41.14417,-71.31539
128,baar,BAR14,-41.16806,-71.30943
129,baar,BAR15,-41.14698,-71.3516
130,baar,BAR16,-41.17291,-71.33358
131,baar,BAR17,-41.12808,-71.36862
132,baar,BAR18,-41.12542,-71.38499
133,baar,BAR19,-41.12179,-71.40535
134,baar,BAR20,-41.16871,-71.36271
135,baar,BAR21,-41.16411,-71.41677
136,baar,BAR22,-41.14224,-71.41001
137,baar,BAR23,-41.08032,-71.43776
138,baar,BAR24,-41.16354,-71.44028
139,baar,BAR25,-41.1301,-71.42574
140,baar,BAR26,-41.11017,-71.43555
141,baar,BAR27,-41.110652,-71.462822
142,baar,BAR28,-41.09524,-71.45963
143,baar,BAR30,-41.07786,-71.56558
144,baar,BAR31,-41.06826,-71.49899
145,baar,BAR33,-41.08595,-71.53249
146,baar,BAR34,-41.05315,-71.5168
147,baar,BAR35,-41.04539,-71.5429
148,bege,1059,52.48626869888584,13.610816900020726
149,bege,1060,52.44478779888604,13.421862700023508
150,bege,1061,52.449666598886026,13.369620300024279
151,bege,1062,52.48742999888587,13.581730000021162
152,bege,1063,52.4202797988861,13.335856200024757
153,bege,1064,52.534415798886,13.186747200027106
154,bege,1067,52.398815098886125,13.39734990002382
155,bege,1071,52.480502398885925,13.534534200021863
156,bege,1072,52.49882999888607,13.182850000027122
157,bege,1074,52.43702999888595,13.687200000019551
158,bege,1076,52.52064089888589,13.459219900023024
159,bege,1077,52.56846379888588,13.299566800025463
160,bege,1078,52.62825109888581,13.272629100025934
161,bege,1081,52.42440469888597,13.561887300021404
162,bege,1082,52.5959485988858,13.314915800025267
163,bege,1083,52.617952798885824,13.237093200026463
164,bege,1088,52.48356999888594,13.514710000022163
165,bege,1090,52.55751309888584,13.41023420002379
166,bege,1091,52.559811398885905,13.199268900026949
167,bege,1092,52.50230919888586,13.576732600021256
168,bege,1093,52.46334329888605,13.381459500024125
169,bege,1094,52.42620999888615,13.188860000026942
170,bege,1095,52.4606452988861,13.319037400025053
171,bege,1096,52.4142799988862,13.145420000027572
172,bege,1097,52.557411798885866,13.242260000026318
173,bege,1098,52.62693999888576,13.300379900025527
174,bege,1099,52.475676498885996,13.425861100023479
175,bege,1100,52.41938869888611,13.408670100023675
176,bege,1101,52.5729887988858,13.51366940002226
177,bege,1102,52.4478216988861,13.259498800025927
178,bege,1103,52.60056219888578,13.455304500023168
179,bege,1104,52.48357249888603,13.177009200027193
180,bege,1106,52.488879998885906,13.563850100021428
181,bege,1108,52.60349999888576,13.297400100025538
182,bege,1110,52.591729998885775,13.393720000024082
183,bege,1111,52.48629109888594,13.529465600021945
184,bege,1114,52.450569998886,13.455100000023014
185,bege,1116,52.56505999888584,13.442890000023318
186,bege,1117,52.44188989888612,13.244248800026135
187,bege,1122,52.52879049888592,13.281609300025686
188,bege,1123,52.43332999888601,13.44336000002317
189,bege,1124,52.52190999888593,13.34587000002472
190,bege,1125,52.43657839888595,13.584365600021071
191,bege,1127,52.460029998885965,13.590680100021007
192,bege,1128,52.478459998886045,13.298530100025374
193,bege,1129,52.515529998886,13.17944000002719
194,bege,1130,52.40349409888605,13.487360500022485
195,bege,1133,52.43917399888605,13.308722600025176
196,bege,1136,52.42460999888608,13.365909900024308
197,bege,1140,52.40753999888613,13.410940000023626
198,bege,1142,52.57241599888584,13.270314800025906
199,bege,1144,52.422060498885926,13.677676500019679
200,bege,1147,52.47303529888594,13.469686300022817
201,bege,1148,52.604079998885695,13.483190000022757
202,bege,1150,52.54377869888597,13.208962300026796
203,bege,1151,52.452215298886046,13.419496000023539
204,bege,1153,52.525755498885985,13.154606000027586
205,bege,1158,52.53255159888593,13.203213400026858
206,bege,1161,52.610342498885764,13.34164800002488
207,bege,1163,52.49875079888594,13.489890900022539
208,bege,1164,52.568429998885804,13.35781000002459
209,bege,1165,52.55803439888587,13.396549300023999
210,bege,1166,52.63255879888567,13.477575800022873
211,bege,1167,52.53719369888587,13.46699050002292
212,bege,1168,52.588019998885734,13.532480000022003
213,bege,1170,52.537889998885994,13.153980000027603
214,bege,1171,52.53947819888587,13.306061100025339
215,bege,1175,52.520170398885824,13.490237000022558
216,bege,1176,52.43522879888603,13.338374000024734
217,bege,1177,52.423383698886035,13.406203200023715
218,bege,1178,52.50269369888585,13.495678100022468
219,bege,1179,52.418399998885995,13.547460000021607
220,bege,1180,52.54084519888599,13.126749600028022
221,bege,1181,52.432961498886016,13.512479400022135
222,bege,1184,52.411727198885984,13.587387100021
223,bege,1185,52.424249998886175,13.188970000026938
224,bege,1187,52.588089998885756,13.431640000023506
225,bege,1190,52.448485298886055,13.297094700025369
226,bege,1191,52.47784999888589,13.568960000021345
227,bege,1192,52.59027999888583,13.22258000002664
228,bege,1193,52.57949439888585,13.373603300024369
229,bege,1198,52.42172069888612,13.206914500026677
230,bege,1199,52.5830307988859,13.233319700026467
231,bege,1200,52.4147299988861,13.27761000002561
232,bege,1201,52.50566029888592,13.42203980002356
233,bege,1206,52.37949749888611,13.620196700020482
234,bege,1209,52.431719998886116,13.221980000026464
235,bege,1210,52.430959998886166,13.225400100026413
236,bege,1215,52.532709998885835,13.499440000022435
237,bege,1216,52.509056998885846,13.61128450002075
238,bege,1217,52.502478898885876,13.618460300020633
239,bege,1221,52.54492289888598,13.169600300027378
240,bege,1222,52.52623749888595,13.167016100027395
241,bege,1225,52.6196826988858,13.23026710002657
242,bege,1226,52.45476609888609,13.256851700025964
243,bege,1229,52.57213039888583,13.282205800025734
244,bege,1231,52.59697999888586,13.301770000025458
245,bege,1232,52.53942999888589,13.311000000025263
246,bege,1234,52.41595629888607,13.316637400025039
247,bege,1236,52.58354979888585,13.338772100024896
248,bege,1237,52.55633999888591,13.33167000002497
249,bege,1238,52.46889239888606,13.324386900024974
250,bege,1239,52.45557469888601,13.32996840002488
251,bege,1242,52.597857498885766,13.342428200024862
252,bege,1243,52.584819998885756,13.370840000024414
253,bege,1244,52.55878999888585,13.36351000002449
254,bege,1246,52.577339998885854,13.379310000024274
255,bege,1247,52.44957999888605,13.387499900024023
256,bege,1248,52.43441999888607,13.396960000023864
257,bege,1249,52.41017999888608,13.39907400002381
258,bege,1250,52.399081598886134,13.397599000023812
259,bege,1254,52.440930298886066,13.419810200023528
260,bege,1255,52.41214999888606,13.41335000002359
261,bege,1256,52.596764298885724,13.44800140002327
262,bege,1258,52.45044599888596,13.451121500023072
263,bege,1259,52.42865999888601,13.446620000023117
264,bege,1260,52.42143849888606,13.45202050002302
265,bege,1263,52.46561999888596,13.46633000002286
266,bege,1264,52.39940639888608,13.492171500022401
267,bege,1265,52.51183599888583,13.518112900022144
268,bege,1269,52.50338439888586,13.569194300021369
269,bege,1270,52.44459999888601,13.555970000021503
270,bege,1271,52.49887999888588,13.584200000021141
271,bege,1273,52.49392999888589,13.616279900020658
272,bege,1274,52.52300999888582,13.638890000020345
273,bege,1276,52.486631898885896,13.532647500021897
274,bege,1284,52.517818398885986,13.277979800025724
275,bege,1285,52.43360019888605,13.33509420002479
276,bege,1286,52.515999298885895,13.459806800023005
277,bege,1342,52.45226999888614,13.13066000002785
278,bege,1344,52.42294999888619,13.154630000027446
279,bege,1345,52.43006369888613,13.21380000002659
280,bege,1347,52.508420898885994,13.185939500027091
281,bege,1348,52.51065999888601,13.177710000027211
282,bege,1360,52.449604198886036,13.25838980002595
283,bege,1361,52.435621598886115,13.237060600026235
284,bege,1364,52.51626789888598,13.264389300025933
285,bege,1369,52.43746999888606,13.267160000025806
286,bege,1370,52.621099998885775,13.293050000025628
287,bege,1371,52.6129989988858,13.309173300025371
288,bege,1372,52.60146759888581,13.293717600025587
289,bege,1374,52.57377229888582,13.304394100025396
290,bege,1376,52.53407999888587,13.306860100025325
291,bege,1378,52.488679998885935,13.310490000025212
292,bege,1379,52.41798069888612,13.312271100025105
293,bege,1380,52.41832659888609,13.317301600025026
294,bege,1382,52.60715999888581,13.31578000002527
295,bege,1384,52.600640698885776,13.329884800025052
296,bege,1387,52.42820999888611,13.339170000024719
297,bege,1390,52.40901999888614,13.330450100024816
298,bege,1394,52.468679998885975,13.348940000024617
299,bege,1395,52.448839798886084,13.368617200024303
300,bege,1396,52.46084529888605,13.35562160002451
301,bege,1397,52.434680598886104,13.362663900024367
302,bege,1399,52.422599998886106,13.353820000024484
303,bege,1400,52.41712999888607,13.372160000024207
304,bege,1402,52.5902523988858,13.380588500024274
305,bege,1404,52.58067859888577,13.38522880002419
306,bege,1409,52.45031999888601,13.387330000024027
307,bege,1410,52.44933559888599,13.405566700023755
308,bege,1412,52.411357798886094,13.406955300023682
309,bege,1413,52.615694898885714,13.416154700023766
310,bege,1414,52.621525298885736,13.39941760002403
311,bege,1417,52.58916669888577,13.41186990002381
312,bege,1421,52.41987999888612,13.431720000023319
313,bege,1422,52.42593539888603,13.418320200023542
314,bege,1423,52.57860429888583,13.4451315000233
315,bege,1424,52.53961999888578,13.456780000023082
316,bege,1429,52.61682239888567,13.46510140002303
317,bege,1432,52.51848199888588,13.486601500022616
318,bege,1433,52.518540698885836,13.486597700022614
319,bege,1438,52.45698289888598,13.477139200022691
320,bege,1442,52.41340999888604,13.4866300000225
321,bege,1443,52.64722209888561,13.507465800022427
322,bege,1444,52.6485508988856,13.503794900022491
323,bege,1445,52.638795298885675,13.493205100022642
324,bege,1451,52.44500999888601,13.499190000022347
325,bege,1452,52.44505839888598,13.502182700022308
326,bege,1453,52.42183879888606,13.502385200022275
327,bege,1456,52.52149139888582,13.549379900021679
328,bege,1457,52.521437498885874,13.548019400021703
329,bege,1458,52.514981298885814,13.526094100022021
330,bege,1460,52.49465999888585,13.549329900021648
331,bege,1461,52.47594999888596,13.532020000021882
332,bege,1462,52.478304198885915,13.547040300021669
333,bege,1464,52.45037999888593,13.543450000021691
334,bege,1465,52.422659998885976,13.551960000021543
335,bege,1466,52.417489998886,13.551460000021553
336,bege,1467,52.50310999888586,13.571330000021335
337,bege,1469,52.48521149888589,13.580362500021183
338,bege,1470,52.49515099888589,13.558178200021528
339,bege,1471,52.48245139888592,13.573651000021284
340,bege,1475,52.41167999888605,13.557470000021448
341,bege,1478,52.50981709888584,13.6004669000209
342,bege,1480,52.48009729888589,13.592196700020999
343,bege,1481,52.43832999888596,13.587280000021039
344,bege,1482,52.436228898886,13.59373640002093
345,bege,1483,52.41740739888598,13.59141290002095
346,bege,1485,52.49478099888586,13.614420300020681
347,bege,1486,52.498044498885896,13.617622400020641
348,bege,1488,52.4806999988859,13.612740000020699
349,bege,1491,52.44756089888595,13.636668300020304
350,bege,1492,52.43294999888595,13.685900000019563
351,bege,1493,52.439914498885976,13.682997500019612
352,bege,1496,52.45831999888611,13.108220000028194
353,bege,1497,52.596689998885914,13.119410000028195
354,bege,1498,52.52310999888597,13.1334001000279
355,bege,1501,52.426819898886194,13.15653510002743
356,bege,1502,52.625261798885816,13.227839300026613
357,bege,1504,52.66657459888571,13.294354300025658
358,bege,1505,52.40784999888609,13.3320600000248
359,bege,1508,52.53185269888585,13.394466000024003
360,bege,1511,52.57767749888576,13.508975800022338
361,bege,1513,52.55543999888579,13.523470100022097
362,bege,1514,52.57121999888575,13.555089900021645
363,bege,1516,52.34799999888614,13.629860000020313
364,bege,1519,52.47625319888586,13.714226200019182
365,bege,1522,52.426579998885906,13.732440000018856
366,bege,1528,52.610474398885856,13.21858660002673
367,bege,1529,52.615948098885816,13.219377500026715
368,bege,1530,52.48948009888596,13.282054700025643
369,bege,1531,52.496646498886,13.262813300025925
370,bege,1532,52.403763298886176,13.291026200025405
371,bege,1533,52.39807999888616,13.309409900025123
372,bege,1538,52.57759169888572,13.57128020002141
373,bege,1539,52.58094309888576,13.562203700021549
374,bege,1540,52.54690999888583,13.566750000021436
375,bege,1541,52.541377498885794,13.552522300021652
376,bege,1546,52.385229398886,13.7007571000193
377,bege,1548,52.43799929888596,13.712224200019172
378,bege,1551,52.51017629888598,13.229006700026446
379,bege,1553,52.462859998885946,13.575480000021232
380,bege,1558,52.50562659888587,13.416922900023636
381,bege,1561,52.41285469888614,13.34630530002459
382,bege,1562,52.57969999888578,13.370429500024413
383,bege,1564,52.576205498885784,13.392903800024072
384,bege,1566,52.57104899888582,13.32332530002512
385,bege,1568,52.45114749888603,13.407049600023734
386,bege,1572,52.42208999888598,13.575290000021198
387,bege,1574,52.59709999888591,13.144300000027826
388,bege,1575,52.55456099888585,13.446647700023249
389,bege,1578,52.547079798885925,13.266367800025934
390,bege,1581,52.56184029888582,13.397650000023988
391,bege,1586,52.53708929888578,13.654689400020121
392,bege,1587,52.41307769888602,13.649526800020089
393,bege,1591,52.592309998885746,13.427830000023572
394,bege,1592,52.41983999888603,13.431700000023328
395,bege,1593,52.4896592988859,13.522465700022048
396,bege,1594,52.416548498885994,13.541351400021696
397,bege,1598,52.59539979888575,13.369561800024453
398,bege,1600,52.53002999888597,13.167199900027404
399,bege,1601,52.55886869888588,13.191552300027073
400,bege,1602,52.44887979888604,13.296132200025383
401,bege,1603,52.56583099888593,13.225014400026582
402,bege,1605,52.44564579888599,13.556888800021486
403,bege,1606,52.60307629888572,13.43863840002342
404,bege,1608,52.50544409888589,13.415386500023665
405,bege,1609,52.440419998885986,13.541260000021712
406,bege,1671,52.409882298886124,13.230411100026311
407,bege,1672,52.51446999888585,13.589591200021069
408,bege,1673,52.49579819888589,13.615610000020666
409,bege,1674,52.39138999888601,13.636360000020256
410,bege,1679,52.42415429888613,13.22017780002648
411,bege,1682,52.50899999888582,13.627240000020507
412,bege,1683,52.49935959888592,13.48904890002255
413,bege,1684,52.487319998885845,13.585710000021113
414,bege,1685,52.54506189888601,13.12586040002803
415,bege,1686,52.53402039888575,13.631197300020471
416,bege,1687,52.54010899888581,13.548736500021706
417,bege,1688,52.624988498885784,13.302107800025492
418,bege,1689,52.55751999888585,13.35895000002456
419,bege,1767,52.41361289888622,13.143858700027602
420,bege,1770,52.48557409888608,13.183100200027104
421,bege,1771,52.61387309888581,13.230535000026547
422,bege,1773,52.60623829888579,13.233661100026502
423,bege,1774,52.5833119988859,13.22373090002662
424,bege,1775,52.44321749888612,13.247289700026101
425,bege,1777,52.63802999888578,13.275640000025907
426,bege,1779,52.45017259888604,13.259615400025917
427,bege,1780,52.44593319888609,13.279341200025616
428,bege,1781,52.44352149888607,13.273393000025708
429,bege,1782,52.428455298886135,13.275441900025655
430,bege,1784,52.4124522988861,13.264308500025816
431,bege,1790,52.59364299888585,13.309361000025344
432,bege,1793,52.425910198886065,13.294781400025379
433,bege,1794,52.41039729888612,13.307837200025157
434,bege,1796,52.590649998885844,13.317490000025213
435,bege,1797,52.591405298885846,13.323459300025128
436,bege,1798,52.5899499988858,13.312860000025298
437,bege,1800,52.59412979888579,13.31794570002522
438,bege,1801,52.55265549888583,13.33757350002488
439,bege,1805,52.44532999888605,13.34511000002464
440,bege,1806,52.43485999888606,13.319260100025014
441,bege,1807,52.431079998886126,13.321350000024987
442,bege,1808,52.42511339888607,13.340373400024697
443,bege,1809,52.42227999888613,13.337630000024724
444,bege,1810,52.41656959888615,13.33427240002478
445,bege,1812,52.566465398885875,13.355652100024624
446,bege,1813,52.47121929888604,13.354412600024533
447,bege,1815,52.46511279888598,13.349749200024604
448,bege,1816,52.457969998885986,13.364410000024368
449,bege,1817,52.595649998885804,13.38967000002414
450,bege,1818,52.5969274988858,13.384100100024225
451,bege,1819,52.6002753988858,13.38923570002416
452,bege,1820,52.586339698885794,13.37400300002437
453,bege,1821,52.57627609888584,13.392834900024079
454,bege,1824,52.44596479888598,13.415344000023595
455,bege,1827,52.44082999888601,13.416680000023577
456,bege,1830,52.55100289888577,13.485694300022665
457,bege,1831,52.419631898886074,13.452391800023024
458,bege,1832,52.49745839888592,13.480433400022681
459,bege,1835,52.40883219888604,13.476872000022654
460,bege,1836,52.483622698885924,13.516329800022127
461,bege,1839,52.439538698886025,13.511365100022164
462,bege,1841,52.421808198886005,13.546716000021613
463,bege,1842,52.5236475988858,13.562583300021483
464,bege,1843,52.51367719888582,13.560282100021514
465,bege,1845,52.42607999888595,13.56614000002134
466,bege,1846,52.48711219888586,13.600857800020883
467,bege,1847,52.46244999888588,13.594910000020938
468,bege,1849,52.49907969888586,13.584765600021129
469,bege,1850,52.44483829888593,13.595400400020912
470,bege,1852,52.498669998885816,13.623090000020557
471,bege,1853,52.53012089888578,13.639355100020348
472,bege,1854,52.42402999888602,13.42373000002346
473,bege,1858,52.44783899888601,13.452035400023059
474,bege,1859,52.59094239888573,13.473449800022879
475,bege,1860,52.60378999888573,13.483440000022753
476,bege,1861,52.49474999888587,13.53221000002191
477,bege,1863,52.47688329888591,13.541276300021748
478,bege,1864,52.47316159888591,13.534978100021839
479,bege,1865,52.49172999888586,13.571270000021327
480,bege,1870,52.61259999888577,13.330000000025066
481,bege,1871,52.611619198885776,13.343399600024865
482,bege,1873,52.443513598886064,13.347203700024613
483,bege,1874,52.54001599888582,13.45442410002312
484,bege,1878,52.450224598885946,13.4897501000225
485,bege,1880,52.619806298885685,13.502005700022483
486,bege,1881,52.40808269888605,13.497957300022337
487,bege,1885,52.43513839888596,13.571726700021255
488,bege,1887,52.42973109888598,13.594069700020922
489,bege,1888,52.48439269888588,13.618209100020612
490,bege,1891,52.45833999888612,13.128940000027873
491,bege,1892,52.543379098885914,13.157402300027563
492,bege,1896,52.53884999888597,13.185340000027132
493,bege,1899,52.56100999888592,13.201630000026917
494,bege,1900,52.56088099888588,13.202193300026911
495,bege,1901,52.42014869888617,13.202301500026739
496,bege,1902,52.44983329888612,13.238053600026236
497,bege,1904,52.52018999888597,13.268800000025871
498,bege,1906,52.58087999888577,13.337100000024918
499,bege,1910,52.44647339888608,13.376523900024184
500,bege,1911,52.43507269888603,13.404428700023745
501,bege,1913,52.6085745988857,13.427642800023584
502,bege,1915,52.59219059888581,13.428970000023556
503,bege,1919,52.38633979888615,13.42679210002336
504,bege,1920,52.431789998886025,13.445110000023146
505,bege,1921,52.61736999888568,13.483310000022765
506,bege,1922,52.44139989888596,13.493251400022444
507,bege,1923,52.55512909888577,13.498108500022477
508,bege,1924,52.55340659888576,13.506638300022352
509,bege,1925,52.47846869888591,13.515157200022143
510,bege,1926,52.48103569888592,13.5186468000221
511,bege,1927,52.458929998886,13.49908000002236
512,bege,1929,52.412809998886054,13.513549900022111
513,bege,1932,52.51424119888581,13.601002000020895
514,bege,1933,52.484036698885895,13.601698500020866
515,bege,1934,52.531170998885784,13.630553600020468
516,bege,1935,52.52159919888581,13.63031150002047
517,bege,1936,52.52032529888585,13.615104700020689
518,bege,1937,52.51551689888581,13.61275660002073
519,bege,1938,52.348059998886065,13.642510000020122
520,bege,1939,52.40967389888596,13.66924110001979
521,bege,1940,52.44160199888589,13.703612600019305
522,bege,1941,52.43741999888592,13.681260000019634
523,bege,1945,52.58290939888577,13.41076850002382
524,bege,1946,52.479916298885925,13.503802700022321
525,bege,1947,52.51785989888585,13.629205300020482
526,bege,1950,52.421604398886124,13.225270000026404
527,bege,1952,52.462720198886004,13.293610400025441
528,bege,1954,52.37938479888611,13.409908900023607
529,bege,1955,52.44223999888599,13.446360000023136
530,bege,1960,52.48361529888585,13.589814400021035
531,bege,1961,52.50063589888584,13.619520000020609
532,bege,1963,52.34573639888615,13.638836200020185
533,bege,1965,52.45207999888605,13.371200000024265
534,bege,1967,52.41735539888606,13.414023200023586
535,bege,1968,52.40997899888603,13.544347000021649
536,bege,1971,52.41693429888604,13.50644580002222
537,bege,1980,52.451351998886146,13.130369800027848
538,bege,1981,52.53961009888594,13.154958500027595
539,bege,1983,52.594787598885794,13.399191700023998
540,bege,1984,52.60291999888579,13.423060000023646
541,bege,1985,52.606382398885785,13.415039600023773
542,bege,1986,52.563888898885764,13.438310400023385
543,bege,1989,52.480509998885886,13.60774000002077
544,bege,1990,52.44554369888614,13.126318800027908
545,bege,1991,52.53423259888602,13.155528900027576
546,bege,1992,52.580371198885764,13.410161000023821
547,bege,1993,52.446689998886,13.445650000023152
548,bege,1994,52.49288999888591,13.530290000021935
549,bege,1997,52.476809998885884,13.570410000021317
550,bege,1998,52.48472999888586,13.570930100021325
551,bege,1999,52.60262909888579,13.4196217000237
552,bege,2001,52.490589998885895,13.568500000021361
553,bege,2003,52.53991619888594,13.162473100027482
554,bege,2004,52.47996999888594,13.561749900021455
555,bege,2007,52.514008198885875,13.594906800020992
556,bege,381,52.61107139888576,13.428068100023593
557,bege,382,52.541210198886006,13.132191400027937
558,bege,383,52.60784999888577,13.422140000023667
559,bege,389,52.57902009888582,13.41978880002367
560,bege,391,52.56496939888592,13.161464600027536
561,bege,392,52.48787099888596,13.431961100023397
562,bege,396,52.423009998886194,13.15736000002741
563,bege,403,52.589349998885886,13.222220000026644
564,bege,404,52.59162999888576,13.474620000022867
565,bege,406,52.605711998885695,13.481240500022793
566,bege,407,52.60196619888577,13.459398200023111
567,bege,408,52.56900069888593,13.208723200026817
568,bege,414,52.42921379888615,13.205782700026699
569,bege,416,52.41820999888615,13.204520000026708
570,bege,417,52.536390798885854,13.44083030002332
571,bege,425,52.55402239888589,13.250028300026191
572,bege,426,52.55815339888593,13.23104500002648
573,bege,435,52.4463432988861,13.255566200025974
574,bege,438,52.43548419888611,13.245201900026116
575,bege,439,52.52157909888581,13.534390600021899
576,bege,441,52.5282027988859,13.266546000025915
577,bege,442,52.5173448988859,13.463084900022963
578,bege,443,52.48278859888594,13.476370800022726
579,bege,444,52.505414298886016,13.257893000026014
580,bege,445,52.4962802988859,13.506287300022294
581,bege,449,52.515582498885834,13.53242710002192
582,bege,451,52.502722398885844,13.578277900021229
583,bege,453,52.51829609888585,13.55057390002165
584,bege,454,52.60060819888579,13.29174190002562
585,bege,455,52.51371999888585,13.592320000021035
586,bege,456,52.59664819888578,13.29902980002551
587,bege,459,52.584037798885845,13.296662900025524
588,bege,460,52.48673159888587,13.528595300021955
589,bege,463,52.54426099888587,13.301407600025412
590,bege,464,52.4978299988859,13.580020000021202
591,bege,465,52.494350098885846,13.565586300021419
592,bege,466,52.49135669888588,13.56905920002135
593,bege,467,52.520909998885976,13.286460000025597
594,bege,468,52.484449998885836,13.614730000020668
595,bege,470,52.487170998885865,13.628853400020457
596,bege,471,52.44835859888604,13.4822130000226
597,bege,474,52.439999998886,13.465080000022857
598,bege,475,52.43762419888599,13.466406900022834
599,bege,476,52.61901989888576,13.335351900024992
600,bege,477,52.418381598886064,13.481244100022584
601,bege,478,52.614537498885745,13.31999400002521
602,bege,480,52.418710498886036,13.480035100022617
603,bege,483,52.478506398885955,13.507983200022247
604,bege,486,52.43200209888595,13.515265400022098
605,bege,487,52.44439759888595,13.497234800022378
606,bege,488,52.441483698886,13.497861500022369
607,bege,489,52.43282999888599,13.506560000022237
608,bege,490,52.48292309888601,13.33527720002484
609,bege,491,52.44230839888604,13.318048000025039
610,bege,493,52.420839998885995,13.510560000022158
611,bege,496,52.58868649888582,13.36316790002453
612,bege,503,52.48234999888595,13.534090000021875
613,bege,504,52.44940999888599,13.533870000021832
614,bege,505,52.41483999888605,13.54299000002166
615,bege,508,52.481759998885884,13.554540000021566
616,bege,509,52.440719998886074,13.363600000024363
617,bege,511,52.42503999888607,13.366159900024304
618,bege,512,52.41208559888604,13.399429300023803
619,bege,513,52.48152539888591,13.56021090002148
620,bege,517,52.41572909888606,13.575690400021184
621,bege,518,52.47310389888599,13.385235800024073
622,bege,519,52.397099998886006,13.569960000021247
623,bege,520,52.39567999888607,13.582600000021054
624,bege,521,52.48927349888596,13.385301000024091
625,bege,522,52.48099999888586,13.600070000020885
626,bege,523,52.469209998885894,13.581680000021144
627,bege,524,52.479542498885884,13.600112600020884
628,bege,525,52.473949998885935,13.611180000020711
629,bege,528,52.44462999888597,13.60221010002082
630,bege,529,52.581186298885825,13.398536700023994
631,bege,530,52.42233399888598,13.59169990002096
632,bege,531,52.412958798886024,13.583987600021056
633,bege,533,52.447534698885924,13.635807000020323
634,bege,535,52.457769998885894,13.63350000002037
635,bege,536,52.57822999888579,13.396359900024033
636,bege,539,52.4367716988859,13.68904670001952
637,bege,540,52.44434819888588,13.695268500019427
638,bege,543,52.431069998885974,13.71096000001919
639,bege,548,52.58700349888583,13.421512700023653
640,bege,549,52.60342719888578,13.315255100025269
641,bege,550,52.61653059888572,13.468703900022987
642,bege,553,52.53736999888583,13.454670000023109
643,bege,555,52.42021999888615,13.302680000025253
644,bege,557,52.44821999888596,13.538710000021759
645,bege,558,52.45646999888617,13.115500000028073
646,bege,560,52.6162067988857,13.467723900022996
647,bege,561,52.42707999888615,13.211010000026624
648,bege,562,52.48797659888598,13.43247000002338
649,bege,563,52.429509998886076,13.273800000025695
650,bege,566,52.52088999888593,13.252840000026112
651,bege,567,52.52776999888596,13.280970000025693
652,bege,569,52.452879998886054,13.249010000026077
653,bege,572,52.64247869888562,13.498583200022564
654,bege,574,52.45908559888602,13.403328100023796
655,bege,578,52.5760545988858,13.353425900024671
656,bege,580,52.40885999888614,13.333490000024776
657,bege,581,52.44706999888596,13.446120000023152
658,bege,583,52.61004999888573,13.426560000023605
659,bege,585,52.40638819888613,13.23155350002629
660,bege,588,52.50227999888599,13.181210000027162
661,bege,590,52.58882669888573,13.449471400023238
662,bege,592,52.594081998885805,13.411077400023823
663,bege,593,52.54350929888591,13.313411500025234
664,bege,595,52.37264999888606,13.627900000020373
665,bege,596,52.50156999888596,13.2854700000256
666,bege,597,52.54186529888586,13.313769500025218
667,bege,599,52.51261299888599,13.179969700027186
668,bege,600,52.55571329888585,13.405871200023856
669,bege,602,52.41711419888619,13.21737230002651
670,bege,603,52.518874798885804,13.551984100021636
671,bege,604,52.489836798885854,13.555517300021553
672,bege,606,52.483269998886,13.335800000024824
673,bege,607,52.454971698886126,13.11882640002803
674,bege,609,52.61337729888579,13.35888450002462
675,bege,612,52.50071999888592,13.556430000021546
676,bege,613,52.593809998885746,13.411190000023822
677,bege,616,52.5834758988858,13.367868900024462
678,bege,619,52.586259998885794,13.376320000024338
679,boma,ALN,42.297486157279,-71.1369936063549
680,boma,ARB1,42.3034227861667,-71.1230772870351
681,boma,ARB2,42.2922138047156,-71.1255882272557
682,boma,BDL,42.202088833564,-71.1248969488337
683,boma,BNC,42.2896510345299,-71.100218542467
684,boma,BRA,42.0882536451383,-71.0698255558567
685,boma,BRD1,42.0876093820372,-71.1093945502058
686,boma,BRD2,42.106694446977,-71.1110213852361
687,boma,BRT,42.3768239143617,-71.1234873724308
688,boma,BSU,41.9833842364635,-70.9623814567808
689,boma,DAN,42.3172297511609,-71.1615483060773
690,boma,EVR,42.3397197466569,-71.1642442857749
691,boma,FPK,42.3028907775879,-71.1033477783203
692,boma,FRPO1,42.3895303797904,-71.1519841066948
693,boma,FRPO2,42.3799792567772,-71.147467253172593
694,boma,FVW,42.2448325597294,-71.1404884628423
695,boma,GLD,42.2744677920765,-71.0868895423166
696,boma,GRT,41.9641321778148,-70.917982620024
697,boma,HAB,42.4043057195708,-71.1840123543448
698,boma,HAL,42.3463210662834,-71.1111193812362
699,boma,MTA,42.3708199946819,-71.1414880563626
700,boma,MUS,42.1644383771403,-71.1373552835238
701,boma,PKN,42.1970572052956,-71.1378395758795
702,boma,SRN,42.269642446346,-71.1238203303237
703,boma,STN,42.0707474025594,-71.0695042645503
704,boma,STR,41.972176576287,-70.8953725965811
705,boma,TKR,42.0012132772763,-70.9466993898627
706,boma,ZNE,42.3055520780961,-71.0929905965799
707,cait,0,41.5875549316406,14.7144861221313
708,cait,1,41.5327682495117,14.6617832183838
709,cait,10,41.531322479248,14.5865125656128
710,cait,11,41.5348701477051,14.6153602600098
711,cait,12,41.554069519043,14.6353769302368
712,cait,13,41.5584259033203,14.6734285354614
713,cait,14,41.5907554626465,14.641432762146
714,cait,16,41.5541725158691,14.6193914413452
715,cait,18,41.6012191772461,14.7131824493408
716,cait,19,41.6015586853027,14.6343202590942
717,cait,2,41.5328140258789,14.6823673248291
718,cait,20,41.595947265625,14.7267169952393
719,cait,21,41.51806640625,14.6809177398682
720,cait,22,41.5771865844727,14.6345643997192
721,cait,23,41.5177726745605,14.6608200073242
722,cait,25,41.5238418579102,14.6502676010132
723,cait,26,41.5487213134766,14.6579990386963
724,cait,27,41.5854148864746,14.698525428772
725,cait,28,41.5663223266602,14.6276760101318
726,cait,29,41.5737724304199,14.7017402648926
727,cait,3,41.556324005127,14.6875734329224
728,cait,5,41.5530471801758,14.5888185501099
729,cait,6,41.5318183898926,14.6331987380981
730,cait,7,41.5807876586914,14.6845283508301
731,cait,8,41.5879325866699,14.6535062789917
732,chil,C04-MBP1,41.71308499,-87.57339472
733,chil,C05-BEA1,41.65419878,-87.58721191
734,chil,C05-BMP1,41.69479206,-87.57510693
735,chil,C05-BMP2,41.6857457,-87.56486107
736,chil,C05-EGG1,41.68809924,-87.52634943
737,chil,C05-EGG2,41.68105618,-87.53015961
738,chil,C05-IRM1,41.6785537417133,-87.5620588930067
739,chil,C05-SPA1,41.6680983277148,-87.5635175470222
740,chil,C06-BEA2,41.64524646,-87.58174014
741,chil,C06-HMP1,41.65680784,-87.56991671
742,chil,D02-BMT1,41.91433602,-87.66977928
743,chil,D02-BMT2,41.91375588,-87.71592056
744,chil,D02-HUP0,41.9058419543018,-87.6992712791015
745,chil,D02-JBS1,41.94889355,-87.6399905
746,chil,D02-MDU1,41.96478369,-87.6330656
747,chil,D02-MOP1,41.91858492,-87.72430748
748,chil,D02-RCP1,41.94109499,-87.69329358
749,chil,D02-SCP1,41.92296839,-87.68589743
750,chil,D03-AFP1,41.94666256,-87.71652991
751,chil,D03-AMP1,41.96850882,-87.7482015
752,chil,D03-CHP1,41.94245857,-87.76234923
753,chil,D03-GOM1,41.97527786,-87.73063446
754,chil,D03-HOR1,41.95758198,-87.69473925
755,chil,D03-NPV1,41.98593826,-87.72834195
756,chil,D03-STB1,41.96962066,-87.66563918
757,chil,D04-DNP1,41.96512952,-87.78423327
758,chil,D04-EDW0,41.9902120964941,-87.7646285897461
759,chil,D04-FGP1,41.97728945,-87.75452049
760,chil,D04-RDP1,41.98961368,-87.78559613
761,chil,D04-ROS0,41.9876131032275,-87.6885704272852
762,chil,D05-ADC1,42.00876111,-87.80324565
763,chil,D05-ADC2,42.0021481597772,-87.7944926152454
764,chil,D05-BRP1,42.00945005,-87.80710669
765,chil,D05-MIA1,42.02421505,-87.79567324
766,chil,D05-PRC1,42.02154012,-87.8318759
767,chil,D06-KCG1,42.07983052,-87.85328609
768,chil,D07-ASC0,42.0595479392676,-87.8934070606739
769,chil,D07-BEC0,42.0831809419922,-87.8838786813086
770,chil,D07-NOC1,42.09431792,-87.87945486
771,chil,D08-CCC1,42.15870422,-87.92248236
772,chil,D08-DAW0,42.1238121826807,-87.8929954020313
773,chil,D08-DAW2,42.13530185,-87.90145123
774,chil,D09-CLG0,42.187657685,-87.9176414
775,chil,D09-RYW1,42.1775919,-87.90419482
776,chil,D09-VTC1,42.20377534,-87.9292671
777,chil,D10-CAN0,42.2399471388477,-87.9389424843164
778,chil,D10-MAC1,42.25476444,-87.92753011
779,chil,D10-VHC1,42.22265299,-87.94735573
780,chil,J01-BBS1,41.84834938,-87.61051042
781,chil,J01-CLP1,41.91328435,-87.65219937
782,chil,J01-LMP1,41.83717173,-87.61053666
783,chil,J01-LUG1,41.8818092346191,-87.6213226318359
784,chil,J01-NOR1,41.86080165,-87.60790591
785,chil,J01-SEP1,41.90142019,-87.63898576
786,chil,J01-SKP1,41.87989095,-87.66100717
787,chil,J01-UIC1,41.86897406,-87.6460853
788,chil,R02-DPG1,41.86036917,-87.69969807
789,chil,R02-FRP1,41.86167611,-87.73276152
790,chil,R02-HRF1,41.8687909871892,-87.7135301798515
791,chil,R03-AUP1,41.88766256,-87.76897765
792,chil,R03-CPG1,41.87566237,-87.7721358
793,chil,R03-EUC1,41.86573343,-87.79182537
794,chil,R03-MAP1,41.86786605,-87.80378089
795,chil,R03-RHP1,41.870922088623,-87.786735534668
796,chil,R04-MMW0,41.85280337,-87.83207106
797,chil,R04-MMW3,41.86356253,-87.82763197
798,chil,R04-SCH1,41.85567851,-87.8484205
799,chil,R05-FMG1,41.84824061,-87.91280438
800,chil,R05-GOC1,41.85757554,-87.88292622
801,chil,R05-MTC1,41.86915824,-87.91060758
802,chil,R05-STP1,41.88326265,-87.86937113
803,chil,R06-OTB1,41.85248376,-87.97779673
804,chil,R06-SLT1,41.86807377,-87.95377828
805,chil,R06-SLT2,41.87464622,-87.95678027
806,chil,R06-SLT3,41.8648516460697,-87.9513299853591
807,chil,R06-YOW1,41.85870532,-87.93312143
808,chil,R07-FSP1,41.85090748,-88.02228432
809,chil,R07-GOF1,41.8658981,-88.04194649
810,chil,R07-MMP1,41.87405852,-88.00296221
811,chil,R07-YHR1,41.86578813,-87.98972335
812,chil,R08-DAP1,41.87515101,-88.07916556
813,chil,R08-PAP1,41.8561811,-88.05904063
814,chil,R08-VLG1,41.8521756,-88.07091278
815,chil,R08-WBK1,41.84175796,-88.06135623
816,chil,R09-BLW1,41.86309312,-88.14724262
817,chil,R09-CTG0,41.8518512583349,-88.1564125153906
818,chil,R09-LIM0,41.87106444,-88.12305588
819,chil,R09-SMI1,41.85279958,-88.11233994
820,chil,R10-FRM1,41.81899974,-88.2632106
821,chil,R10-FRM2,41.83329816,-88.25455583
822,chil,R10-WCP0,41.88948618,-88.2299927
823,chil,R10-WDW0,41.8662466248242,-88.1926089770313
824,chil,S02-BNS1,41.81198992,-87.59306926
825,chil,S02-BRI1,41.829108,-87.69796061
826,chil,S02-COP1,41.842399597168,-87.6651000976562
827,chil,S02-MCP1,41.82610396,-87.67616828
828,chil,S02-PIP1,41.83325462,-87.73000452
829,chil,S02-PLP1,41.84407767,-87.64874972
830,chil,S02-TNW1,41.82389815,-87.60065692
831,chil,S03-JKP2,41.78574236,-87.58010698
832,chil,S03-LCP1,41.81401666,-87.75085536
833,chil,S03-PSP1,41.7880381,-87.73172978
834,chil,S03-VIP1,41.80241759,-87.7478189
835,chil,S03-WAP1,41.81169474,-87.71888828
836,chil,S04-HAP1,41.7803347,-87.77935426
837,chil,S04-OTW1,41.81511794,-87.80373503
838,chil,S04-SSP1,41.79931501,-87.79732651
839,chil,S05-LNC1,41.74274601,-87.84473133
840,chil,S05-RES1,41.76135893,-87.82363466
841,chil,S05-SFP0,41.758854845,-87.858986115
842,chil,S06-CBW0,41.7275084436231,-87.8952475084668
843,chil,S07-ARG1,41.71888815,-87.97052731
844,chil,S07-ARG2,41.70899378,-87.98063145
845,chil,S07-SAG1,41.69528976,-87.93689634
846,chil,S07-SAG2,41.6891716535188,-87.9310900856695
847,chil,S07-STJ1,41.69819734,-87.93211936
848,chil,S07-WGL0,41.70102022,-87.943806
849,chil,S08-WGL1,41.69378812,-87.99914707
850,chil,S08-WGL3,41.704560101191,-87.9590198557433
851,chil,S09-KTP1,41.6782417,-88.03380771
852,chil,S09-SMC1,41.65701595,-88.01264245
853,chil,S09-VTW0,41.6703403096192,-88.0609518237696
854,chil,S10-ILC1,41.63776364,-88.06930047
855,chil,S10-LEW1,41.5993927,-88.07710241
856,chil,S10-LPC1,41.5915763,-88.04816511
857,chil,S10-LPP0,41.5828512941211,-88.0722566176563
858,cloh,BC1024,41.4134749,-81.75319701
859,cloh,BC1046,41.37805425,-81.83956071
860,cloh,BC1078,41.36788074,-81.82850171
861,cloh,BC1122,41.35450906,-81.83290078
862,cloh,BC1142,41.39262147,-81.76967315
863,cloh,BC1186,41.3491755,-81.82678107
864,cloh,BE1004,41.38148127,-81.55597234
865,cloh,BE1011,41.37299167,-81.50524925
866,cloh,BE1015,41.38146958,-81.55977949
867,cloh,BE1020,41.3862587,-81.53752729
868,cloh,BE1031,41.37359533,-81.56972009
869,cloh,BE1047,41.37289455,-81.55133028
870,cloh,BE1059,41.3518401,-81.57155229
871,cloh,BE1063,41.37854136,-81.54313286
872,cloh,BE1068,41.3874183,-81.54077587
873,cloh,BE1079,41.37746571,-81.56170682
874,cloh,BE1091,41.3799543,-81.50539401
875,cloh,BE1095,41.37532018,-81.57571726
876,cloh,BE1107,41.35299642,-81.58012245
877,cloh,BE1111,41.36943296,-81.55434374
878,cloh,BE1123,41.354714,-81.56985043
879,cloh,BE1127,41.38356204,-81.55182749
880,cloh,BE1132,41.38847827,-81.54081283
881,cloh,BE1139,41.37878064,-81.49482099
882,cloh,BE1143,41.37976657,-81.5696221
883,cloh,BE1155,41.37784483,-81.50501188
884,cloh,BE1159,41.37474856,-81.56044476
885,cloh,BE1171,41.35485209,-81.58606815
886,cloh,BE1175,41.37345082,-81.55621785
887,cloh,BE1187,41.35858655,-81.56587657
888,cloh,BE1191,41.38579799,-81.55500046
889,cloh,BE1196,41.38213866,-81.53640009
890,cloh,BK1152,41.45145176,-81.7200548
891,cloh,BK1200,41.44491542,-81.71276439
892,cloh,BR1013,41.30145983,-81.69432462
893,cloh,BR1023,41.30185612,-81.76577607
894,cloh,BR1025,41.31032704,-81.60182278
895,cloh,BR1029,41.28343291,-81.56621251
896,cloh,BR1041,41.30609607,-81.6046857
897,cloh,BR1043,41.34885052,-81.59550861
898,cloh,BR1045,41.29810979,-81.58525201
899,cloh,BR1057,41.31737103,-81.60799781
900,cloh,BR1061,41.30418506,-81.59692984
901,cloh,BR1077,41.30471289,-81.75610755
902,cloh,BR1089,41.31143711,-81.60786085
903,cloh,BR1093,41.28950074,-81.58167905
904,cloh,BR1105,41.30437061,-81.59962663
905,cloh,BR1109,41.33103047,-81.59173574
906,cloh,BR1121,41.30077126,-81.60692325
907,cloh,BR1125,41.31431285,-81.59429247
908,cloh,BR1137,41.30314245,-81.62284518
909,cloh,BR1141,41.28970425,-81.5774342
910,cloh,BR1153,41.31001044,-81.60933908
911,cloh,BR1157,41.29054655,-81.58859446
912,cloh,BR1169,41.32261563,-81.61424836
913,cloh,BR1173,41.31767203,-81.59236372
914,cloh,BR1185,41.30157223,-81.6005012
915,cloh,BR1189,41.30578061,-81.58883829
916,cloh,BW1006,41.40817566,-81.95886721
917,cloh,BW1050,41.41966952,-81.94483498
918,cloh,BW1070,41.41025136,-81.96836592
919,cloh,BW1114,41.41408675,-81.94606301
920,cloh,BW1134,41.42211041,-81.95885648
921,cloh,BW1178,41.40583271,-81.96677101
922,cloh,BW1198,41.4377419,-81.96929061
923,cloh,EC1036,41.56391872,-81.53542176
924,cloh,EC1148,41.55057624,-81.52890047
925,cloh,GP1164,41.43200003,-81.60543647
926,cloh,HI1002,41.20649429,-81.72437844
927,cloh,HI1005,41.25618657,-81.68759068
928,cloh,HI1009,41.22137267,-81.70828871
929,cloh,HI1018,41.21203372,-81.70256269
930,cloh,HI1021,41.22034036,-81.73189692
931,cloh,HI1034,41.21015622,-81.69336481
932,cloh,HI1037,41.21658648,-81.68945407
933,cloh,HI1053,41.21531922,-81.7042073
934,cloh,HI1066,41.21194574,-81.72499862
935,cloh,HI1069,41.25338249,-81.69153454
936,cloh,HI1073,41.22653157,-81.70235541
937,cloh,HI1082,41.20810894,-81.70092981
938,cloh,HI1085,41.22644051,-81.71746865
939,cloh,HI1098,41.20390747,-81.69668723
940,cloh,HI1101,41.21922577,-81.6983875
941,cloh,HI1117,41.21496525,-81.70015465
942,cloh,HI1130,41.204122,-81.70061809
943,cloh,HI1133,41.21974746,-81.72214122
944,cloh,HI1146,41.20611333,-81.71453314
945,cloh,HI1149,41.22353797,-81.69753917
946,cloh,HI1162,41.20742225,-81.68501568
947,cloh,HI1165,41.22199775,-81.71433583
948,cloh,HI1181,41.21777833,-81.7150664
949,cloh,HI1194,41.20399324,-81.71865854
950,cloh,HI1197,41.21311822,-81.72677457
951,cloh,HU1195,41.48727677,-81.93666061
952,cloh,MS1003,41.34808396,-81.83665009
953,cloh,MS1007,41.30787201,-81.78503081
954,cloh,MS1014,41.34589613,-81.83338132
955,cloh,MS1019,41.29230612,-81.80074923
956,cloh,MS1035,41.33070128,-81.82864957
957,cloh,MS1039,41.30291414,-81.78154662
958,cloh,MS1051,41.30505273,-81.80419821
959,cloh,MS1062,41.3624906,-81.86071462
960,cloh,MS1067,41.3446936,-81.8472185
961,cloh,MS1071,41.31226674,-81.79425526
962,cloh,MS1083,41.29940739,-81.80574526
963,cloh,MS1087,41.29922827,-81.77396326
964,cloh,MS1099,41.31752422,-81.81761865
965,cloh,MS1103,41.29547284,-81.7821699
966,cloh,MS1115,41.32018622,-81.81139793
967,cloh,MS1126,41.35078456,-81.83652059
968,cloh,MS1131,41.33526,-81.83741
969,cloh,MS1135,41.30740964,-81.79440237
970,cloh,MS1147,41.29791127,-81.79771741
971,cloh,MS1151,41.29702239,-81.78962242
972,cloh,MS1163,41.3123757,-81.79953955
973,cloh,MS1167,41.29271922,-81.78961705
974,cloh,MS1179,41.3245187,-81.81266234
975,cloh,MS1190,41.35514357,-81.84518974
976,cloh,MS1199,41.3051089,-81.79015618
977,cloh,NC1001,41.59964717,-81.43101275
978,cloh,NC1012,41.56517868,-81.42237092
979,cloh,NC1017,41.57005955,-81.43252334
980,cloh,NC1028,41.55493124,-81.42883446
981,cloh,NC1033,41.58012536,-81.42071139
982,cloh,NC1040,41.57178309,-81.43738735
983,cloh,NC1044,41.56070631,-81.41309358
984,cloh,NC1049,41.59702849,-81.43424414
985,cloh,NC1056,41.54806642,-81.41890559
986,cloh,NC1065,41.57009775,-81.42013304
987,cloh,NC1076,41.56722161,-81.42072983
988,cloh,NC1081,41.57350074,-81.4303137
989,cloh,NC1092,41.5581401,-81.42663036
990,cloh,NC1097,41.57776783,-81.43125951
991,cloh,NC1100,41.56138617,-81.43780343
992,cloh,NC1104,41.53236395,-81.40952465
993,cloh,NC1113,41.58606218,-81.4248829
994,cloh,NC1120,41.5621996,-81.43354
995,cloh,NC1129,41.5760518,-81.425918
996,cloh,NC1140,41.55643602,-81.42452641
997,cloh,NC1145,41.583293,-81.424534
998,cloh,NC1156,41.54237379,-81.41337354
999,cloh,NC1161,41.57942889,-81.4344852
1000,cloh,NC1168,41.5280608,-81.412235
1001,cloh,NC1177,41.5709938,-81.41631
1002,cloh,NC1184,41.5680035,-81.43599495
1003,cloh,NC1193,41.57445035,-81.4210299
1004,cloh,OE1052,41.41835898,-81.6440244
1005,cloh,OE1116,41.43110137,-81.66585758
1006,cloh,OE1180,41.42952764,-81.66792263
1007,cloh,RR1010,41.4033166,-81.89809263
1008,cloh,RR1022,41.46829004,-81.83154099
1009,cloh,RR1026,41.40309816,-81.8894741
1010,cloh,RR1030,41.44960363,-81.83335651
1011,cloh,RR1038,41.45302651,-81.82113905
1012,cloh,RR1042,41.43094904,-81.85327996
1013,cloh,RR1054,41.4191218,-81.85919557
1014,cloh,RR1058,41.4246234,-81.85502172
1015,cloh,RR1074,41.39821459,-81.87916931
1016,cloh,RR1086,41.46932334,-81.82466011
1017,cloh,RR1090,41.40426292,-81.89101931
1018,cloh,RR1094,41.43938857,-81.83177845
1019,cloh,RR1102,41.46594625,-81.8303345
1020,cloh,RR1106,41.44214718,-81.84527096
1021,cloh,RR1110,41.39061529,-81.87254258
1022,cloh,RR1118,41.40868551,-81.88356377
1023,cloh,RR1138,41.39486214,-81.88916062
1024,cloh,RR1150,41.47696,-81.82661
1025,cloh,RR1154,41.43075207,-81.84245506
1026,cloh,RR1158,41.44375881,-81.83401071
1027,cloh,RR1166,41.413375,-81.8746321
1028,cloh,RR1170,41.44435305,-81.8359
1029,cloh,RR1174,41.38938239,-81.8688055
1030,cloh,RR1182,41.41234818,-81.88299011
1031,cloh,SC1016,41.435608,-81.413053
1032,cloh,SC1027,41.38452738,-81.4800582
1033,cloh,SC1032,41.44654936,-81.40754057
1034,cloh,SC1048,41.41314999,-81.41317941
1035,cloh,SC1055,41.41055122,-81.47319946
1036,cloh,SC1060,41.42320659,-81.42543945
1037,cloh,SC1064,41.41400498,-81.42698885
1038,cloh,SC1075,41.38273453,-81.48313017
1039,cloh,SC1080,41.44181245,-81.41033946
1040,cloh,SC1108,41.45236463,-81.40720345
1041,cloh,SC1112,41.4188452,-81.420212
1042,cloh,SC1119,41.41310594,-81.46102156
1043,cloh,SC1124,41.434264,-81.417385
1044,cloh,SC1128,41.4141563,-81.434518
1045,cloh,SC1144,41.43927428,-81.40158825
1046,cloh,SC1160,41.40495272,-81.40297662
1047,cloh,SC1172,41.45306271,-81.40457388
1048,cloh,SC1176,41.41701687,-81.42694417
1049,cloh,SC1183,41.4139175,-81.464058
1050,cloh,SC1188,41.43251445,-81.41730532
1051,cloh,SC1192,41.4188158,-81.434001
1052,cloh,WA1084,41.45715181,-81.66367292
1053,cloh,WA3980,41.45586655,-81.66042008
1054,cloh,WC1008,41.36966761,-81.69278478
1055,cloh,WC1072,41.39143025,-81.69102643
1056,cloh,WC1136,41.38434458,-81.69258412
1057,cloh,WC1376,41.38103328,-81.6968314
1058,cloh,WC1388,41.3804048,-81.70194712
1059,cloh,WC3420,41.3782138,-81.69644533
1060,cloh,WC3484,41.39011374,-81.68979831
1061,cloh,WC3596,41.38440643,-81.69773363
1062,cloh,WC3668,41.37930244,-81.69372875
1063,cloh,WC3732,41.38890294,-81.69428548
1064,ctsa,t1s02,-34.096483,18.469117
1065,ctsa,t1s04,-34.077333,18.4612
1066,ctsa,t1s05,-34.067983,18.460933
1067,ctsa,t1s06,-34.060017,18.454717
1068,ctsa,t1s07,-34.054283,18.44575
1069,ctsa,t1s08,-34.054933,18.434783
1070,ctsa,t1s09,-34.05775,18.425317
1071,ctsa,t1s10,-34.062867,18.41585
1072,ctsa,t1s11,-34.065457,18.403613
1073,ctsa,t1s12,-34.063282,18.392426
1074,ctsa,t2s02,-34.03592,18.35416
1075,ctsa,t2s03,-34.02685,18.35572
1076,ctsa,t2s04,-34.01936,18.36628
1077,ctsa,t2s05,-34.01738,18.37693
1078,ctsa,t2s06,-34.01329,18.386733
1079,ctsa,t2s06,-34.01329,18.3867333
1080,ctsa,t2s07,-34.0049,18.39069
1081,ctsa,t2s08,-33.9969167,18.3958167
1082,ctsa,t2s09,-33.9888572,18.389743
1083,ctsa,t2s10,-33.9803637,18.3932207
1084,ctsa,t2s12,-33.9642992,18.40417
1085,ctsa,t3s03,-33.91642,18.47934
1086,ctsa,t3s08,-33.94358,18.47695
1087,ctsa,t3s09,-33.97683,18.45981
1088,ctsa,t3s10,-33.98237,18.45084
1089,ctsa,t3s11,-33.98777,18.44189
1090,ctsa,t3s12,-33.984,18.43169
1091,ctsa,t4s03,-33.87466,18.49279
1092,ctsa,t4s04,-33.8658,18.49651
1093,ctsa,t4s05,-33.8582772,18.5001549
1094,ctsa,t4s06,-33.85035,18.50848
1095,ctsa,t4s07,-33.83898,18.51726
1096,ctsa,t4s09,-33.82076,18.51149
1097,ctsa,t4s10,-33.8114,18.52087
1098,ctsa,t4s11,-33.80265,18.52512
1099,ctsa,t4s12,-33.7909833,18.5397167
1100,deio,DEIO01,41.6767463684082,-93.6645126342773
1101,deio,DEIO02,41.6595993041992,-93.6548843383789
1102,deio,DEIO03,41.6479377746582,-93.6775894165039
1103,deio,DEIO04,41.6477966308594,-93.6550598144531
1104,deio,DEIO05,41.6367454528809,-93.6504745483398
1105,deio,DEIO06,41.6244354248047,-93.6608276367188
1106,deio,DEIO07,41.6243209838867,-93.6333389282227
1107,deio,DEIO08,41.6128883361816,-93.6150894165039
1108,deio,DEIO09,41.6053771972656,-93.6220779418945
1109,deio,DEIO10,41.5988006591797,-93.6386795043945
1110,deio,DEIO11,41.5721855163574,-93.6301193237305
1111,deio,DEIO12,41.5773391723633,-93.609977722168
1112,deio,DEIO13,41.5678024291992,-93.6081237792969
1113,deio,DEIO14,41.5688934326172,-93.5885162353516
1114,deio,DEIO15,41.5708045959473,-93.566764831543
1115,deio,DEIO16,41.5579299926758,-93.5656661987305
1116,deio,DEIO17,41.5426940917969,-93.5683822631836
1117,deio,DEIO18,41.5453796386719,-93.5534591674805
1118,deio,DEIO19,41.559383392334,-93.5447158813477
1119,deio,DEIO20,41.5459899902344,-93.5191955566406
1120,deio,DEIO21,41.550464630127,-93.5054779052734
1121,deio,DEIO22,41.559757232666,-93.501823425293
1122,deio,DEIO23,41.5466156005859,-93.4785766601562
1123,deio,DEIO24,41.5378684997559,-93.4584808349609
1124,deio,DEIO25,41.5337028503418,-93.4418869018555
1125,deio,DEIO26,41.5998764038086,-93.6124877929688
1126,dftx,AC,32.7797079970501,-97.3801498507352
1127,dftx,ACP,32.883163130417,-97.5341177619835
1128,dftx,BSP,32.8047304480551,-97.3769193655403
1129,dftx,Burris,32.8958792951656,-97.5347956502148
1130,dftx,CP2,32.8932991027832,-97.5494995117188
1131,dftx,FPP,32.7197274825713,-97.3522679265271
1132,dftx,FPT,32.7286935335622,-97.3571500862093
1133,dftx,FWNCR OM,32.8331985550135,-97.4762029310597
1134,dftx,FWNCR SR,32.8531037389347,-97.4947975846119
1135,dftx,HP,32.8584459745046,-97.5078300948683
1136,dftx,HP1,32.9922447404024,-97.7920923524016
1137,dftx,HP2,32.9817258324581,-97.7807420737655
1138,dftx,Harms,32.9656076720378,-97.6400931676623
1139,dftx,Harms2,32.9612482810779,-97.6323818601626
1140,dftx,Heritage,32.7588694290596,-97.3337536732646
1141,dftx,JTH,32.8227431652323,-97.4300648145056
1142,dftx,LCP,32.8240160847713,-97.4496973309657
1143,dftx,MFH,32.7474174499512,-97.3434143066406
1144,dftx,MSP,32.7962150275574,-97.4141181699975
1145,dftx,OM2,32.8358993530273,-97.4735107421875
1146,dftx,RGC,32.7732689230168,-97.3690782922827
1147,dftx,RP,32.8005991890586,-97.3887521353119
1148,dftx,RWP,32.7647363772475,-97.3621352056584
1149,dftx,SW2,32.860969543457,-97.5015335083008
1150,dftx,TH,32.7377233716286,-97.3422043571941
1151,dftx,TJS,32.9159714281365,-97.5862309234352
1152,dftx,TP,32.7410048726111,-97.3585356157962
1153,dftx,TPWD,32.7863181412304,-97.4167496630714
1154,dftx,TRWD HQ,32.7747281407144,-97.3380594385984
1155,dftx,UTGCD,32.9707245273896,-97.71619960398
1156,edca,EDALA01RVH1,53.556513159143115,-113.43998509659062
1157,edca,EDALA01TEH1,53.54581315372662,-113.43798510122375
1158,edca,EDALA01VIP1,53.56229315996429,-113.45898509098294
1159,edca,EDALA02ABB1,53.56956340606153,-113.37756901212447
1160,edca,EDALA02BEL1,53.59294104526958,-113.43498901944747
1161,edca,EDALA02CAR1,53.584933152361025,-113.37998510166754
1162,edca,EDALA02KER1,53.588803149937114,-113.39498509599022
1163,edca,EDALA02KER2,53.59102729400994,-113.40379851882017
1164,edca,EDALA02RVR1,53.55739315587292,-113.40398510508845
1165,edca,EDALA03BAN1,53.609088985388524,-113.36316539659275
1166,edca,EDALA03MAT1,53.63366314318313,-113.34298509389913
1167,edca,EDALA03QUA1,53.622593139940356,-113.33398510025432
1168,edca,EDALA03STC1,53.607633142473205,-113.33798510445081
1169,edca,EDALA04HOH1,53.671813134096496,-113.33298508353622
1170,edca,EDALA04HOH2,53.67211313636407,-113.33598508209589
1171,edca,EDALA04RST1,53.64963413612934,-113.30236209763129
1172,edca,EDALA04SST1,53.67144313291948,-113.29598509223898
1173,edca,EDALA04SST2,53.669953134036156,-113.29098509347551
1174,edca,EDALB01CLO1,53.538363162548094,-113.47898509329268
1175,edca,EDALB01MUT2,53.52941316794147,-113.47698509708127
1176,edca,EDALB01ROS1,53.5297486813019,-113.49106266430641
1177,edca,EDALB02DAI1,53.50186316266381,-113.44698511292475
1178,edca,EDALB02KIG1,53.476283155496624,-113.41398512901421
1179,edca,EDALB02MIG1,53.48605316112766,-113.42798512251063
1180,edca,EDALB02PYI1,53.49940315655018,-113.40398512369485
1181,edca,EDALB02ROR1,53.49567315647446,-113.4339851179879
1182,edca,EDALB02SIB1,53.46440482616556,-113.39049439981426
1183,edca,EDALB03MEA1,53.471817257974735,-113.39102360851547
1184,edca,EDALB03STB1,53.457314159958756,-113.40093113936902
1185,edca,EDALB03TAM1,53.458183152730314,-113.35898514818255
1186,edca,EDALB04DEC2,53.41722315752356,-113.3979851522382
1187,edca,EDALB04DEC3,53.415683164798004,-113.40398515300946
1188,edca,EDALC01BEL1,53.514913174083674,-113.52998508992182
1189,edca,EDALC01BEL2,53.505969792415634,-113.542027353224
1190,edca,EDALC01BUE1,53.513203842485744,-113.54420823553124
1191,edca,EDALC01HAW1,53.52459317581716,-113.54798508315791
1192,edca,EDALC01HAW2,53.523083173480146,-113.54498508316325
1193,edca,EDALC01MAR2,53.538922691051745,-113.55006954143474
1194,edca,EDALC01MAR3,53.53542317724909,-113.55798507644074
1195,edca,EDALC01MAR5,53.53803317823072,-113.56393007389359
1196,edca,EDALC01PAR1,53.50236317084456,-113.51798509604374
1197,edca,EDALC01RVM1,53.53622316946385,-113.54098508042487
1198,edca,EDALC01RVM2,53.53647517428077,-113.54308008018481
1199,edca,EDALC01RVV1,53.532873173709994,-113.52498508577648
1200,edca,EDALC01RVW1,53.52866389049258,-113.5058784507368
1201,edca,EDALC01UNF1,53.49688497205793,-113.54273305780028
1202,edca,EDALC01WAL1,53.52417316597263,-113.50598509281322
1203,edca,EDALC02BLQ1,53.46166743278957,-113.51798191007504
1204,edca,EDALC02BRO1,53.49842317977927,-113.56498508654792
1205,edca,EDALC02CAL1,53.50691318437439,-113.61998507187019
1206,edca,EDALC02RIO1,53.50227317902026,-113.59198507964277
1207,edca,EDALC02RVA1,53.48214423967942,-113.55478293181818
1208,edca,EDALC02RVG1,53.50489317288644,-113.55998508565315
1209,edca,EDALC02RVO1,53.4855831802809,-113.59198508556423
1210,edca,EDALC02WWR1,53.502603186222736,-113.60198507720324
1211,edca,EDALC02ZOO1,53.50881156121985,-113.56224018455417
1212,edca,EDALC02ZOO2,53.50838317982913,-113.56098508520628
1213,edca,EDALC03ANH1,53.460307189600954,-113.61734408784332
1214,edca,EDALC03ANH2,53.460307189600954,-113.61734408784332
1215,edca,EDALC03BLC1,53.44476214605422,-113.51594157168292
1216,edca,EDALC03CAS1,53.4236631735367,-113.49998512641874
1217,edca,EDALC03EDG1,53.46614319848425,-113.66698507453513
1218,edca,EDALC03EDG2,53.46608319780958,-113.66698507514252
1219,edca,EDALC03GRH1,53.42633317892459,-113.56298511066964
1220,edca,EDALC03LEG1,53.461303180782224,-113.58398509563177
1221,edca,EDALC03MAH1,53.45117318017957,-113.54098510791272
1222,edca,EDALC03RVC1,53.47049533020023,-113.60822980226474
1223,edca,EDALC03RVC2,53.47605619066831,-113.62165008137087
1224,edca,EDALC03RVT1,53.48647318587724,-113.61298507979774
1225,edca,EDALC03WEO1,53.480331542407605,-113.64467552287839
1226,edca,EDALC04BIG1,53.42813319179406,-113.66498508667254
1227,edca,EDALC04RIA2,53.414443200291835,-113.68598508642268
1228,edca,EDALC04RIA3,53.413963198527696,-113.68598508727463
1229,edca,EDALD01AIR1,53.578323165291195,-113.50898507352593
1230,edca,EDALD01ING1,53.56450317081668,-113.53098507346087
1231,edca,EDALD01QUM1,53.55227214249497,-113.52770644989327
1232,edca,EDALD02DOV1,53.575943177102204,-113.55998506308606
1233,edca,EDALD02HUS1,53.5968471001251,-113.60458294590386
1234,edca,EDALD02RAI1,53.60715014840936,-113.57691268019755
1235,edca,EDALD02WEL1,53.59373333148692,-113.55568697252832
1236,edca,EDALD02WEL2,53.59249516491931,-113.5616205678956
1237,edca,EDALD02WOO1,53.56215317631194,-113.56398506553006
1238,edca,EDALD03GOC1,53.64126316401312,-113.55298504121673
1239,edca,EDALD03RAP1,53.6355091657306,-113.53298804906217
1240,eptx,EP 124,31.7534008026123,-106.378227233887
1241,eptx,EP100,31.886100769043,-106.521003723145
1242,eptx,EP101,31.8794002532959,-106.52799987793
1243,eptx,EP102,31.8682994842529,-106.52799987793
1244,eptx,EP103,31.860200881958,-106.523002624512
1245,eptx,EP104,31.8387145996094,-106.535018920898
1246,eptx,EP105,31.8553009033203,-106.531997680664
1247,eptx,EP106,31.8470001220703,-106.52799987793
1248,eptx,EP107,31.8316802978516,-106.543609619141
1249,eptx,EP108,31.8272247314453,-106.554122924805
1250,eptx,EP109,31.8230991363525,-106.563003540039
1251,eptx,EP110,31.7605991363525,-106.490997314453
1252,eptx,EP111,31.8220996856689,-106.573997497559
1253,eptx,EP112,31.7794,-106.4938
1254,eptx,EP113,31.7891,-106.4869
1255,eptx,EP114,31.7922,-106.4966
1256,eptx,EP115,31.77301,-106.505
1257,eptx,EP116,31.763606,-106.501802
1258,eptx,EP117,31.7600002288818,-106.488998413086
1259,eptx,EP118,31.763500213623,-106.477996826172
1260,eptx,EP119,31.7638397216797,-106.438003540039
1261,eptx,EP120,31.7565994262695,-106.428001403809
1262,eptx,EP121,31.7534255981445,-106.412818908691
1263,eptx,EP122,31.7472991943359,-106.40299987793
1264,eptx,EP123,31.744800567627,-106.391998291016
1265,eptx,EP124,31.7495002746582,-106.377998352051
1266,eptx,EP126,31.7430992126465,-106.359001159668
1267,eptx,EP127,31.7395992279053,-106.34400177002
1268,eptx,EP128,31.7283992767334,-106.334999084473
1269,eptx,EP129,31.715799331665,-106.339996337891
1270,eptx,EP130,31.705725,-106.33334
1271,eptx,EP131,31.8206005096436,-106.575996398926
1272,foco,AR1,40.546894,-105.001299
1273,foco,Arapaho1,40.530147,-105.000071
1274,foco,BW,40.619939,-105.136304
1275,foco,CC1,40.568998,-105.032559
1276,foco,CL,40.58335,-105.15067
1277,foco,CLPMS,40.6259,-105.14556
1278,foco,ELC1,40.552173,-105.012342
1279,foco,ELC2,40.558145,-105.01656
1280,foco,ERP,40.53343,-105.02827
1281,foco,FCCO,40.5853,-105.10017
1282,foco,FCR,40.49838,-104.99891
1283,foco,FOCO 10,40.5807800292969,-105.058372497559
1284,foco,FOCO 21,40.5274314880371,-105.043838500977
1285,foco,FOCO 4,40.603099822998,-105.093276977539
1286,foco,FOCO 7,40.6110916137695,-105.154510498047
1287,foco,FOCO 8,40.5547790527344,-105.10334777832
1288,foco,FOCO 9,40.5648307800293,-105.016128540039
1289,foco,HG,40.51598,-105.00002
1290,foco,HP,40.51722,-105.02533
1291,foco,LM1,40.597578,-105.079221
1292,foco,LP,40.56271,-105.08599
1293,foco,MD,40.50873,-105.01163
1294,foco,NMC,40.54255,-105.08219
1295,foco,NSP,40.610595000000004,-105.102891
1296,foco,NixFarm,40.576777,-105.045453
1297,foco,OP,40.57147,-105.12858
1298,foco,PT,40.54889,-105.04355
1299,foco,RFM,40.56513,-105.11033
1300,foco,Udall1,40.587495,-105.06832
1301,foco,WL1,40.635131,-105.167945
1302,foco,WP,40.53551,-105.05782
1303,frge,1,48.039208499156715,7.849525673343904
1304,frge,11,48.01031900362278,7.78580600095119
1305,frge,12,48.001922003616066,7.827660001000098
1306,frge,13,48.00987100362128,7.840289001014732
1307,frge,14,48.00097100361589,7.806277000975171
1308,frge,17,48.02154600362991,7.815206000985354
1309,frge,18,48.02701500363341,7.8267900009988
1310,frge,19,48.01274300362252,7.872538001052288
1311,frge,2,48.02626800363218,7.858032001035223
1312,frge,20,48.001611003614904,7.8682510010474225
1313,frge,21,47.9975680036143,7.769797000932641
1314,frge,23,47.98521200360333,7.878195001059208
1315,frge,24,47.98418200360204,7.901257001086103
1316,frge,25,47.9790520035988,7.888178001070925
1317,frge,29,47.98113000360146,7.836332001010439
1318,frge,32,48.01851200362823,7.795186000962042
1319,frge,33,47.99529700361224,7.794166000961104
1320,frge,34,47.98802800360744,7.7818470009468035
1321,frge,36,48.00182400361554,7.847290001022977
1322,frge,37,48.0090000036203,7.856850001034044
1323,frge,38,47.99241667360909,7.844516668019857
1324,frge,41,47.982286713601866,7.853226842030127
1325,frge,8,47.98514600360513,7.796449000963868
1326,frge,9,48.015662003625515,7.82992400100258
1327,frge,L01,48.0362396240234,7.85071802139282
1328,frge,L02,48.0262680053711,7.85803174972534
1329,frge,L08,47.9851455688477,7.79644870758057
1330,frge,L09,48.0156631469727,7.8299241065979
1331,frge,L11,48.0103187561035,7.78580570220947
1332,frge,L12,48.0019226074219,7.82766008377075
1333,frge,L13,48.0098724365234,7.8402886390686
1334,frge,L14,48.0009689331055,7.80627679824829
1335,frge,L17,48.0215454101562,7.8152060508728
1336,frge,L18,48.0270118713379,7.82679033279419
1337,frge,L19,48.0127410888672,7.8725380897522
1338,frge,L20,48.0016098022461,7.86825084686279
1339,frge,L21,47.9975662231445,7.76979732513428
1340,frge,L23,47.9852142333984,7.87819480895996
1341,frge,L24,47.9841804504395,7.90125703811646
1342,frge,L25,47.9790534973145,7.8881778717041
1343,frge,L26,47.9705543518066,7.92353916168213
1344,frge,L27,47.9889450073242,7.83098268508911
1345,frge,L29,47.981128692627,7.83633184432983
1346,frge,L32,48.0185127258301,7.79518604278564
1347,frge,L33,47.9952964782715,7.79416608810425
1348,frge,L34,47.9880294799805,7.78184700012207
1349,frge,L36,48.0018272399902,7.8472900390625
1350,frge,L37,48.0089988708496,7.85685014724731
1351,frge,L38,47.9924201965332,7.84451675415039
1352,hote,BELP,29.7297908302192,-95.3917757390538
1353,hote,BSEC,29.8739109039307,-95.081413269043
1354,hote,CCEC1,29.3847371328862,-95.0327736485484
1355,hote,CCNE1,29.3912575286491,-95.0370964911523
1356,hote,CCNW1,29.3909010092294,-95.0427042758472
1357,hote,CCSE1,29.3772230865488,-95.0344372669067
1358,hote,CCSW1,29.3769030388367,-95.0494396501792
1359,hote,CCWC1,29.3822262223729,-95.0494433363904
1360,hote,CGHPB,29.7974166870117,-95.2123565673828
1361,hote,CHMP,29.509375711871,-95.1299565506224
1362,hote,CULP,29.6888635140498,-95.308884861043
1363,hote,FHNA,29.5281369715071,-95.2490345534421
1364,hote,FONP,29.7141205373049,-95.324489225068
1365,hote,GCGC,29.5591907971599,-95.2452233522831
1366,hote,GLWC,29.7640248808475,-95.3843070984907
1367,hote,GRCHPB,29.8080577850342,-95.2180099487305
1368,hote,GVP,29.6645465613474,-95.2961712785981
1369,hote,GWGC,29.7306592144745,-95.306802945665
1370,hote,Gpt 69,29.3837858425542,-95.0477645030449
1371,hote,Gpt105,29.3786293347088,-95.0427784099046
1372,hote,Gpt108,29.3777249513629,-95.0370225611039
1373,hote,Gpt113,29.3769456021006,-95.0466695028257
1374,hote,Gpt123,29.3750017160126,-95.0381014195418
1375,hote,Gpt128,29.3791477133584,-95.032477091183
1376,hote,Gpt24,29.3896307316135,-95.0490457726289
1377,hote,Gpt42,29.3866752559073,-95.0358410213856
1378,hote,Gpt60,29.3853836847111,-95.0435933051163
1379,hote,HANC,29.761259117631,-95.4541121147493
1380,hote,HBP,29.7828693389893,-95.2378997802734
1381,hote,HBSP,29.7591857671047,-95.4222391984624
1382,hote,HCEM,29.8147220611572,-95.2347183227539
1383,hote,HPGC,29.7142906221479,-95.3858998779878
1384,hote,HUNP,29.5704989182888,-95.2830692928744
1385,hote,JROP,29.7631454467773,-95.2702178955078
1386,hote,KBHPB,29.7801036834717,-95.2118148803711
1387,hote,LGRP,29.4971130194074,-95.1558122082385
1388,hote,MGP,29.7116020970169,-95.3384029750196
1389,hote,MOCC,29.4359838546032,-95.0737751344656
1390,hote,MPC02,29.7762703729072,-95.4448203759227
1391,hote,MPC03,29.7763154704019,-95.4423811394297
1392,hote,MPC04,29.7696514225727,-95.4319830205778
1393,hote,MPC05,29.7697246251168,-95.4475667608931
1394,hote,MPC06,29.7627369425824,-95.4449464663242
1395,hote,MPC07,29.7628760093259,-95.4423030586401
1396,hote,MPC08,29.7635133214632,-95.4370972846726
1397,hote,MPC09,29.7561075587703,-95.4424593224998
1398,hote,MPGC,29.7683880351507,-95.4417957852236
1399,hote,MPNA1,29.7744546429475,-95.4551784623202
1400,hote,MPNA2,29.7560603856289,-95.4450117396207
1401,hote,PLMP,29.7608127593994,-95.2769165039062
1402,hote,ROSP,29.6718780867988,-95.2999741383664
1403,hote,SCRNT,29.5819489414564,-95.4159600607314
1404,hote,SOPC,29.5874580073569,-95.2936076246477
1405,hote,SPTP,29.7656180871973,-95.39597678103
1406,hote,SWDP,29.7782726287842,-95.2424011230469
1407,hote,UHBW,29.7118369522677,-95.3490835929384
1408,hote,UHERP,29.714420743597,-95.3294773613607
1409,hote,UHSP,29.7242208203104,-95.3451346080538
1410,hote,WCJP,29.6051422936181,-95.2777691630015
1411,inin,M01-PRG1,39.7443856521256,-86.1412481752718
1412,inin,M01-SAP1,39.7417191154475,-86.1286112058029
1413,inin,M02-BCF1,39.7727795625576,-86.1406151999895
1414,inin,M02-OBP1,39.7882289814946,-86.1402559863808
1415,inin,M02-SBP2,39.7859690446573,-86.119673895453
1416,inin,M03-FCP1,39.8111622417794,-86.1429739856495
1417,inin,M03-GWP1,39.8165745610548,-86.1183324712701
1418,inin,M03-GWP3,39.815000870482,-86.1186142883291
1419,inin,M03-ISD1,39.8334632882486,-86.1397752374682
1420,inin,M04-BAS1,39.8541235979796,-86.1284024622378
1421,inin,M04-FRP1,39.8612167067518,-86.1602333690177
1422,inin,M04-MAP1,39.886492075381,-86.1404484438631
1423,inin,M04-MAP4,39.8833095948632,-86.1390828850913
1424,inin,M05-ISB2,39.894658952184,-86.1452568025113
1425,inin,M05-ISB3,39.9113090976506,-86.1453903391716
1426,inin,M05-NVA1,40.0090789794922,-86.1364669799805
1427,inin,M05-SDC1,39.917050433045,-86.1504602854953
1428,inin,M05-SGC1,39.9247830342304,-86.1314272628763
1429,inin,M06-MCP1,39.9507257280573,-86.1324056471564
1430,inin,M06-PGC1,39.9457098886354,-86.1531001896429
1431,inin,M06-WGC1,39.9517549056987,-86.1228634266528
1432,inin,M07-CAC1,39.9900991878525,-86.1292042762005
1433,inin,M07-WFD1,40.0086198937232,-86.124729989442
1434,inin,M08-FTP1,40.0494952741857,-86.120308171709
1435,inin,M08-MMT2,40.0396302691481,-86.1410217409992
1436,inin,M08-WGP1,40.0608678737239,-86.1416696665627
1437,inin,R01-IUI1,39.7756233215332,-86.1872711181641
1438,inin,R02-PRU1,39.7275123596191,-86.1745986938477
1439,inin,R03-4651,39.693058013916,-86.2217864990234
1440,inin,R04-SWW1,39.6526069641113,-86.222297668457
1441,inin,R05-WAV1,39.5593185424805,-86.2732543945312
1442,inin,R06-MMP-1,39.3255004882812,-86.4173965454102
1443,inin,W01-GFP3,39.7354102807049,-86.1488890401352
1444,inin,W01-HCC1,39.7353446332383,-86.1604127722083
1445,inin,W01-WRG1,39.7391561268303,-86.1704732740407
1446,inin,W01-WRG2,39.7377828539885,-86.1708316808283
1447,inin,W02-CRS2,39.7766317310597,-86.1886109042282
1448,inin,W02-EMP1,39.786178414768,-86.1745171899777
1449,inin,W02-IZO2,39.7688432344782,-86.1813887278886
1450,inin,W02-IZO3,39.7675679180208,-86.1761113651956
1451,inin,W03-CHC1,39.8272713033813,-86.1806722999659
1452,inin,W03-MEL1,39.8183033680811,-86.2050979070876
1453,inin,W03-RGC1,39.8107261546535,-86.1983087363628
1454,inin,W04-BHC2,39.8682996785432,-86.2244592003413
1455,inin,W04-JSP1,39.8659219402232,-86.1872139254962
1456,inin,W04-ROW1,39.8794665519948,-86.2101831949962
1457,inin,W04-WPC1,39.8551676779275,-86.2061948533897
1458,inin,W05-CPE1,39.916499106323,-86.2073429116146
1459,inin,W05-EES1,39.8939514160156,-86.2298889160156
1460,inin,W05-IHS1,39.8989698179583,-86.2153157105752
1461,inin,W06-CNP1,39.9475591822472,-86.2585190007244
1462,inin,W06-LRF1,39.9595063952434,-86.2469640947316
1463,inin,W06-SDL1,39.9588813781738,-86.2448577880859
1464,inin,W06-UHS1,39.9527700182519,-86.210299446476
1465,inin,W06-UHS3,39.9527790792628,-86.2138863283227
1466,inin,W07-INA1,39.9860299040849,-86.2555850404206
1467,inin,W07-UES2,40.0009533523479,-86.2452484176918
1468,inin,W07-WAF1,40.0108558607031,-86.2353523082724
1469,inin,W08-CAP1,40.033317565918,-86.2901916503906
1470,inin,W08-FCV1,40.0299987792969,-86.2792663574219
1471,inin,W08-NST1,40.0399899452277,-86.2427094201307
1472,inin,W08-NST3,40.0408445607105,-86.244443017468
1473,inin,W08-ROS1,40.0445821117534,-86.2852538088472
1474,inin,W08-WOG1,40.0373231525489,-86.2842465496618
1475,ioio,A01-RES1,41.8074190246671,-91.6449011078855
1476,ioio,A01-WMA1,41.7988531968174,-91.6517498375637
1477,ioio,A01-WMA2,41.8116452217243,-91.6932686726473
1478,ioio,A01-WMA3,41.8140592528955,-91.6744261271118
1479,ioio,A02-FUH1,41.7602324461723,-91.6479274149593
1480,ioio,A02-GLP1,41.7574119567871,-91.6294708251953
1481,ioio,A02-MET1,41.7706233484718,-91.6099552371576
1482,ioio,A02-RES2,41.7929150802787,-91.6377808545425
1483,ioio,A02-WMA4,41.7754582551879,-91.6598322781036
1484,ioio,A03-CNA1,41.7447908990047,-91.591378699458
1485,ioio,A03-JOY1,41.7368798097073,-91.6021816207438
1486,ioio,A03-YSC1,41.7226266672557,-91.5966478184383
1487,ioio,A04-AUB1,41.7130483599636,-91.5772749124556
1488,ioio,A04-AUB2,41.7108421325684,-91.5773239135742
1489,ioio,A04-DOV1,41.707871455086,-91.5557780757941
1490,ioio,A04-PEN1,41.6744712705149,-91.5598527744631
1491,ioio,A04-WAT1,41.6882558798368,-91.5508699193253
1492,ioio,A05-BEN1,41.649918318262,-91.5483791734758
1493,ioio,A05-CRE1,41.65115504151,-91.5078094016245
1494,ioio,A05-SAN1,41.6657512212897,-91.546149709744
1495,ioio,A05-SHI1,41.6802276241008,-91.5293522524912
1496,ioio,A06-SHP1,41.6309687478739,-91.5251063080209
1497,ioio,A06-SYC1,41.6276265081409,-91.5034543418029
1498,ioio,A06-SYC2,41.6172469705897,-91.5031782555027
1499,ioio,A06-TTB1,41.6195474687412,-91.5278752536691
1500,ioio,A07-CBT1,41.6877214662488,-91.6026332743563
1501,ioio,A07-CCG1,41.6841995574739,-91.6089096188225
1502,ioio,A07-CCG2,41.6839019526727,-91.5951829798941
1503,ioio,A07-UIO1,41.6695156774588,-91.5814292777321
1504,ioio,A08-PET1,41.7442471247125,-91.5041883067078
1505,ioio,A08-RES3,41.7250713187269,-91.5441156292274
1506,ioio,A08-RES4,41.7245768225207,-91.5230151758782
1507,ioio,A08-TCP1,41.7424685671137,-91.517061214953
1508,ioio,A09-HRP1,41.6506690962167,-91.5920744308882
1509,ioio,A09-KEN1,41.6408034607288,-91.5940302489479
1510,ioio,A09-KEN2,41.640079498291,-91.5992889404297
1511,ioio,A09-TOK1,41.6399351183545,-91.6085293850253
1512,ioio,A09-WCP1,41.6425414926625,-91.5670240229265
1513,ioio,A10-ACT1,41.6822436073209,-91.4979000189231
1514,ioio,A10-GIL1,41.6995152025922,-91.4859729489836
1515,ioio,A10-HHP1,41.6755966384614,-91.5110531288859
1516,ioio,A10-HPR1,41.6758981790061,-91.4886170283551
1517,ioio,A11-MNR1,41.7820053100586,-91.5784149169922
1518,ioio,A11-MNR2,41.7904014587402,-91.5728149414062
1519,ioio,A11-MNR3,41.7845420837402,-91.561149597168
1520,jams,ALP,32.277707328313,-90.2208044501638
1521,jams,BAP,32.2862696547185,-90.2043132249008
1522,jams,BGP,32.3291946947294,-90.3464376527853
1523,jams,BOP,32.3357702113364,-90.1518879458017
1524,jams,BRP,32.2967665345893,-90.1060184369498
1525,jams,CHS,32.3563675091354,-90.1576368814596
1526,jams,CLN,32.3430276475155,-90.3183426533051
1527,jams,CON,32.2760372443128,-90.0739361268334
1528,jams,CRN,32.4744166623869,-90.0994292010145
1529,jams,FOP,32.3410420053056,-90.1778183190788
1530,jams,FRP,32.4132428753297,-90.1210960340475
1531,jams,GAS,32.3254732963782,-90.1912784058646
1532,jams,GRC,32.310316177169,-90.1827854346993
1533,jams,GRN,32.4883287324275,-90.088897753668
1534,jams,LAC1,32.3361988129055,-90.2899527180285
1535,jams,LAC2,32.34340007,-90.29483634
1536,jams,LAP,32.3166982250672,-90.1617974763318
1537,jams,LEN,32.3233129118364,-90.1552409292494
1538,jams,LGN,32.2756209362161,-89.9705075975031
1539,jams,LIP,32.4597419049042,-90.1318359821657
1540,jams,MAN,32.4560542375281,-90.0968492577756
1541,jams,MAP,32.3733748407448,-90.1601322794792
1542,jams,MAS,32.5203228465162,-90.0689342570391
1543,jams,MIP,32.3262797367881,-90.1789351205694
1544,jams,MOC,32.4768470291644,-90.1267513408652
1545,jams,MON,32.5338393519394,-90.0763497083361
1546,jams,NAC,32.4475873636112,-90.1207586611618
1547,jams,NON,32.4010897161608,-90.1258714113028
1548,jams,NTE,32.4261280748976,-90.1246836017185
1549,jams,NTW,32.329160931931,-90.3620185657434
1550,jams,OLC,32.2757181502744,-89.9923410783221
1551,jams,OLS,32.4323499254456,-90.1365740449926
1552,jams,PAG,32.2629551343875,-90.052263389935
1553,jams,PAN,32.5075346047803,-90.1084950092426
1554,jams,PAP,32.3648048920738,-90.1439868757244
1555,jams,PEG1,32.2765545257472,-90.1053554608373
1556,jams,PEG2,32.2681102874317,-90.1067168448804
1557,jams,SHP,32.3009401091417,-90.1828422076029
1558,jams,SOP,32.2625903856872,-89.9717486792702
1559,jams,TON,32.4038608453097,-90.1645872018252
1560,jams,TOP,32.3948711803872,-90.1617758602508
1561,jams,TWR,32.4996375103827,-90.0866713210743
1562,jams,VAP,32.3194004216607,-90.247086292857
1563,jams,WEP,32.3102719541069,-90.2793431423258
1564,jams,WIC,32.29159,-90.22048
1565,jams,WOP,32.4387954216256,-90.1148079062259
1566,lrar,LRAR-ALS1,34.7620725536497,-92.3182158264168
1567,lrar,LRAR-BUR1,34.7952197918812,-92.3277156373646
1568,lrar,LRAR-BUR2,34.7878957841527,-92.3080896019276
1569,lrar,LRAR-BUR3,34.8030450481158,-92.3080614218348
1570,lrar,LRAR-COM1,34.8258737836906,-92.3953970320422
1571,lrar,LRAR-CON1,34.7623800737845,-92.2334642437341
1572,lrar,LRAR-COO1,34.7968151657305,-92.3559278152405
1573,lrar,LRAR-CPL1,34.7473763303199,-92.2569712444847
1574,lrar,LRAR-DDT1,34.6733041141668,-92.1674198046694
1575,lrar,LRAR-DDT2,34.6644067996358,-92.1457028259324
1576,lrar,LRAR-EAS1,34.7434090856437,-92.2424117959358
1577,lrar,LRAR-EMR1,34.7723124657911,-92.2953353128537
1578,lrar,LRAR-KNO1,34.7568422956019,-92.3022847153419
1579,lrar,LRAR-MAU1,34.8334673394692,-92.4368998267907
1580,lrar,LRAR-MAU2,34.8292968325782,-92.4320726984952
1581,lrar,LRAR-MUR1,34.7885840515614,-92.3511933599263
1582,lrar,LRAR-MUR2,34.7846080150251,-92.3329715838696
1583,lrar,LRAR-OTT1,34.7335166753006,-92.1638234572541
1584,lrar,LRAR-PIN1,34.8455182740882,-92.469784927272
1585,lrar,LRAR-PIN2,34.8433613842316,-92.4511061748904
1586,lrar,LRAR-REB1,34.7814839994815,-92.3224607282296
1587,lrar,LRAR-RIC1,34.7167055152199,-92.1983277312235
1588,lrar,LRAR-RIV1,34.7493376550376,-92.268141056435
1589,lrar,LRAR-ROS1,34.751983261821,-92.2012536781516
1590,lrar,LRAR-SHE1,34.7579831199584,-92.251434932836
1591,lrar,LRAR-TMP1,34.7412146608071,-92.2669455010821
1592,lrar,LRAR-TRP1,34.8109749936865,-92.4097193118606
1593,lrar,LRAR-TRP2,34.8143117593814,-92.3914687836248
1594,lrar,LRAR-TRP3,34.804185191723,-92.3861097651467
1595,lrar,LRAR-WIL1,34.7002581471948,-92.1402245913049
1596,maks,JCA01,39.0235192690751,-96.830950432411
1597,maks,JCA02,39.0318531241131,-96.841612144594
1598,maks,JCA03,39.0302340771441,-96.8564128821023
1599,maks,JCA04,39.0242707481511,-96.8692641975893
1600,maks,JCA05,39.0323998135206,-96.8812420859596
1601,maks,JCA06,39.0272063568526,-96.8954666021706
1602,maks,JCA07,39.0292704572334,-96.9130561943449
1603,maks,JCA08,39.0269034567855,-96.92481566823
1604,maks,JCA09,39.0256913816562,-96.937753642282
1605,maks,JCA10,39.0279495550525,-96.9539293198138
1606,maks,JCB02,39.0373633799259,-96.8244387214734
1607,maks,JCB03,39.0463813446982,-96.8335787187149
1608,maks,JCB04,39.0581595865652,-96.8249906643087
1609,maks,JCB05,39.0682758488337,-96.8253735441147
1610,maks,JCB06,39.0770221995978,-96.822839357644
1611,maks,JCB07,39.0877167893962,-96.8242792939682
1612,maks,JCB08,39.0992348538134,-96.8206066140546
1613,maks,JCB09,39.1080803991026,-96.8248326251974
1614,maks,JCB10,39.1178747545396,-96.8166780895399
1615,maks,JCC02,39.0186388646669,-96.8238579343762
1616,maks,JCC03,39.0257610254094,-96.8077339217767
1617,maks,JCC04,39.0270598623458,-96.7925272354513
1618,maks,JCC05,39.0278195253848,-96.7779722306429
1619,maks,JCC06,39.0279943797939,-96.7673165723563
1620,maks,JCC07,39.0402613828046,-96.7464812791491
1621,maks,JCC08,39.0336779154587,-96.741965697668
1622,maks,JCC09,39.0380313943798,-96.7152326710824
1623,maks,JCC10,39.0441586170083,-96.7065432371569
1624,maks,JCD02,39.0140884972645,-96.8398311455565
1625,maks,JCD03,39.0173750723223,-96.8509341769251
1626,maks,JCD04,39.0068263648648,-96.8583901201829
1627,maks,JCD05,39.0018038240092,-96.869488221459
1628,maks,JCD06,39.0019791258131,-96.8815843205865
1629,maks,JCD07,38.9930429135902,-96.8891361826951
1630,maks,JCD08,38.9829098520918,-96.8798788101648
1631,maks,JCD09,38.9792257083051,-96.8983543060392
1632,maks,JCD10,38.9704660642763,-96.9012564304054
1633,maks,MA01,39.1843956612021,-96.5542854336297
1634,maks,MA02,39.185416215506,-96.5655835229363
1635,maks,MA03,39.1883424779441,-96.5784604287193
1636,maks,MA04,39.192984426147,-96.5942090226983
1637,maks,MA05,39.1923201402997,-96.6083218615162
1638,maks,MA06,39.1975222999331,-96.6181725203961
1639,maks,MA07,39.1925684960516,-96.6275095339868
1640,maks,MA08,39.1985449020975,-96.6391883460998
1641,maks,MA09,39.1976084665239,-96.6566109747354
1642,maks,MA10,39.2015727147744,-96.6664838125449
1643,maks,MB02,39.1943909477394,-96.5626338810223
1644,maks,MB03,39.1931447174854,-96.5750073952343
1645,maks,MB04,39.2067413950952,-96.5837458233537
1646,maks,MB05,39.2074406601623,-96.5970738911712
1647,maks,MB06,39.2143796239581,-96.605465419714207
1648,maks,MB07,39.219619058879,-96.6180047024305
1649,maks,MB08,39.2276114005452,-96.6290863678043
1650,maks,MB09,39.2082328572093,-96.6357718609257
1651,maks,MB10,39.2377956649137,-96.6479171651927
1652,maks,MC02,39.1960642477999,-96.5466442546517
1653,maks,MC03,39.1959474061801,-96.5334374991779
1654,maks,MC04,39.2049637797734,-96.522734953164
1655,maks,MC05,39.2162496865829,-96.5226045304693
1656,maks,MC06,39.2232885256835,-96.5100560946201
1657,maks,MC07,39.2329730423739,-96.5037245490489
1658,maks,MC08,39.2377997395133,-96.4856196738695
1659,maks,MC09,39.2467439832526,-96.4834462827684
1660,maks,MC10,39.2520995603133,-96.4749002057394
1661,maks,MD02,39.1780743540507,-96.5682098442231
1662,maks,MD03,39.1749788170064,-96.5809331757985
1663,maks,MD04,39.1822720666968,-96.5915877788254
1664,maks,MD05,39.175099166061,-96.6006874799262
1665,maks,MD06,39.1719921944345,-96.6130273312452
1666,maks,MD07,39.1735242208609,-96.6289254947945
1667,maks,MD08,39.1691052594281,-96.6398030974993
1668,maks,MD09,39.1700704549125,-96.6514491977658
1669,maks,MD10,39.1669359878227,-96.6653840958575
1670,manh,CA062,43.1363034929947,-70.9271788199668
1671,manh,CA102,43.1318872068654,-70.9389252204124
1672,manh,CW039,43.1386505014813,-70.9500878997632
1673,manh,FBM0002,42.762367895589,-71.4891155000261
1674,manh,FBM0004,42.8593203992168,-71.1361159998571
1675,manh,FBM0007,42.8606367978701,-71.5058631004102
1676,manh,FBM0008,42.7879127020707,-71.5485786006407
1677,manh,FBM0016,43.0940943000893,-70.8428064997836
1678,manh,FBM0018,42.8929869007697,-71.4743348996935
1679,manh,FBM0024,43.0849523025516,-70.8360915001712
1680,manh,FBM0029,43.0451716978831,-70.7645146000077
1681,manh,FBM0041,42.9286275988848,-71.4717986995538
1682,manh,FBM0042,42.933607400284,-71.2091562004745
1683,manh,FBM0052,42.8240209988105,-71.528955700482
1684,manh,FBM0055,42.8634378026661,-71.2492706006558
1685,manh,FBM0071,43.0141863015946,-71.4571351005341
1686,manh,FBM0072,43.0531708989594,-70.7909817995561
1687,manh,FBM0073,42.8259725992935,-71.1140756997024
1688,manh,FBM0074,42.7650015984333,-71.4080137994142
1689,manh,FBM0077,42.8851814030177,-71.2348480004038
1690,manh,FBM0082,42.8702770041749,-71.5481630005166
1691,manh,FBM0085,42.7718178987348,-71.2124871004883
1692,manh,FBM0090,42.9013369410709,-71.2812698604764
1693,manh,FBM0091,42.8140099025884,-71.2365872995593
1694,manh,FBM0100,43.1878892024124,-70.8729550001557
1695,manh,FBM0103,42.7506857995123,-71.5029224001467
1696,manh,HF010,43.1459613156867,-70.9379345894198
1697,manh,HF046,43.1535019544279,-70.9338648995548
1698,manh,HF047,43.1499889236702,-70.9491482506864
1699,manh,KF043,43.1740867914151,-70.9435983704873
1700,manh,KF049,43.1695147679094,-70.9259272199654
1701,manh,ML008,43.1262638555268,-70.9266980196023
1702,manh,PETE,43.1996633988732,-70.8904111002727
1703,mawi,MAWI-M01-AMF1,43.15895,-89.29484
1704,mawi,MAWI-M01-BRT1,43.00241,-89.46038
1705,mawi,MAWI-M01-BRT2,43.01099,-89.46098
1706,mawi,MAWI-M01-BRT3,43.02083,-89.46164
1707,mawi,MAWI-M01-CCT1,43.07925,-89.37191
1708,mawi,MAWI-M01-CCT2,43.08432,-89.3649
1709,mawi,MAWI-M01-CCT3,43.0905,-89.35457
1710,mawi,MAWI-M01-CCT4,43.09532,-89.34554
1711,mawi,MAWI-M01-POR1,43.131100000000004,-89.3156
1712,mawi,MAWI-M01-POR2,43.14017,-89.30998
1713,mawi,MAWI-M01-RDP1,43.12249,-89.31874
1714,mawi,MAWI-M01-STC1,43.1037,-89.34123
1715,mawi,MAWI-M01-STC2,43.11105,-89.33911
1716,mawi,MAWI-M01-STC3,43.11807,-89.33308
1717,mawi,MAWI-M01-SWC1,43.0293,-89.4602
1718,mawi,MAWI-M01-SWC2,43.03815,-89.4589
1719,mawi,MAWI-M01-SWC3,43.04538,-89.45329
1720,mawi,MAWI-M01-SWC4,43.0507,-89.4437
1721,mawi,MAWI-M01-SWC5,43.05715,-89.43479
1722,mawi,MAWI-M01-SWC6,43.06362,-89.42522
1723,mawi,MAWI-M01-SWC7,43.06748,-89.41445
1724,mawi,MAWI-M01-SWC8,43.07082,-89.40368
1725,mawi,MAWI-M01-SWC9,43.06671,-89.39123
1726,mawi,MAWI-M01-UWH1,43.15352,-89.30319
1727,mela,BSKY1,33.8520774841309,-117.723602294922
1728,mela,BolChi01,33.7027702331543,-118.032653808594
1729,mela,BolChi02,33.6968193054199,-118.024421691895
1730,mela,BolChi03,33.6902503967285,-118.028831481934
1731,mela,BolChi04,33.6846199035645,-118.025253295898
1732,mela,BolChi05,33.6871299743652,-118.037300109863
1733,mela,BolChi06,33.6941299438477,-118.041282653809
1734,mela,BolChi07,33.7047080993652,-118.053161621094
1735,mela,BolChi08,33.7071495056152,-118.047798156738
1736,mela,BolChi09,33.7111396789551,-118.061637878418
1737,mela,BolChi10,33.7114791870117,-118.052093505859
1738,mela,CHG,33.7551307678223,-117.659782409668
1739,mela,CN0,33.8279685974121,-117.743377685547
1740,mela,CalT01,33.8157207443068,-117.91629862354
1741,mela,CalT02,33.8052714107071,-117.881084307794
1742,mela,CalT03,33.8027267456055,-117.90364074707
1743,mela,CalT04,33.7918128967285,-117.891525268555
1744,mela,CalT05,33.8187942504883,-117.876884460449
1745,mela,CalT06,33.8099098205566,-117.831253051758
1746,mela,ED01,33.8047881178395,-117.987697016941
1747,mela,ED02,33.8075431964396,-117.979661762277
1748,mela,ED03,33.8068375271506,-117.969445855105
1749,mela,ED04,33.8069498755286,-117.951456000186
1750,mela,ED05,33.8073355649166,-117.929322823416
1751,mela,ED06,33.8131201236705,-117.864989403395
1752,mela,ED07,33.8132061954313,-117.852295553493
1753,mela,ED08,33.8132612183215,-117.841537487599
1754,mela,ELMOD,33.7987098693848,-117.792823791504
1755,mela,GKSK,33.8612480163574,-117.710388183594
1756,mela,H01-ARB1,34.205719593315,-118.161100149993
1757,mela,H01-AST1,34.1382466417473,-118.167327566169
1758,mela,H01-BEA1,34.1902151496986,-118.23836404064
1759,mela,H01-BEA2,34.1884271386656,-118.23860919717
1760,mela,H01-BGC1,34.1732878175052,-118.171401187258
1761,mela,H01-CCH1,34.1706280130158,-118.194734272045
1762,mela,H01-CFR1,34.2747445784115,-118.324490041228
1763,mela,H01-CFR2,34.2733535766602,-118.325233459473
1764,mela,H01-CHW1,34.0923194885254,-118.188697814941
1765,mela,H01-DEB1,34.0968205758061,-118.199559831064
1766,mela,H01-DVG1,34.1857147216797,-118.173263549805
1767,mela,H01-ELY1,34.1020889282227,-118.22151184082
1768,mela,H01-FIR1,34.1729485487576,-118.215555137566
1769,mela,H01-FLN1,34.2364613272562,-118.317683926119
1770,mela,H01-FRE1,34.2507494247889,-118.323998859909
1771,mela,H01-GAT1,34.2738604311564,-118.336570583956
1772,mela,H01-GAT2,34.2752789141464,-118.330520781465
1773,mela,H01-GAT3,34.2745805765819,-118.328810116798
1774,mela,H01-GOM1,34.2259521484375,-118.179656982422
1775,mela,H01-GSC1,34.1858604720968,-118.213906457413
1776,mela,H01-GSC2,34.1825533768961,-118.210918462397
1777,mela,H01-HCP1,34.2361717224121,-118.278656005859
1778,mela,H01-HFR1,34.2232407858084,-118.280285079836
1779,mela,H01-HFR2,34.2275466918945,-118.280456542969
1780,mela,H01-HIC1,34.2057439887667,-118.162808638578
1781,mela,H01-HNP1,34.1932801228442,-118.174282170132
1782,mela,H01-LTC1,34.2292096502222,-118.304325628877
1783,mela,H01-LTC2,34.2327003479004,-118.310997009277
1784,mela,H01-OCC1,34.2015211407264,-118.235023714954
1785,mela,H01-OXY1,34.126927657672,-118.209398132198
1786,mela,H01-RHR1,34.2180476541662,-118.158657132284
1787,mela,H01-ROS1,34.155734124552,-118.168110544748
1788,mela,H01-SAB1,34.1294206138312,-118.164202353981
1789,mela,H01-SPS1,34.1243587345724,-118.16734266949
1790,mela,H01-SUN1,34.1770515441895,-118.238204956055
1791,mela,H01-TCR1,34.2522698567462,-118.32787008806
1792,mela,H01-TMC1,34.1757169271167,-118.181406060234
1793,mela,H01-WAV1,34.2430247992848,-118.311086462341
1794,mela,H01-WAV2,34.2476768493652,-118.305953979492
1795,mela,H01-WAV3,34.246166229248,-118.29386138916
1796,mela,H01-WHT1,34.2712631225586,-118.351402282715
1797,mela,H01-WTP1,34.2212972061554,-118.319021820833
1798,mela,H01-WTP2,34.2208298358137,-118.316359968587
1799,mela,H01-WWD1,34.2166156128012,-118.258224630545
1800,mela,IRC01,33.7706931019229,-117.741002107635
1801,mela,IRC02,33.7679631324207,-117.725352442072
1802,mela,IRC03,33.7608586520145,-117.70310242313
1803,mela,IRC04,33.7523311501139,-117.683025810735
1804,mela,IRC05,33.7457933323806,-117.668010332756
1805,mela,IRC06,33.734681392118,-117.65291929031
1806,mela,IRC07,33.7194406856853,-117.647482937262
1807,mela,IRC08,33.7602005004883,-117.718421936035
1808,mela,IRC09,33.7425956726074,-117.705955505371
1809,mela,IRC10,33.754467010498,-117.696044921875
1810,mela,IRC11,33.7424812316895,-117.678413391113
1811,mela,IRC12,33.7435836791992,-117.657974243164
1812,mela,IRC13,33.7579345703125,-117.672561645508
1813,mela,LCW01,33.7494201660156,-118.103820800781
1814,mela,LCW02,33.7501487731934,-118.092811584473
1815,mela,LWNT01,33.852611541748,-118.101600646973
1816,mela,LWNT02,33.8363494873047,-118.094764709473
1817,mela,MESA2,33.7420616149902,-117.654670715332
1818,mela,OAK,33.8106575012207,-117.800079345703
1819,mela,PCNYN01,33.7844657897949,-117.763153076172
1820,mela,PCNYN02,33.7728462219238,-117.760566711426
1821,mela,PCNYN03,33.7621612548828,-117.770751953125
1822,mela,PWETZ01,33.7933578491211,-117.783432006836
1823,mela,PWETZ02,33.7885284423828,-117.776954650879
1824,mela,SA,33.8108616802827,-117.89618484066
1825,mela,SCBT01,33.8015441894531,-117.814247131348
1826,mela,SCBT02,33.7919120788574,-117.825309753418
1827,mela,SCBT03,33.7785301208496,-117.845809936523
1828,mela,SIL,33.7458801269531,-117.656257629395
1829,mela,UPWE,33.8318099975586,-117.720329284668
1830,mxmx,Biotecnología,18.9841003417969,-99.2341079711914
1831,mxmx,CATC,19.6734409332275,-99.2087936401367
1832,mxmx,CCHVallejo,19.4837188720703,-99.1406707763672
1833,mxmx,CCUT,19.4501094818115,-99.1372604370117
1834,mxmx,CTBC,19.2996997833252,-98.2433929443359
1835,mxmx,CUAIEED,19.3232192993164,-99.1872177124023
1836,mxmx,CasaLago,19.4223518371582,-99.1858139038086
1837,mxmx,Chopo,19.4418697357178,-99.156608581543
1838,mxmx,CienciasFisicas,19.9822998046875,-99.2351379394531
1839,mxmx,Cuautepec,19.5323104858398,-99.1430206298828
1840,mxmx,Cuautitlán,19.6761894226074,-99.209358215332
1841,mxmx,Energías Renova,18.8398895263672,-99.2348709106445
1842,mxmx,FESZ campus 3,19.3653793334961,-98.1325225830078
1843,mxmx,La Malinche,19.2447,-97.9897
1844,mxmx,Matemáticas,18.9833602905273,-99.2404327392578
1845,mxmx,Minería,19.4358406066895,-99.1395263671875
1846,mxmx,Observatorio,19.7420406341553,-99.1883773803711
1847,mxmx,Posgrado,19.3099403381348,-99.185302734375
1848,mxmx,Radio UNAM,19.2702407836914,-99.2070999145508
1849,mxmx,San Agustín,19.4300994873047,-99.1367034912109
1850,mxmx,San Lorenzo,19.1226596832275,-99.214241027832
1851,mxmx,Topilejo,19.2097091674805,-99.1526794433594
1852,naca,NCAP-DC-ARB1,38.9092473252788,-76.9579414714346
1853,naca,NCAP-DC-BEH1,38.8185791590953,-77.0091734541561
1854,naca,NCAP-DC-BHP1,38.9389499454405,-76.9715875990801
1855,naca,NCAP-DC-CHA1,38.8903274200069,-76.9459732395772
1856,naca,NCAP-DC-CON1,38.8815933612654,-76.9764507360039
1857,naca,NCAP-DC-FBP1,38.905217416941,-77.0774244039829
1858,naca,NCAP-DC-FDU1,38.8744773007164,-76.9422326256646
1859,naca,NCAP-DC-FSP1,38.9604706392575,-77.0145956110623
1860,naca,NCAP-DC-KEN1,38.9159244432025,-76.9422781323673
1861,naca,NCAP-DC-NAT1,38.9050375016011,-77.0378006763285
1862,naca,NCAP-DC-NSP1,38.9215772860101,-77.0608080186236
1863,naca,NCAP-DC-OLV1,38.9123117279498,-76.9803185344795
1864,naca,NCAP-DC-PBP1,38.8771628934021,-76.9648181784261
1865,naca,NCAP-DC-RCC1,38.9461455317634,-77.0166129551332
1866,naca,NCAP-DC-RCP1,38.9866327886196,-77.0530365970491
1867,naca,NCAP-DC-RCP2,38.9662101287512,-77.0515627376099
1868,naca,NCAP-DC-RCP3,38.9368368873022,-77.0430875425067
1869,naca,NCAP-DC-SHE1,38.8507300293383,-77.0048811721881
1870,naca,NCAP-DC-SOV1,38.946476846992,-77.0626031753888
1871,naca,NCAP-MD-BSP1,38.8451607178576,-76.9015113664354
1872,naca,NCAP-MD-CCC1,38.9938547589381,-77.0837552723209
1873,naca,NCAP-MD-CRG1,38.8144951424983,-76.9871880501726
1874,naca,NCAP-MD-CVH1,39.0283600622088,-77.0585812510342
1875,naca,NCAP-MD-FFP1,38.7698931780237,-77.02860458357
1876,naca,NCAP-MD-GCP1,38.9552611360469,-76.8917064764326
1877,naca,NCAP-MD-HCR1,38.814247181562,-76.9337886790971
1878,naca,NCAP-MD-IST1,39.0160858906352,-77.0096478356506
1879,naca,NCAP-MD-KCP1,38.9244984213163,-76.8981606132187
1880,naca,NCAP-MD-LFP1,38.9472394631233,-77.1156193988158
1881,naca,NCAP-MD-LFP2,38.9585741307171,-77.1076592519162
1882,naca,NCAP-MD-LFP3,38.9734297419227,-77.1022822810274
1883,naca,NCAP-MD-MRC1,38.8839039852374,-76.8793721603025
1884,naca,NCAP-MD-NOL1,38.9954795837402,-77.0135726928711
1885,naca,NCAP-MD-NWP1,39.0488984958357,-77.0113518981078
1886,naca,NCAP-MD-PBP1,38.9865755704389,-76.9308159966837
1887,naca,NCAP-MD-PGM1,38.9707508700409,-76.9652344401154
1888,naca,NCAP-MD-RCP1,38.9646161034548,-76.9859119705579
1889,naca,NCAP-MD-RCS2,39.0091266846473,-77.0761889450474
1890,naca,NCAP-MD-SCG1,39.0138109603813,-77.0301871684866
1891,naca,NCAP-MD-SLC1,39.0341713665077,-77.0303308450376
1892,naca,NCAP-MD-SLP1,38.8381466781944,-76.9297580905722
1893,naca,NCAP-MD-SYC1,38.9566836118193,-77.131375088261
1894,naca,NCAP-MD-TCC1,38.7840012887818,-76.9825535777119
1895,naca,NCAP-MD-TPB1,38.9835956897933,-77.0093541441756
1896,naca,NCAP-MD-WMR1,38.8723709771122,-76.8675533923886
1897,naca,NCAP-VA-ANC1,38.8825247750658,-77.0766824612138
1898,naca,NCAP-VA-ARM1,38.8526876456669,-77.0824744656575
1899,naca,NCAP-VA-BAR1,38.8470274712359,-77.1016778832724
1900,naca,NCAP-VA-BBP1,38.8112898991706,-77.1148033536181
1901,naca,NCAP-VA-BLU1,38.8671745603559,-77.1285257027523
1902,naca,NCAP-VA-BMP1,38.8074718612288,-77.1502044354456
1903,naca,NCAP-VA-BSH1,38.7933562360872,-77.1298506006019
1904,naca,NCAP-VA-CPL1,38.8644732336999,-77.0426887301531
1905,naca,NCAP-VA-DAI1,38.8289536045913,-77.0386087405515
1906,naca,NCAP-VA-DOK1,38.8328095617917,-77.1304964829323
1907,naca,NCAP-VA-FMR1,38.8405829435448,-77.0577890803909
1908,naca,NCAP-VA-FTW1,38.8101110140996,-77.0952257650689
1909,naca,NCAP-VA-JDP1,38.8763984587203,-77.218662589984
1910,naca,NCAP-VA-JPP1,38.7956457452736,-77.0420113923686
1911,naca,NCAP-VA-LBJ1,38.8803092535189,-77.0542201276719
1912,naca,NCAP-VA-LEE1,38.7723832739962,-77.108819387506
1913,naca,NCAP-VA-LIC1,38.8405514633922,-77.1407275636181
1914,naca,NCAP-VA-LOF1,38.7950572332245,-77.1056075691513
1915,naca,NCAP-VA-MBL1,38.9289297741375,-77.1462663949911
1916,naca,NCAP-VA-MCC1,38.9400953378329,-77.1854711703474
1917,naca,NCAP-VA-MDP1,38.8320243287983,-77.1731067292372
1918,naca,NCAP-VA-MHP1,38.90061381965,-77.1573474776484
1919,naca,NCAP-VA-MON1,38.8337183213455,-77.0699521887038
1920,naca,NCAP-VA-MTV1,38.7721248337645,-77.064774717343
1921,naca,NCAP-VA-POT1,38.9123811375069,-77.105046282769493
1922,naca,NCAP-VA-PRC1,38.8605810431995,-77.2117864376042
1923,naca,NCAP-VA-RTP1,38.84861809179,-77.1915862418983
1924,naca,NCAP-VA-TKY1,38.9646035049518,-77.1514976137744
1925,naca,NCAP-VA-TRI1,38.894867678721,-77.0614998593341
1926,naca,NCAP-VA-TUK1,38.8911552429199,-77.1571960449219
1927,naca,NCAP-VA-UPT1,38.8726062144348,-77.1419081854878
1928,naca,NCAP-VA-WAR1,38.8303751098062,-77.1007501893218
1929,nyny,ApNo,40.759162902832,-73.7449035644531
1930,nyny,ApSo,40.7481536865234,-73.7431488037109
1931,nyny,BrPk,40.6736717224121,-73.9425888061523
1932,nyny,CbGd,40.7717475891113,-73.6392135620117
1933,nyny,ChNo,40.7414588928223,-73.7656478881836
1934,nyny,ChSo,40.7305679321289,-73.7663421630859
1935,nyny,CmPk,40.7876930236816,-73.6624603271484
1936,nyny,CoLs,40.6203117370605,-74.1160430908203
1937,nyny,CtPk,40.7121810913086,-73.7996063232422
1938,nyny,DdGc,40.7758941650391,-73.6942138671875
1939,nyny,DePk,40.6043891906738,-74.1115112304688
1940,nyny,DePk II,40.6068496704102,-74.1045303344727
1941,nyny,EvCt 1,40.6829109191895,-73.8998031616211
1942,nyny,EvCt 2,40.692008972168,-73.9008483886719
1943,nyny,FhPs,40.8486404418945,-73.4852676391602
1944,nyny,FkBs,40.8216171264648,-73.5531845092773
1945,nyny,FmPk,40.72216796875,-73.8305969238281
1946,nyny,FpGc,40.7012786865234,-73.8645324707031
1947,nyny,FrEa,40.7080955505371,-73.8406524658203
1948,nyny,FrWe,40.7038269042969,-73.8504028320312
1949,nyny,GoCb,40.7959060668945,-73.5837478637695
1950,nyny,GrWd,40.6525497436523,-73.9958114624023
1951,nyny,GrWd II,40.6465301513672,-73.9900283813477
1952,nyny,HlPk,40.6864585876465,-73.8856964111328
1953,nyny,HpPk,40.759708404541,-73.6597595214844
1954,nyny,HrPk,40.5851402282715,-74.1115112304688
1955,nyny,JcPk,40.7643699645996,-73.6493530273438
1956,nyny,LtPk,40.6676406860352,-73.9269561767578
1957,nyny,MbCb,40.7916412353516,-73.5517883300781
1958,nyny,MfPk,40.7075843811035,-73.8918838500977
1959,nyny,MgCt,40.7103309631348,-73.8233108520508
1960,nyny,MtPk,40.7457504272461,-73.6778182983398
1961,nyny,MtPs,40.8362770080566,-73.5320510864258
1962,nyny,NhCc,40.7802696228027,-73.6828689575195
1963,nyny,OwGc,40.8041610717773,-73.6084976196289
1964,nyny,OwGd,40.7747344970703,-73.592903137207
1965,nyny,PrPk,40.6649894714355,-73.9688491821289
1966,nyny,PrPk II,40.6569061279297,-73.9716644287109
1967,nyny,QcFm,40.7490119934082,-73.7237014770508
1968,nyny,SnOw,40.794677734375,-73.5686416625977
1969,nyny,SwPk 1,40.8389282226562,-73.4665374755859
1970,nyny,SwPk 2,40.8316307067871,-73.4743347167969
1971,nyny,ToHl,40.5988311767578,-74.1174774169922
1972,nyny,TvPk,40.8167686462402,-73.4711151123047
1973,nyny,WbEc,40.7842102050781,-73.5838088989258
1974,phaz,1_01_AF14,33.537525177002,-111.598930358887
1975,phaz,1_02_EME,33.3525657653809,-112.310104370117
1976,phaz,1_03_EMW,33.3019104003906,-112.374298095703
1977,phaz,1_04_J9,33.7077560424805,-112.563201904297
1978,phaz,1_05_MCS,33.6444854736328,-111.718803405762
1979,phaz,1_06_T21,33.310432434082,-112.137733459473
1980,phaz,1_07_UMP,33.453784942627,-111.606575012207
1981,phaz,1_08_V9,33.7451934814453,-112.05078125
1982,phaz,1_09_W19,33.3610458374023,-111.999885559082
1983,phaz,1_10_GOAT,33.5716323852539,-112.508270263672
1984,phaz,2_01_AF19,33.3578453063965,-111.619026184082
1985,phaz,2_02_E12,33.6235160827637,-112.777618408203
1986,phaz,2_03_EMP,33.3651580810547,-112.371742248535
1987,phaz,2_04_I17,33.4409027099609,-112.577537536621
1988,phaz,2_05_MCN,33.7247123718262,-111.694747924805
1989,phaz,2_06_PWP,33.5649299621582,-112.01579284668
1990,phaz,2_07_SMW,33.3397254943848,-112.079490661621
1991,phaz,2_08_TONTO,33.5596542358398,-111.610862731934
1992,phaz,2_09_U13,33.5983581542969,-112.083297729492
1993,phaz,2_10_WTM,33.606014251709,-112.498863220215
1994,phaz,3_01_AC16,33.4803428649902,-111.717575073242
1995,phaz,3_02_AVE35,33.4101333618164,-112.133369445801
1996,phaz,3_03_DBG,33.4559211730957,-111.943054199219
1997,phaz,3_04_O17,33.421516418457,-112.339653015137
1998,phaz,3_05_R10,33.6889839172363,-112.201934814453
1999,phaz,3_06_S9,33.7174263000488,-112.179565429688
2000,phaz,3_07_SME,33.3747711181641,-111.986305236816
2001,phaz,3_08_W18,33.3854866027832,-111.99983215332
2002,phaz,3_09_X12,33.6295738220215,-111.962127685547
2003,phaz,3_10_Y10,33.6728324890137,-111.918869018555
2004,phaz,4_01_AB20,33.3358345031738,-111.779853820801
2005,phaz,4_02_AE19,33.3812294006348,-111.64998626709
2006,phaz,4_03_R13,33.5918273925781,-112.222694396973
2007,phaz,4_04_RIO,33.4213790893555,-112.075973510742
2008,phaz,4_05_S14,33.5514755249023,-112.170860290527
2009,phaz,4_06_V16,33.4712104797363,-112.049652099609
2010,phaz,4_07_ASUW,33.6077995300293,-112.165710449219
2011,phaz,4_08_Z20,33.3498916625977,-111.86336517334
2012,phaz,4_09_AA17,33.4547271728516,-111.805519104004
2013,phaz,4_10_AC19,33.3874206542969,-111.705467224121
2014,phaz,5_01_AD18,33.3879623413086,-111.672966003418
2015,phaz,5_02_AB18,33.4112358093262,-111.780372619629
2016,phaz,5_03_R14,33.5497245788574,-112.202659606934
2017,phaz,5_04_Y19,33.3766975402832,-111.91136932373
2018,phaz,5_05_T14,33.5498123168945,-112.106422424316
2019,phaz,5_06_S16,33.4697189331055,-112.156143188477
2020,phaz,5_07_TYARD,33.4093055725098,-111.976501464844
2021,phaz,5_08_X18,33.4184303283691,-111.927185058594
2022,phaz,5_09_U17,33.4539794921875,-112.070930480957
2023,phaz,5_10_V17,33.4372634887695,-112.032325744629
2024,poor,POOR-E01-OB1,45.4844641231826,-122.650254601886
2025,poor,POOR-E02-OB2,45.4687536312384,-122.664103858554
2026,poor,POOR-E03-JCP,45.4604962864205,-122.64228068166
2027,poor,POOR-E04-TJP,45.4628667598406,-122.623654344179
2028,poor,POOR-E06-BEL,45.4553839708239,-122.593929904285
2029,poor,POOR-E08-WFP,45.4659389926607,-122.575663905277
2030,poor,POOR-E10-FFP,45.4749794006348,-122.555686950684
2031,poor,POOR-E11-BTP,45.4779048163128,-122.550624421036
2032,poor,POOR-E12-128,45.4815154851353,-122.530775449288
2033,poor,POOR-E13-PB1,45.480720865775,-122.512970924052
2034,poor,POOR-E14-PB2,45.4787623956709,-122.497224476544
2035,poor,POOR-E15-PB3,45.4832390792388,-122.491823168341
2036,poor,POOR-E17-JBP,45.4803940498076,-122.479680440786
2037,poor,POOR-E18-SW7,45.4946092799757,-122.440206979456
2038,poor,POOR-E19-MAP,45.4915504238485,-122.422435543009
2039,poor,POOR-E20-HOR,45.4815178254993,-122.414323332848
2040,poor,POOR-E21-BAR,45.4810256958008,-122.385810852051
2041,poor,POOR-E22-HWF,45.4691772460938,-122.365272521973
2042,poor,POOR-S01-GBP,45.4719772338867,-122.720993041992
2043,poor,POOR-S02-MSP,45.4608535766602,-122.745704650879
2044,poor,POOR-S03-BAG,45.4420967102051,-122.77555847168
2045,poor,POOR-S04-WDP,45.4308013916016,-122.781394958496
2046,poor,POOR-W01-GHP,45.4758309240638,-122.683854496592
2047,poor,POOR-W02-MNP,45.4913438547237,-122.69523449844
2048,poor,POOR-W03-CCP,45.497770428531,-122.708946175256
2049,poor,POOR-W04-WHA,45.515799507428,-122.71967202673
2050,poor,POOR-W06-PAS,45.5249404907227,-122.735450744629
2051,poor,POOR-W08-LBK,45.5346527099609,-122.767211914062
2052,poor,POOR-W09-TBP,45.540460002152,-122.804997570266
2053,poor,POOR-W10-HRP,45.549407950139,-122.827962224904
2054,poor,POOR-W11-TWP,45.5410626970323,-122.845997160231
2055,poor,POOR-W13-BLP,45.5557698446679,-122.875002614426
2056,poor,POOR-W14-PSF,45.5574083090052,-122.893000871306
2057,poor,POOR-W15-GFC,45.5579452514648,-122.911338806152
2058,poor,POOR-W16-TRP,45.5904006958008,-122.992835998535
2059,poor,POOR-W17-GHC,45.5977821350098,-123.007270812988
2060,rony,RCNY-B02-BYT1,43.12463,-77.57745
2061,rony,RCNY-C01-SNP1,43.21323,-77.61972
2062,rony,RCNY-C01-TPP1,43.24512,-77.61455
2063,rony,RCNY-C01-TPP2,43.22814,-77.61789
2064,rony,RCNY-C02-MWP1,43.18204,-77.62889
2065,rony,RCNY-C02-SNP2,43.20047,-77.62003
2066,rony,RCNY-E02-CGP1,43.13687,-77.52725
2067,rony,RCNY-L01-BBP1,43.30242,-77.7142
2068,rony,RCNY-L01-BGP1,43.31212,-77.73228
2069,rony,RCNY-L01-BPW1,43.322692,-77.720205000000007
2070,rony,RCNY-L01-RWA1,43.28926,-77.71523
2071,rony,RCNY-L02- BPP1,43.28226,-77.6899
2072,rony,RCNY-L03-BRP1,43.25639,-77.64369
2073,rony,RCNY-L03-GWS1,43.26152,-77.63466
2074,rony,RCNY-L03-OBP1,43.26044,-77.611
2075,rony,RCNY-L04-DEB1,43.24286,-77.5772
2076,rony,RCNY-L04-DEP1,43.23331,-77.57194
2077,rony,RCNY-L04-DEP2,43.23383,-77.55412
2078,rony,RCNY-S01-BSP1,43.16001,-77.62355
2079,rony,RCNY-S01-GGP1,43.14878,-77.60882
2080,rony,RCNY-S01-HFP1,43.16296,-77.61321
2081,rony,RCNY-S01-HLP1,43.12799,-77.60842
2082,rony,RCNY-S01-HLP2,43.13291,-77.60456
2083,rony,RCNY-S01-MHC1,43.134862,-77.6167476
2084,rony,RCNY-S02-GVP1,43.11844,-77.63511
2085,rony,RCNY-S02-GVP2,43.10936,-77.66036
2086,rony,RCNY-S03-BDP1,43.07788,-77.70943
2087,rony,RCNY-S03-RIT1,43.081188,-77.685483
2088,rony,RCNY-S03-RIT2,43.090361,-77.66683
2089,rony,RCNY-W02-GMP1,43.1721,-77.69583
2090,rony,RCNY-W03-GCP1,43.19839,-77.73877
2091,sasa,SASA-01-HWY14,52.1281125278657,-106.78466623887
2092,sasa,SASA-02-BEVMD,52.1360830892075,-106.757777576508
2093,sasa,SASA-03-WCOMP,52.1181960258738,-106.771750700871
2094,sasa,SASA-04-PARKP,52.1229401578243,-106.744251659863
2095,sasa,SASA-05-HWY07,52.1154172680875,-106.783694428225
2096,sasa,SASA-06-R3062,52.1084463448364,-106.766527170344
2097,sasa,SASA-07-11STW,52.1151659343721,-106.732722303695
2098,sasa,SASA-08-FROTT,52.1946943735766,-106.68422238799
2099,sasa,SASA-09-MARQ,52.1948165893555,-106.662879943848
2100,sasa,SASA-10-SKYXE,52.1665269305597,-106.688388673304
2101,sasa,SASA-11-RCAFP,52.1654400461485,-106.673168480333
2102,sasa,SASA-12-ALLOG,52.1509455169215,-106.691444691041
2103,sasa,SASA-13-WOODC,52.1540567263823,-106.651471980204
2104,sasa,SASA-14-MEEVT,52.1419978766096,-106.638333280259
2105,sasa,SASA-15-LEIFP,52.1308282744264,-106.69163957194
2106,sasa,SASA-16-KIWAP,52.1233122388658,-106.660575365552
2107,sasa,SASA-17-USASK,52.1222231193504,-106.631027084812
2108,sasa,SASA-18-GABD1,52.1120838546843,-106.678194677452
2109,sasa,SASA-19-GABD2,52.1074714149477,-106.68006590176
2110,sasa,SASA-20-JOHNH,52.0991926556445,-106.658610744992
2111,sasa,SASA-21-DIEFP,52.0938072961715,-106.685500004158
2112,sasa,SASA-22-CARTW,52.0857485301229,-106.666682702318
2113,sasa,SASA-23-HWY05,52.1437459528316,-106.540325073541
2114,sasa,SASA-24-ECOMP,52.143389565391,-106.52241726214
2115,sasa,SASA-25-MCORM,52.1328042910904,-106.545055558919
2116,sasa,SASA-26-R3044,52.1224157738409,-106.525975089702
2117,sasa,SASA-27-MONPL,52.1247237034565,-106.575417325371
2118,sasa,SASA-28-8STEA,52.1156102056416,-106.555138901751
2119,sasa,SASA-29-LAKEP,52.1064186001798,-106.578305839078
2120,sasa,SASA-30-DONNP,52.1061103186455,-106.554477053047
2121,sewa,SEWA_N01_DRP2,47.64354,-122.36046
2122,sewa,SEWA_N01_DSP1,47.6598,-122.41942
2123,sewa,SEWA_N01_LTP1,47.65483,-122.39368
2124,sewa,SEWA_N02_BGP2,47.66616,-122.28327
2125,sewa,SEWA_N02_LWP2,47.669,-122.34474
2126,sewa,SEWA_N02_LWP3,47.66901,-122.34405
2127,sewa,SEWA_N02_PHN1,47.6723,-122.3598
2128,sewa,SEWA_N02_PHY1,47.6708,-122.3596
2129,sewa,SEWA_N03_IRP1,47.69055,-122.28101
2130,sewa,SEWA_N03_MGP1,47.68166,-122.25092
2131,sewa,SEWA_N03_RVP1,47.67354,-122.31119
2132,sewa,SEWA_N04_HFW1,47.70676,-122.19162
2133,sewa,SEWA_N04_JBP1,47.69558,-122.20348
2134,sewa,SEWA_N05_SVP1,47.70675,-122.15123
2135,sewa,SEWA_N06_MBC1,47.70461,-122.08888
2136,sewa,SEWA_N06_MBC2,47.70431,-122.08896
2137,sewa,SEWA_N07_FRD1,47.75103,-122.00792
2138,sewa,SEWA_N07_RHF1,47.7406,-122.01764
2139,sewa,SEWA_N08_DOS1,47.74577,-121.96749
2140,sewa,SEWA_S01_PGP1,47.55922,-122.35731
2141,sewa,SEWA_S01_PGP2,47.55669,-122.35852
2142,sewa,SEWA_S01_TMP1,47.56718,-122.35082
2143,sewa,SEWA_S02_DWP1,47.53195,-122.32024
2144,sewa,SEWA_S02_MSR1,47.54984,-122.3086
2145,sewa,SEWA_S02_MWP1,47.56073,-122.31937
2146,sewa,SEWA_S02_MWP2,47.56093,-122.31849
2147,sewa,SEWA_S02_WCP2,47.52699,-122.33736
2148,sewa,SEWA_S02_WDG1,47.54149,-122.34569
2149,sewa,SEWA_S04_BRF2,47.47647,-122.23516
2150,sewa,SEWA_S04_FGL1,47.48434,-122.26262
2151,sewa,SEWA_S05_TCC1,47.46189,-122.17861
2152,sewa,SEWA_S06_MPO1,47.44997,-122.11071
2153,sewa,SEWA_S07_BMR2,47.44629,-122.07208
2154,sewa,SEWA_S08_TMF1,47.42278,-121.94978
2155,sfsd,Airport,43.5848388671875,-96.7472915649414
2156,sfsd,Arrow1,43.5227012634277,-96.6046676635742
2157,sfsd,AutLn Drain,43.5031814575195,-96.7261505126953
2158,sfsd,Bahnson,43.5156593322754,-96.6806869506836
2159,sfsd,Cemetery,43.5237998962402,-96.7138671875
2160,sfsd,DarenBY,43.5272598266602,-96.8087005615234
2161,sfsd,Dunham,43.5345306396484,-96.8012771606445
2162,sfsd,Falls,43.5591506958008,-96.7207183837891
2163,sfsd,GPZoo,43.5354499816895,-96.7629776000977
2164,sfsd,Golf,43.5185203552246,-96.7673568725586
2165,sfsd,Harmodon,43.50537109375,-96.6554107666016
2166,sfsd,Harrisburg,43.4652290344238,-96.7515716552734
2167,sfsd,HosPond,43.5217399597168,-96.8377380371094
2168,sfsd,LauOak,43.5050506591797,-96.6859970092773
2169,sfsd,Lyon,43.5396690368652,-96.7266006469727
2170,sfsd,McKennan,43.530158996582,-96.7232284545898
2171,sfsd,NW Air,43.5983085632324,-96.7452774047852
2172,sfsd,Nelson,43.5440406799316,-96.7154083251953
2173,sfsd,OxGreen,43.5109100341797,-96.7604827880859
2174,sfsd,PrairieH,43.4860610961914,-96.7618789672852
2175,sfsd,RetPond,43.6106300354004,-96.7082977294922
2176,sfsd,SW Drain,43.4825401306152,-96.7452011108398
2177,sfsd,Salvage,43.5729217529297,-96.704460144043
2178,sfsd,SilvDrain,43.5251998901367,-96.6470031738281
2179,sfsd,TOC,43.5026512145996,-96.7653427124023
2180,sfsd,Tuthill,43.514030456543,-96.7063980102539
2181,sfsd,USF,43.5322799682617,-96.7385330200195
2182,sfsd,Veterans,43.5597496032715,-96.7416534423828
2183,sfsd,Well,43.6047286987305,-96.7325210571289
2184,slmo,ARH1,38.621244,-90.18738854
2185,slmo,BBP1,38.58006563,-90.34126305
2186,slmo,BDP1,38.53720401,-90.48924112
2187,slmo,BEN1,38.59697939,-90.22388015
2188,slmo,BLF1,38.6864051818848,-90.2259674072266
2189,slmo,BLF2,38.6976013183594,-90.2287979125977
2190,slmo,CHP1,38.61450368,-90.2911289
2191,slmo,CVC1,38.7091484069824,-90.2391510009766
2192,slmo,EMG1,38.54715005,-90.43272272
2193,slmo,FRP1,38.58664867,-90.30217478
2194,slmo,HSU1,38.6326734955457,-90.2245590783486
2195,slmo,KWP1,38.58123684,-90.42175221
2196,slmo,LAF1,38.61520224,-90.21728638
2197,slmo,LKL1,38.62592288,-90.21347216
2198,slmo,MEP1,38.62899876,-90.20268284
2199,slmo,MLP1,38.546749320000004,-90.48898934
2200,slmo,OWP1,38.56117112,-90.50610209
2201,slmo,PCP1,38.6696943169255,-90.2081283519043
2202,slmo,PVC1,38.55813053,-90.42808626
2203,slmo,RBP1,38.55935426,-90.38977366
2204,slmo,RDP1,38.57893024,-90.31130169
2205,slmo,RRC1,38.57278362,-90.32615255
2206,slmo,RSP1,38.51151351,-90.60916799
2207,slmo,RSP2,38.50468203,-90.60116095
2208,slmo,SHC1,38.59731061,-90.35876638
2209,slmo,SSP1,38.55362032,-90.46916378
2210,slmo,SSP2,38.5535,-90.4646
2211,slmo,SWP1,38.57266424,-90.36856431
2212,slmo,TGP1,38.60553864,-90.25057869
2213,slmo,TGP2,38.60898646,-90.26698191
2214,slmo,TLP1,38.60152345,-90.29085948
2215,slmo,TRC1,38.5361324,-90.5491939
2216,slmo,TRC2,38.52934722,-90.56081439
2217,slmo,TRC3,38.51721104,-90.5535059
2218,slmo,TRP1,38.6173255165519,-90.2332959878799
2219,slmo,UGP1,38.55257646,-90.44188088
2220,slmo,WBC1,38.57819861,-90.38231937
2221,slmo,WBS1,38.54001754,-90.53683269
2222,slmo,WCP1,38.8098106384277,-90.1851425170898
2223,slmo,WCP2,38.8070220947266,-90.1969299316406
2224,slmo,WTP1,38.52978836,-90.58643621
2225,slmo,WTP2,38.51664636,-90.57834278
2226,slmo,WTP3,38.51065499,-90.58927722
2227,sluh,BC_01.2021,40.61969,-111.78249
2228,sluh,BC_02.2021,40.62042,-111.77259
2229,sluh,BC_03.2021,40.62399,-111.76303
2230,sluh,BC_04.2021,40.62296,-111.75
2231,sluh,BC_05.2021,40.62901,-111.74407
2232,sluh,BC_06.2021,40.63,-111.73756
2233,sluh,BC_07.2021,40.63532,-111.7265
2234,sluh,BC_07.2022,40.63532,-111.7265
2235,sluh,BC_08.2021,40.63243,-111.71469
2236,sluh,BC_08.2022,40.63243,-111.71469
2237,sluh,BC_09.2021,40.63694,-111.70113
2238,sluh,BC_09.2022,40.63694,-111.70113
2239,sluh,BC_10.2021,40.6281,-111.6938
2240,sluh,BC_10.2022,40.6279,-111.6931
2241,sluh,BC_11.2021,40.62143,-111.6855
2242,sluh,BC_11.2022,40.6215,-111.6859
2243,sluh,BC_12.2022,40.6115,-111.6787
2244,sluh,BC_13_2021,40.63898,-111.693
2245,sluh,BC_15_2021,40.64453,-111.67248
2246,sluh,BC_16.2021,40.6516,-111.6557
2247,sluh,BC_17.2021,40.6516,-111.6557
2248,sluh,BC_18.2021,40.63898,-111.65116
2249,sluh,BC_19.2021,40.6294,-111.6553
2250,sluh,BC_20.2021,40.6206,-111.6561
2251,sluh,BC_20.2022,40.6205,-111.656
2252,sluh,BC_21.2021,40.6116,-111.6531
2253,sluh,BC_21.2022,40.6116,-111.653
2254,sluh,BC_22.2021,40.6482,-111.6454
2255,sluh,BC_24.2021,40.65226,-111.63353
2256,sluh,BC_25.2022,40.65989,-111.62889
2257,sluh,BC_26.2022,40.66631,-111.63767
2258,sluh,BC_27.2021,40.66519,-111.6227
2259,sluh,BC_27.2022,40.66516,-111.62417
2260,sluh,BC_29.2021,40.6387,-111.6252
2261,sluh,BC_30.2022,40.64296,-111.61434
2262,sluh,BC_32.2021,40.637,-111.60574
2263,sluh,BC_32.2022,40.631100000000004,-111.6061
2264,sluh,BC_33.2022,40.62191,-111.6142
2265,sluh,BC_34.2022,40.61358,-111.62113
2266,sluh,BC_35.2022,40.60663,-111.57159
2267,sluh,BC_37.2021,40.6128,-111.5828
2268,sluh,BC_37.2022,40.6131,-111.5825
2269,sluh,BC_38.2021,40.6053,-111.5815
2270,sluh,BC_38.2022,40.6086,-111.5819
2271,sluh,BC_39.2021,40.60418,-111.59159
2272,sluh,BC_40.2021,40.59561,-111.59735
2273,sluh,BC_41.2021,40.5961,-111.5855
2274,sluh,BC_41.2022,40.5963,-111.5854
2275,sluh,BC_42.2021,40.58225,-111.58087
2276,sluh,BGC.2022,40.7469,-111.82470000000001
2277,sluh,BP_10.2021,40.7321,-111.8471
2278,sluh,Big Cottonwood Reg. Park - Wetlands.2022,40.681,-111.8621
2279,sluh,Blaine Perserve.2022 07/08/2022,40.732112,-111.846656
2280,sluh,Bonneville Golf Course.2021,40.7454,-111.8252
2281,sluh,CC_01.2022,40.78957,-111.88326
2282,sluh,CC_03.2021,40.80422,-111.867399
2283,sluh,CC_03.2022,40.80459,-111.86758
2284,sluh,CC_04.2021,40.80604,-111.85769
2285,sluh,CC_04.2022,40.80611,-111.85608
2286,sluh,CC_05.2022,40.80943,-111.84582
2287,sluh,CC_06.2021,40.8128,-111.8353
2288,sluh,CC_06.2022,40.81295,-111.83576
2289,sluh,CC_07.2022,40.81637,-111.8257
2290,sluh,CC_08.2022,40.81948,-111.81388
2291,sluh,CC_09.2021,40.8238,-111.8047
2292,sluh,CC_09.2022,40.8236,-111.8046
2293,sluh,CC_10.2021,40.8248,-111.7921
2294,sluh,CC_10.2022,40.8248,-111.7921
2295,sluh,CC_11.2021_,40.8269,-111.7807
2296,sluh,CC_11.2022,40.8269,-111.7809
2297,sluh,CC_12.2021,40.8307,-111.7709
2298,sluh,CC_12.2022,40.83093,-111.76876
2299,sluh,CC_13.2021,40.831,-111.76849
2300,sluh,CC_13.2022,40.8303,-111.7628
2301,sluh,CC_14.2021,40.83355,-111.7485
2302,sluh,CoC_01.2021,40.49466,-111.80471
2303,sluh,CoC_02.2021,40.49645,-111.79332
2304,sluh,CoC_03.2021,40.50333,-111.79312
2305,sluh,CoC_04.2021,40.514077,-111.786341
2306,sluh,Creekside Park.2021,40.665261,-111.846848
2307,sluh,Creekside Park.2022,40.6646,-111.8464
2308,sluh,Crestwood.2022,40.6146,-111.8381
2309,sluh,CrestwoodPark.2021,40.6141247,-111.8377267
2310,sluh,DC_02.2021,40.79126,-111.83034
2311,sluh,DC_04.2021,40.79719,-111.81781
2312,sluh,DD_01.2021,40.5662,-111.81096
2313,sluh,DD_03.2021,40.56,-111.8258
2314,sluh,DD_03.2022,40.5598,-111.8259
2315,sluh,DD_04.2021,40.5592,-111.8378
2316,sluh,DD_04.22,40.5591,-111.8376
2317,sluh,DD_05,40.5611,-111.8491
2318,sluh,DD_05.2021,40.561,-111.8491
2319,sluh,DD_06,40.5579,-111.8131
2320,sluh,DD_06.2021,40.56513,-111.86062
2321,sluh,DD_07.2021,40.56898,-111.87091
2322,sluh,DD_07.2022,40.5605,-111.8254
2323,sluh,DD_08.2021,40.56884,-111.88115
2324,sluh,DD_08.2022,40.5592,-111.8324
2325,sluh,EM_01.2021,40.7512,-111.8011
2326,sluh,EM_01.2022,40.7503,-111.8017
2327,sluh,EM_02.2021,40.756,-111.7914
2328,sluh,EM_02.2022,40.756100000000004,-111.7914
2329,sluh,EM_03.2021,40.7649,-111.7745
2330,sluh,EM_03.2022,40.7649,-111.7745
2331,sluh,EM_04.2021,40.769206,-111.753619
2332,sluh,EM_04.2022,40.769206,-111.753619
2333,sluh,EM_05.2021,40.776796,-111.748365
2334,sluh,EM_05.2022,40.776792,-111.748365
2335,sluh,EM_06A.2021,40.773819,-111.728522
2336,sluh,EM_06A.2022,40.7738,-111.7285
2337,sluh,EM_07.2021,40.80158,-111.70709
2338,sluh,EM_08.2021,40.80767,-111.70035
2339,sluh,EM_08.2022,40.80804,-111.70019
2340,sluh,EM_09.2021,40.81026,-111.69737
2341,sluh,HH_10.2021,40.7242,-111.8552
2342,sluh,Hidden Hollow.2022 06/10/2022,40.7243,-111.8557
2343,sluh,International Peace Gardens.2021,40.7474,-111.9212
2344,sluh,LC_01.2021,40.57188,-111.77597
2345,sluh,LC_05.2021,40.57161,-111.73144
2346,sluh,LC_05_2022,40.57183,-111.731
2347,sluh,LC_06.2021,40.5699,-111.7136
2348,sluh,LC_07_2022,40.57107,-111.7105
2349,sluh,LC_08.2021,40.573,-111.6984
2350,sluh,LC_08.2022,40.57295,-111.69842
2351,sluh,LC_09.2021,40.5734,-111.6907
2352,sluh,LC_09.2022,40.57346,-111.69087
2353,sluh,LC_10.2021,40.5678,-111.688012
2354,sluh,LC_10.2022,40.5676,-111.6878
2355,sluh,LC_11.2022,40.561,-111.6836
2356,sluh,LC_12.2021,40.555,-111.67919
2357,sluh,LC_12.2022,40.5409,-111.6783
2358,sluh,LC_13.2021,40.5744,-111.6798
2359,sluh,LC_13.2022,40.57439,-111.68
2360,sluh,LC_14.2021,40.5776,-111.6622
2361,sluh,LC_15.2021,40.5695,-111.661
2362,sluh,LC_15.2022,40.576284,-111.664377
2363,sluh,LC_17.2022,40.577178,-111.64748
2364,sluh,LC_19.2021,40.590895,-111.638108
2365,sluh,LC_19.2022,40.5911,-111.6381
2366,sluh,LC_20.2021,40.5919712,-111.6270586
2367,sluh,LC_20.2022,40.59211,-111.62708
2368,sluh,LC_21.2022,40.58913,-111.62088
2369,sluh,LC_21.2022a,40.58913,-111.62088
2370,sluh,LC_22.2021,40.5765,-111.6153
2371,sluh,LC_22.2022,40.571126,-111.622904
2372,sluh,LL_01.2021,40.81142,-111.88456
2373,sluh,Little Cottonwood Creek Trail.2021,40.58058,-111.79718
2374,sluh,Lost_Lad.2022,40.8116,-111.8839
2375,sluh,MCBC_04.2022,40.67354,-111.75135
2376,sluh,MCBC_05.2022,40.58937,-111.7814
2377,sluh,MCBC_06.2021,40.63896,-111.72008
2378,sluh,MCBC_08.2021,40.64367,-111.7149
2379,sluh,MCBC_09.2022,40.65051,-111.71115
2380,sluh,MCBC_13.2022,40.6472,-111.7738
2381,sluh,MCBC_14.2022,40.6314,-111.747
2382,sluh,MCBC_15.2021,40.63876,-111.75113
2383,sluh,MCBC_15.2022,40.6392,-111.75151
2384,sluh,MCBC_16.2021,40.6884,-111.73814
2385,sluh,MCBC_17.2021,40.68174,-111.7324
2386,sluh,MC_02.2021,40.69057,-111.77044
2387,sluh,MC_03 06/08/2022,40.690888,-111.759599
2388,sluh,MC_04.2022 07/14/2022,40.694302,-111.749809
2389,sluh,MC_04_2021,40.694302,-111.749809
2390,sluh,MC_05.2021,40.697584,-111.74157
2391,sluh,MC_05.2022,40.6017,-111.8349
2392,sluh,MC_06.2022,40.706811,-111.741872
2393,sluh,MC_07.2021,40.7127,-111.8519
2394,sluh,MC_07.2022,40.7127,-111.8519
2395,sluh,MC_08.2021,40.698777,-111.72109
2396,sluh,MC_08.2022,40.6988,-111.7203
2397,sluh,MC_09.2022,40.6893,-111.7119
2398,sluh,MC_10.2022,40.6813,-111.708
2399,sluh,MC_11.2022,40.69697,-111.70902
2400,sluh,MC_12.2022,40.70176,-111.69957
2401,sluh,MC_14.2022,40.69987,-111.6846
2402,sluh,MC_15.2022,40.69531,-111.67455
2403,sluh,MC_16.2022,40.690354,-111.667861
2404,sluh,MC_18.2022,40.686003,-111.642222
2405,sluh,MC_19.2022,40.684674,-111.635342
2406,sluh,MP_01.2022,40.7478,-111.8441
2407,sluh,Miller Park.2021,40.7473,-111.8446
2408,sluh,NHMU.2021,40.7639,-111.8219
2409,sluh,NHMU.2022,40.7648698,-111.8221873
2410,sluh,PC_01.2021,40.7104,-111.7903
2411,sluh,PC_01.2022,40.7107,-111.7894
2412,sluh,PC_02.2022,40.7212,-111.7754
2413,sluh,PC_03.2021,40.7313,-111.7578
2414,sluh,PC_03.2022,40.73289,-111.7506
2415,sluh,PC_05.2021,40.73444,-111.72881
2416,sluh,PC_05.2022,40.73708,-111.72977
2417,sluh,PC_11.2021,40.7644,-111.7078
2418,sluh,PC_11.2022,40.7628,-111.7081
2419,sluh,PC_12.2021,40.7732,-111.7078
2420,sluh,PC_12.2022,40.7747,-111.7101
2421,sluh,PC_13.2021,40.7802,-111.7006
2422,sluh,PC_13.2022,40.7798,-111.7005
2423,sluh,PC_14.2021,40.77794,-111.68891
2424,sluh,PC_14.2022,40.77794,-111.68891
2425,sluh,PC_15.2021,40.78625,-111.68083
2426,sluh,PC_15.2022,40.78625,-111.68083
2427,sluh,PC_16.2021,40.79496,-111.68032
2428,sluh,PC_16.2022,40.79491,-111.68031
2429,sluh,PC_17.2021,40.80367,-111.67874
2430,sluh,PC_18.2021,40.81278,-111.6814
2431,sluh,PC_19.2021,40.8204,-111.6814
2432,sluh,PC_20.2021,40.8254,-111.6898
2433,sluh,PC_23.2021,40.74593,-111.64164
2434,sluh,PC_23.2022,40.74593,-111.64316
2435,sluh,PC_24.2021,40.75236,-111.62282
2436,sluh,PC_24.2022,40.7527,-111.62282
2437,sluh,PC_25.2021,40.73614,-111.67107
2438,sluh,PC_25.2022,40.73612,-111.67
2439,sluh,PC_26.2021,40.72873,-111.66504
2440,sluh,PC_26.2022,40.72877,-111.6651
2441,sluh,PC_27.2021,40.71981,-111.65743
2442,sluh,PC_27.2022,40.71983,-111.65738
2443,sluh,PC_28.2022,40.72046,-111.63218
2444,sluh,PC_29.2022 05/08/2022,40.7022,-111.60829
2445,sluh,PC_30.2021,40.72046,-111.63159
2446,sluh,PC_30.2022,40.70149,-111.6061
2447,sluh,PC_31 07/14/2022,40.70345,-111.60602
2448,sluh,PC_31.2021,40.71669,-111.62237
2449,sluh,PC_32.2021,40.71448,-111.66343
2450,sluh,PC_32.2022,40.71017,-111.60727
2451,sluh,PC_33.2021,40.70562,-111.60091
2452,sluh,PC_33.2022,40.70582,-111.60178
2453,sluh,PC_35.2021,40.74644,-111.73708
2454,sluh,PC_36.2021,40.752,-111.63253
2455,sluh,PC_37.2021,40.75281,-111.62385
2456,sluh,PC_38.2021,40.70801,-111.78369000000001
2457,sluh,PC_41.2021,40.7058,-111.7147
2458,sluh,PHNP-01.2022,40.70911,-111.80931
2459,sluh,PP_12.2021,40.71999,-111.80386
2460,sluh,ParleysHistoricNaturePark.2021,40.71078,-111.809
2461,sluh,RB_01.2022,40.77521,-111.81627
2462,sluh,RB_02_2021,40.77959,-111.80673
2463,sluh,RB_02_2022,40.77959,-111.80673
2464,sluh,RB_03_2021,40.78288,-111.80138
2465,sluh,RB_03_2022,40.78288,-111.80138
2466,sluh,RB_04.2022,40.79199,-111.79532
2467,sluh,RB_04_2021,40.79199,-111.79532
2468,sluh,RB_05_2021,40.60128,-111.79317
2469,sluh,RB_05_2022,40.60128,-111.79317
2470,sluh,RB_06.2021,40.80763,-111.7837
2471,sluh,RB_06.2022,40.80763,-111.7837
2472,sluh,RB_07_2021,40.78723,-111.79674
2473,sluh,RB_07_2022,40.78723,-111.79674
2474,sluh,RB_08.2021,40.79096,-111.78267
2475,sluh,RB_08.2022,40.79096,-111.78267
2476,sluh,RB_09_2021,40.79972,-111.77166
2477,sluh,RB_09_2022,40.79972,-111.77166
2478,sluh,RB_11.2022,40.8043,-111.76564
2479,sluh,RB_12.2022,40.81269,-111.76138
2480,sluh,RB_13.2022,40.80842,-111.74755999999999
2481,sluh,RG_01.2022,40.749,-111.8077
2482,sluh,SLCCem_01.2021,40.7764,-111.8595
2483,sluh,Salt Lake City Cemetery.2022,40.7777,-111.8581
2484,sluh,Spring Gulch.2021,40.78461,-111.84428
2485,sluh,Sunnyside Park.2021,40.7517,-111.8394
2486,sluh,SunnysidePark.2022,40.751398,-111.839581
2487,sluh,UHC_12.2021,40.803609,-111.88846
2488,sluh,UpperPNHP.2022,40.70939,-111.80206
2489,sluh,WF_01.2021,40.6339,-111.86098
2490,sluh,WF_01.2022,40.6337,-111.861
2491,sluh,WF_02.2022,40.6333,-111.8594
2492,sluh,WF_03.2022,40.6374,-111.8617
2493,sluh,WasatchHollow.2021,40.7374,-111.8413
2494,sluh,d44803,40.63926,-111.7888
2495,sluh,d45217,40.78989,-111.81799
2496,sluh,d45218,40.78375,-111.79792
2497,sluh,d45219,40.79919,-111.79434
2498,sluh,d45220,40.79879,-111.77442
2499,sluh,d45221,40.80353,-111.76103
2500,sluh,d45222,40.6204,-111.77257
2501,sluh,d45223,40.62384,-111.7502
2502,sluh,d45224,40.82547,-111.79059
2503,sluh,d45225,40.80511,-111.93443
2504,sluh,d45226,40.70422,-111.92548
2505,sluh,d45596,40.5925,-111.62676
2506,sluh,d45975,40.7066,-111.7429
2507,sluh,d45984,40.78467,-111.88291
2508,sluh,d45985,40.79028,-111.87816
2509,sluh,d45986,40.79792,-111.87435
2510,sluh,d46025,40.80489,-111.86766
2511,sluh,d46026,40.8067,-111.8555
2512,sluh,d46027,40.80946,-111.84598
2513,sluh,d46250,40.7288,-111.66509
2514,sluh,d46251,40.71977,-111.65747
2515,sluh,d46252,40.72071,-111.63256
2516,sluh,d46253,40.63565,-111.72723
2517,sluh,d46254,40.63243,-111.71469
2518,sluh,d46255,40.63301,-111.70475
2519,sluh,d46479,40.68947,-111.78173
2520,sluh,d46480,40.8193,-111.68185
2521,sluh,d46481,40.8193,-111.68185
2522,sluh,d46482,40.8299,-111.6982
2523,sluh,d46631,40.52845,-111.71935
2524,sluh,d46632,40.52339,-111.7101
2525,sluh,d46633,40.51715,-111.70232
2526,sluh,d46634,40.69101,-111.7696
2527,sluh,d46635,40.69265,-111.75504
2528,sluh,d46636,40.6968,-111.7438
2529,sluh,d46705,40.56954,-111.66171
2530,sluh,d46706,40.57717,-111.6474
2531,sluh,d46708,40.8036,-111.67848
2532,sluh,d46710,40.74483,-111.69013
2533,sluh,d46711,40.74548,-111.64234
2534,sluh,d46713,40.73598,-111.67104
2535,sluh,d46714,40.69664,-111.70876
2536,sluh,d46715,40.70128,-111.6987
2537,sluh,d46734,40.81287,-111.68092
2538,sluh,d46737,40.75037,-111.62725
2539,sluh,d46857,40.6378,-111.6941
2540,sluh,d46858,40.64183,-111.68459
2541,sluh,d46859,40.6436,-111.67318
2542,sluh,d46860,40.68454,-111.62582
2543,sluh,d46861,40.68374,-111.60749
2544,sluh,d46862,40.6878,-111.60735
2545,sluh,d46914,40.61649,-111.59193
2546,sluh,d46936,40.62894,-111.69379
2547,sluh,d46937,40.61111,-111.67922
2548,sluh,d46938,40.62135,-111.68695
2549,sluh,d46942,40.7849,-111.8434
2550,sluh,d46943,40.792,-111.8297
2551,sluh,d46944,40.7993,-111.8218
2552,sluh,d47045,40.76412,-111.70751
2553,sluh,d47046,40.77179,-111.7166
2554,sluh,d47047,40.77914,-111.70114
2555,sluh,d47048,40.77702,-111.68932
2556,sluh,d47049,40.78571,-111.6813
2557,sluh,d47050,40.79428,-111.68009
2558,sluh,d47086,40.56354,-111.68987
2559,sluh,d47087,40.57446,-111.67956
2560,sluh,d47157,40.69925,-111.68488
2561,sluh,d47158,40.69527,-111.67468
2562,sluh,d47159,40.68993,-111.66734
2563,sluh,d47160,40.74972,-111.91963
2564,sluh,d47161,40.73713,-111.92445
2565,sluh,d47162,40.72901,-111.9247
2566,sluh,d47168,40.64724,-111.6643
2567,sluh,d47169,40.65142,-111.65493
2568,sluh,d47170,40.64397,-111.63878
2569,sluh,d47172,40.62589,-111.65656
2570,sluh,d47173,40.61243,-111.65266
2571,sluh,d47174,40.7694,-111.7537
2572,sluh,d47177,40.5717,-111.7319
2573,sluh,d47178,40.5719,-111.7186
2574,sluh,d47179,40.5704,-111.7096
2575,sluh,d47194,40.69816,-111.74124
2576,sluh,d47195,40.69777,-111.72935
2577,sluh,d47197,40.71964,-111.64026
2578,sluh,d47198,40.71964,-111.64026
2579,sluh,d47199,40.71662,-111.62236
2580,sluh,d47205,40.68827,-111.65616
2581,sluh,d47206,40.68412,-111.64748
2582,sluh,d47210,40.81972,-111.81475
2583,sluh,d47211,40.82978,-111.77221
2584,sluh,d47212,40.83016,-111.7618
2585,sluh,d47213,40.82963,-111.75869
2586,sluh,d47215,40.8149,-111.9418
2587,sluh,d47216,40.8141,-111.9412
2588,sluh,d47217,40.56895,-111.68765
2589,sluh,d47218,40.5571,-111.68291
2590,sluh,d47222,40.81915,-111.9425
2591,sluh,d47223,40.61766,-111.59276
2592,sluh,d47224,40.60531,-111.58163
2593,sluh,d47225,40.59626,-111.58485
2594,sluh,d47256,40.80159,-111.70713
2595,sluh,d47257,40.80789,-111.70087
2596,sluh,d47258,40.81339,-111.69869
2597,sluh,d47398,40.64264,-111.6344
2598,sluh,d47399,40.63881,-111.6263
2599,sluh,d47400,40.63029,-111.6045
2600,sluh,d47512,40.61404,-111.8376
2601,sluh,d47513,40.66471,-111.84661
2602,sluh,d47514,40.66847,-111.84667
2603,sluh,d47521,40.74137,-111.73885
2604,sluh,d47824,40.80933,-111.9402
2605,sluh,d47893,40.746,-111.8258
2606,sluh,d47894,40.7491,-111.8077
2607,sluh,d48083,40.7103,-111.7903
2608,sluh,d48084,40.72129,-111.77542
2609,sluh,d48127,40.70657,-111.7422
2610,sluh,d48129,40.6821,-111.709
2611,sluh,d48164,40.6339,-111.84082
2612,sluh,d48165,40.632,-111.864
2613,sluh,d48166,40.63712,-111.8616
2614,sluh,d48173,40.80407,-111.76513
2615,sluh,d48889,40.57186,-111.76409
2616,sluh,d48890,40.56936,-111.75643
2617,sluh,d48891,40.57139,-111.75092
2618,sluh,d48892,40.75114,-111.80105
2619,sluh,d48893,40.7453,-111.74737
2620,sluh,d48894,40.76467,-111.7771
2621,sluh,d48895,40.59649,-111.91683
2622,sluh,d48896,40.59626,-111.9133
2623,sluh,d48897,40.59184,-111.91275
2624,sluh,d49134,40.78442,-111.83017
2625,sluh,d49135,40.77648,-111.81495
2626,sluh,d49136,40.77951,-111.80659
2627,sluh,d49137,40.78688,-111.79519
2628,sluh,d49138,40.79191,-111.79546
2629,sluh,d49139,40.80686,-111.78591
2630,sluh,d49140,40.79116,-111.78236
2631,sluh,d49141,40.80469,-111.75778
2632,sluh,d49146,40.6601,-111.6285
2633,sluh,d49147,40.6663,-111.6381
2634,sluh,d49148,40.6679,-111.6237
2635,sluh,d49149,40.64186,-111.61566
2636,sluh,d49151,40.61339,-111.62067
2637,sluh,d49177,40.62384,-111.7502
2638,sluh,d49178,40.63113,-111.73405
2639,sluh,d49179,40.82426,-111.80322
2640,sluh,d49180,40.82702,-111.78076
2641,sluh,d49679,40.75867,-111.8205
2642,sluh,d49680,40.74831,-111.84737
2643,sluh,d49681,40.74726,-111.84082
2644,sluh,d49927,40.5718,-111.77578
2645,sluh,d50012,40.58828,-111.65088
2646,sluh,d50013,40.70761,-111.92366
2647,sluh,d50014,40.68861,-111.92142
2648,sluh,d50015,40.57762,-111.66931
2649,sluh,d50042,40.7373,-111.8413
2650,sluh,d50044,40.8029,-111.8897
2651,sluh,d50063,40.619,-111.77831
2652,sluh,d50064,40.62304,-111.76256
2653,sluh,d50121,40.59362,-111.56115
2654,sluh,d50122,40.60267,-111.58733
2655,sluh,d50136,40.81291,-111.76296
2656,sluh,d50396,41.74308,-111.7657
2657,sluh,d50436,41.7312,-111.79003
2658,sluh,d50437,41.7296,-111.7747
2659,sluh,d50438,41.76818,-111.77361
2660,sluh,d50442,41.75682,-111.71078
2661,sluh,d50443,41.72477,-111.7594
2662,sluh,d50445,41.74195,-111.7865
2663,sluh,d50446,41.74866,-111.73603
2664,sluh,d50447,41.77301,-111.74065
2665,sluh,d50449,41.78099,-111.72926
2666,sluh,d52523,41.77234,-111.7511
2667,sluh,d52525,41.77023,-111.76212
2668,sluh,d52526,41.77111,-111.74619
2669,sluh,d52528,41.78812,-111.72572
2670,sluh,d54364,41.72764,-111.76898
2671,sluh,d54365,41.71498,-111.72927
2672,sluh,d54366,41.74222,-111.77046
2673,sluh,d54367,41.74377,-111.75356
2674,sluh,d54368,41.76893,-111.76842
2675,sluh,d54373,41.71803,-111.7439
2676,sluh,d54374,41.71728,-111.73937
2677,sluh,d54375,41.72245,-111.75261
2678,sluh,d54439,40.7098,-111.9265
2679,sluh,d54440,40.56102,-111.84956
2680,sluh,d54441,40.72857,-111.6646
2681,sluh,d54494,40.74178,-111.73827
2682,sluh,d54523,40.57173,-111.73137
2683,sluh,d54633,40.5678,-111.68801
2684,sluh,d54634,40.55901,-111.68353
2685,sluh,d54635,40.54349,-111.67933
2686,sluh,d54636,41.74578,-111.75043
2687,sluh,d54637,41.77672,-111.73103
2688,sluh,d54638,41.75108,-111.72707
2689,sluh,d54640,41.7604,-111.70646
2690,sluh,d54744,40.61815,-111.77853
2691,sluh,d54745,40.61969,-111.77363
2692,sluh,d54746,40.62317,-111.76181
2693,sluh,d54803,40.7919,-111.79549
2694,sluh,d54811,40.78473,-111.84393
2695,sluh,d54812,40.79081,-111.83108
2696,sluh,d54979,40.79083,-111.7825
2697,sluh,d55071,40.80352,-111.67953
2698,sluh,d55072,40.77951,-111.80663
2699,sluh,d55113,41.72635,-111.76288
2700,sluh,d55120,41.7704,-111.76286
2701,sluh,d55170,40.56486,-111.8599
2702,sluh,d55171,40.70165,-111.9257
2703,sluh,d55897,40.61271,-111.58305
2704,sluh,d55898,40.60884,-111.5694
2705,sluh,d57435,40.5692,-111.8706
2706,sluh,d57436,40.68912,-111.92099
2707,sluh,d57541,40.5735,-111.69789
2708,sluh,d57542,40.80428,-111.86712
2709,sluh,d57543,40.80579,-111.85806
2710,sluh,d57544,40.8093,-111.8461
2711,sluh,d57546,40.55063,-111.91584
2712,sluh,d57548,40.70636,-111.6002
2713,sluh,d57556,40.80146,-111.79301
2714,sluh,d57557,40.80763,-111.7837
2715,sluh,d57560,40.64966,-111.66213
2716,sluh,d57618,40.72046,-111.77692
2717,sluh,d57627,40.77796,-111.68892
2718,sluh,d57628,40.78621,-111.68035
2719,sluh,d57629,40.7493,-111.68027
2720,sluh,d57730,40.55858,-111.82605
2721,sluh,d58138,40.75231,-111.71705
2722,sluh,d58139,40.75483,-111.70871
2723,sluh,d58140,40.68631,-111.63117
2724,sluh,d58141,40.68163,-111.61879
2725,sluh,d58142,40.68372,-111.60744
2726,sluh,d58143,40.81728,-111.68215
2727,sluh,d58144,40.82634,-111.6891
2728,sluh,d58145,40.83167,-111.70079
2729,sluh,d58247,40.80782,-111.70038
2730,sluh,d58248,40.80788,-111.70017
2731,sluh,d58249,40.81023,-111.69768
2732,sluh,d58370,40.81007,-111.76571
2733,sluh,d58372,40.69595,-111.82674
2734,sluh,d58436,40.79882,-111.77444
2735,sluh,d58437,40.7972,-111.81809
2736,sluh,d58488,40.71001,-111.80581
2737,sluh,d58823,40.64228,-111.63589
2738,sluh,d58824,40.63884,-111.62589
2739,sluh,d58825,40.63682,-111.6166
2740,sluh,d58827,40.65134,-111.6336
2741,sluh,d58828,40.63269,-111.63661
2742,sluh,d59259,40.80494,-111.76558
2743,sluh,d59679,40.6572,-111.86188
2744,sluh,d59680,40.59299,-111.91274
2745,sluh,d59681,40.61444,-111.6207
2746,sluh,d59682,40.73129,-111.7579
2747,sluh,d59683,40.59218,-111.58493
2748,sluh,d59684,40.77513,-111.81629
2749,sluh,d59826,40.80585,-111.75592
2750,sluh,d59828,40.8122,-111.67878
2751,sluh,d59831,40.81452,-111.83475
2752,sluh,d59832,40.8167,-111.82573
2753,sluh,d59833,40.78438,-111.83022
2754,sluh,d59834,40.78883,-111.81991
2755,sluh,d59835,40.63374,-111.86136
2756,sluh,d59836,40.63282,-111.85996
2757,sluh,d60066,40.63532,-111.7265
2758,sluh,d60067,40.63243,-111.71469
2759,sluh,d60068,40.63694,-111.7013
2760,sluh,d60380,40.5927,-111.62641
2761,sluh,d60381,40.58924,-111.6198
2762,sluh,d60449,41.75682,-111.71078
2763,sluh,d60450,40.63904,-111.61733
2764,sluh,d60451,40.62191,-111.61426
2765,sluh,d60849,40.7197,-111.65727
2766,sluh,d60850,40.72075,-111.63263
2767,sluh,d60884,40.62871,-111.65482
2768,sluh,d60885,40.6601,-111.629
2769,sluh,d60886,40.6661,-111.6584
2770,sluh,d60887,40.6649,-111.6244
2771,sluh,d60889,40.7243,-111.856
2772,sluh,d60890,40.7321,-111.8469
2773,sluh,d60891,40.8097,-111.9403
2774,sluh,d60894,40.6911,-111.7702
2775,sluh,d60895,40.69164,-111.75988
2776,sluh,d60896,40.69482,-111.75002
2777,sluh,d60902,40.67415,-111.76384
2778,sluh,d60903,40.67228,-111.75004
2779,sluh,d60904,40.58945,-111.78111
2780,sluh,d60905,40.57271,-111.72339
2781,sluh,d60906,40.57019,-111.70967
2782,sluh,d60908,40.72059,-111.80226
2783,sluh,d60909,40.7713,-111.79693
2784,sluh,d60910,40.5773,-111.6692
2785,sluh,d60911,40.58279,-111.65896
2786,sluh,d60912,40.5885,-111.6507
2787,sluh,d61160,40.61404,-111.84114
2788,sluh,d61161,40.6656,-111.84863
2789,sluh,d61162,40.6812,-111.8621
2790,sluh,d61163,40.68444,-111.91804
2791,sluh,d61164,40.66421,-111.90869000000001
2792,sluh,d61239,40.71988,-111.78203
2793,sluh,d61240,40.72168,-111.77402
2794,sluh,d61241,40.74451,-111.73159
2795,sluh,d61242,40.74291,-111.72868
2796,sluh,d61243,40.7473,-111.6787
2797,sluh,d61244,40.73727,-111.67285
2798,sluh,d61245,40.76081,-111.58533
2799,sluh,d61246,40.74576,-111.57284
2800,sluh,d61247,40.73221,-111.52969
2801,sluh,d61248,41.76818,-111.77361
2802,sluh,d61253,40.71001,-111.80582
2803,sluh,d61254,40.593,-111.92174
2804,sluh,d61255,40.61364,-111.84496
2805,sluh,d61256,40.63725,-111.86168
2806,sluh,d61257,40.66553,-111.84855
2807,sluh,d61258,40.64228,-111.92069
2808,sluh,d61259,40.77791,-111.86198
2809,sluh,d61260,40.62135,-111.92287
2810,sluh,d61364,40.7495,-111.91842
2811,sluh,d61365,40.73642,-111.92496
2812,sluh,d61366,40.72897,-111.925
2813,sluh,d61367,40.70966,-111.92652
2814,sluh,d61368,40.7004,-111.92557
2815,sluh,d61369,40.68859,-111.92125
2816,sluh,d61370,40.68505,-111.91722
2817,sluh,d61371,41.74841,-111.78548
2818,sluh,d61374,41.70699,-111.86613
2819,sluh,d61375,41.62357,-111.73305
2820,sluh,d61376,41.6297,-111.71313
2821,sluh,d61377,41.64491,-111.70628
2822,sluh,d61379,41.65998,-111.66794
2823,sluh,d61382,41.74671,-111.74208
2824,sluh,d61383,41.76436,-111.67653
2825,sluh,d61384,41.7708,-111.6508
2826,sluh,d61390,40.76918,-111.75361
2827,sluh,d61391,40.77682,-111.7484
2828,sluh,d61771,40.6976,-111.7294
2829,sluh,d61773,40.69873,-111.7205
2830,sluh,d61779,40.62769,-111.69346
2831,sluh,d61780,40.62138,-111.68607
2832,sluh,d61781,40.61182,-111.67931
2833,sluh,d61785,40.64667,-111.66512
2834,sluh,d61786,40.65173,-111.65564
2835,sluh,d61787,40.64818,-111.64548
2836,sluh,d61797,40.69904,-111.68508
2837,sluh,d61798,40.69593,-111.67422
2838,sluh,d61799,40.69048,-111.66917
2839,sluh,d61897,41.62114,-111.75412
2840,sluh,d61898,41.72912,-111.78622
2841,sluh,d61907,40.77558,-111.81745
2842,sluh,d61909,40.79731,-111.77744
2843,sluh,d61910,40.68217,-111.70873
2844,sluh,d61911,40.75036,-111.47622
2845,sluh,d61912,40.74817,-111.4704
2846,sluh,d61913,40.77755,-111.47014
2847,sluh,d61914,40.77884,-111.45858
2848,sluh,d61915,40.8115,-111.42123
2849,sluh,d61916,40.80777,-111.41833
2850,sluh,d62245,40.56655,-111.81139
2851,sluh,d62246,40.55893,-111.81396
2852,sluh,d62247,40.55909,-111.8269
2853,sluh,d62248,40.55971,-111.83898
2854,sluh,d62249,40.56902,-111.87101
2855,sluh,d62250,40.56938,-111.88038
2856,sluh,d62251,40.77922,-111.88413
2857,sluh,d62252,40.74776,-111.84436
2858,sluh,d62253,40.73222,-111.84668
2859,sluh,d62254,40.72443,-111.85717
2860,sluh,d62255,40.68014,-111.86089
2861,sluh,d62256,40.66432,-111.90868
2862,sluh,d62314,40.6487,-111.71275
2863,sluh,d62315,40.63789,-111.71467
2864,sluh,d62317,40.64991,-111.71053
2865,sluh,d62318,40.65384,-111.70158
2866,sluh,d62319,40.65785,-111.70614
2867,sluh,d62377,41.62602,-111.79847
2868,sluh,d62384,40.81629,-111.58985
2869,sluh,d62385,40.81278,-111.63668
2870,sluh,d62386,40.80611,-111.68063
2871,sluh,d62454,40.60462,-111.59174
2872,sluh,d62455,40.5959,-111.59772
2873,sluh,d62456,40.58248,-111.58072
2874,sluh,d62661,40.70672,-111.74313
2875,sluh,d62662,40.68981,-111.71385
2876,sluh,d63587,41.7312,-111.79003
2877,sluh,d63588,41.71621,-111.72636
2878,sluh,d63589,41.75235,-111.72141
2879,sluh,d63593,41.78099,-111.72926
2880,sluh,d63596,41.77388,-111.73445
2881,sluh,d63598,41.74377,-111.75356
2882,sluh,d63600,41.77672,-111.73103
2883,sluh,d64369,41.86968,-111.75848
2884,sluh,d64371,41.83907,-111.82424
2885,sluh,d64372,41.8308,-111.8128
2886,sluh,d64373,41.84838,-111.83201
2887,sluh,d64374,41.83577,-111.84908
2888,sluh,d64375,41.62382,-111.78767
2889,sluh,d64378,41.62975,-111.72285
2890,sluh,d64379,41.63535,-111.70972
2891,sluh,d64380,41.65106,-111.69904
2892,sluh,d64381,41.65801,-111.67579
2893,sluh,d64382,41.66302,-111.65866
2894,sluh,d64383,41.78263,-111.64131
2895,sluh,d64385,41.62265,-111.85368
2896,sluh,d64386,41.63103,-111.86328
2897,sluh,d64389,40.71482,-111.61758
2898,sluh,d64398,40.71248,-111.62893
2899,sluh,d64399,40.71968,-111.64023
2900,sluh,d64400,40.57177,-111.76305
2901,sluh,d64401,40.5709,-111.7544
2902,sluh,d64402,40.57058,-111.74367
2903,sluh,d64417,40.7866,-111.79441
2904,sluh,d64419,40.82428,-111.80322
2905,sluh,d64420,40.82494,-111.79082
2906,sluh,d64421,40.82698,-111.7808
2907,sluh,d64433,40.75037,-111.80537
2908,sluh,d64447,40.7365,-111.925
2909,sluh,d64448,40.7289,-111.9251
2910,sluh,d64485,40.74598,-111.82602
2911,sluh,d64497,40.75171,-111.83939
2912,sluh,d64498,40.81873,-111.9424
2913,sluh,d64499,40.81379,-111.94255
2914,sluh,d64500,40.81331,-111.94279
2915,sluh,d64521,40.67385,-111.77183
2916,sluh,d64522,40.75271,-111.62382
2917,sluh,d64523,40.75403,-111.62437
2918,sluh,d64634,40.5601,-111.826
2919,sluh,d64721,40.67745,-111.67534
2920,sluh,d64724,40.68462,-111.64607
2921,sluh,d64725,40.68456,-111.63666
2922,sluh,d64733,41.87931,-111.7299
2923,sluh,d64734,41.88244,-111.71951
2924,sluh,d64736,41.89268,-111.70296
2925,sluh,d64738,41.7797,-111.63016
2926,sluh,d64739,41.7775,-111.61965
2927,sluh,d64740,41.77495,-111.61037
2928,sluh,d64743,41.77112,-111.57744
2929,sluh,d64745,41.75581,-111.59943
2930,sluh,d64746,41.7396,-111.80843
2931,sluh,d64747,41.73888,-111.81498
2932,sluh,d64749,41.7376,-111.8688
2933,sluh,d64750,41.82548,-111.82047
2934,sluh,d64751,41.82545,-111.82059
2935,sluh,d64752,41.8362,-111.84188
2936,sluh,d64753,41.74131,-111.77496
2937,sluh,d64755,41.74886,-111.72967
2938,sluh,d64756,41.75778,-111.70882
2939,sluh,d64757,41.76519,-111.6894
2940,sluh,d64758,41.76578,-111.66647
2941,sluh,d64759,41.77431,-111.6527
2942,sluh,d64760,41.78824,-111.64472
2943,sluh,d64761,41.62602,-111.79847
2944,sluh,d64762,41.62164,-111.77795
2945,sluh,d64763,41.62114,-111.75412
2946,sluh,d64764,41.62357,-111.73305
2947,sluh,d64765,41.6297,-111.71313
2948,sluh,d64766,41.64491,-111.70628
2949,sluh,d64767,41.65543,-111.68944
2950,sluh,d64768,41.65998,-111.66794
2951,sluh,d64769,41.64332,-111.81749
2952,sluh,d64770,41.63531,-111.83836
2953,sluh,d64771,41.62613,-111.86372
2954,sluh,d64788,40.74819,-111.84389
2955,sluh,d65899,40.79475,-111.87601
2956,sluh,d65900,40.57338,-111.6995
2957,sluh,d65901,40.57329,-111.69088
2958,sluh,d65902,40.57335,-111.67738
2959,sluh,d65908,40.82643,-111.78626
2960,sluh,d65909,40.5696,-111.66184
2961,sluh,d65911,40.84031,-111.7619
2962,sluh,d65912,40.8336,-111.7484
2963,sluh,d65917,40.7221,-111.7116
2964,sluh,d65919,40.73801,-111.84042
2965,sluh,d65920,40.81164,-111.88379
2966,sluh,d65921,40.80324,-111.88895
2967,sluh,d66299,40.5435,-111.71936
2968,sluh,d66333,40.80778,-111.74779
2969,sluh,d66334,40.74506,-111.68995
2970,sluh,d66338,40.5696,-111.6618
2971,sluh,d66474,40.71068,-111.79005
2972,sluh,d66476,40.64221,-111.63654
2973,sluh,d66477,40.57166,-111.76511
2974,sluh,d66481,40.81755,-111.94295
2975,sluh,d66482,40.59307,-111.91276
2976,sluh,d66483,40.80943,-111.94023
2977,sluh,d66484,40.8074,-111.93739
2978,sluh,d66485,40.80278,-111.93413
2979,sluh,d66486,40.79193,-111.9371
2980,sluh,d66488,40.73554,-111.92466
2981,sluh,d66489,40.73012,-111.92483
2982,sluh,d66490,40.71039,-111.92944
2983,sluh,d66491,40.70127,-111.92636
2984,sluh,d66492,40.68844,-111.92133
2985,sluh,d66493,40.68885,-111.92126
2986,sluh,d66494,40.7355,-111.9246
2987,sluh,d66495,40.64164,-111.92123
2988,sluh,d66496,40.62093,-111.92225
2989,sluh,d66497,40.599,-111.91945
2990,sluh,d66498,40.59663,-111.91759
2991,sluh,d66499,40.81344,-111.942
2992,sluh,d66500,40.56905,-111.91272
2993,sluh,d66501,40.56735,-111.91061
2994,sluh,d66502,40.56904,-111.88092
2995,sluh,d66503,40.55567,-111.90911
2996,sluh,d66504,40.55058,-111.91566
2997,sluh,d66505,40.5435,-111.91557
2998,sluh,d67635,40.77726,-111.7019
2999,sluh,d67636,40.76392,-111.70747
3000,sluh,d67637,40.77164,-111.71157
3001,sluh,d67638,40.71979,-111.65745
3002,sluh,d67639,40.72856,-111.66455
3003,sluh,d67641,40.70789,-111.69015
3004,sluh,d68193,40.72075,-111.63263
3005,sluh,d68285,40.81644,-111.82664
3006,sluh,d68286,40.81858,-111.8185
3007,sluh,d70482,40.75174,-111.62462
3008,sluh,d70483,40.75486,-111.70867
3009,sluh,d70516,40.56795,-111.80951
3010,sluh,d70517,40.7473,-111.92227
3011,sluh,d70519,40.79193,-111.9371
3012,sluh,d70521,40.59299,-111.91278
3013,sluh,d70522,40.64158,-111.92133
3014,sluh,d70523,40.61363,-111.84483
3015,sluh,d70524,40.62142,-111.92319
3016,sluh,d70525,40.77513,-111.81629
3017,sluh,d70526,40.80686,-111.78573
3018,sluh,d70527,40.80299,-111.76394
3019,sluh,d70528,40.80783,-111.74773
3020,sluh,d70803,40.68853,-111.92113
3021,sluh,d70804,40.70131,-111.92642
3022,sluh,d70805,40.66034,-111.62922
3023,sluh,d70808,40.79345,-111.67988
3024,sluh,d70809,40.57016,-111.75294
3025,sluh,d70810,40.78605,-111.68079
3026,sluh,d70814,40.71173,-111.92902
3027,sluh,d70929,40.66558,-111.84845
3028,sluh,d70930,40.67523,-111.7233
3029,sluh,d70931,40.70998,-111.80582
3030,sluh,d70932,40.6371,-111.86154
3031,sluh,d70933,40.81008,-111.76574
3032,sluh,d70934,40.80585,-111.75592
3033,sluh,d71174,40.57301,-111.69864
3034,sluh,d71179,40.665,-111.91014
3035,sluh,d71180,40.56912,-111.87093
3036,sluh,d71204,40.73226,-111.84674
3037,sluh,d71205,40.73676,-111.84149
3038,sluh,d71223,40.56101,-111.84911
3039,sluh,d71225,40.55891,-111.81397
3040,sluh,d71226,40.79888,-111.77295
3041,sluh,d71227,40.76,-111.8
3042,sluh,d71228,40.60809,-111.69187
3043,sluh,d71264,40.76486,-111.77451
3044,sluh,d71350,40.5435,-111.81272
3045,sluh,d71351,40.5436,-111.82984
3046,sluh,d71356,40.81755,-111.94295
3047,sluh,d71357,40.81344,-111.942
3048,sluh,d71358,40.80943,-111.94023
3049,sluh,d71360,40.80278,-111.93413
3050,sluh,d71361,40.79192,-111.93709
3051,sluh,d71362,40.74839,-111.92095
3052,sluh,d71363,40.73553,-111.92466
3053,sluh,d71364,40.73012,-111.92483
3054,sluh,d71365,40.7112,-111.928
3055,sluh,d71366,40.70127,-111.92636
3056,sluh,d71367,40.6856,-111.92126
3057,sluh,d71368,40.68856,-111.92126
3058,sluh,d71369,40.64164,-111.92123
3059,sluh,d71371,40.599,-111.91944
3060,sluh,d71373,40.59307,-111.91276
3061,sluh,d71374,40.5685,-111.9123
3062,sluh,d71376,40.56848,-111.88103
3063,sluh,d71377,40.55577,-111.90909
3064,sluh,d71378,40.55052,-111.9157
3065,sluh,d71379,40.5435,-111.915
3066,sluh,d71568,41.70803,-111.8493
3067,sluh,d71586,41.63103,-111.86328
3068,sluh,d71672,41.74131,-111.77496
3069,sluh,d71673,41.7433,-111.76393
3070,sluh,d71676,41.74886,-111.72967
3071,sluh,d71677,41.75404,-111.72076
3072,sluh,d71678,41.75778,-111.70882
3073,sluh,d71680,41.76519,-111.6894
3074,sluh,d71682,41.76578,-111.66647
3075,sluh,d71685,41.78207,-111.64169
3076,sluh,d71687,41.86968,-111.75848
3077,sluh,d71688,41.87141,-111.74644
3078,sluh,d71689,41.87559,-111.73828
3079,sluh,d71691,41.88244,-111.71951
3080,sluh,d71692,41.88564,-111.71029
3081,sluh,d71695,41.62602,-111.79847
3082,sluh,d71697,41.62164,-111.77795
3083,sluh,d71699,41.62212,-111.74364
3084,sluh,d71700,41.62357,-111.73305
3085,sluh,d71702,41.6297,-111.71313
3086,sluh,d71704,41.64491,-111.70628
3087,sluh,d71706,41.65543,-111.68944
3088,sluh,d71708,41.65998,-111.66794
3089,sluh,d71709,41.66302,-111.65866
3090,sluh,d71710,41.74841,-111.78548
3091,sluh,d71713,41.73888,-111.81498
3092,sluh,d71714,41.7206,-111.84426
3093,sluh,d71715,41.7078,-111.849
3094,sluh,d71716,41.7376,-111.86944
3095,sluh,d71717,41.70699,-111.86613
3096,sluh,d71718,41.83907,-111.82424
3097,sluh,d71719,41.82548,-111.82047
3098,sluh,d71720,41.82545,-111.82058
3099,sluh,d71723,41.84838,-111.83201
3100,sluh,d71724,41.83577,-111.84908
3101,sluh,d71727,41.6212,-111.83747
3102,sluh,d71729,41.63136,-111.84895
3103,sluh,d71731,41.6353,-111.83835
3104,sluh,d71732,41.76246,-111.69817
3105,sluh,d72223,41.7797,-111.63016
3106,sluh,d72224,41.7775,-111.61965
3107,sluh,d72225,41.77495,-111.61037
3108,sluh,d72227,41.77388,-111.5903
3109,sluh,d72228,41.77112,-111.57744
3110,sluh,d72229,41.7636,-111.59946
3111,sluh,d72230,41.75581,-111.59943
3112,sluh,d72294,40.81755,-111.94295
3113,sluh,d72295,40.81344,-111.942
3114,sluh,d72296,40.80943,-111.94023
3115,sluh,d72297,40.8074,-111.93739
3116,sluh,d72298,40.80278,-111.93413
3117,sluh,d72299,40.79193,-111.937
3118,sluh,d72300,40.74893,-111.92018
3119,sluh,d72301,40.73556,-111.9242
3120,sluh,d72302,40.725,-111.925
3121,sluh,d72303,40.7103,-111.9294
3122,sluh,d72304,40.70127,-111.92636
3123,sluh,d72305,40.68844,-111.92132
3124,sluh,d72306,40.64164,-111.92123
3125,sluh,d72307,40.62162,-111.923
3126,sluh,d72308,40.599,-111.919
3127,sluh,d72309,40.5966,-111.91756
3128,sluh,d72310,40.59299,-111.91278
3129,sluh,d72311,40.5685,-111.911
3130,sluh,d72313,40.56865,-111.88088
3131,sluh,d72314,40.55566,-111.90915
3132,sluh,d72315,40.55052,-111.9157
3133,sluh,d72316,40.5435,-111.91577
3134,sluh,d72317,40.81755,-111.94295
3135,sluh,d72318,40.81344,-111.942
3136,sluh,d72319,40.80943,-111.94023
3137,sluh,d72320,40.8074,-111.93739
3138,sluh,d72321,40.80278,-111.93413
3139,sluh,d72325,40.72594,-111.92512
3140,sluh,d72326,40.71039,-111.92944
3141,sluh,d72327,40.70127,-111.92636
3142,sluh,d72328,40.68856,-111.92126
3143,sluh,d72329,40.66424,-111.90876
3144,sluh,d72330,40.64161,-111.92123
3145,sluh,d72331,40.62162,-111.92279
3146,sluh,d72332,40.599,-111.91945
3147,sluh,d72334,40.56856,-111.91236
3148,sluh,d72335,40.5676,-111.911
3149,sluh,d72338,40.55059,-111.91566
3150,sluh,d72339,40.5435,-111.915
3151,sluh,d72463,40.81755,-111.94295
3152,sluh,d72464,40.81344,-111.942
3153,sluh,d72465,40.80943,-111.94023
3154,sluh,d72466,40.8074,-111.93739
3155,sluh,d72468,40.725,-111.925
3156,sluh,d72469,40.71,-111.929
3157,sluh,d72470,40.664,-111.90876
3158,sluh,d72471,40.599,-111.91945
3159,sluh,d72472,40.59659,-111.91725
3160,sluh,d72473,40.56854,-111.9119
3161,sluh,d72474,40.5676,-111.9103
3162,sluh,d72475,40.56865,-111.88088
3163,sluh,d72476,40.55578,-111.90909
3164,sluh,d72477,40.55052,-111.9157
3165,sluh,d72478,40.5435,-111.9157
3166,sluh,d72480,40.81344,-111.942
3167,sluh,d72482,40.8074,-111.93739
3168,sluh,d72483,40.80278,-111.93413
3169,sluh,d72485,40.7473,-111.92227
3170,sluh,d72486,40.7259,-111.92512
3171,sluh,d72487,40.71039,-111.92944
3172,sluh,d72488,40.70127,-111.92636
3173,sluh,d72489,40.68856,-111.92126
3174,sluh,d72493,40.59659,-111.91725
3175,sluh,d72496,40.5676,-111.91063
3176,sluh,d72497,40.56865,-111.88088
3177,sluh,d72498,40.5556,-111.9091
3178,sluh,d74143,40.70127,-111.92636
3179,stok,STOK-H1,36.1389999389648,-97.0617980957031
3180,stok,STOK-H10,36.1120986938477,-97.0546035766602
3181,stok,STOK-H2,36.138801574707,-97.0495986938477
3182,stok,STOK-H3,36.1305999755859,-97.0826034545898
3183,stok,STOK-H4,36.1301002502441,-97.0697021484375
3184,stok,STOK-H5,36.1297988891602,-97.0561981201172
3185,stok,STOK-H6,36.1216011047363,-97.0804977416992
3186,stok,STOK-H7,36.1209983825684,-97.0663986206055
3187,stok,STOK-H8,36.1211013793945,-97.0538024902344
3188,stok,STOK-H9,36.1095008850098,-97.0671005249023
3189,stok,STOK-L1,36.2238998413086,-97.0357971191406
3190,stok,STOK-L10,36.1811981201172,-97.1740036010742
3191,stok,STOK-L2,36.1292991638184,-96.8784027099609
3192,stok,STOK-L3,36.0615997314453,-97.032600402832
3193,stok,STOK-L4,36.0124015808105,-97.0895004272461
3194,stok,STOK-L5,36.089298248291,-97.1526031494141
3195,stok,STOK-L6,36.0751991271973,-97.1891021728516
3196,stok,STOK-L7,36.1082992553711,-97.2286987304688
3197,stok,STOK-L8,36.1222991943359,-97.2091979980469
3198,stok,STOK-L9,36.1771011352539,-97.1883010864258
3199,stok,STOK-M1,36.1708984375,-97.063102722168
3200,stok,STOK-M10,36.1029014587402,-97.0898971557617
3201,stok,STOK-M2,36.1570014953613,-97.0794982910156
3202,stok,STOK-M3,36.1586990356445,-97.0649032592773
3203,stok,STOK-M4,36.1472015380859,-97.068603515625
3204,stok,STOK-M5,36.1291007995605,-97.0314025878906
3205,stok,STOK-M6,36.1212997436523,-97.1209030151367
3206,stok,STOK-M7,36.1141014099121,-97.0923004150391
3207,stok,STOK-M8,36.111198425293,-97.0787963867188
3208,stok,STOK-M9,36.1105003356934,-97.0435028076172
3209,tawa,B-TP,47.2525106494601,-122.552339599822
3210,tawa,G-AGC,47.2412439803834,-122.468953345384
3211,tawa,G-CBP1,47.1883190230464,-122.42682659565
3212,tawa,G-CLP2,47.2456042350657,-122.51049480599
3213,tawa,G-FN1,47.3036024560722,-122.530768290647
3214,tawa,G-FN2,47.3049546972697,-122.531378085537
3215,tawa,G-FP1,47.2466037631008,-122.480013118232
3216,tawa,G-IP,47.2356599439212,-122.463049827804
3217,tawa,G-JP,47.2573558217333,-122.489794259555
3218,tawa,G-KP,47.2698548821991,-122.508393980677
3219,tawa,G-OTP,47.1879193596062,-122.476824565275
3220,tawa,G-SB,47.2982001952092,-122.529969542135
3221,tawa,G-SERA,47.2027910603601,-122.491189899615
3222,tawa,G-SP,47.2108521554902,-122.480819906749
3223,tawa,G-TCC1,47.2466823816629,-122.518598544521
3224,tawa,G-TNC1,47.2383904078521,-122.491529630517
3225,tawa,G-TNC2,47.2403511038645,-122.490301067479
3226,tawa,G-VP,47.279892326229,-122.520016335746
3227,tawa,G-WLP1,47.1792609201148,-122.472490040254
3228,tawa,G-WLP2,47.1776503080618,-122.471540113453
3229,tawa,G-WP1,47.1951516478445,-122.457899869028
3230,tawa,G-WP2,47.1983578022381,-122.458469575719
3231,tawa,LCB,47.2280158996582,-122.511962890625
3232,tawa,OWC,47.2101135253906,-122.47607421875
3233,tawa,P-BLP,47.161673337059,-122.282836205714
3234,tawa,P-BLP2,47.1584358215332,-122.283142089844
3235,tawa,P-CCP,47.1814281350287,-122.320224918035
3236,tawa,P-CUP,47.2729292507134,-122.471320310759
3237,tawa,P-DPV,47.3174248277982,-122.544394055872
3238,tawa,P-FP2,47.2493057250977,-122.48038482666
3239,tawa,P-GP,47.2698949883182,-122.457456062416
3240,tawa,P-GW1,47.2479743579773,-122.4100010102
3241,tawa,P-GW3,47.249398716487804,-122.412259848526
3242,tawa,P-JCP,47.2857668677439,-122.504887632145
3243,tawa,P-LCC,47.2329553425985,-122.394354094216
3244,tawa,P-MCP,47.2539027425867,-122.443874518769
3245,tawa,P-MKP1,47.2355916665637,-122.420409748171
3246,tawa,P-MKP2,47.2350914623821,-122.424716397854
3247,tawa,P-OB,47.3132293679962,-122.530458153258
3248,tawa,P-OLT,46.9126141406049,-122.272744540545
3249,tawa,P-OV1,46.8688470496352,-122.341803690891
3250,tawa,P-OV2,46.8700973741126,-122.343276904559
3251,tawa,P-PCNA1,47.2764123916537,-122.485327226915
3252,tawa,P-PDP,47.3060704676324,-122.518350651012
3253,tawa,P-RP,47.2972263357986,-122.512253945041
3254,tawa,P-RT,47.2034136833666,-122.310054512699
3255,tawa,P-RWSR,46.9256352856034,-122.26845696959
3256,tawa,P-SCP1,47.2219714107237,-122.396660225466
3257,tawa,P-STP,47.2853493495545,-122.491733570552
3258,tawa,P-TE1,46.9222007548784,-122.280298490358
3259,tawa,P-TE2,46.9222,-122.28
3260,tawa,P-UCC,47.2277593170987,-122.38182437940701
3261,tawa,P-UWT,47.2428796550409,-122.440170358001
3262,tawa,P-WBC,47.1703376660339,-122.301562806448
3263,tawa,P-WP,47.2620290900535,-122.449631900985
3264,tawa,P-WWP,47.1727926849629,-122.276655880266
3265,vaca,ABR,49.257080078125,-123.151779174805
3266,vaca,ADT,49.2786598205566,-123.242637634277
3267,vaca,CAV,49.2618179321289,-123.115325927734
3268,vaca,COT,49.2519226074219,-123.225456237793
3269,vaca,DSL,49.232292175293,-123.181533813477
3270,vaca,EAV1,49.2517166137695,-123.068557739258
3271,vaca,EAV2,49.2617683410645,-123.064460754395
3272,vaca,ECP,49.211238861084,-123.03303527832
3273,vaca,FAV,49.2621955871582,-123.133995056152
3274,vaca,FSC,49.2606964111328,-123.246635437012
3275,vaca,FST,49.2523612976074,-123.252914428711
3276,vaca,GKT,49.2602577209473,-123.181625366211
3277,vaca,GVW,49.2687911987305,-123.09196472168
3278,vaca,KCC,49.2284049987793,-123.045341491699
3279,vaca,KER,49.2350616455078,-123.152587890625
3280,vaca,KTS1,49.2618293762207,-123.170951843262
3281,vaca,KTS2,49.2685470581055,-123.154479980469
3282,vaca,LAT,49.2178688049316,-123.113548278809
3283,vaca,MARP,49.2131271362305,-123.147506713867
3284,vaca,MFN,49.2276420593262,-123.198204040527
3285,vaca,MVC,49.2364540100098,-123.092269897461
3286,vaca,RCW,49.2338523864746,-123.029037475586
3287,vaca,ROP,49.2165832519531,-123.082748413086
3288,vaca,SAT,49.2391548156738,-123.208099365234
3289,vaca,SBCT,49.276969909668,-123.224266052246
3290,vaca,SPT,49.2683486938477,-123.225830078125
3291,vaca,SRP,49.2673568725586,-123.034759521484
3292,vaca,STRC,49.2796287536621,-123.085227966309
3293,vaca,TDP,49.2289009094238,-123.119659423828
3294,vaca,UBF,49.2493743896484,-123.239952087402
3295,vaca,UBG,49.253978729248,-123.251663208008
3296,vaca,UOA,49.2656402587891,-123.255714416504
3297,vaca,WPG,49.2624053955078,-123.210548400879
3298,wide,ASP,39.77226884,-75.55676579
3299,wide,ASP2,39.77304072,-75.56484044
3300,wide,ASP3,39.7701547256034,-75.5579630594336
3301,wide,ASP5,39.7719415559607,-75.5666763105394
3302,wide,BCP,39.8005501852069,-75.5791061402935
3303,wide,BKP,39.62260145,-75.70729688
3304,wide,BNP,39.66584282,-75.64679939
3305,wide,BNP3,39.71784486,-75.59370945
3306,wide,BRG,39.64267904,-75.67967055
3307,wide,BRG2,39.641655918449,-75.6774345702631
3308,wide,CBP2,39.7356945847612,-75.5811187653831
3309,wide,CMP,39.69568617,-75.59246985
3310,wide,CWP,39.67806855,-75.63557948
3311,wide,DEC,39.72260525,-75.56047329
3312,wide,FLW,39.8227917,-75.61494333
3313,wide,FLW3,39.8284372790935,-75.6156363874723
3314,wide,FLW4,39.8284661194623,-75.6084615509366
3315,wide,FZS,39.69752331,-75.62025684
3316,wide,GLP,39.60993286,-75.73061727
3317,wide,GLP2,39.6116036058827,-75.7300057775468
3318,wide,JSC,39.81189933,-75.57799801
3319,wide,LGP2,39.6632264970685,-75.6457840695327
3320,wide,LMC,39.79898131,-75.56655944
3321,wide,LMR2,39.6619079783496,-75.6825518165705
3322,wide,MAR,39.83201605,-75.59103335
3323,wide,MRP,39.76853391,-75.52690427
3324,wide,PLO,39.82538845,-75.60082727
3325,wide,PLO2,39.8232800223834,-75.5991029027408
3326,wide,RPL3,39.63525036,-75.68651985
3327,wide,RPL8,39.6361096709793,-75.6889988534695
3328,wide,RPW,39.72136462,-75.57465122
3329,wide,RVC,39.75887043,-75.53187382
3330,wide,SBP,39.59457307,-75.73731559
3331,wide,SLP,39.76001693,-75.51742989
3332,wide,SMP,39.6506387,-75.67441014
3333,wide,SSL1,39.61900526,-75.72066996
3334,wide,SSL2,39.61870883,-75.73916774
3335,wide,SSL3,39.6219766821641,-75.7224367735623
3336,wide,WBC,39.75310181,-75.55163871
3337,wide,WIDE-A01-WIN1,39.80178369,-75.59177903
3338,wide,WIDE-A07-SSL1,39.62327199,-75.72423287
3339,wide,WIDE-A08-GLP1,39.6133704,-75.7065622
3340,wide,WIN2,39.80162457,-75.59646186
