locationid,latitude,longitude,season,timestamp,species,campaign_start,campaign_end
SEWA_N01_DSP1,47.6598,-122.41942,Spring19,4/3/2019 17:40,Homo sapiens,3/25/2019,5/7/2019
SEWA_N01_DSP1,47.6598,-122.41942,Spring19,4/3/2019 21:38,Didelphis virginiana,3/25/2019,5/7/2019
SEWA_N01_DSP1,47.6598,-122.41942,Spring19,4/3/2019 21:48,Didelphis virginiana,3/25/2019,5/7/2019
SEWA_N01_DSP1,47.6598,-122.41942,Spring19,4/3/2019 23:51,Didelphis virginiana,3/25/2019,5/7/2019
SEWA_N01_DSP1,47.6598,-122.41942,Spring19,4/4/2019 0:35,Sylvilagus floridanus,3/25/2019,5/7/2019
SEWA_N01_DSP1,47.6598,-122.41942,Spring19,4/7/2019 7:02,Sylvilagus floridanus,3/25/2019,5/7/2019
SEWA_N01_DSP1,47.6598,-122.41942,Spring19,4/8/2019 16:52,Canis familiaris,3/25/2019,5/7/2019
SEWA_N01_DSP1,47.6598,-122.41942,Spring19,4/17/2019 10:13,Homo sapiens,3/25/2019,5/7/2019
SEWA_N01_DSP1,47.6598,-122.41942,Spring19,4/17/2019 10:33,Homo sapiens,3/25/2019,5/7/2019
SEWA_N01_DSP1,47.6598,-122.41942,Spring19,4/17/2019 21:46,Didelphis virginiana,3/25/2019,5/7/2019
SEWA_N01_DSP1,47.6598,-122.41942,Spring19,4/18/2019 21:30,Procyon lotor,3/25/2019,5/7/2019
SEWA_N01_DSP1,47.6598,-122.41942,Spring19,4/18/2019 21:57,Didelphis virginiana,3/25/2019,5/7/2019
SEWA_N01_DSP1,47.6598,-122.41942,Spring19,4/19/2019 5:16,Didelphis virginiana,3/25/2019,5/7/2019
SEWA_N01_DSP1,47.6598,-122.41942,Spring19,4/19/2019 5:37,Didelphis virginiana,3/25/2019,5/7/2019
SEWA_N01_DSP1,47.6598,-122.41942,Spring19,4/24/2019 1:11,Didelphis virginiana,3/25/2019,5/7/2019
SEWA_N01_DSP1,47.6598,-122.41942,Spring19,4/27/2019 4:36,Didelphis virginiana,3/25/2019,5/7/2019
SEWA_N01_DSP1,47.6598,-122.41942,Spring19,4/27/2019 8:15,Sylvilagus floridanus,3/25/2019,5/7/2019
SEWA_N01_DSP1,47.6598,-122.41942,Spring19,4/28/2019 1:30,Didelphis virginiana,3/25/2019,5/7/2019
SEWA_N01_DSP1,47.6598,-122.41942,Spring19,5/1/2019 7:56,Procyon lotor,3/25/2019,5/7/2019
SEWA_N01_DSP1,47.6598,-122.41942,Spring19,5/3/2019 1:33,Didelphis virginiana,3/25/2019,5/7/2019
SEWA_N01_DSP1,47.6598,-122.41942,Spring19,5/3/2019 22:29,Didelphis virginiana,3/25/2019,5/7/2019
SEWA_N01_DSP1,47.6598,-122.41942,Spring19,5/4/2019 3:17,Didelphis virginiana,3/25/2019,5/7/2019
SEWA_N01_DSP1,47.6598,-122.41942,Spring19,5/5/2019 3:36,Didelphis virginiana,3/25/2019,5/7/2019
SEWA_N01_DSP1,47.6598,-122.41942,Spring19,5/5/2019 12:33,Sciurus carolinensis,3/25/2019,5/7/2019
SEWA_N01_LTP1,47.65483,-122.39368,Spring19,4/3/2019 18:37,Homo sapiens,3/25/2019,5/7/2019
SEWA_N01_LTP1,47.65483,-122.39368,Spring19,4/14/2019 15:18,Sciurus carolinensis,3/25/2019,5/7/2019
SEWA_N01_LTP1,47.65483,-122.39368,Spring19,4/18/2019 5:58,Procyon lotor,3/25/2019,5/7/2019
SEWA_N01_LTP1,47.65483,-122.39368,Spring19,4/19/2019 6:16,Procyon lotor,3/25/2019,5/7/2019
SEWA_N01_LTP1,47.65483,-122.39368,Spring19,4/21/2019 6:31,Procyon lotor,3/25/2019,5/7/2019
SEWA_N01_LTP1,47.65483,-122.39368,Spring19,4/25/2019 5:27,Procyon lotor,3/25/2019,5/7/2019
SEWA_N01_LTP1,47.65483,-122.39368,Spring19,4/28/2019 22:49,Procyon lotor,3/25/2019,5/7/2019
SEWA_N01_LTP1,47.65483,-122.39368,Spring19,5/2/2019 12:00,Procyon lotor,3/25/2019,5/7/2019
SEWA_N01_LTP1,47.65483,-122.39368,Spring19,5/4/2019 11:34,Sciurus carolinensis,3/25/2019,5/7/2019
SEWA_N01_LTP1,47.65483,-122.39368,Spring19,5/5/2019 8:43,Procyon lotor,3/25/2019,5/7/2019
SEWA_N02_PHN1,47.6723,-122.3598,Spring19,4/6/2019 18:12,Homo sapiens,3/25/2019,5/7/2019
SEWA_N02_PHN1,47.6723,-122.3598,Spring19,4/6/2019 18:13,Homo sapiens,3/25/2019,5/7/2019
SEWA_N02_PHN1,47.6723,-122.3598,Spring19,4/6/2019 18:16,Homo sapiens,3/25/2019,5/7/2019
SEWA_N02_PHN1,47.6723,-122.3598,Spring19,4/6/2019 18:44,Canis familiaris,3/25/2019,5/7/2019
SEWA_N02_PHN1,47.6723,-122.3598,Spring19,4/6/2019 18:44,Homo sapiens,3/25/2019,5/7/2019
SEWA_N02_PHN1,47.6723,-122.3598,Spring19,4/6/2019 18:57,Canis familiaris,3/25/2019,5/7/2019
SEWA_N02_PHN1,47.6723,-122.3598,Spring19,4/6/2019 19:02,Homo sapiens,3/25/2019,5/7/2019
SEWA_N02_PHN1,47.6723,-122.3598,Spring19,4/7/2019 9:52,Sciurus carolinensis,3/25/2019,5/7/2019
SEWA_N02_PHN1,47.6723,-122.3598,Spring19,4/7/2019 10:50,Corvus brachyrhynchos,3/25/2019,5/7/2019
SEWA_N02_PHN1,47.6723,-122.3598,Spring19,4/7/2019 10:52,Corvus brachyrhynchos,3/25/2019,5/7/2019
SEWA_N02_PHN1,47.6723,-122.3598,Spring19,4/7/2019 11:02,Homo sapiens,3/25/2019,5/7/2019
SEWA_N02_PHN1,47.6723,-122.3598,Spring19,4/7/2019 13:27,Homo sapiens,3/25/2019,5/7/2019
SEWA_N02_PHN1,47.6723,-122.3598,Spring19,4/7/2019 13:28,Homo sapiens,3/25/2019,5/7/2019
SEWA_N02_PHN1,47.6723,-122.3598,Spring19,4/7/2019 13:44,Homo sapiens,3/25/2019,5/7/2019
SEWA_N02_PHN1,47.6723,-122.3598,Spring19,4/7/2019 13:47,Homo sapiens,3/25/2019,5/7/2019
SEWA_N02_PHN1,47.6723,-122.3598,Spring19,4/7/2019 13:49,Homo sapiens,3/25/2019,5/7/2019
SEWA_N02_PHN1,47.6723,-122.3598,Spring19,4/7/2019 15:08,Sciurus carolinensis,3/25/2019,5/7/2019
SEWA_N02_PHN1,47.6723,-122.3598,Spring19,4/7/2019 15:35,Homo sapiens,3/25/2019,5/7/2019
SEWA_N02_PHN1,47.6723,-122.3598,Spring19,4/7/2019 15:38,Homo sapiens,3/25/2019,5/7/2019
SEWA_N02_PHN1,47.6723,-122.3598,Spring19,4/7/2019 15:39,Homo sapiens,3/25/2019,5/7/2019
SEWA_N02_PHN1,47.6723,-122.3598,Spring19,4/7/2019 15:56,Homo sapiens,3/25/2019,5/7/2019
SEWA_N02_PHN1,47.6723,-122.3598,Spring19,4/7/2019 16:10,Canis familiaris,3/25/2019,5/7/2019
SEWA_N02_PHN1,47.6723,-122.3598,Spring19,4/7/2019 17:05,Homo sapiens,3/25/2019,5/7/2019
SEWA_N02_PHN1,47.6723,-122.3598,Spring19,4/7/2019 17:05,Canis familiaris,3/25/2019,5/7/2019
SEWA_N02_PHN1,47.6723,-122.3598,Spring19,4/7/2019 17:17,Homo sapiens,3/25/2019,5/7/2019
SEWA_N02_PHN1,47.6723,-122.3598,Spring19,4/7/2019 17:26,Homo sapiens,3/25/2019,5/7/2019
SEWA_N02_PHN1,47.6723,-122.3598,Spring19,4/7/2019 19:58,Homo sapiens,3/25/2019,5/7/2019
SEWA_N02_PHN1,47.6723,-122.3598,Spring19,4/8/2019 7:18,Homo sapiens,3/25/2019,5/7/2019
SEWA_N02_PHN1,47.6723,-122.3598,Spring19,4/8/2019 7:18,Canis familiaris,3/25/2019,5/7/2019
SEWA_N02_PHN1,47.6723,-122.3598,Spring19,4/8/2019 7:51,Homo sapiens,3/25/2019,5/7/2019
SEWA_N02_PHN1,47.6723,-122.3598,Spring19,4/8/2019 8:38,Homo sapiens,3/25/2019,5/7/2019
SEWA_N02_PHN1,47.6723,-122.3598,Spring19,4/8/2019 8:38,Canis familiaris,3/25/2019,5/7/2019
SEWA_N02_PHN1,47.6723,-122.3598,Spring19,4/8/2019 12:25,Sciurus carolinensis,3/25/2019,5/7/2019
SEWA_N02_PHN1,47.6723,-122.3598,Spring19,4/8/2019 12:26,Sciurus carolinensis,3/25/2019,5/7/2019
SEWA_N02_PHN1,47.6723,-122.3598,Spring19,4/8/2019 13:39,Sciurus carolinensis,3/25/2019,5/7/2019
SEWA_N02_PHN1,47.6723,-122.3598,Spring19,4/8/2019 15:27,Homo sapiens,3/25/2019,5/7/2019
SEWA_N02_PHN1,47.6723,-122.3598,Spring19,4/8/2019 15:29,Homo sapiens,3/25/2019,5/7/2019
SEWA_N02_PHN1,47.6723,-122.3598,Spring19,4/8/2019 17:31,Canis familiaris,3/25/2019,5/7/2019
SEWA_N02_PHN1,47.6723,-122.3598,Spring19,4/9/2019 11:52,Homo sapiens,3/25/2019,5/7/2019
SEWA_N02_PHN1,47.6723,-122.3598,Spring19,4/9/2019 13:51,Homo sapiens,3/25/2019,5/7/2019
SEWA_N02_PHN1,47.6723,-122.3598,Spring19,4/9/2019 15:34,Sciurus carolinensis,3/25/2019,5/7/2019
SEWA_N02_PHN1,47.6723,-122.3598,Spring19,4/10/2019 12:11,Sciurus carolinensis,3/25/2019,5/7/2019
SEWA_N02_PHN1,47.6723,-122.3598,Spring19,4/10/2019 22:21,Homo sapiens,3/25/2019,5/7/2019
SEWA_N02_PHN1,47.6723,-122.3598,Spring19,4/11/2019 15:06,Corvus brachyrhynchos,3/25/2019,5/7/2019
SEWA_N02_PHN1,47.6723,-122.3598,Spring19,4/11/2019 17:05,Homo sapiens,3/25/2019,5/7/2019
SEWA_N02_PHN1,47.6723,-122.3598,Spring19,4/11/2019 17:05,Canis familiaris,3/25/2019,5/7/2019
SEWA_N02_PHN1,47.6723,-122.3598,Spring19,4/11/2019 18:05,Corvus brachyrhynchos,3/25/2019,5/7/2019
SEWA_N02_PHN1,47.6723,-122.3598,Spring19,4/12/2019 10:23,Homo sapiens,3/25/2019,5/7/2019
SEWA_N02_PHN1,47.6723,-122.3598,Spring19,4/12/2019 13:39,Homo sapiens,3/25/2019,5/7/2019
SEWA_N02_PHN1,47.6723,-122.3598,Spring19,4/12/2019 13:45,Sciurus carolinensis,3/25/2019,5/7/2019
SEWA_N02_PHN1,47.6723,-122.3598,Spring19,4/12/2019 19:54,Homo sapiens,3/25/2019,5/7/2019
SEWA_N02_PHN1,47.6723,-122.3598,Spring19,4/12/2019 19:54,Canis familiaris,3/25/2019,5/7/2019
SEWA_N02_PHN1,47.6723,-122.3598,Spring19,4/13/2019 0:44,Homo sapiens,3/25/2019,5/7/2019
SEWA_N02_PHN1,47.6723,-122.3598,Spring19,4/13/2019 14:34,Corvus brachyrhynchos,3/25/2019,5/7/2019
SEWA_N02_PHN1,47.6723,-122.3598,Spring19,4/13/2019 15:12,Canis familiaris,3/25/2019,5/7/2019
SEWA_N02_PHN1,47.6723,-122.3598,Spring19,4/13/2019 15:12,Homo sapiens,3/25/2019,5/7/2019
SEWA_N02_PHN1,47.6723,-122.3598,Spring19,4/13/2019 18:54,Homo sapiens,3/25/2019,5/7/2019
SEWA_N02_PHN1,47.6723,-122.3598,Spring19,4/14/2019 8:34,Corvus brachyrhynchos,3/25/2019,5/7/2019
SEWA_N02_PHN1,47.6723,-122.3598,Spring19,4/14/2019 11:09,Homo sapiens,3/25/2019,5/7/2019
SEWA_N02_PHN1,47.6723,-122.3598,Spring19,4/14/2019 15:09,Homo sapiens,3/25/2019,5/7/2019
SEWA_N02_PHN1,47.6723,-122.3598,Spring19,4/14/2019 15:56,Canis familiaris,3/25/2019,5/7/2019
SEWA_N02_PHN1,47.6723,-122.3598,Spring19,4/15/2019 8:11,Homo sapiens,3/25/2019,5/7/2019
SEWA_N02_PHN1,47.6723,-122.3598,Spring19,4/15/2019 10:59,Homo sapiens,3/25/2019,5/7/2019
SEWA_N02_PHN1,47.6723,-122.3598,Spring19,4/15/2019 11:04,Homo sapiens,3/25/2019,5/7/2019
SEWA_N02_PHN1,47.6723,-122.3598,Spring19,4/15/2019 11:13,Corvus brachyrhynchos,3/25/2019,5/7/2019
SEWA_N02_PHN1,47.6723,-122.3598,Spring19,4/15/2019 11:46,Corvus brachyrhynchos,3/25/2019,5/7/2019
SEWA_N02_PHN1,47.6723,-122.3598,Spring19,4/15/2019 12:39,Canis familiaris,3/25/2019,5/7/2019
SEWA_N02_PHN1,47.6723,-122.3598,Spring19,4/15/2019 14:42,Homo sapiens,3/25/2019,5/7/2019
SEWA_N02_PHN1,47.6723,-122.3598,Spring19,4/15/2019 16:34,Corvus brachyrhynchos,3/25/2019,5/7/2019
SEWA_N02_PHN1,47.6723,-122.3598,Spring19,4/15/2019 17:50,Canis familiaris,3/25/2019,5/7/2019
SEWA_N02_PHN1,47.6723,-122.3598,Spring19,4/15/2019 17:50,Homo sapiens,3/25/2019,5/7/2019
SEWA_N02_PHN1,47.6723,-122.3598,Spring19,4/15/2019 18:29,Homo sapiens,3/25/2019,5/7/2019
SEWA_N02_PHN1,47.6723,-122.3598,Spring19,4/15/2019 19:46,Homo sapiens,3/25/2019,5/7/2019
SEWA_N02_PHN1,47.6723,-122.3598,Spring19,4/16/2019 8:15,Canis familiaris,3/25/2019,5/7/2019
SEWA_N02_PHN1,47.6723,-122.3598,Spring19,4/16/2019 11:29,Sciurus carolinensis,3/25/2019,5/7/2019
SEWA_N02_PHN1,47.6723,-122.3598,Spring19,4/16/2019 12:57,Canis familiaris,3/25/2019,5/7/2019
SEWA_N02_PHN1,47.6723,-122.3598,Spring19,4/16/2019 13:03,Homo sapiens,3/25/2019,5/7/2019
SEWA_N02_PHN1,47.6723,-122.3598,Spring19,4/16/2019 13:05,Homo sapiens,3/25/2019,5/7/2019
SEWA_N02_PHN1,47.6723,-122.3598,Spring19,4/16/2019 13:09,Homo sapiens,3/25/2019,5/7/2019
SEWA_N02_PHN1,47.6723,-122.3598,Spring19,4/16/2019 13:12,Homo sapiens,3/25/2019,5/7/2019
SEWA_N02_PHN1,47.6723,-122.3598,Spring19,4/16/2019 18:01,Sciurus carolinensis,3/25/2019,5/7/2019
SEWA_N02_PHN1,47.6723,-122.3598,Spring19,4/16/2019 18:11,Sciurus carolinensis,3/25/2019,5/7/2019
SEWA_N02_PHN1,47.6723,-122.3598,Spring19,4/16/2019 18:11,Homo sapiens,3/25/2019,5/7/2019
SEWA_N02_PHN1,47.6723,-122.3598,Spring19,4/16/2019 18:19,Sciurus carolinensis,3/25/2019,5/7/2019
SEWA_N02_PHN1,47.6723,-122.3598,Spring19,4/16/2019 18:28,Sciurus carolinensis,3/25/2019,5/7/2019
SEWA_N02_PHN1,47.6723,-122.3598,Spring19,4/16/2019 21:05,Homo sapiens,3/25/2019,5/7/2019
SEWA_N02_PHN1,47.6723,-122.3598,Spring19,4/16/2019 21:05,Canis familiaris,3/25/2019,5/7/2019
SEWA_N02_PHN1,47.6723,-122.3598,Spring19,4/17/2019 7:16,Sciurus carolinensis,3/25/2019,5/7/2019
SEWA_N02_PHN1,47.6723,-122.3598,Spring19,4/17/2019 7:27,Corvus brachyrhynchos,3/25/2019,5/7/2019
SEWA_N02_PHN1,47.6723,-122.3598,Spring19,4/17/2019 8:23,Homo sapiens,3/25/2019,5/7/2019
SEWA_N02_PHN1,47.6723,-122.3598,Spring19,4/17/2019 8:23,Corvus brachyrhynchos,3/25/2019,5/7/2019
SEWA_N02_PHN1,47.6723,-122.3598,Spring19,4/17/2019 8:42,Sciurus carolinensis,3/25/2019,5/7/2019
SEWA_N02_PHN1,47.6723,-122.3598,Spring19,4/17/2019 9:00,Sciurus carolinensis,3/25/2019,5/7/2019
SEWA_N02_PHN1,47.6723,-122.3598,Spring19,4/17/2019 9:19,Homo sapiens,3/25/2019,5/7/2019
SEWA_N02_PHN1,47.6723,-122.3598,Spring19,4/17/2019 19:45,Homo sapiens,3/25/2019,5/7/2019
SEWA_N02_PHN1,47.6723,-122.3598,Spring19,4/18/2019 6:29,Homo sapiens,3/25/2019,5/7/2019
SEWA_N02_PHN1,47.6723,-122.3598,Spring19,4/18/2019 13:19,Canis familiaris,3/25/2019,5/7/2019
SEWA_N02_PHN1,47.6723,-122.3598,Spring19,4/18/2019 13:35,Corvus brachyrhynchos,3/25/2019,5/7/2019
SEWA_N02_PHN1,47.6723,-122.3598,Spring19,4/18/2019 16:56,Sciurus carolinensis,3/25/2019,5/7/2019
SEWA_N02_PHN1,47.6723,-122.3598,Spring19,4/18/2019 17:15,Homo sapiens,3/25/2019,5/7/2019
SEWA_N02_PHN1,47.6723,-122.3598,Spring19,4/18/2019 18:21,Corvus brachyrhynchos,3/25/2019,5/7/2019
SEWA_N02_PHN1,47.6723,-122.3598,Spring19,4/19/2019 6:27,Homo sapiens,3/25/2019,5/7/2019
SEWA_N02_PHN1,47.6723,-122.3598,Spring19,4/19/2019 8:03,Sciurus carolinensis,3/25/2019,5/7/2019
SEWA_N02_PHN1,47.6723,-122.3598,Spring19,4/19/2019 11:18,Sciurus carolinensis,3/25/2019,5/7/2019
SEWA_N02_PHN1,47.6723,-122.3598,Spring19,4/19/2019 11:32,Sciurus carolinensis,3/25/2019,5/7/2019
SEWA_N02_PHN1,47.6723,-122.3598,Spring19,4/19/2019 18:01,Homo sapiens,3/25/2019,5/7/2019
SEWA_N02_PHN1,47.6723,-122.3598,Spring19,4/19/2019 18:01,Canis familiaris,3/25/2019,5/7/2019
SEWA_N02_PHN1,47.6723,-122.3598,Spring19,4/20/2019 7:17,Homo sapiens,3/25/2019,5/7/2019
SEWA_N02_PHN1,47.6723,-122.3598,Spring19,4/20/2019 11:53,Canis familiaris,3/25/2019,5/7/2019
SEWA_N02_PHN1,47.6723,-122.3598,Spring19,4/20/2019 11:53,Homo sapiens,3/25/2019,5/7/2019
SEWA_N02_PHN1,47.6723,-122.3598,Spring19,4/20/2019 14:23,Canis familiaris,3/25/2019,5/7/2019
SEWA_N02_PHN1,47.6723,-122.3598,Spring19,4/20/2019 14:23,Homo sapiens,3/25/2019,5/7/2019
SEWA_N02_PHN1,47.6723,-122.3598,Spring19,4/20/2019 14:38,Homo sapiens,3/25/2019,5/7/2019
SEWA_N02_PHN1,47.6723,-122.3598,Spring19,4/20/2019 14:48,Homo sapiens,3/25/2019,5/7/2019
SEWA_N02_PHN1,47.6723,-122.3598,Spring19,4/20/2019 14:48,Canis familiaris,3/25/2019,5/7/2019
SEWA_N02_PHN1,47.6723,-122.3598,Spring19,4/21/2019 6:58,Homo sapiens,3/25/2019,5/7/2019
SEWA_N02_PHN1,47.6723,-122.3598,Spring19,4/21/2019 9:52,Homo sapiens,3/25/2019,5/7/2019
SEWA_N02_PHN1,47.6723,-122.3598,Spring19,4/21/2019 9:52,Canis familiaris,3/25/2019,5/7/2019
SEWA_N02_PHN1,47.6723,-122.3598,Spring19,4/21/2019 10:06,Canis familiaris,3/25/2019,5/7/2019
SEWA_N02_PHN1,47.6723,-122.3598,Spring19,4/21/2019 10:06,Homo sapiens,3/25/2019,5/7/2019
SEWA_N02_PHN1,47.6723,-122.3598,Spring19,4/21/2019 10:44,Homo sapiens,3/25/2019,5/7/2019
SEWA_N02_PHN1,47.6723,-122.3598,Spring19,4/21/2019 14:33,Canis familiaris,3/25/2019,5/7/2019
SEWA_N02_PHN1,47.6723,-122.3598,Spring19,4/21/2019 14:33,Homo sapiens,3/25/2019,5/7/2019
SEWA_N02_PHN1,47.6723,-122.3598,Spring19,4/21/2019 14:42,Canis familiaris,3/25/2019,5/7/2019
SEWA_N02_PHN1,47.6723,-122.3598,Spring19,4/21/2019 14:43,Canis familiaris,3/25/2019,5/7/2019
SEWA_N02_PHN1,47.6723,-122.3598,Spring19,4/21/2019 14:56,Canis familiaris,3/25/2019,5/7/2019
SEWA_N02_PHN1,47.6723,-122.3598,Spring19,4/21/2019 14:56,Homo sapiens,3/25/2019,5/7/2019
SEWA_N02_PHN1,47.6723,-122.3598,Spring19,4/21/2019 16:46,Homo sapiens,3/25/2019,5/7/2019
SEWA_N02_PHN1,47.6723,-122.3598,Spring19,4/22/2019 6:37,Homo sapiens,3/25/2019,5/7/2019
SEWA_N02_PHN1,47.6723,-122.3598,Spring19,4/22/2019 7:39,Sciurus carolinensis,3/25/2019,5/7/2019
SEWA_N02_PHN1,47.6723,-122.3598,Spring19,4/22/2019 12:47,Corvus brachyrhynchos,3/25/2019,5/7/2019
SEWA_N02_PHN1,47.6723,-122.3598,Spring19,4/22/2019 17:02,Canis familiaris,3/25/2019,5/7/2019
SEWA_N02_PHN1,47.6723,-122.3598,Spring19,4/22/2019 19:24,Homo sapiens,3/25/2019,5/7/2019
SEWA_N02_PHN1,47.6723,-122.3598,Spring19,4/22/2019 20:44,Homo sapiens,3/25/2019,5/7/2019
SEWA_N02_PHN1,47.6723,-122.3598,Spring19,4/23/2019 6:47,Homo sapiens,3/25/2019,5/7/2019
SEWA_N02_PHN1,47.6723,-122.3598,Spring19,4/23/2019 14:24,Homo sapiens,3/25/2019,5/7/2019
SEWA_N02_PHN1,47.6723,-122.3598,Spring19,4/23/2019 14:24,Canis familiaris,3/25/2019,5/7/2019
SEWA_N02_PHN1,47.6723,-122.3598,Spring19,4/24/2019 6:46,Homo sapiens,3/25/2019,5/7/2019
SEWA_N02_PHN1,47.6723,-122.3598,Spring19,4/24/2019 13:50,Corvus brachyrhynchos,3/25/2019,5/7/2019
SEWA_N02_PHN1,47.6723,-122.3598,Spring19,4/24/2019 14:57,Homo sapiens,3/25/2019,5/7/2019
SEWA_N02_PHN1,47.6723,-122.3598,Spring19,4/24/2019 15:00,Homo sapiens,3/25/2019,5/7/2019
SEWA_N02_PHN1,47.6723,-122.3598,Spring19,4/24/2019 15:01,Homo sapiens,3/25/2019,5/7/2019
SEWA_N02_PHN1,47.6723,-122.3598,Spring19,4/24/2019 15:02,Homo sapiens,3/25/2019,5/7/2019
SEWA_N02_PHN1,47.6723,-122.3598,Spring19,4/24/2019 15:04,Homo sapiens,3/25/2019,5/7/2019
SEWA_N02_PHN1,47.6723,-122.3598,Spring19,4/24/2019 15:05,Homo sapiens,3/25/2019,5/7/2019
SEWA_N02_PHN1,47.6723,-122.3598,Spring19,4/24/2019 15:44,Homo sapiens,3/25/2019,5/7/2019
SEWA_N02_PHN1,47.6723,-122.3598,Spring19,4/24/2019 15:44,Canis familiaris,3/25/2019,5/7/2019
SEWA_N02_PHN1,47.6723,-122.3598,Spring19,4/24/2019 20:18,Homo sapiens,3/25/2019,5/7/2019
SEWA_N02_PHN1,47.6723,-122.3598,Spring19,4/24/2019 21:22,Homo sapiens,3/25/2019,5/7/2019
SEWA_N02_PHN1,47.6723,-122.3598,Spring19,4/25/2019 6:43,Homo sapiens,3/25/2019,5/7/2019
SEWA_N02_PHN1,47.6723,-122.3598,Spring19,4/25/2019 7:00,Homo sapiens,3/25/2019,5/7/2019
SEWA_N02_PHN1,47.6723,-122.3598,Spring19,4/25/2019 7:00,Canis familiaris,3/25/2019,5/7/2019
SEWA_N02_PHN1,47.6723,-122.3598,Spring19,4/25/2019 8:08,Sciurus carolinensis,3/25/2019,5/7/2019
SEWA_N02_PHN1,47.6723,-122.3598,Spring19,4/26/2019 6:24,Homo sapiens,3/25/2019,5/7/2019
SEWA_N02_PHN1,47.6723,-122.3598,Spring19,4/26/2019 6:24,Sciurus carolinensis,3/25/2019,5/7/2019
SEWA_N02_PHN1,47.6723,-122.3598,Spring19,4/26/2019 6:29,Homo sapiens,3/25/2019,5/7/2019
SEWA_N02_PHN1,47.6723,-122.3598,Spring19,4/26/2019 14:58,Canis familiaris,3/25/2019,5/7/2019
SEWA_N02_PHN1,47.6723,-122.3598,Spring19,4/26/2019 14:58,Homo sapiens,3/25/2019,5/7/2019
SEWA_N02_PHN1,47.6723,-122.3598,Spring19,4/26/2019 16:47,Sciurus carolinensis,3/25/2019,5/7/2019
SEWA_N02_PHN1,47.6723,-122.3598,Spring19,4/26/2019 20:02,Homo sapiens,3/25/2019,5/7/2019
SEWA_N02_PHN1,47.6723,-122.3598,Spring19,4/27/2019 6:46,Homo sapiens,3/25/2019,5/7/2019
SEWA_N02_PHN1,47.6723,-122.3598,Spring19,4/27/2019 13:31,Homo sapiens,3/25/2019,5/7/2019
SEWA_N02_PHN1,47.6723,-122.3598,Spring19,4/27/2019 13:38,Canis familiaris,3/25/2019,5/7/2019
SEWA_N02_PHN1,47.6723,-122.3598,Spring19,4/27/2019 15:09,Homo sapiens,3/25/2019,5/7/2019
SEWA_N02_PHN1,47.6723,-122.3598,Spring19,4/27/2019 15:15,Homo sapiens,3/25/2019,5/7/2019
SEWA_N02_PHN1,47.6723,-122.3598,Spring19,4/27/2019 15:15,Canis familiaris,3/25/2019,5/7/2019
SEWA_N02_PHN1,47.6723,-122.3598,Spring19,4/27/2019 21:51,Homo sapiens,3/25/2019,5/7/2019
SEWA_N02_PHN1,47.6723,-122.3598,Spring19,4/28/2019 10:10,Homo sapiens,3/25/2019,5/7/2019
SEWA_N02_PHN1,47.6723,-122.3598,Spring19,4/28/2019 10:10,Canis familiaris,3/25/2019,5/7/2019
SEWA_N02_PHN1,47.6723,-122.3598,Spring19,4/28/2019 10:24,Canis familiaris,3/25/2019,5/7/2019
SEWA_N02_PHN1,47.6723,-122.3598,Spring19,4/28/2019 11:57,Homo sapiens,3/25/2019,5/7/2019
SEWA_N02_PHN1,47.6723,-122.3598,Spring19,4/28/2019 11:57,Canis familiaris,3/25/2019,5/7/2019
SEWA_N02_PHN1,47.6723,-122.3598,Spring19,4/28/2019 15:09,Canis familiaris,3/25/2019,5/7/2019
SEWA_N02_PHN1,47.6723,-122.3598,Spring19,4/28/2019 15:09,Homo sapiens,3/25/2019,5/7/2019
SEWA_N02_PHN1,47.6723,-122.3598,Spring19,4/28/2019 20:14,Homo sapiens,3/25/2019,5/7/2019
SEWA_N02_PHN1,47.6723,-122.3598,Spring19,4/29/2019 5:11,Homo sapiens,3/25/2019,5/7/2019
SEWA_N02_PHN1,47.6723,-122.3598,Spring19,4/29/2019 5:11,Canis familiaris,3/25/2019,5/7/2019
SEWA_N02_PHN1,47.6723,-122.3598,Spring19,4/29/2019 8:11,Canis familiaris,3/25/2019,5/7/2019
SEWA_N02_PHN1,47.6723,-122.3598,Spring19,4/29/2019 8:11,Homo sapiens,3/25/2019,5/7/2019
SEWA_N02_PHN1,47.6723,-122.3598,Spring19,4/29/2019 8:25,Sciurus carolinensis,3/25/2019,5/7/2019
SEWA_N02_PHN1,47.6723,-122.3598,Spring19,4/29/2019 11:16,Homo sapiens,3/25/2019,5/7/2019
SEWA_N02_PHN1,47.6723,-122.3598,Spring19,4/29/2019 11:16,Canis familiaris,3/25/2019,5/7/2019
SEWA_N02_PHN1,47.6723,-122.3598,Spring19,4/29/2019 16:45,Homo sapiens,3/25/2019,5/7/2019
SEWA_N02_PHN1,47.6723,-122.3598,Spring19,4/29/2019 16:50,Homo sapiens,3/25/2019,5/7/2019
SEWA_N02_PHN1,47.6723,-122.3598,Spring19,4/29/2019 16:50,Canis familiaris,3/25/2019,5/7/2019
SEWA_N02_PHN1,47.6723,-122.3598,Spring19,4/29/2019 18:40,Homo sapiens,3/25/2019,5/7/2019
SEWA_N02_PHN1,47.6723,-122.3598,Spring19,4/29/2019 18:41,Homo sapiens,3/25/2019,5/7/2019
SEWA_N02_PHN1,47.6723,-122.3598,Spring19,4/29/2019 19:04,Homo sapiens,3/25/2019,5/7/2019
SEWA_N02_PHN1,47.6723,-122.3598,Spring19,4/30/2019 7:34,Canis familiaris,3/25/2019,5/7/2019
SEWA_N02_PHN1,47.6723,-122.3598,Spring19,4/30/2019 13:24,Homo sapiens,3/25/2019,5/7/2019
SEWA_N02_PHN1,47.6723,-122.3598,Spring19,4/30/2019 13:31,Homo sapiens,3/25/2019,5/7/2019
SEWA_N02_PHN1,47.6723,-122.3598,Spring19,4/30/2019 15:55,Homo sapiens,3/25/2019,5/7/2019
SEWA_N02_PHN1,47.6723,-122.3598,Spring19,4/30/2019 17:31,Homo sapiens,3/25/2019,5/7/2019
SEWA_N02_PHN1,47.6723,-122.3598,Spring19,4/30/2019 19:19,Homo sapiens,3/25/2019,5/7/2019
SEWA_N02_PHN1,47.6723,-122.3598,Spring19,4/30/2019 20:32,Homo sapiens,3/25/2019,5/7/2019
SEWA_N02_PHN1,47.6723,-122.3598,Spring19,4/30/2019 20:45,Homo sapiens,3/25/2019,5/7/2019
SEWA_N02_PHN1,47.6723,-122.3598,Spring19,4/30/2019 20:46,Homo sapiens,3/25/2019,5/7/2019
SEWA_N02_PHN1,47.6723,-122.3598,Spring19,5/1/2019 6:33,Homo sapiens,3/25/2019,5/7/2019
SEWA_N02_PHN1,47.6723,-122.3598,Spring19,5/1/2019 6:40,Canis familiaris,3/25/2019,5/7/2019
SEWA_N02_PHN1,47.6723,-122.3598,Spring19,5/1/2019 6:40,Homo sapiens,3/25/2019,5/7/2019
SEWA_N02_PHN1,47.6723,-122.3598,Spring19,5/1/2019 7:32,Sciurus carolinensis,3/25/2019,5/7/2019
SEWA_N02_PHN1,47.6723,-122.3598,Spring19,5/1/2019 9:00,Sciurus carolinensis,3/25/2019,5/7/2019
SEWA_N02_PHN1,47.6723,-122.3598,Spring19,5/1/2019 11:21,Sciurus carolinensis,3/25/2019,5/7/2019
SEWA_N02_PHN1,47.6723,-122.3598,Spring19,5/1/2019 11:45,Homo sapiens,3/25/2019,5/7/2019
SEWA_N02_PHN1,47.6723,-122.3598,Spring19,5/1/2019 18:02,Canis familiaris,3/25/2019,5/7/2019
SEWA_N02_PHN1,47.6723,-122.3598,Spring19,5/1/2019 18:05,Canis familiaris,3/25/2019,5/7/2019
SEWA_N02_PHN1,47.6723,-122.3598,Spring19,5/1/2019 18:15,Homo sapiens,3/25/2019,5/7/2019
SEWA_N02_PHN1,47.6723,-122.3598,Spring19,5/1/2019 18:15,Canis familiaris,3/25/2019,5/7/2019
SEWA_N02_PHN1,47.6723,-122.3598,Spring19,5/1/2019 23:57,Felis catus,3/25/2019,5/7/2019
SEWA_N02_PHN1,47.6723,-122.3598,Spring19,5/2/2019 5:15,Felis catus,3/25/2019,5/7/2019
SEWA_N02_PHN1,47.6723,-122.3598,Spring19,5/2/2019 6:49,Homo sapiens,3/25/2019,5/7/2019
SEWA_N02_PHN1,47.6723,-122.3598,Spring19,5/2/2019 17:40,Homo sapiens,3/25/2019,5/7/2019
SEWA_N02_PHN1,47.6723,-122.3598,Spring19,5/2/2019 17:40,Canis familiaris,3/25/2019,5/7/2019
SEWA_N02_PHN1,47.6723,-122.3598,Spring19,5/3/2019 6:35,Homo sapiens,3/25/2019,5/7/2019
SEWA_N02_PHN1,47.6723,-122.3598,Spring19,5/3/2019 7:50,Corvus brachyrhynchos,3/25/2019,5/7/2019
SEWA_N02_PHN1,47.6723,-122.3598,Spring19,5/3/2019 8:46,Sciurus carolinensis,3/25/2019,5/7/2019
SEWA_N02_PHN1,47.6723,-122.3598,Spring19,5/3/2019 11:53,Sciurus carolinensis,3/25/2019,5/7/2019
SEWA_N02_PHN1,47.6723,-122.3598,Spring19,5/3/2019 16:30,Canis familiaris,3/25/2019,5/7/2019
SEWA_N02_PHN1,47.6723,-122.3598,Spring19,5/3/2019 16:30,Homo sapiens,3/25/2019,5/7/2019
SEWA_N02_PHN1,47.6723,-122.3598,Spring19,5/3/2019 18:14,Homo sapiens,3/25/2019,5/7/2019
SEWA_N02_PHN1,47.6723,-122.3598,Spring19,5/3/2019 18:22,Homo sapiens,3/25/2019,5/7/2019
SEWA_N02_PHN1,47.6723,-122.3598,Spring19,5/4/2019 7:28,Homo sapiens,3/25/2019,5/7/2019
SEWA_N02_PHN1,47.6723,-122.3598,Spring19,5/4/2019 12:46,Homo sapiens,3/25/2019,5/7/2019
SEWA_N02_PHN1,47.6723,-122.3598,Spring19,5/4/2019 12:46,Canis familiaris,3/25/2019,5/7/2019
SEWA_N02_PHN1,47.6723,-122.3598,Spring19,5/4/2019 12:52,Canis familiaris,3/25/2019,5/7/2019
SEWA_N02_PHN1,47.6723,-122.3598,Spring19,5/4/2019 14:41,Homo sapiens,3/25/2019,5/7/2019
SEWA_N02_PHN1,47.6723,-122.3598,Spring19,5/4/2019 16:39,Homo sapiens,3/25/2019,5/7/2019
SEWA_N02_PHN1,47.6723,-122.3598,Spring19,5/4/2019 20:27,Sciurus carolinensis,3/25/2019,5/7/2019
SEWA_N02_PHN1,47.6723,-122.3598,Spring19,5/5/2019 7:24,Homo sapiens,3/25/2019,5/7/2019
SEWA_N02_PHN1,47.6723,-122.3598,Spring19,5/5/2019 8:08,Homo sapiens,3/25/2019,5/7/2019
SEWA_N02_PHN1,47.6723,-122.3598,Spring19,5/5/2019 8:08,Canis familiaris,3/25/2019,5/7/2019
SEWA_N02_PHN1,47.6723,-122.3598,Spring19,5/5/2019 10:04,Homo sapiens,3/25/2019,5/7/2019
SEWA_N02_PHN1,47.6723,-122.3598,Spring19,5/5/2019 10:52,Sciurus carolinensis,3/25/2019,5/7/2019
SEWA_N02_PHN1,47.6723,-122.3598,Spring19,5/5/2019 10:58,Homo sapiens,3/25/2019,5/7/2019
SEWA_N02_PHN1,47.6723,-122.3598,Spring19,5/5/2019 11:08,Homo sapiens,3/25/2019,5/7/2019
SEWA_N02_PHN1,47.6723,-122.3598,Spring19,5/5/2019 11:27,Canis familiaris,3/25/2019,5/7/2019
SEWA_N02_PHN1,47.6723,-122.3598,Spring19,5/5/2019 11:33,Corvus brachyrhynchos,3/25/2019,5/7/2019
SEWA_N02_PHN1,47.6723,-122.3598,Spring19,5/5/2019 11:35,Homo sapiens,3/25/2019,5/7/2019
SEWA_N02_PHN1,47.6723,-122.3598,Spring19,5/5/2019 11:40,Homo sapiens,3/25/2019,5/7/2019
SEWA_N02_PHN1,47.6723,-122.3598,Spring19,5/5/2019 11:54,Homo sapiens,3/25/2019,5/7/2019
SEWA_N02_PHN1,47.6723,-122.3598,Spring19,5/5/2019 12:05,Homo sapiens,3/25/2019,5/7/2019
SEWA_N02_PHN1,47.6723,-122.3598,Spring19,5/5/2019 12:18,Homo sapiens,3/25/2019,5/7/2019
SEWA_N02_PHN1,47.6723,-122.3598,Spring19,5/5/2019 12:19,Homo sapiens,3/25/2019,5/7/2019
SEWA_N02_PHN1,47.6723,-122.3598,Spring19,5/5/2019 14:19,Homo sapiens,3/25/2019,5/7/2019
SEWA_N02_PHN1,47.6723,-122.3598,Spring19,5/5/2019 15:14,Canis familiaris,3/25/2019,5/7/2019
SEWA_N02_PHN1,47.6723,-122.3598,Spring19,5/5/2019 15:14,Homo sapiens,3/25/2019,5/7/2019
SEWA_N02_PHN1,47.6723,-122.3598,Spring19,5/5/2019 16:58,Canis familiaris,3/25/2019,5/7/2019
SEWA_N02_PHN1,47.6723,-122.3598,Spring19,5/5/2019 18:01,Homo sapiens,3/25/2019,5/7/2019
SEWA_N02_PHN1,47.6723,-122.3598,Spring19,5/5/2019 19:18,Homo sapiens,3/25/2019,5/7/2019
SEWA_N02_PHN1,47.6723,-122.3598,Spring19,5/5/2019 20:37,Homo sapiens,3/25/2019,5/7/2019
SEWA_N02_PHN1,47.6723,-122.3598,Spring19,5/6/2019 6:42,Homo sapiens,3/25/2019,5/7/2019
SEWA_N02_PHN1,47.6723,-122.3598,Spring19,5/6/2019 10:18,Canis familiaris,3/25/2019,5/7/2019
SEWA_N02_PHN1,47.6723,-122.3598,Spring19,5/6/2019 10:18,Homo sapiens,3/25/2019,5/7/2019
SEWA_N02_PHN1,47.6723,-122.3598,Spring19,5/6/2019 11:22,Sciurus carolinensis,3/25/2019,5/7/2019
SEWA_N02_PHN1,47.6723,-122.3598,Spring19,5/6/2019 13:06,Homo sapiens,3/25/2019,5/7/2019
SEWA_N02_PHN1,47.6723,-122.3598,Spring19,5/6/2019 13:17,Canis familiaris,3/25/2019,5/7/2019
SEWA_N02_PHN1,47.6723,-122.3598,Spring19,5/6/2019 13:24,Canis familiaris,3/25/2019,5/7/2019
SEWA_N02_PHN1,47.6723,-122.3598,Spring19,5/6/2019 13:34,Canis familiaris,3/25/2019,5/7/2019
SEWA_N02_PHN1,47.6723,-122.3598,Spring19,5/6/2019 15:52,Homo sapiens,3/25/2019,5/7/2019
SEWA_N02_PHN1,47.6723,-122.3598,Spring19,5/6/2019 15:58,Homo sapiens,3/25/2019,5/7/2019
SEWA_N02_PHN1,47.6723,-122.3598,Spring19,5/6/2019 17:15,Homo sapiens,3/25/2019,5/7/2019
SEWA_N02_PHN1,47.6723,-122.3598,Spring19,5/6/2019 19:45,Canis familiaris,3/25/2019,5/7/2019
SEWA_N02_PHN1,47.6723,-122.3598,Spring19,5/6/2019 19:45,Homo sapiens,3/25/2019,5/7/2019
SEWA_N02_PHN1,47.6723,-122.3598,Spring19,5/6/2019 20:24,Homo sapiens,3/25/2019,5/7/2019
SEWA_N02_PHN1,47.6723,-122.3598,Spring19,5/6/2019 21:32,Felis catus,3/25/2019,5/7/2019
SEWA_N02_PHY1,47.6708,-122.3596,Spring19,4/6/2019 18:45,Homo sapiens,3/25/2019,5/7/2019
SEWA_N02_PHY1,47.6708,-122.3596,Spring19,4/6/2019 20:11,Sylvilagus floridanus,3/25/2019,5/7/2019
SEWA_N02_PHY1,47.6708,-122.3596,Spring19,4/7/2019 22:17,Sylvilagus floridanus,3/25/2019,5/7/2019
SEWA_N02_PHY1,47.6708,-122.3596,Spring19,4/8/2019 19:56,Sylvilagus floridanus,3/25/2019,5/7/2019
SEWA_N02_PHY1,47.6708,-122.3596,Spring19,4/8/2019 19:57,Sylvilagus floridanus,3/25/2019,5/7/2019
SEWA_N02_PHY1,47.6708,-122.3596,Spring19,4/8/2019 20:04,Sylvilagus floridanus,3/25/2019,5/7/2019
SEWA_N02_PHY1,47.6708,-122.3596,Spring19,4/8/2019 20:43,Sylvilagus floridanus,3/25/2019,5/7/2019
SEWA_N02_PHY1,47.6708,-122.3596,Spring19,4/8/2019 21:05,Sylvilagus floridanus,3/25/2019,5/7/2019
SEWA_N02_PHY1,47.6708,-122.3596,Spring19,4/8/2019 21:37,Sylvilagus floridanus,3/25/2019,5/7/2019
SEWA_N02_PHY1,47.6708,-122.3596,Spring19,4/8/2019 21:39,Sylvilagus floridanus,3/25/2019,5/7/2019
SEWA_N02_PHY1,47.6708,-122.3596,Spring19,4/8/2019 22:25,Sylvilagus floridanus,3/25/2019,5/7/2019
SEWA_N02_PHY1,47.6708,-122.3596,Spring19,4/9/2019 6:50,Sciurus carolinensis,3/25/2019,5/7/2019
SEWA_N02_PHY1,47.6708,-122.3596,Spring19,4/9/2019 9:23,Sciurus carolinensis,3/25/2019,5/7/2019
SEWA_N02_PHY1,47.6708,-122.3596,Spring19,4/9/2019 15:12,Homo sapiens,3/25/2019,5/7/2019
SEWA_N02_PHY1,47.6708,-122.3596,Spring19,4/9/2019 15:15,Homo sapiens,3/25/2019,5/7/2019
SEWA_N02_PHY1,47.6708,-122.3596,Spring19,4/9/2019 15:16,Homo sapiens,3/25/2019,5/7/2019
SEWA_N02_PHY1,47.6708,-122.3596,Spring19,4/9/2019 15:19,Homo sapiens,3/25/2019,5/7/2019
SEWA_N02_PHY1,47.6708,-122.3596,Spring19,4/9/2019 15:23,Homo sapiens,3/25/2019,5/7/2019
SEWA_N02_PHY1,47.6708,-122.3596,Spring19,4/9/2019 15:24,Homo sapiens,3/25/2019,5/7/2019
SEWA_N02_PHY1,47.6708,-122.3596,Spring19,4/9/2019 15:26,Homo sapiens,3/25/2019,5/7/2019
SEWA_N02_PHY1,47.6708,-122.3596,Spring19,4/10/2019 15:36,Canis familiaris,3/25/2019,5/7/2019
SEWA_N02_PHY1,47.6708,-122.3596,Spring19,4/10/2019 15:38,Canis familiaris,3/25/2019,5/7/2019
SEWA_N02_PHY1,47.6708,-122.3596,Spring19,4/10/2019 17:26,Sylvilagus floridanus,3/25/2019,5/7/2019
SEWA_N02_PHY1,47.6708,-122.3596,Spring19,4/10/2019 17:29,Sylvilagus floridanus,3/25/2019,5/7/2019
SEWA_N02_PHY1,47.6708,-122.3596,Spring19,4/11/2019 12:25,Homo sapiens,3/25/2019,5/7/2019
SEWA_N02_PHY1,47.6708,-122.3596,Spring19,4/11/2019 12:26,Homo sapiens,3/25/2019,5/7/2019
SEWA_N02_PHY1,47.6708,-122.3596,Spring19,4/11/2019 12:36,Homo sapiens,3/25/2019,5/7/2019
SEWA_N02_PHY1,47.6708,-122.3596,Spring19,4/11/2019 12:43,Sciurus carolinensis,3/25/2019,5/7/2019
SEWA_N02_PHY1,47.6708,-122.3596,Spring19,4/11/2019 13:17,Homo sapiens,3/25/2019,5/7/2019
SEWA_N02_PHY1,47.6708,-122.3596,Spring19,4/12/2019 10:31,Homo sapiens,3/25/2019,5/7/2019
SEWA_N02_PHY1,47.6708,-122.3596,Spring19,4/12/2019 10:32,Homo sapiens,3/25/2019,5/7/2019
SEWA_N02_PHY1,47.6708,-122.3596,Spring19,4/12/2019 12:14,Sciurus carolinensis,3/25/2019,5/7/2019
SEWA_N02_PHY1,47.6708,-122.3596,Spring19,4/12/2019 13:15,Homo sapiens,3/25/2019,5/7/2019
SEWA_N02_PHY1,47.6708,-122.3596,Spring19,4/12/2019 14:43,Homo sapiens,3/25/2019,5/7/2019
SEWA_N02_PHY1,47.6708,-122.3596,Spring19,4/12/2019 14:46,Homo sapiens,3/25/2019,5/7/2019
SEWA_N02_PHY1,47.6708,-122.3596,Spring19,4/12/2019 15:07,Canis familiaris,3/25/2019,5/7/2019
SEWA_N02_PHY1,47.6708,-122.3596,Spring19,4/12/2019 15:44,Homo sapiens,3/25/2019,5/7/2019
SEWA_N02_PHY1,47.6708,-122.3596,Spring19,4/12/2019 15:48,Homo sapiens,3/25/2019,5/7/2019
SEWA_N02_PHY1,47.6708,-122.3596,Spring19,4/13/2019 11:37,Homo sapiens,3/25/2019,5/7/2019
SEWA_N02_PHY1,47.6708,-122.3596,Spring19,4/13/2019 15:17,Canis familiaris,3/25/2019,5/7/2019
SEWA_N02_PHY1,47.6708,-122.3596,Spring19,4/13/2019 19:42,Sylvilagus floridanus,3/25/2019,5/7/2019
SEWA_N02_PHY1,47.6708,-122.3596,Spring19,4/14/2019 8:41,Homo sapiens,3/25/2019,5/7/2019
SEWA_N02_PHY1,47.6708,-122.3596,Spring19,4/14/2019 9:52,Homo sapiens,3/25/2019,5/7/2019
SEWA_N02_PHY1,47.6708,-122.3596,Spring19,4/14/2019 19:08,Homo sapiens,3/25/2019,5/7/2019
SEWA_N02_PHY1,47.6708,-122.3596,Spring19,4/14/2019 19:24,Homo sapiens,3/25/2019,5/7/2019
SEWA_N02_PHY1,47.6708,-122.3596,Spring19,4/15/2019 11:11,Homo sapiens,3/25/2019,5/7/2019
SEWA_N02_PHY1,47.6708,-122.3596,Spring19,4/15/2019 11:14,Homo sapiens,3/25/2019,5/7/2019
SEWA_N02_PHY1,47.6708,-122.3596,Spring19,4/15/2019 12:48,Homo sapiens,3/25/2019,5/7/2019
SEWA_N02_PHY1,47.6708,-122.3596,Spring19,4/15/2019 15:03,Homo sapiens,3/25/2019,5/7/2019
SEWA_N02_PHY1,47.6708,-122.3596,Spring19,4/15/2019 15:05,Homo sapiens,3/25/2019,5/7/2019
SEWA_N02_PHY1,47.6708,-122.3596,Spring19,4/15/2019 15:09,Homo sapiens,3/25/2019,5/7/2019
SEWA_N02_PHY1,47.6708,-122.3596,Spring19,4/15/2019 15:15,Homo sapiens,3/25/2019,5/7/2019
SEWA_N02_PHY1,47.6708,-122.3596,Spring19,4/15/2019 15:27,Homo sapiens,3/25/2019,5/7/2019
SEWA_N02_PHY1,47.6708,-122.3596,Spring19,4/16/2019 12:35,Canis familiaris,3/25/2019,5/7/2019
SEWA_N02_PHY1,47.6708,-122.3596,Spring19,4/17/2019 15:26,Homo sapiens,3/25/2019,5/7/2019
SEWA_N02_PHY1,47.6708,-122.3596,Spring19,4/17/2019 15:29,Homo sapiens,3/25/2019,5/7/2019
SEWA_N02_PHY1,47.6708,-122.3596,Spring19,4/17/2019 23:52,Felis catus,3/25/2019,5/7/2019
SEWA_N02_PHY1,47.6708,-122.3596,Spring19,4/18/2019 14:51,Homo sapiens,3/25/2019,5/7/2019
SEWA_N02_PHY1,47.6708,-122.3596,Spring19,4/18/2019 14:52,Homo sapiens,3/25/2019,5/7/2019
SEWA_N02_PHY1,47.6708,-122.3596,Spring19,4/18/2019 14:53,Homo sapiens,3/25/2019,5/7/2019
SEWA_N02_PHY1,47.6708,-122.3596,Spring19,4/18/2019 14:56,Homo sapiens,3/25/2019,5/7/2019
SEWA_N02_PHY1,47.6708,-122.3596,Spring19,4/18/2019 14:59,Homo sapiens,3/25/2019,5/7/2019
SEWA_N02_PHY1,47.6708,-122.3596,Spring19,4/18/2019 15:04,Homo sapiens,3/25/2019,5/7/2019
SEWA_N02_PHY1,47.6708,-122.3596,Spring19,4/20/2019 5:50,Sylvilagus floridanus,3/25/2019,5/7/2019
SEWA_N02_PHY1,47.6708,-122.3596,Spring19,4/20/2019 11:32,Homo sapiens,3/25/2019,5/7/2019
SEWA_N02_PHY1,47.6708,-122.3596,Spring19,4/20/2019 11:33,Homo sapiens,3/25/2019,5/7/2019
SEWA_N02_PHY1,47.6708,-122.3596,Spring19,4/20/2019 12:31,Homo sapiens,3/25/2019,5/7/2019
SEWA_N02_PHY1,47.6708,-122.3596,Spring19,4/20/2019 12:33,Homo sapiens,3/25/2019,5/7/2019
SEWA_N02_PHY1,47.6708,-122.3596,Spring19,4/20/2019 12:48,Homo sapiens,3/25/2019,5/7/2019
SEWA_N02_PHY1,47.6708,-122.3596,Spring19,4/20/2019 12:59,Homo sapiens,3/25/2019,5/7/2019
SEWA_N02_PHY1,47.6708,-122.3596,Spring19,4/20/2019 13:08,Homo sapiens,3/25/2019,5/7/2019
SEWA_N02_PHY1,47.6708,-122.3596,Spring19,4/20/2019 13:34,Homo sapiens,3/25/2019,5/7/2019
SEWA_N02_PHY1,47.6708,-122.3596,Spring19,4/20/2019 16:01,Homo sapiens,3/25/2019,5/7/2019
SEWA_N02_PHY1,47.6708,-122.3596,Spring19,4/20/2019 16:17,Homo sapiens,3/25/2019,5/7/2019
SEWA_N02_PHY1,47.6708,-122.3596,Spring19,4/21/2019 11:22,Homo sapiens,3/25/2019,5/7/2019
SEWA_N02_PHY1,47.6708,-122.3596,Spring19,4/21/2019 20:43,Sylvilagus floridanus,3/25/2019,5/7/2019
SEWA_N02_PHY1,47.6708,-122.3596,Spring19,4/22/2019 9:56,Canis familiaris,3/25/2019,5/7/2019
SEWA_N02_PHY1,47.6708,-122.3596,Spring19,4/22/2019 11:17,Canis familiaris,3/25/2019,5/7/2019
SEWA_N02_PHY1,47.6708,-122.3596,Spring19,4/22/2019 11:50,Canis familiaris,3/25/2019,5/7/2019
SEWA_N02_PHY1,47.6708,-122.3596,Spring19,4/22/2019 11:55,Canis familiaris,3/25/2019,5/7/2019
SEWA_N02_PHY1,47.6708,-122.3596,Spring19,4/22/2019 12:01,Canis familiaris,3/25/2019,5/7/2019
SEWA_N02_PHY1,47.6708,-122.3596,Spring19,4/22/2019 12:03,Canis familiaris,3/25/2019,5/7/2019
SEWA_N02_PHY1,47.6708,-122.3596,Spring19,4/23/2019 9:35,Canis familiaris,3/25/2019,5/7/2019
SEWA_N02_PHY1,47.6708,-122.3596,Spring19,4/25/2019 15:39,Canis familiaris,3/25/2019,5/7/2019
SEWA_N02_PHY1,47.6708,-122.3596,Spring19,4/25/2019 15:48,Canis familiaris,3/25/2019,5/7/2019
SEWA_N02_PHY1,47.6708,-122.3596,Spring19,4/26/2019 11:55,Canis familiaris,3/25/2019,5/7/2019
SEWA_N02_PHY1,47.6708,-122.3596,Spring19,4/27/2019 1:14,Felis catus,3/25/2019,5/7/2019
SEWA_N02_PHY1,47.6708,-122.3596,Spring19,4/27/2019 7:02,Felis catus,3/25/2019,5/7/2019
SEWA_N02_PHY1,47.6708,-122.3596,Spring19,4/27/2019 7:10,Felis catus,3/25/2019,5/7/2019
SEWA_N02_PHY1,47.6708,-122.3596,Spring19,4/29/2019 13:08,Homo sapiens,3/25/2019,5/7/2019
SEWA_N02_PHY1,47.6708,-122.3596,Spring19,4/30/2019 7:25,Felis catus,3/25/2019,5/7/2019
SEWA_N02_PHY1,47.6708,-122.3596,Spring19,4/30/2019 8:12,Canis familiaris,3/25/2019,5/7/2019
SEWA_N02_PHY1,47.6708,-122.3596,Spring19,4/30/2019 8:13,Canis familiaris,3/25/2019,5/7/2019
SEWA_N02_PHY1,47.6708,-122.3596,Spring19,4/30/2019 12:01,Canis familiaris,3/25/2019,5/7/2019
SEWA_N02_PHY1,47.6708,-122.3596,Spring19,4/30/2019 15:36,Homo sapiens,3/25/2019,5/7/2019
SEWA_N02_PHY1,47.6708,-122.3596,Spring19,4/30/2019 15:43,Homo sapiens,3/25/2019,5/7/2019
SEWA_N02_PHY1,47.6708,-122.3596,Spring19,5/1/2019 3:35,Procyon lotor,3/25/2019,5/7/2019
SEWA_N02_PHY1,47.6708,-122.3596,Spring19,5/1/2019 7:57,Canis familiaris,3/25/2019,5/7/2019
SEWA_N02_PHY1,47.6708,-122.3596,Spring19,5/1/2019 12:29,Canis familiaris,3/25/2019,5/7/2019
SEWA_N02_PHY1,47.6708,-122.3596,Spring19,5/1/2019 12:31,Canis familiaris,3/25/2019,5/7/2019
SEWA_N02_PHY1,47.6708,-122.3596,Spring19,5/2/2019 7:51,Canis familiaris,3/25/2019,5/7/2019
SEWA_N02_PHY1,47.6708,-122.3596,Spring19,5/2/2019 11:43,Canis familiaris,3/25/2019,5/7/2019
SEWA_N02_PHY1,47.6708,-122.3596,Spring19,5/5/2019 15:05,Felis catus,3/25/2019,5/7/2019
SEWA_N02_PHY1,47.6708,-122.3596,Spring19,5/5/2019 15:07,Felis catus,3/25/2019,5/7/2019
SEWA_N02_PHY1,47.6708,-122.3596,Spring19,5/5/2019 18:49,Canis familiaris,3/25/2019,5/7/2019
SEWA_N03_IRP1,47.69055,-122.28101,Spring19,4/2/2019 10:51,Homo sapiens,3/25/2019,5/7/2019
SEWA_N03_IRP1,47.69055,-122.28101,Spring19,4/3/2019 3:45,Rattus rattus,3/25/2019,5/7/2019
SEWA_N03_IRP1,47.69055,-122.28101,Spring19,4/3/2019 3:46,Rattus rattus,3/25/2019,5/7/2019
SEWA_N03_IRP1,47.69055,-122.28101,Spring19,4/3/2019 10:27,Sciurus carolinensis,3/25/2019,5/7/2019
SEWA_N03_IRP1,47.69055,-122.28101,Spring19,4/3/2019 10:35,Sciurus carolinensis,3/25/2019,5/7/2019
SEWA_N03_IRP1,47.69055,-122.28101,Spring19,4/3/2019 16:05,Homo sapiens,3/25/2019,5/7/2019
SEWA_N03_IRP1,47.69055,-122.28101,Spring19,4/3/2019 16:20,Homo sapiens,3/25/2019,5/7/2019
SEWA_N03_IRP1,47.69055,-122.28101,Spring19,4/4/2019 10:34,Sciurus carolinensis,3/25/2019,5/7/2019
SEWA_N03_IRP1,47.69055,-122.28101,Spring19,4/4/2019 12:05,Sciurus carolinensis,3/25/2019,5/7/2019
SEWA_N03_IRP1,47.69055,-122.28101,Spring19,4/4/2019 12:07,Sciurus carolinensis,3/25/2019,5/7/2019
SEWA_N03_IRP1,47.69055,-122.28101,Spring19,4/4/2019 12:30,Sciurus carolinensis,3/25/2019,5/7/2019
SEWA_N03_IRP1,47.69055,-122.28101,Spring19,4/4/2019 23:28,Canis latrans,3/25/2019,5/7/2019
SEWA_N03_IRP1,47.69055,-122.28101,Spring19,4/4/2019 23:30,Canis latrans,3/25/2019,5/7/2019
SEWA_N03_IRP1,47.69055,-122.28101,Spring19,4/5/2019 10:43,Sciurus carolinensis,3/25/2019,5/7/2019
SEWA_N03_IRP1,47.69055,-122.28101,Spring19,4/5/2019 11:18,Sciurus carolinensis,3/25/2019,5/7/2019
SEWA_N03_IRP1,47.69055,-122.28101,Spring19,4/5/2019 21:42,Canis latrans,3/25/2019,5/7/2019
SEWA_N03_IRP1,47.69055,-122.28101,Spring19,4/6/2019 0:34,Rattus rattus,3/25/2019,5/7/2019
SEWA_N03_IRP1,47.69055,-122.28101,Spring19,4/6/2019 0:54,Rattus rattus,3/25/2019,5/7/2019
SEWA_N03_IRP1,47.69055,-122.28101,Spring19,4/6/2019 14:59,Sciurus carolinensis,3/25/2019,5/7/2019
SEWA_N03_IRP1,47.69055,-122.28101,Spring19,4/7/2019 7:34,Sciurus carolinensis,3/25/2019,5/7/2019
SEWA_N03_IRP1,47.69055,-122.28101,Spring19,4/7/2019 13:16,Sciurus carolinensis,3/25/2019,5/7/2019
SEWA_N03_IRP1,47.69055,-122.28101,Spring19,4/7/2019 22:58,Canis latrans,3/25/2019,5/7/2019
SEWA_N03_IRP1,47.69055,-122.28101,Spring19,4/8/2019 10:48,Sciurus carolinensis,3/25/2019,5/7/2019
SEWA_N03_IRP1,47.69055,-122.28101,Spring19,4/8/2019 10:50,Sciurus carolinensis,3/25/2019,5/7/2019
SEWA_N03_IRP1,47.69055,-122.28101,Spring19,4/8/2019 14:54,Sciurus carolinensis,3/25/2019,5/7/2019
SEWA_N03_IRP1,47.69055,-122.28101,Spring19,4/8/2019 15:35,Sciurus carolinensis,3/25/2019,5/7/2019
SEWA_N03_IRP1,47.69055,-122.28101,Spring19,4/9/2019 6:58,Sciurus carolinensis,3/25/2019,5/7/2019
SEWA_N03_IRP1,47.69055,-122.28101,Spring19,4/10/2019 8:32,Sciurus carolinensis,3/25/2019,5/7/2019
SEWA_N03_IRP1,47.69055,-122.28101,Spring19,4/11/2019 7:41,Sciurus carolinensis,3/25/2019,5/7/2019
SEWA_N03_IRP1,47.69055,-122.28101,Spring19,4/12/2019 0:56,Rattus rattus,3/25/2019,5/7/2019
SEWA_N03_IRP1,47.69055,-122.28101,Spring19,4/12/2019 9:42,Sciurus carolinensis,3/25/2019,5/7/2019
SEWA_N03_IRP1,47.69055,-122.28101,Spring19,4/12/2019 12:19,Sciurus carolinensis,3/25/2019,5/7/2019
SEWA_N03_IRP1,47.69055,-122.28101,Spring19,4/12/2019 17:04,Sciurus carolinensis,3/25/2019,5/7/2019
SEWA_N03_IRP1,47.69055,-122.28101,Spring19,4/12/2019 17:07,Sciurus carolinensis,3/25/2019,5/7/2019
SEWA_N03_IRP1,47.69055,-122.28101,Spring19,4/12/2019 22:05,Canis latrans,3/25/2019,5/7/2019
SEWA_N03_IRP1,47.69055,-122.28101,Spring19,4/13/2019 9:53,Sciurus carolinensis,3/25/2019,5/7/2019
SEWA_N03_IRP1,47.69055,-122.28101,Spring19,4/13/2019 11:36,Sciurus carolinensis,3/25/2019,5/7/2019
SEWA_N03_IRP1,47.69055,-122.28101,Spring19,4/14/2019 13:30,Sciurus carolinensis,3/25/2019,5/7/2019
SEWA_N03_IRP1,47.69055,-122.28101,Spring19,4/14/2019 13:52,Sciurus carolinensis,3/25/2019,5/7/2019
SEWA_N03_IRP1,47.69055,-122.28101,Spring19,4/14/2019 16:59,Sciurus carolinensis,3/25/2019,5/7/2019
SEWA_N03_IRP1,47.69055,-122.28101,Spring19,4/15/2019 6:58,Sciurus carolinensis,3/25/2019,5/7/2019
SEWA_N03_IRP1,47.69055,-122.28101,Spring19,4/15/2019 11:06,Sciurus carolinensis,3/25/2019,5/7/2019
SEWA_N03_IRP1,47.69055,-122.28101,Spring19,4/15/2019 11:34,Sciurus carolinensis,3/25/2019,5/7/2019
SEWA_N03_IRP1,47.69055,-122.28101,Spring19,4/15/2019 11:36,Sciurus carolinensis,3/25/2019,5/7/2019
SEWA_N03_IRP1,47.69055,-122.28101,Spring19,4/15/2019 11:51,Sciurus carolinensis,3/25/2019,5/7/2019
SEWA_N03_IRP1,47.69055,-122.28101,Spring19,4/15/2019 12:31,Sciurus carolinensis,3/25/2019,5/7/2019
SEWA_N03_IRP1,47.69055,-122.28101,Spring19,4/16/2019 6:13,Sciurus carolinensis,3/25/2019,5/7/2019
SEWA_N03_IRP1,47.69055,-122.28101,Spring19,4/17/2019 10:13,Sciurus carolinensis,3/25/2019,5/7/2019
SEWA_N03_IRP1,47.69055,-122.28101,Spring19,4/17/2019 11:48,Sciurus carolinensis,3/25/2019,5/7/2019
SEWA_N03_IRP1,47.69055,-122.28101,Spring19,4/17/2019 13:51,Sciurus carolinensis,3/25/2019,5/7/2019
SEWA_N03_IRP1,47.69055,-122.28101,Spring19,4/18/2019 12:40,Sciurus carolinensis,3/25/2019,5/7/2019
SEWA_N03_IRP1,47.69055,-122.28101,Spring19,4/18/2019 12:42,Sciurus carolinensis,3/25/2019,5/7/2019
SEWA_N03_IRP1,47.69055,-122.28101,Spring19,4/18/2019 23:20,Sciurus carolinensis,3/25/2019,5/7/2019
SEWA_N03_IRP1,47.69055,-122.28101,Spring19,4/19/2019 10:59,Sciurus carolinensis,3/25/2019,5/7/2019
SEWA_N03_IRP1,47.69055,-122.28101,Spring19,4/20/2019 12:51,Sciurus carolinensis,3/25/2019,5/7/2019
SEWA_N03_IRP1,47.69055,-122.28101,Spring19,4/20/2019 22:27,Canis latrans,3/25/2019,5/7/2019
SEWA_N03_IRP1,47.69055,-122.28101,Spring19,4/21/2019 9:34,Sciurus carolinensis,3/25/2019,5/7/2019
SEWA_N03_IRP1,47.69055,-122.28101,Spring19,4/21/2019 12:30,Sciurus carolinensis,3/25/2019,5/7/2019
SEWA_N03_IRP1,47.69055,-122.28101,Spring19,4/23/2019 11:05,Sciurus carolinensis,3/25/2019,5/7/2019
SEWA_N03_IRP1,47.69055,-122.28101,Spring19,4/23/2019 11:14,Sciurus carolinensis,3/25/2019,5/7/2019
SEWA_N03_IRP1,47.69055,-122.28101,Spring19,4/23/2019 11:16,Sciurus carolinensis,3/25/2019,5/7/2019
SEWA_N03_IRP1,47.69055,-122.28101,Spring19,4/23/2019 12:26,Sciurus carolinensis,3/25/2019,5/7/2019
SEWA_N03_IRP1,47.69055,-122.28101,Spring19,4/23/2019 12:46,Sciurus carolinensis,3/25/2019,5/7/2019
SEWA_N03_IRP1,47.69055,-122.28101,Spring19,4/24/2019 12:46,Sciurus carolinensis,3/25/2019,5/7/2019
SEWA_N03_IRP1,47.69055,-122.28101,Spring19,4/25/2019 9:38,Sciurus carolinensis,3/25/2019,5/7/2019
SEWA_N03_IRP1,47.69055,-122.28101,Spring19,4/25/2019 11:50,Sciurus carolinensis,3/25/2019,5/7/2019
SEWA_N03_IRP1,47.69055,-122.28101,Spring19,4/27/2019 0:01,Canis latrans,3/25/2019,5/7/2019
SEWA_N03_IRP1,47.69055,-122.28101,Spring19,4/27/2019 13:32,Sciurus carolinensis,3/25/2019,5/7/2019
SEWA_N03_IRP1,47.69055,-122.28101,Spring19,4/28/2019 10:56,Sciurus carolinensis,3/25/2019,5/7/2019
SEWA_N03_IRP1,47.69055,-122.28101,Spring19,4/28/2019 12:15,Sciurus carolinensis,3/25/2019,5/7/2019
SEWA_N03_IRP1,47.69055,-122.28101,Spring19,4/28/2019 15:40,Sciurus carolinensis,3/25/2019,5/7/2019
SEWA_N03_IRP1,47.69055,-122.28101,Spring19,4/28/2019 20:32,Canis latrans,3/25/2019,5/7/2019
SEWA_N03_IRP1,47.69055,-122.28101,Spring19,4/29/2019 9:28,Sciurus carolinensis,3/25/2019,5/7/2019
SEWA_N03_IRP1,47.69055,-122.28101,Spring19,4/29/2019 16:03,Sciurus carolinensis,3/25/2019,5/7/2019
SEWA_N03_IRP1,47.69055,-122.28101,Spring19,5/1/2019 10:02,Sciurus carolinensis,3/25/2019,5/7/2019
SEWA_N03_IRP1,47.69055,-122.28101,Spring19,5/1/2019 10:04,Sciurus carolinensis,3/25/2019,5/7/2019
SEWA_N03_IRP1,47.69055,-122.28101,Spring19,5/2/2019 12:44,Sciurus carolinensis,3/25/2019,5/7/2019
SEWA_N03_IRP1,47.69055,-122.28101,Spring19,5/3/2019 12:42,Sciurus carolinensis,3/25/2019,5/7/2019
SEWA_N03_IRP1,47.69055,-122.28101,Spring19,5/3/2019 13:50,Homo sapiens,3/25/2019,5/7/2019
SEWA_N03_IRP1,47.69055,-122.28101,Spring19,5/3/2019 15:16,Homo sapiens,3/25/2019,5/7/2019
SEWA_N03_IRP1,47.69055,-122.28101,Spring19,5/4/2019 7:57,Sciurus carolinensis,3/25/2019,5/7/2019
SEWA_N03_IRP1,47.69055,-122.28101,Spring19,5/4/2019 10:35,Sciurus carolinensis,3/25/2019,5/7/2019
SEWA_N03_IRP1,47.69055,-122.28101,Spring19,5/5/2019 9:02,Sciurus carolinensis,3/25/2019,5/7/2019
SEWA_N03_IRP1,47.69055,-122.28101,Spring19,5/5/2019 23:22,Canis latrans,3/25/2019,5/7/2019
SEWA_N03_IRP1,47.69055,-122.28101,Spring19,5/6/2019 9:02,Sciurus carolinensis,3/25/2019,5/7/2019
SEWA_N03_IRP1,47.69055,-122.28101,Spring19,5/6/2019 22:27,Procyon lotor,3/25/2019,5/7/2019
SEWA_N03_MGP1,47.68166,-122.25092,Spring19,4/2/2019 13:16,Homo sapiens,3/25/2019,5/7/2019
SEWA_N03_MGP1,47.68166,-122.25092,Spring19,4/5/2019 9:33,Sciurus carolinensis,3/25/2019,5/7/2019
SEWA_N03_MGP1,47.68166,-122.25092,Spring19,4/5/2019 9:36,Sciurus carolinensis,3/25/2019,5/7/2019
SEWA_N03_MGP1,47.68166,-122.25092,Spring19,4/5/2019 16:29,Sciurus carolinensis,3/25/2019,5/7/2019
SEWA_N03_MGP1,47.68166,-122.25092,Spring19,4/5/2019 17:13,Sciurus carolinensis,3/25/2019,5/7/2019
SEWA_N03_MGP1,47.68166,-122.25092,Spring19,4/6/2019 10:24,Sciurus carolinensis,3/25/2019,5/7/2019
SEWA_N03_MGP1,47.68166,-122.25092,Spring19,4/7/2019 8:28,Sciurus carolinensis,3/25/2019,5/7/2019
SEWA_N03_MGP1,47.68166,-122.25092,Spring19,4/7/2019 8:38,Sciurus carolinensis,3/25/2019,5/7/2019
SEWA_N03_MGP1,47.68166,-122.25092,Spring19,4/8/2019 8:07,Sciurus carolinensis,3/25/2019,5/7/2019
SEWA_N03_MGP1,47.68166,-122.25092,Spring19,4/8/2019 14:49,Sciurus carolinensis,3/25/2019,5/7/2019
SEWA_N03_MGP1,47.68166,-122.25092,Spring19,4/8/2019 19:15,Sciurus carolinensis,3/25/2019,5/7/2019
SEWA_N03_MGP1,47.68166,-122.25092,Spring19,4/8/2019 23:42,Didelphis virginiana,3/25/2019,5/7/2019
SEWA_N03_MGP1,47.68166,-122.25092,Spring19,4/9/2019 7:20,Sciurus carolinensis,3/25/2019,5/7/2019
SEWA_N03_MGP1,47.68166,-122.25092,Spring19,4/9/2019 9:59,Sciurus carolinensis,3/25/2019,5/7/2019
SEWA_N03_MGP1,47.68166,-122.25092,Spring19,4/12/2019 12:25,Sciurus carolinensis,3/25/2019,5/7/2019
SEWA_N03_MGP1,47.68166,-122.25092,Spring19,4/13/2019 12:01,Sciurus carolinensis,3/25/2019,5/7/2019
SEWA_N03_MGP1,47.68166,-122.25092,Spring19,4/13/2019 16:31,Sciurus carolinensis,3/25/2019,5/7/2019
SEWA_N03_MGP1,47.68166,-122.25092,Spring19,4/14/2019 7:01,Sciurus carolinensis,3/25/2019,5/7/2019
SEWA_N03_MGP1,47.68166,-122.25092,Spring19,4/14/2019 18:02,Sciurus carolinensis,3/25/2019,5/7/2019
SEWA_N03_MGP1,47.68166,-122.25092,Spring19,4/15/2019 14:32,Sciurus carolinensis,3/25/2019,5/7/2019
SEWA_N03_MGP1,47.68166,-122.25092,Spring19,4/17/2019 17:01,Homo sapiens,3/25/2019,5/7/2019
SEWA_N03_MGP1,47.68166,-122.25092,Spring19,4/19/2019 7:34,Sciurus carolinensis,3/25/2019,5/7/2019
SEWA_N03_MGP1,47.68166,-122.25092,Spring19,4/19/2019 19:40,Sciurus carolinensis,3/25/2019,5/7/2019
SEWA_N03_MGP1,47.68166,-122.25092,Spring19,4/20/2019 8:38,Sciurus carolinensis,3/25/2019,5/7/2019
SEWA_N03_MGP1,47.68166,-122.25092,Spring19,4/20/2019 15:57,Sciurus carolinensis,3/25/2019,5/7/2019
SEWA_N03_MGP1,47.68166,-122.25092,Spring19,4/21/2019 7:59,Sciurus carolinensis,3/25/2019,5/7/2019
SEWA_N03_MGP1,47.68166,-122.25092,Spring19,4/21/2019 8:48,Sciurus carolinensis,3/25/2019,5/7/2019
SEWA_N03_MGP1,47.68166,-122.25092,Spring19,4/21/2019 10:58,Sciurus carolinensis,3/25/2019,5/7/2019
SEWA_N03_MGP1,47.68166,-122.25092,Spring19,4/23/2019 11:53,Sciurus carolinensis,3/25/2019,5/7/2019
SEWA_N03_MGP1,47.68166,-122.25092,Spring19,4/23/2019 12:02,Sciurus carolinensis,3/25/2019,5/7/2019
SEWA_N03_MGP1,47.68166,-122.25092,Spring19,4/24/2019 7:34,Sciurus carolinensis,3/25/2019,5/7/2019
SEWA_N03_MGP1,47.68166,-122.25092,Spring19,4/25/2019 3:07,Sylvilagus floridanus,3/25/2019,5/7/2019
SEWA_N03_MGP1,47.68166,-122.25092,Spring19,4/25/2019 6:48,Homo sapiens,3/25/2019,5/7/2019
SEWA_N03_MGP1,47.68166,-122.25092,Spring19,4/25/2019 6:53,Homo sapiens,3/25/2019,5/7/2019
SEWA_N03_MGP1,47.68166,-122.25092,Spring19,4/25/2019 6:56,Homo sapiens,3/25/2019,5/7/2019
SEWA_N03_MGP1,47.68166,-122.25092,Spring19,4/25/2019 6:58,Homo sapiens,3/25/2019,5/7/2019
SEWA_N03_MGP1,47.68166,-122.25092,Spring19,4/25/2019 7:00,Homo sapiens,3/25/2019,5/7/2019
SEWA_N03_MGP1,47.68166,-122.25092,Spring19,4/25/2019 7:16,Homo sapiens,3/25/2019,5/7/2019
SEWA_N03_MGP1,47.68166,-122.25092,Spring19,4/25/2019 7:19,Homo sapiens,3/25/2019,5/7/2019
SEWA_N03_MGP1,47.68166,-122.25092,Spring19,4/26/2019 6:52,Sciurus carolinensis,3/25/2019,5/7/2019
SEWA_N03_MGP1,47.68166,-122.25092,Spring19,4/26/2019 7:18,Sciurus carolinensis,3/25/2019,5/7/2019
SEWA_N03_MGP1,47.68166,-122.25092,Spring19,4/27/2019 9:01,Sciurus carolinensis,3/25/2019,5/7/2019
SEWA_N03_MGP1,47.68166,-122.25092,Spring19,4/27/2019 9:30,Sciurus carolinensis,3/25/2019,5/7/2019
SEWA_N03_MGP1,47.68166,-122.25092,Spring19,4/27/2019 20:36,Sylvilagus floridanus,3/25/2019,5/7/2019
SEWA_N03_MGP1,47.68166,-122.25092,Spring19,4/28/2019 23:21,Sylvilagus floridanus,3/25/2019,5/7/2019
SEWA_N03_MGP1,47.68166,-122.25092,Spring19,4/29/2019 0:46,Sylvilagus floridanus,3/25/2019,5/7/2019
SEWA_N03_MGP1,47.68166,-122.25092,Spring19,4/29/2019 7:34,Sciurus carolinensis,3/25/2019,5/7/2019
SEWA_N03_MGP1,47.68166,-122.25092,Spring19,4/29/2019 7:48,Sciurus carolinensis,3/25/2019,5/7/2019
SEWA_N03_MGP1,47.68166,-122.25092,Spring19,4/29/2019 7:49,Sciurus carolinensis,3/25/2019,5/7/2019
SEWA_N03_MGP1,47.68166,-122.25092,Spring19,4/29/2019 14:48,Sciurus carolinensis,3/25/2019,5/7/2019
SEWA_N03_MGP1,47.68166,-122.25092,Spring19,4/30/2019 2:18,Sylvilagus floridanus,3/25/2019,5/7/2019
SEWA_N03_MGP1,47.68166,-122.25092,Spring19,4/30/2019 10:01,Sciurus carolinensis,3/25/2019,5/7/2019
SEWA_N03_MGP1,47.68166,-122.25092,Spring19,4/30/2019 15:14,Sciurus carolinensis,3/25/2019,5/7/2019
SEWA_N03_MGP1,47.68166,-122.25092,Spring19,4/30/2019 18:40,Sciurus carolinensis,3/25/2019,5/7/2019
SEWA_N03_MGP1,47.68166,-122.25092,Spring19,4/30/2019 19:12,Sciurus carolinensis,3/25/2019,5/7/2019
SEWA_N03_MGP1,47.68166,-122.25092,Spring19,5/1/2019 3:14,Sylvilagus floridanus,3/25/2019,5/7/2019
SEWA_N03_MGP1,47.68166,-122.25092,Spring19,5/1/2019 3:16,Sylvilagus floridanus,3/25/2019,5/7/2019
SEWA_N03_MGP1,47.68166,-122.25092,Spring19,5/1/2019 8:25,Sciurus carolinensis,3/25/2019,5/7/2019
SEWA_N03_MGP1,47.68166,-122.25092,Spring19,5/1/2019 19:11,Canis familiaris,3/25/2019,5/7/2019
SEWA_N03_MGP1,47.68166,-122.25092,Spring19,5/2/2019 7:23,Sciurus carolinensis,3/25/2019,5/7/2019
SEWA_N03_MGP1,47.68166,-122.25092,Spring19,5/2/2019 8:08,Sciurus carolinensis,3/25/2019,5/7/2019
SEWA_N03_MGP1,47.68166,-122.25092,Spring19,5/2/2019 17:55,Sciurus carolinensis,3/25/2019,5/7/2019
SEWA_N03_MGP1,47.68166,-122.25092,Spring19,5/2/2019 18:46,Sciurus carolinensis,3/25/2019,5/7/2019
SEWA_N03_MGP1,47.68166,-122.25092,Spring19,5/2/2019 18:48,Sciurus carolinensis,3/25/2019,5/7/2019
SEWA_N03_MGP1,47.68166,-122.25092,Spring19,5/3/2019 1:15,Sylvilagus floridanus,3/25/2019,5/7/2019
SEWA_N03_MGP1,47.68166,-122.25092,Spring19,5/3/2019 1:27,Sylvilagus floridanus,3/25/2019,5/7/2019
SEWA_N03_MGP1,47.68166,-122.25092,Spring19,5/3/2019 11:14,Sciurus carolinensis,3/25/2019,5/7/2019
SEWA_N03_RVP1,47.67354,-122.31119,Spring19,3/29/2019 14:07,Homo sapiens,3/25/2019,5/7/2019
SEWA_N03_RVP1,47.67354,-122.31119,Spring19,3/29/2019 14:11,Homo sapiens,3/25/2019,5/7/2019
SEWA_N03_RVP1,47.67354,-122.31119,Spring19,3/29/2019 16:42,Sciurus carolinensis,3/25/2019,5/7/2019
SEWA_N03_RVP1,47.67354,-122.31119,Spring19,3/29/2019 18:32,Sciurus carolinensis,3/25/2019,5/7/2019
SEWA_N03_RVP1,47.67354,-122.31119,Spring19,3/30/2019 10:11,Sciurus carolinensis,3/25/2019,5/7/2019
SEWA_N03_RVP1,47.67354,-122.31119,Spring19,3/30/2019 10:54,Sciurus carolinensis,3/25/2019,5/7/2019
SEWA_N03_RVP1,47.67354,-122.31119,Spring19,3/30/2019 10:57,Sciurus carolinensis,3/25/2019,5/7/2019
SEWA_N03_RVP1,47.67354,-122.31119,Spring19,3/30/2019 11:01,Sciurus carolinensis,3/25/2019,5/7/2019
SEWA_N03_RVP1,47.67354,-122.31119,Spring19,3/30/2019 12:13,Sciurus carolinensis,3/25/2019,5/7/2019
SEWA_N03_RVP1,47.67354,-122.31119,Spring19,3/30/2019 17:15,Sciurus carolinensis,3/25/2019,5/7/2019
SEWA_N03_RVP1,47.67354,-122.31119,Spring19,3/30/2019 17:41,Sciurus carolinensis,3/25/2019,5/7/2019
SEWA_N03_RVP1,47.67354,-122.31119,Spring19,3/30/2019 17:45,Sciurus carolinensis,3/25/2019,5/7/2019
SEWA_N03_RVP1,47.67354,-122.31119,Spring19,3/31/2019 8:18,Canis familiaris,3/25/2019,5/7/2019
SEWA_N03_RVP1,47.67354,-122.31119,Spring19,3/31/2019 11:06,Sciurus carolinensis,3/25/2019,5/7/2019
SEWA_N03_RVP1,47.67354,-122.31119,Spring19,3/31/2019 11:17,Sciurus carolinensis,3/25/2019,5/7/2019
SEWA_N03_RVP1,47.67354,-122.31119,Spring19,3/31/2019 15:23,Sciurus carolinensis,3/25/2019,5/7/2019
SEWA_N03_RVP1,47.67354,-122.31119,Spring19,3/31/2019 17:25,Sciurus carolinensis,3/25/2019,5/7/2019
SEWA_N03_RVP1,47.67354,-122.31119,Spring19,3/31/2019 23:56,Procyon lotor,3/25/2019,5/7/2019
SEWA_N03_RVP1,47.67354,-122.31119,Spring19,4/1/2019 2:06,Homo sapiens,3/25/2019,5/7/2019
SEWA_N03_RVP1,47.67354,-122.31119,Spring19,4/1/2019 2:15,Homo sapiens,3/25/2019,5/7/2019
SEWA_N03_RVP1,47.67354,-122.31119,Spring19,4/1/2019 2:20,Homo sapiens,3/25/2019,5/7/2019
SEWA_N03_RVP1,47.67354,-122.31119,Spring19,4/1/2019 2:21,Homo sapiens,3/25/2019,5/7/2019
SEWA_N03_RVP1,47.67354,-122.31119,Spring19,4/1/2019 2:40,Homo sapiens,3/25/2019,5/7/2019
SEWA_N03_RVP1,47.67354,-122.31119,Spring19,4/1/2019 3:03,Homo sapiens,3/25/2019,5/7/2019
SEWA_N03_RVP1,47.67354,-122.31119,Spring19,4/1/2019 3:09,Homo sapiens,3/25/2019,5/7/2019
SEWA_N03_RVP1,47.67354,-122.31119,Spring19,4/1/2019 3:12,Homo sapiens,3/25/2019,5/7/2019
SEWA_N03_RVP1,47.67354,-122.31119,Spring19,4/1/2019 5:32,Homo sapiens,3/25/2019,5/7/2019
SEWA_N03_RVP1,47.67354,-122.31119,Spring19,4/1/2019 7:02,Homo sapiens,3/25/2019,5/7/2019
SEWA_N03_RVP1,47.67354,-122.31119,Spring19,4/1/2019 7:18,Homo sapiens,3/25/2019,5/7/2019
SEWA_N03_RVP1,47.67354,-122.31119,Spring19,4/1/2019 7:23,Homo sapiens,3/25/2019,5/7/2019
SEWA_N03_RVP1,47.67354,-122.31119,Spring19,4/1/2019 7:24,Homo sapiens,3/25/2019,5/7/2019
SEWA_N03_RVP1,47.67354,-122.31119,Spring19,4/1/2019 7:27,Homo sapiens,3/25/2019,5/7/2019
SEWA_N03_RVP1,47.67354,-122.31119,Spring19,4/1/2019 7:30,Homo sapiens,3/25/2019,5/7/2019
SEWA_N03_RVP1,47.67354,-122.31119,Spring19,4/1/2019 7:32,Homo sapiens,3/25/2019,5/7/2019
SEWA_N03_RVP1,47.67354,-122.31119,Spring19,4/1/2019 8:35,Canis familiaris,3/25/2019,5/7/2019
SEWA_N03_RVP1,47.67354,-122.31119,Spring19,4/1/2019 11:01,Sciurus carolinensis,3/25/2019,5/7/2019
SEWA_N03_RVP1,47.67354,-122.31119,Spring19,4/1/2019 11:30,Sciurus carolinensis,3/25/2019,5/7/2019
SEWA_N03_RVP1,47.67354,-122.31119,Spring19,4/1/2019 11:34,Sciurus carolinensis,3/25/2019,5/7/2019
SEWA_N03_RVP1,47.67354,-122.31119,Spring19,4/1/2019 13:12,Sciurus carolinensis,3/25/2019,5/7/2019
SEWA_N03_RVP1,47.67354,-122.31119,Spring19,4/1/2019 13:14,Sciurus carolinensis,3/25/2019,5/7/2019
SEWA_N03_RVP1,47.67354,-122.31119,Spring19,4/1/2019 13:16,Sciurus carolinensis,3/25/2019,5/7/2019
SEWA_N03_RVP1,47.67354,-122.31119,Spring19,4/1/2019 13:19,Sciurus carolinensis,3/25/2019,5/7/2019
SEWA_N03_RVP1,47.67354,-122.31119,Spring19,4/1/2019 13:23,Sciurus carolinensis,3/25/2019,5/7/2019
SEWA_N03_RVP1,47.67354,-122.31119,Spring19,4/1/2019 16:44,Homo sapiens,3/25/2019,5/7/2019
SEWA_N03_RVP1,47.67354,-122.31119,Spring19,4/1/2019 17:18,Homo sapiens,3/25/2019,5/7/2019
SEWA_N03_RVP1,47.67354,-122.31119,Spring19,4/1/2019 19:35,Canis familiaris,3/25/2019,5/7/2019
SEWA_N03_RVP1,47.67354,-122.31119,Spring19,4/1/2019 19:44,Sciurus carolinensis,3/25/2019,5/7/2019
SEWA_N03_RVP1,47.67354,-122.31119,Spring19,4/2/2019 2:00,Procyon lotor,3/25/2019,5/7/2019
SEWA_N03_RVP1,47.67354,-122.31119,Spring19,4/2/2019 8:09,Homo sapiens,3/25/2019,5/7/2019
SEWA_N03_RVP1,47.67354,-122.31119,Spring19,4/2/2019 8:27,Sciurus carolinensis,3/25/2019,5/7/2019
SEWA_N03_RVP1,47.67354,-122.31119,Spring19,4/2/2019 8:36,Canis familiaris,3/25/2019,5/7/2019
SEWA_N03_RVP1,47.67354,-122.31119,Spring19,4/2/2019 10:38,Corvus brachyrhynchos,3/25/2019,5/7/2019
SEWA_N03_RVP1,47.67354,-122.31119,Spring19,4/2/2019 16:07,Sciurus carolinensis,3/25/2019,5/7/2019
SEWA_N03_RVP1,47.67354,-122.31119,Spring19,4/3/2019 5:55,Canis latrans,3/25/2019,5/7/2019
SEWA_N03_RVP1,47.67354,-122.31119,Spring19,4/3/2019 11:09,Sciurus carolinensis,3/25/2019,5/7/2019
SEWA_N03_RVP1,47.67354,-122.31119,Spring19,4/3/2019 11:23,Sciurus carolinensis,3/25/2019,5/7/2019
SEWA_N03_RVP1,47.67354,-122.31119,Spring19,4/3/2019 12:33,Sciurus carolinensis,3/25/2019,5/7/2019
SEWA_N03_RVP1,47.67354,-122.31119,Spring19,4/4/2019 11:14,Sciurus carolinensis,3/25/2019,5/7/2019
SEWA_N03_RVP1,47.67354,-122.31119,Spring19,4/4/2019 15:10,Sciurus carolinensis,3/25/2019,5/7/2019
SEWA_N03_RVP1,47.67354,-122.31119,Spring19,4/4/2019 15:56,Sciurus carolinensis,3/25/2019,5/7/2019
SEWA_N03_RVP1,47.67354,-122.31119,Spring19,4/4/2019 16:00,Canis familiaris,3/25/2019,5/7/2019
SEWA_N03_RVP1,47.67354,-122.31119,Spring19,4/4/2019 16:21,Sciurus carolinensis,3/25/2019,5/7/2019
SEWA_N03_RVP1,47.67354,-122.31119,Spring19,4/5/2019 10:40,Sciurus carolinensis,3/25/2019,5/7/2019
SEWA_N03_RVP1,47.67354,-122.31119,Spring19,4/5/2019 22:34,Procyon lotor,3/25/2019,5/7/2019
SEWA_N03_RVP1,47.67354,-122.31119,Spring19,4/6/2019 2:10,Rattus rattus,3/25/2019,5/7/2019
SEWA_N03_RVP1,47.67354,-122.31119,Spring19,4/6/2019 17:09,Sciurus carolinensis,3/25/2019,5/7/2019
SEWA_N03_RVP1,47.67354,-122.31119,Spring19,4/6/2019 18:11,Sciurus carolinensis,3/25/2019,5/7/2019
SEWA_N03_RVP1,47.67354,-122.31119,Spring19,4/7/2019 14:13,Sciurus carolinensis,3/25/2019,5/7/2019
SEWA_N03_RVP1,47.67354,-122.31119,Spring19,4/7/2019 14:21,Sciurus carolinensis,3/25/2019,5/7/2019
SEWA_N03_RVP1,47.67354,-122.31119,Spring19,4/7/2019 14:32,Sciurus carolinensis,3/25/2019,5/7/2019
SEWA_N03_RVP1,47.67354,-122.31119,Spring19,4/7/2019 17:10,Sciurus carolinensis,3/25/2019,5/7/2019
SEWA_N03_RVP1,47.67354,-122.31119,Spring19,4/7/2019 17:56,Sciurus carolinensis,3/25/2019,5/7/2019
SEWA_N03_RVP1,47.67354,-122.31119,Spring19,4/7/2019 18:08,Sciurus carolinensis,3/25/2019,5/7/2019
SEWA_N03_RVP1,47.67354,-122.31119,Spring19,4/7/2019 18:59,Sciurus carolinensis,3/25/2019,5/7/2019
SEWA_N03_RVP1,47.67354,-122.31119,Spring19,4/9/2019 9:04,Sciurus carolinensis,3/25/2019,5/7/2019
SEWA_N03_RVP1,47.67354,-122.31119,Spring19,4/9/2019 9:06,Sciurus carolinensis,3/25/2019,5/7/2019
SEWA_N03_RVP1,47.67354,-122.31119,Spring19,4/9/2019 9:14,Sciurus carolinensis,3/25/2019,5/7/2019
SEWA_N03_RVP1,47.67354,-122.31119,Spring19,4/9/2019 9:26,Sciurus carolinensis,3/25/2019,5/7/2019
SEWA_N03_RVP1,47.67354,-122.31119,Spring19,4/9/2019 11:50,Sciurus carolinensis,3/25/2019,5/7/2019
SEWA_N03_RVP1,47.67354,-122.31119,Spring19,4/9/2019 11:54,Sciurus carolinensis,3/25/2019,5/7/2019
SEWA_N03_RVP1,47.67354,-122.31119,Spring19,4/9/2019 12:51,Sciurus carolinensis,3/25/2019,5/7/2019
SEWA_N03_RVP1,47.67354,-122.31119,Spring19,4/9/2019 13:32,Sciurus carolinensis,3/25/2019,5/7/2019
SEWA_N03_RVP1,47.67354,-122.31119,Spring19,4/9/2019 13:38,Canis familiaris,3/25/2019,5/7/2019
SEWA_N03_RVP1,47.67354,-122.31119,Spring19,4/9/2019 13:40,Sciurus carolinensis,3/25/2019,5/7/2019
SEWA_N03_RVP1,47.67354,-122.31119,Spring19,4/9/2019 15:50,Homo sapiens,3/25/2019,5/7/2019
SEWA_N03_RVP1,47.67354,-122.31119,Spring19,4/9/2019 15:57,Homo sapiens,3/25/2019,5/7/2019
SEWA_N03_RVP1,47.67354,-122.31119,Spring19,4/9/2019 16:00,Homo sapiens,3/25/2019,5/7/2019
SEWA_N03_RVP1,47.67354,-122.31119,Spring19,4/9/2019 16:07,Homo sapiens,3/25/2019,5/7/2019
SEWA_N03_RVP1,47.67354,-122.31119,Spring19,4/9/2019 16:09,Homo sapiens,3/25/2019,5/7/2019
SEWA_N03_RVP1,47.67354,-122.31119,Spring19,4/9/2019 16:10,Homo sapiens,3/25/2019,5/7/2019
SEWA_N03_RVP1,47.67354,-122.31119,Spring19,4/9/2019 16:13,Homo sapiens,3/25/2019,5/7/2019
SEWA_N03_RVP1,47.67354,-122.31119,Spring19,4/9/2019 16:22,Homo sapiens,3/25/2019,5/7/2019
SEWA_N03_RVP1,47.67354,-122.31119,Spring19,4/9/2019 16:33,Homo sapiens,3/25/2019,5/7/2019
SEWA_N03_RVP1,47.67354,-122.31119,Spring19,4/9/2019 16:43,Homo sapiens,3/25/2019,5/7/2019
SEWA_N03_RVP1,47.67354,-122.31119,Spring19,4/9/2019 16:59,Homo sapiens,3/25/2019,5/7/2019
SEWA_N03_RVP1,47.67354,-122.31119,Spring19,4/10/2019 12:52,Sciurus carolinensis,3/25/2019,5/7/2019
SEWA_N03_RVP1,47.67354,-122.31119,Spring19,4/10/2019 13:48,Canis familiaris,3/25/2019,5/7/2019
SEWA_N03_RVP1,47.67354,-122.31119,Spring19,4/10/2019 13:49,Canis familiaris,3/25/2019,5/7/2019
SEWA_N03_RVP1,47.67354,-122.31119,Spring19,4/10/2019 14:01,Sciurus carolinensis,3/25/2019,5/7/2019
SEWA_N03_RVP1,47.67354,-122.31119,Spring19,4/10/2019 14:14,Sciurus carolinensis,3/25/2019,5/7/2019
SEWA_N03_RVP1,47.67354,-122.31119,Spring19,4/11/2019 0:30,Rattus rattus,3/25/2019,5/7/2019
SEWA_N03_RVP1,47.67354,-122.31119,Spring19,4/11/2019 11:20,Canis familiaris,3/25/2019,5/7/2019
SEWA_N03_RVP1,47.67354,-122.31119,Spring19,4/12/2019 13:26,Sciurus carolinensis,3/25/2019,5/7/2019
SEWA_N03_RVP1,47.67354,-122.31119,Spring19,4/12/2019 13:33,Sciurus carolinensis,3/25/2019,5/7/2019
SEWA_N03_RVP1,47.67354,-122.31119,Spring19,4/12/2019 17:01,Sciurus carolinensis,3/25/2019,5/7/2019
SEWA_N03_RVP1,47.67354,-122.31119,Spring19,4/13/2019 15:25,Canis familiaris,3/25/2019,5/7/2019
SEWA_N03_RVP1,47.67354,-122.31119,Spring19,4/13/2019 17:06,Sciurus carolinensis,3/25/2019,5/7/2019
SEWA_N03_RVP1,47.67354,-122.31119,Spring19,4/14/2019 1:02,Procyon lotor,3/25/2019,5/7/2019
SEWA_N03_RVP1,47.67354,-122.31119,Spring19,4/14/2019 14:51,Sciurus carolinensis,3/25/2019,5/7/2019
SEWA_N03_RVP1,47.67354,-122.31119,Spring19,4/14/2019 14:54,Sciurus carolinensis,3/25/2019,5/7/2019
SEWA_N03_RVP1,47.67354,-122.31119,Spring19,4/14/2019 18:55,Homo sapiens,3/25/2019,5/7/2019
SEWA_N03_RVP1,47.67354,-122.31119,Spring19,4/14/2019 22:32,Procyon lotor,3/25/2019,5/7/2019
SEWA_N03_RVP1,47.67354,-122.31119,Spring19,4/14/2019 22:37,Procyon lotor,3/25/2019,5/7/2019
SEWA_N03_RVP1,47.67354,-122.31119,Spring19,4/15/2019 5:47,Procyon lotor,3/25/2019,5/7/2019
SEWA_N03_RVP1,47.67354,-122.31119,Spring19,4/15/2019 8:25,Sciurus carolinensis,3/25/2019,5/7/2019
SEWA_N03_RVP1,47.67354,-122.31119,Spring19,4/15/2019 9:05,Sciurus carolinensis,3/25/2019,5/7/2019
SEWA_N03_RVP1,47.67354,-122.31119,Spring19,4/15/2019 9:10,Sciurus carolinensis,3/25/2019,5/7/2019
SEWA_N03_RVP1,47.67354,-122.31119,Spring19,4/15/2019 9:12,Sciurus carolinensis,3/25/2019,5/7/2019
SEWA_N03_RVP1,47.67354,-122.31119,Spring19,4/15/2019 9:14,Sciurus carolinensis,3/25/2019,5/7/2019
SEWA_N03_RVP1,47.67354,-122.31119,Spring19,4/15/2019 9:38,Sciurus carolinensis,3/25/2019,5/7/2019
SEWA_N03_RVP1,47.67354,-122.31119,Spring19,4/15/2019 12:15,Sciurus carolinensis,3/25/2019,5/7/2019
SEWA_N03_RVP1,47.67354,-122.31119,Spring19,4/15/2019 13:35,Sciurus carolinensis,3/25/2019,5/7/2019
SEWA_N03_RVP1,47.67354,-122.31119,Spring19,4/15/2019 13:38,Sciurus carolinensis,3/25/2019,5/7/2019
SEWA_N03_RVP1,47.67354,-122.31119,Spring19,4/15/2019 13:48,Sciurus carolinensis,3/25/2019,5/7/2019
SEWA_N03_RVP1,47.67354,-122.31119,Spring19,4/15/2019 14:01,Canis familiaris,3/25/2019,5/7/2019
SEWA_N03_RVP1,47.67354,-122.31119,Spring19,4/15/2019 14:28,Sciurus carolinensis,3/25/2019,5/7/2019
SEWA_N03_RVP1,47.67354,-122.31119,Spring19,4/16/2019 8:23,Sciurus carolinensis,3/25/2019,5/7/2019
SEWA_N03_RVP1,47.67354,-122.31119,Spring19,4/16/2019 13:47,Sciurus carolinensis,3/25/2019,5/7/2019
SEWA_N03_RVP1,47.67354,-122.31119,Spring19,4/17/2019 13:05,Canis familiaris,3/25/2019,5/7/2019
SEWA_N03_RVP1,47.67354,-122.31119,Spring19,4/17/2019 23:59,Rattus rattus,3/25/2019,5/7/2019
SEWA_N03_RVP1,47.67354,-122.31119,Spring19,4/18/2019 0:16,Rattus rattus,3/25/2019,5/7/2019
SEWA_N03_RVP1,47.67354,-122.31119,Spring19,4/18/2019 0:52,Rattus rattus,3/25/2019,5/7/2019
SEWA_N03_RVP1,47.67354,-122.31119,Spring19,4/18/2019 3:18,Procyon lotor,3/25/2019,5/7/2019
SEWA_N03_RVP1,47.67354,-122.31119,Spring19,4/18/2019 5:49,Procyon lotor,3/25/2019,5/7/2019
SEWA_N03_RVP1,47.67354,-122.31119,Spring19,4/18/2019 11:05,Sciurus carolinensis,3/25/2019,5/7/2019
SEWA_N03_RVP1,47.67354,-122.31119,Spring19,4/18/2019 14:10,Sciurus carolinensis,3/25/2019,5/7/2019
SEWA_N03_RVP1,47.67354,-122.31119,Spring19,4/18/2019 16:18,Sciurus carolinensis,3/25/2019,5/7/2019
SEWA_N03_RVP1,47.67354,-122.31119,Spring19,4/18/2019 16:49,Sciurus carolinensis,3/25/2019,5/7/2019
SEWA_N03_RVP1,47.67354,-122.31119,Spring19,4/18/2019 17:01,Sciurus carolinensis,3/25/2019,5/7/2019
SEWA_N03_RVP1,47.67354,-122.31119,Spring19,4/18/2019 17:14,Sciurus carolinensis,3/25/2019,5/7/2019
SEWA_N03_RVP1,47.67354,-122.31119,Spring19,4/18/2019 17:14,Homo sapiens,3/25/2019,5/7/2019
SEWA_N03_RVP1,47.67354,-122.31119,Spring19,4/19/2019 3:39,Procyon lotor,3/25/2019,5/7/2019
SEWA_N03_RVP1,47.67354,-122.31119,Spring19,4/19/2019 9:24,Sciurus carolinensis,3/25/2019,5/7/2019
SEWA_N03_RVP1,47.67354,-122.31119,Spring19,4/19/2019 9:35,Sciurus carolinensis,3/25/2019,5/7/2019
SEWA_N03_RVP1,47.67354,-122.31119,Spring19,4/19/2019 10:22,Sciurus carolinensis,3/25/2019,5/7/2019
SEWA_N03_RVP1,47.67354,-122.31119,Spring19,4/19/2019 10:24,Sciurus carolinensis,3/25/2019,5/7/2019
SEWA_N03_RVP1,47.67354,-122.31119,Spring19,4/19/2019 18:11,Sciurus carolinensis,3/25/2019,5/7/2019
SEWA_N03_RVP1,47.67354,-122.31119,Spring19,4/20/2019 7:42,Sciurus carolinensis,3/25/2019,5/7/2019
SEWA_N03_RVP1,47.67354,-122.31119,Spring19,4/20/2019 15:29,Sciurus carolinensis,3/25/2019,5/7/2019
SEWA_N03_RVP1,47.67354,-122.31119,Spring19,4/20/2019 15:40,Sciurus carolinensis,3/25/2019,5/7/2019
SEWA_N03_RVP1,47.67354,-122.31119,Spring19,4/20/2019 17:17,Sciurus carolinensis,3/25/2019,5/7/2019
SEWA_N03_RVP1,47.67354,-122.31119,Spring19,4/20/2019 18:26,Sciurus carolinensis,3/25/2019,5/7/2019
SEWA_N03_RVP1,47.67354,-122.31119,Spring19,4/21/2019 7:40,Sciurus carolinensis,3/25/2019,5/7/2019
SEWA_N03_RVP1,47.67354,-122.31119,Spring19,4/21/2019 9:45,Sciurus carolinensis,3/25/2019,5/7/2019
SEWA_N03_RVP1,47.67354,-122.31119,Spring19,4/21/2019 12:08,Homo sapiens,3/25/2019,5/7/2019
SEWA_N03_RVP1,47.67354,-122.31119,Spring19,4/21/2019 13:13,Sciurus carolinensis,3/25/2019,5/7/2019
SEWA_N03_RVP1,47.67354,-122.31119,Spring19,4/21/2019 13:32,Sciurus carolinensis,3/25/2019,5/7/2019
SEWA_N03_RVP1,47.67354,-122.31119,Spring19,4/21/2019 14:01,Sciurus carolinensis,3/25/2019,5/7/2019
SEWA_N03_RVP1,47.67354,-122.31119,Spring19,4/21/2019 14:02,Sciurus carolinensis,3/25/2019,5/7/2019
SEWA_N03_RVP1,47.67354,-122.31119,Spring19,4/21/2019 15:29,Sciurus carolinensis,3/25/2019,5/7/2019
SEWA_N03_RVP1,47.67354,-122.31119,Spring19,4/21/2019 19:09,Sciurus carolinensis,3/25/2019,5/7/2019
SEWA_N03_RVP1,47.67354,-122.31119,Spring19,4/22/2019 9:21,Sciurus carolinensis,3/25/2019,5/7/2019
SEWA_N03_RVP1,47.67354,-122.31119,Spring19,4/22/2019 9:31,Sciurus carolinensis,3/25/2019,5/7/2019
SEWA_N03_RVP1,47.67354,-122.31119,Spring19,4/22/2019 10:58,Sciurus carolinensis,3/25/2019,5/7/2019
SEWA_N03_RVP1,47.67354,-122.31119,Spring19,4/22/2019 11:00,Sciurus carolinensis,3/25/2019,5/7/2019
SEWA_N03_RVP1,47.67354,-122.31119,Spring19,4/22/2019 11:07,Sciurus carolinensis,3/25/2019,5/7/2019
SEWA_N03_RVP1,47.67354,-122.31119,Spring19,4/22/2019 11:10,Sciurus carolinensis,3/25/2019,5/7/2019
SEWA_N03_RVP1,47.67354,-122.31119,Spring19,4/22/2019 14:10,Sciurus carolinensis,3/25/2019,5/7/2019
SEWA_N03_RVP1,47.67354,-122.31119,Spring19,4/22/2019 14:11,Sciurus carolinensis,3/25/2019,5/7/2019
SEWA_N03_RVP1,47.67354,-122.31119,Spring19,4/23/2019 8:38,Sciurus carolinensis,3/25/2019,5/7/2019
SEWA_N03_RVP1,47.67354,-122.31119,Spring19,4/23/2019 11:06,Homo sapiens,3/25/2019,5/7/2019
SEWA_N03_RVP1,47.67354,-122.31119,Spring19,4/23/2019 11:15,Homo sapiens,3/25/2019,5/7/2019
SEWA_N03_RVP1,47.67354,-122.31119,Spring19,4/23/2019 14:07,Sciurus carolinensis,3/25/2019,5/7/2019
SEWA_N03_RVP1,47.67354,-122.31119,Spring19,4/23/2019 14:30,Sciurus carolinensis,3/25/2019,5/7/2019
SEWA_N03_RVP1,47.67354,-122.31119,Spring19,4/23/2019 14:30,Canis familiaris,3/25/2019,5/7/2019
SEWA_N03_RVP1,47.67354,-122.31119,Spring19,4/23/2019 17:32,Sciurus carolinensis,3/25/2019,5/7/2019
SEWA_N03_RVP1,47.67354,-122.31119,Spring19,4/23/2019 21:36,Rattus rattus,3/25/2019,5/7/2019
SEWA_N03_RVP1,47.67354,-122.31119,Spring19,4/24/2019 0:40,Procyon lotor,3/25/2019,5/7/2019
SEWA_N03_RVP1,47.67354,-122.31119,Spring19,4/24/2019 10:26,Sciurus carolinensis,3/25/2019,5/7/2019
SEWA_N03_RVP1,47.67354,-122.31119,Spring19,4/24/2019 10:32,Sciurus carolinensis,3/25/2019,5/7/2019
SEWA_N03_RVP1,47.67354,-122.31119,Spring19,4/24/2019 10:48,Sciurus carolinensis,3/25/2019,5/7/2019
SEWA_N03_RVP1,47.67354,-122.31119,Spring19,4/24/2019 10:51,Sciurus carolinensis,3/25/2019,5/7/2019
SEWA_N03_RVP1,47.67354,-122.31119,Spring19,4/24/2019 11:41,Homo sapiens,3/25/2019,5/7/2019
SEWA_N03_RVP1,47.67354,-122.31119,Spring19,4/24/2019 11:41,Sciurus carolinensis,3/25/2019,5/7/2019
SEWA_N03_RVP1,47.67354,-122.31119,Spring19,4/24/2019 11:45,Sciurus carolinensis,3/25/2019,5/7/2019
SEWA_N03_RVP1,47.67354,-122.31119,Spring19,4/24/2019 15:32,Sciurus carolinensis,3/25/2019,5/7/2019
SEWA_N03_RVP1,47.67354,-122.31119,Spring19,4/24/2019 15:48,Sciurus carolinensis,3/25/2019,5/7/2019
SEWA_N03_RVP1,47.67354,-122.31119,Spring19,4/24/2019 15:53,Sciurus carolinensis,3/25/2019,5/7/2019
SEWA_N03_RVP1,47.67354,-122.31119,Spring19,4/25/2019 9:18,Sciurus carolinensis,3/25/2019,5/7/2019
SEWA_N03_RVP1,47.67354,-122.31119,Spring19,4/25/2019 9:20,Sciurus carolinensis,3/25/2019,5/7/2019
SEWA_N03_RVP1,47.67354,-122.31119,Spring19,4/25/2019 9:37,Sciurus carolinensis,3/25/2019,5/7/2019
SEWA_N03_RVP1,47.67354,-122.31119,Spring19,4/25/2019 11:40,Sciurus carolinensis,3/25/2019,5/7/2019
SEWA_N03_RVP1,47.67354,-122.31119,Spring19,4/25/2019 14:18,Sciurus carolinensis,3/25/2019,5/7/2019
SEWA_N03_RVP1,47.67354,-122.31119,Spring19,4/25/2019 15:55,Sciurus carolinensis,3/25/2019,5/7/2019
SEWA_N03_RVP1,47.67354,-122.31119,Spring19,4/25/2019 16:09,Sciurus carolinensis,3/25/2019,5/7/2019
SEWA_N03_RVP1,47.67354,-122.31119,Spring19,4/25/2019 16:48,Sciurus carolinensis,3/25/2019,5/7/2019
SEWA_N03_RVP1,47.67354,-122.31119,Spring19,4/26/2019 9:36,Homo sapiens,3/25/2019,5/7/2019
SEWA_N03_RVP1,47.67354,-122.31119,Spring19,4/26/2019 10:38,Sciurus carolinensis,3/25/2019,5/7/2019
SEWA_N03_RVP1,47.67354,-122.31119,Spring19,4/26/2019 12:43,Sciurus carolinensis,3/25/2019,5/7/2019
SEWA_N03_RVP1,47.67354,-122.31119,Spring19,4/26/2019 23:41,Rattus rattus,3/25/2019,5/7/2019
SEWA_N03_RVP1,47.67354,-122.31119,Spring19,4/26/2019 23:45,Rattus rattus,3/25/2019,5/7/2019
SEWA_N03_RVP1,47.67354,-122.31119,Spring19,4/27/2019 1:49,Procyon lotor,3/25/2019,5/7/2019
SEWA_N03_RVP1,47.67354,-122.31119,Spring19,4/27/2019 2:21,Procyon lotor,3/25/2019,5/7/2019
SEWA_N03_RVP1,47.67354,-122.31119,Spring19,4/27/2019 3:45,Procyon lotor,3/25/2019,5/7/2019
SEWA_N03_RVP1,47.67354,-122.31119,Spring19,4/27/2019 8:14,Procyon lotor,3/25/2019,5/7/2019
SEWA_N03_RVP1,47.67354,-122.31119,Spring19,4/27/2019 11:03,Sciurus carolinensis,3/25/2019,5/7/2019
SEWA_N03_RVP1,47.67354,-122.31119,Spring19,4/27/2019 11:07,Sciurus carolinensis,3/25/2019,5/7/2019
SEWA_N03_RVP1,47.67354,-122.31119,Spring19,4/27/2019 13:59,Sciurus carolinensis,3/25/2019,5/7/2019
SEWA_N03_RVP1,47.67354,-122.31119,Spring19,4/27/2019 14:01,Canis familiaris,3/25/2019,5/7/2019
SEWA_N03_RVP1,47.67354,-122.31119,Spring19,4/27/2019 14:12,Sciurus carolinensis,3/25/2019,5/7/2019
SEWA_N03_RVP1,47.67354,-122.31119,Spring19,4/27/2019 15:16,Sciurus carolinensis,3/25/2019,5/7/2019
SEWA_N03_RVP1,47.67354,-122.31119,Spring19,4/27/2019 15:18,Sciurus carolinensis,3/25/2019,5/7/2019
SEWA_N03_RVP1,47.67354,-122.31119,Spring19,4/27/2019 15:19,Sciurus carolinensis,3/25/2019,5/7/2019
SEWA_N03_RVP1,47.67354,-122.31119,Spring19,4/27/2019 21:41,Procyon lotor,3/25/2019,5/7/2019
SEWA_N03_RVP1,47.67354,-122.31119,Spring19,4/27/2019 21:43,Procyon lotor,3/25/2019,5/7/2019
SEWA_N03_RVP1,47.67354,-122.31119,Spring19,4/27/2019 21:45,Procyon lotor,3/25/2019,5/7/2019
SEWA_N03_RVP1,47.67354,-122.31119,Spring19,4/28/2019 6:07,Procyon lotor,3/25/2019,5/7/2019
SEWA_N03_RVP1,47.67354,-122.31119,Spring19,4/28/2019 9:42,Sciurus carolinensis,3/25/2019,5/7/2019
SEWA_N03_RVP1,47.67354,-122.31119,Spring19,4/28/2019 10:41,Sciurus carolinensis,3/25/2019,5/7/2019
SEWA_N03_RVP1,47.67354,-122.31119,Spring19,4/28/2019 16:09,Sciurus carolinensis,3/25/2019,5/7/2019
SEWA_N03_RVP1,47.67354,-122.31119,Spring19,4/29/2019 6:43,Sciurus carolinensis,3/25/2019,5/7/2019
SEWA_N03_RVP1,47.67354,-122.31119,Spring19,4/29/2019 7:10,Sciurus carolinensis,3/25/2019,5/7/2019
SEWA_N03_RVP1,47.67354,-122.31119,Spring19,4/29/2019 7:21,Sciurus carolinensis,3/25/2019,5/7/2019
SEWA_N03_RVP1,47.67354,-122.31119,Spring19,4/29/2019 7:22,Sciurus carolinensis,3/25/2019,5/7/2019
SEWA_N03_RVP1,47.67354,-122.31119,Spring19,4/29/2019 8:45,Sciurus carolinensis,3/25/2019,5/7/2019
SEWA_N03_RVP1,47.67354,-122.31119,Spring19,4/29/2019 8:52,Canis familiaris,3/25/2019,5/7/2019
SEWA_N03_RVP1,47.67354,-122.31119,Spring19,4/29/2019 13:00,Homo sapiens,3/25/2019,5/7/2019
SEWA_N03_RVP1,47.67354,-122.31119,Spring19,4/29/2019 15:31,Sciurus carolinensis,3/25/2019,5/7/2019
SEWA_N03_RVP1,47.67354,-122.31119,Spring19,4/29/2019 15:43,Sciurus carolinensis,3/25/2019,5/7/2019
SEWA_N03_RVP1,47.67354,-122.31119,Spring19,4/29/2019 16:40,Sciurus carolinensis,3/25/2019,5/7/2019
SEWA_N03_RVP1,47.67354,-122.31119,Spring19,4/29/2019 16:44,Sciurus carolinensis,3/25/2019,5/7/2019
SEWA_N03_RVP1,47.67354,-122.31119,Spring19,4/29/2019 16:56,Sciurus carolinensis,3/25/2019,5/7/2019
SEWA_N03_RVP1,47.67354,-122.31119,Spring19,4/29/2019 16:59,Sciurus carolinensis,3/25/2019,5/7/2019
SEWA_N03_RVP1,47.67354,-122.31119,Spring19,4/30/2019 8:13,Sciurus carolinensis,3/25/2019,5/7/2019
SEWA_N03_RVP1,47.67354,-122.31119,Spring19,4/30/2019 10:06,Sciurus carolinensis,3/25/2019,5/7/2019
SEWA_N03_RVP1,47.67354,-122.31119,Spring19,4/30/2019 19:04,Sciurus carolinensis,3/25/2019,5/7/2019
SEWA_N03_RVP1,47.67354,-122.31119,Spring19,5/1/2019 8:53,Sciurus carolinensis,3/25/2019,5/7/2019
SEWA_N03_RVP1,47.67354,-122.31119,Spring19,5/1/2019 9:30,Sciurus carolinensis,3/25/2019,5/7/2019
SEWA_N03_RVP1,47.67354,-122.31119,Spring19,5/1/2019 13:29,Sciurus carolinensis,3/25/2019,5/7/2019
SEWA_N03_RVP1,47.67354,-122.31119,Spring19,5/2/2019 7:07,Sciurus carolinensis,3/25/2019,5/7/2019
SEWA_N03_RVP1,47.67354,-122.31119,Spring19,5/2/2019 7:43,Sciurus carolinensis,3/25/2019,5/7/2019
SEWA_N03_RVP1,47.67354,-122.31119,Spring19,5/2/2019 8:13,Sciurus carolinensis,3/25/2019,5/7/2019
SEWA_N03_RVP1,47.67354,-122.31119,Spring19,5/2/2019 8:44,Sciurus carolinensis,3/25/2019,5/7/2019
SEWA_N03_RVP1,47.67354,-122.31119,Spring19,5/2/2019 8:47,Canis familiaris,3/25/2019,5/7/2019
SEWA_N03_RVP1,47.67354,-122.31119,Spring19,5/2/2019 9:03,Sciurus carolinensis,3/25/2019,5/7/2019
SEWA_N03_RVP1,47.67354,-122.31119,Spring19,5/2/2019 9:12,Sciurus carolinensis,3/25/2019,5/7/2019
SEWA_N03_RVP1,47.67354,-122.31119,Spring19,5/2/2019 12:32,Sciurus carolinensis,3/25/2019,5/7/2019
SEWA_N03_RVP1,47.67354,-122.31119,Spring19,5/2/2019 12:39,Sciurus carolinensis,3/25/2019,5/7/2019
SEWA_N03_RVP1,47.67354,-122.31119,Spring19,5/2/2019 12:41,Sciurus carolinensis,3/25/2019,5/7/2019
SEWA_N03_RVP1,47.67354,-122.31119,Spring19,5/2/2019 13:29,Sciurus carolinensis,3/25/2019,5/7/2019
SEWA_N03_RVP1,47.67354,-122.31119,Spring19,5/2/2019 13:30,Sciurus carolinensis,3/25/2019,5/7/2019
SEWA_N03_RVP1,47.67354,-122.31119,Spring19,5/2/2019 13:30,Homo sapiens,3/25/2019,5/7/2019
SEWA_N03_RVP1,47.67354,-122.31119,Spring19,5/2/2019 13:54,Sciurus carolinensis,3/25/2019,5/7/2019
SEWA_N03_RVP1,47.67354,-122.31119,Spring19,5/2/2019 16:26,Homo sapiens,3/25/2019,5/7/2019
SEWA_N03_RVP1,47.67354,-122.31119,Spring19,5/2/2019 16:41,Homo sapiens,3/25/2019,5/7/2019
SEWA_N03_RVP1,47.67354,-122.31119,Spring19,5/2/2019 23:28,Rattus rattus,3/25/2019,5/7/2019
SEWA_N03_RVP1,47.67354,-122.31119,Spring19,5/3/2019 13:44,Sciurus carolinensis,3/25/2019,5/7/2019
SEWA_N03_RVP1,47.67354,-122.31119,Spring19,5/3/2019 13:45,Sciurus carolinensis,3/25/2019,5/7/2019
SEWA_N03_RVP1,47.67354,-122.31119,Spring19,5/3/2019 14:21,Sciurus carolinensis,3/25/2019,5/7/2019
SEWA_N03_RVP1,47.67354,-122.31119,Spring19,5/3/2019 14:23,Sciurus carolinensis,3/25/2019,5/7/2019
SEWA_N03_RVP1,47.67354,-122.31119,Spring19,5/3/2019 14:25,Sciurus carolinensis,3/25/2019,5/7/2019
SEWA_N03_RVP1,47.67354,-122.31119,Spring19,5/3/2019 23:22,Rattus rattus,3/25/2019,5/7/2019
SEWA_N03_RVP1,47.67354,-122.31119,Spring19,5/4/2019 4:44,Rattus rattus,3/25/2019,5/7/2019
SEWA_N03_RVP1,47.67354,-122.31119,Spring19,5/4/2019 13:28,Sciurus carolinensis,3/25/2019,5/7/2019
SEWA_N03_RVP1,47.67354,-122.31119,Spring19,5/4/2019 13:37,Sciurus carolinensis,3/25/2019,5/7/2019
SEWA_N03_RVP1,47.67354,-122.31119,Spring19,5/4/2019 15:20,Sciurus carolinensis,3/25/2019,5/7/2019
SEWA_N03_RVP1,47.67354,-122.31119,Spring19,5/4/2019 15:26,Sciurus carolinensis,3/25/2019,5/7/2019
SEWA_N03_RVP1,47.67354,-122.31119,Spring19,5/4/2019 15:44,Sciurus carolinensis,3/25/2019,5/7/2019
SEWA_N03_RVP1,47.67354,-122.31119,Spring19,5/4/2019 22:33,Procyon lotor,3/25/2019,5/7/2019
SEWA_N03_RVP1,47.67354,-122.31119,Spring19,5/5/2019 7:39,Sciurus carolinensis,3/25/2019,5/7/2019
SEWA_N03_RVP1,47.67354,-122.31119,Spring19,5/5/2019 10:08,Sciurus carolinensis,3/25/2019,5/7/2019
SEWA_N03_RVP1,47.67354,-122.31119,Spring19,5/5/2019 22:43,Rattus rattus,3/25/2019,5/7/2019
SEWA_N03_RVP1,47.67354,-122.31119,Spring19,5/6/2019 6:01,Sciurus carolinensis,3/25/2019,5/7/2019
SEWA_N03_RVP1,47.67354,-122.31119,Spring19,5/6/2019 7:43,Sciurus carolinensis,3/25/2019,5/7/2019
SEWA_N03_RVP1,47.67354,-122.31119,Spring19,5/6/2019 8:01,Sciurus carolinensis,3/25/2019,5/7/2019
SEWA_N03_RVP1,47.67354,-122.31119,Spring19,5/6/2019 8:03,Sciurus carolinensis,3/25/2019,5/7/2019
SEWA_N03_RVP1,47.67354,-122.31119,Spring19,5/6/2019 10:05,Sciurus carolinensis,3/25/2019,5/7/2019
SEWA_N03_RVP1,47.67354,-122.31119,Spring19,5/6/2019 11:18,Sciurus carolinensis,3/25/2019,5/7/2019
SEWA_N03_RVP1,47.67354,-122.31119,Spring19,5/6/2019 11:26,Sciurus carolinensis,3/25/2019,5/7/2019
SEWA_N03_RVP1,47.67354,-122.31119,Spring19,5/6/2019 11:30,Sciurus carolinensis,3/25/2019,5/7/2019
SEWA_N03_RVP1,47.67354,-122.31119,Spring19,5/6/2019 14:37,Sciurus carolinensis,3/25/2019,5/7/2019
SEWA_N04_HFW1,47.70676,-122.19162,Spring19,4/3/2019 12:06,Homo sapiens,3/25/2019,5/7/2019
SEWA_N04_HFW1,47.70676,-122.19162,Spring19,4/7/2019 8:58,Sciurus carolinensis,3/25/2019,5/7/2019
SEWA_N04_HFW1,47.70676,-122.19162,Spring19,4/9/2019 11:17,Homo sapiens,3/25/2019,5/7/2019
SEWA_N04_HFW1,47.70676,-122.19162,Spring19,4/9/2019 11:20,Homo sapiens,3/25/2019,5/7/2019
SEWA_N04_HFW1,47.70676,-122.19162,Spring19,4/15/2019 12:42,Sciurus carolinensis,3/25/2019,5/7/2019
SEWA_N04_HFW1,47.70676,-122.19162,Spring19,4/15/2019 15:37,Sciurus carolinensis,3/25/2019,5/7/2019
SEWA_N04_HFW1,47.70676,-122.19162,Spring19,4/15/2019 16:26,Sciurus carolinensis,3/25/2019,5/7/2019
SEWA_N04_HFW1,47.70676,-122.19162,Spring19,4/18/2019 11:43,Homo sapiens,3/25/2019,5/7/2019
SEWA_N04_HFW1,47.70676,-122.19162,Spring19,4/18/2019 11:45,Homo sapiens,3/25/2019,5/7/2019
SEWA_N04_HFW1,47.70676,-122.19162,Spring19,4/22/2019 21:42,Didelphis virginiana,3/25/2019,5/7/2019
SEWA_N04_HFW1,47.70676,-122.19162,Spring19,4/23/2019 23:24,Procyon lotor,3/25/2019,5/7/2019
SEWA_N04_HFW1,47.70676,-122.19162,Spring19,4/28/2019 7:57,Sylvilagus floridanus,3/25/2019,5/7/2019
SEWA_N04_HFW1,47.70676,-122.19162,Spring19,4/28/2019 12:40,Homo sapiens,3/25/2019,5/7/2019
SEWA_N04_HFW1,47.70676,-122.19162,Spring19,4/28/2019 12:41,Homo sapiens,3/25/2019,5/7/2019
SEWA_N04_HFW1,47.70676,-122.19162,Spring19,4/28/2019 22:51,Procyon lotor,3/25/2019,5/7/2019
SEWA_N04_HFW1,47.70676,-122.19162,Spring19,4/29/2019 9:11,Sciurus carolinensis,3/25/2019,5/7/2019
SEWA_N04_HFW1,47.70676,-122.19162,Spring19,4/29/2019 9:12,Sciurus carolinensis,3/25/2019,5/7/2019
SEWA_N04_HFW1,47.70676,-122.19162,Spring19,5/1/2019 10:19,Sciurus carolinensis,3/25/2019,5/7/2019
SEWA_N04_HFW1,47.70676,-122.19162,Spring19,5/3/2019 13:14,Homo sapiens,3/25/2019,5/7/2019
SEWA_N04_JBP1,47.69558,-122.20348,Spring19,4/2/2019 11:41,Homo sapiens,3/25/2019,5/7/2019
SEWA_N04_JBP1,47.69558,-122.20348,Spring19,4/4/2019 13:28,Homo sapiens,3/25/2019,5/7/2019
SEWA_N04_JBP1,47.69558,-122.20348,Spring19,4/4/2019 13:40,Homo sapiens,3/25/2019,5/7/2019
SEWA_N04_JBP1,47.69558,-122.20348,Spring19,4/6/2019 6:56,Odocoileus hemionus,3/25/2019,5/7/2019
SEWA_N04_JBP1,47.69558,-122.20348,Spring19,4/6/2019 9:07,Sciurus carolinensis,3/25/2019,5/7/2019
SEWA_N04_JBP1,47.69558,-122.20348,Spring19,4/11/2019 20:46,Odocoileus hemionus,3/25/2019,5/7/2019
SEWA_N04_JBP1,47.69558,-122.20348,Spring19,4/11/2019 20:59,Odocoileus hemionus,3/25/2019,5/7/2019
SEWA_N04_JBP1,47.69558,-122.20348,Spring19,4/11/2019 21:08,Odocoileus hemionus,3/25/2019,5/7/2019
SEWA_N04_JBP1,47.69558,-122.20348,Spring19,4/11/2019 21:10,Odocoileus hemionus,3/25/2019,5/7/2019
SEWA_N04_JBP1,47.69558,-122.20348,Spring19,4/13/2019 0:19,Odocoileus hemionus,3/25/2019,5/7/2019
SEWA_N04_JBP1,47.69558,-122.20348,Spring19,4/15/2019 22:48,Odocoileus hemionus,3/25/2019,5/7/2019
SEWA_N04_JBP1,47.69558,-122.20348,Spring19,4/17/2019 1:55,Odocoileus hemionus,3/25/2019,5/7/2019
SEWA_N04_JBP1,47.69558,-122.20348,Spring19,4/19/2019 4:14,Odocoileus hemionus,3/25/2019,5/7/2019
SEWA_N04_JBP1,47.69558,-122.20348,Spring19,4/20/2019 12:03,Canis latrans,3/25/2019,5/7/2019
SEWA_N04_JBP1,47.69558,-122.20348,Spring19,4/20/2019 12:04,Canis latrans,3/25/2019,5/7/2019
SEWA_N04_JBP1,47.69558,-122.20348,Spring19,4/20/2019 16:27,Homo sapiens,3/25/2019,5/7/2019
SEWA_N04_JBP1,47.69558,-122.20348,Spring19,4/22/2019 5:36,Canis latrans,3/25/2019,5/7/2019
SEWA_N04_JBP1,47.69558,-122.20348,Spring19,4/23/2019 6:53,Odocoileus hemionus,3/25/2019,5/7/2019
SEWA_N04_JBP1,47.69558,-122.20348,Spring19,4/24/2019 6:36,Odocoileus hemionus,3/25/2019,5/7/2019
SEWA_N04_JBP1,47.69558,-122.20348,Spring19,4/24/2019 6:38,Odocoileus hemionus,3/25/2019,5/7/2019
SEWA_N04_JBP1,47.69558,-122.20348,Spring19,4/24/2019 6:43,Odocoileus hemionus,3/25/2019,5/7/2019
SEWA_N04_JBP1,47.69558,-122.20348,Spring19,4/24/2019 6:45,Odocoileus hemionus,3/25/2019,5/7/2019
SEWA_N04_JBP1,47.69558,-122.20348,Spring19,4/24/2019 20:53,Odocoileus hemionus,3/25/2019,5/7/2019
SEWA_N04_JBP1,47.69558,-122.20348,Spring19,4/25/2019 20:49,Odocoileus hemionus,3/25/2019,5/7/2019
SEWA_N04_JBP1,47.69558,-122.20348,Spring19,5/2/2019 2:21,Odocoileus hemionus,3/25/2019,5/7/2019
SEWA_N04_JBP1,47.69558,-122.20348,Spring19,5/2/2019 17:06,Homo sapiens,3/25/2019,5/7/2019
SEWA_N06_MBC1,47.70461,-122.08888,Spring19,3/30/2019 16:25,Homo sapiens,3/25/2019,5/7/2019
SEWA_N06_MBC1,47.70461,-122.08888,Spring19,4/8/2019 3:14,Procyon lotor,3/25/2019,5/7/2019
SEWA_N06_MBC1,47.70461,-122.08888,Spring19,4/16/2019 8:30,Canis latrans,3/25/2019,5/7/2019
SEWA_N06_MBC1,47.70461,-122.08888,Spring19,4/18/2019 9:23,Sciurus carolinensis,3/25/2019,5/7/2019
SEWA_N06_MBC1,47.70461,-122.08888,Spring19,4/24/2019 12:28,Odocoileus hemionus,3/25/2019,5/7/2019
SEWA_N07_FRD1,47.75103,-122.00792,Spring19,4/1/2019 12:59,Homo sapiens,3/25/2019,5/7/2019
SEWA_N07_FRD1,47.75103,-122.00792,Spring19,4/1/2019 13:01,Homo sapiens,3/25/2019,5/7/2019
SEWA_N07_FRD1,47.75103,-122.00792,Spring19,4/2/2019 2:38,Odocoileus hemionus,3/25/2019,5/7/2019
SEWA_N07_FRD1,47.75103,-122.00792,Spring19,4/2/2019 10:08,Odocoileus hemionus,3/25/2019,5/7/2019
SEWA_N07_FRD1,47.75103,-122.00792,Spring19,4/7/2019 9:14,Sciurus carolinensis,3/25/2019,5/7/2019
SEWA_N07_FRD1,47.75103,-122.00792,Spring19,4/10/2019 13:03,Sciurus carolinensis,3/25/2019,5/7/2019
SEWA_N07_FRD1,47.75103,-122.00792,Spring19,4/12/2019 9:21,Sciurus carolinensis,3/25/2019,5/7/2019
SEWA_N07_FRD1,47.75103,-122.00792,Spring19,4/12/2019 9:29,Sciurus carolinensis,3/25/2019,5/7/2019
SEWA_N07_FRD1,47.75103,-122.00792,Spring19,4/17/2019 17:05,Odocoileus hemionus,3/25/2019,5/7/2019
SEWA_N07_FRD1,47.75103,-122.00792,Spring19,4/19/2019 11:29,Sciurus carolinensis,3/25/2019,5/7/2019
SEWA_N07_FRD1,47.75103,-122.00792,Spring19,4/19/2019 11:30,Sciurus carolinensis,3/25/2019,5/7/2019
SEWA_N07_FRD1,47.75103,-122.00792,Spring19,4/21/2019 8:46,Sciurus carolinensis,3/25/2019,5/7/2019
SEWA_N07_FRD1,47.75103,-122.00792,Spring19,4/22/2019 10:12,Sciurus carolinensis,3/25/2019,5/7/2019
SEWA_N07_FRD1,47.75103,-122.00792,Spring19,4/22/2019 10:13,Sciurus carolinensis,3/25/2019,5/7/2019
SEWA_N07_FRD1,47.75103,-122.00792,Spring19,4/24/2019 4:31,Sylvilagus floridanus,3/25/2019,5/7/2019
SEWA_N07_FRD1,47.75103,-122.00792,Spring19,4/24/2019 4:33,Sylvilagus floridanus,3/25/2019,5/7/2019
SEWA_N07_FRD1,47.75103,-122.00792,Spring19,4/24/2019 4:39,Sylvilagus floridanus,3/25/2019,5/7/2019
SEWA_N07_FRD1,47.75103,-122.00792,Spring19,4/24/2019 4:43,Sylvilagus floridanus,3/25/2019,5/7/2019
SEWA_N07_FRD1,47.75103,-122.00792,Spring19,4/24/2019 4:45,Sylvilagus floridanus,3/25/2019,5/7/2019
SEWA_N07_FRD1,47.75103,-122.00792,Spring19,4/24/2019 4:47,Sylvilagus floridanus,3/25/2019,5/7/2019
SEWA_N07_FRD1,47.75103,-122.00792,Spring19,4/24/2019 5:00,Sylvilagus floridanus,3/25/2019,5/7/2019
SEWA_N07_FRD1,47.75103,-122.00792,Spring19,4/24/2019 11:44,Odocoileus hemionus,3/25/2019,5/7/2019
SEWA_N07_FRD1,47.75103,-122.00792,Spring19,4/27/2019 11:27,Sciurus carolinensis,3/25/2019,5/7/2019
SEWA_N07_FRD1,47.75103,-122.00792,Spring19,4/29/2019 5:33,Sylvilagus floridanus,3/25/2019,5/7/2019
SEWA_N07_FRD1,47.75103,-122.00792,Spring19,4/30/2019 18:05,Sylvilagus floridanus,3/25/2019,5/7/2019
SEWA_N07_FRD1,47.75103,-122.00792,Spring19,4/30/2019 18:07,Sylvilagus floridanus,3/25/2019,5/7/2019
SEWA_N07_FRD1,47.75103,-122.00792,Spring19,4/30/2019 18:21,Sylvilagus floridanus,3/25/2019,5/7/2019
SEWA_N07_FRD1,47.75103,-122.00792,Spring19,4/30/2019 20:58,Canis latrans,3/25/2019,5/7/2019
SEWA_N07_FRD1,47.75103,-122.00792,Spring19,4/30/2019 21:01,Canis latrans,3/25/2019,5/7/2019
SEWA_N07_FRD1,47.75103,-122.00792,Spring19,4/30/2019 21:06,Canis latrans,3/25/2019,5/7/2019
SEWA_N07_FRD1,47.75103,-122.00792,Spring19,4/30/2019 21:11,Canis latrans,3/25/2019,5/7/2019
SEWA_N07_FRD1,47.75103,-122.00792,Spring19,5/1/2019 7:10,Sylvilagus floridanus,3/25/2019,5/7/2019
SEWA_N07_FRD1,47.75103,-122.00792,Spring19,5/1/2019 10:02,Homo sapiens,3/25/2019,5/7/2019
SEWA_N07_RHF1,47.7406,-122.01764,Spring19,4/2/2019 12:24,Homo sapiens,3/25/2019,5/7/2019
SEWA_N07_RHF1,47.7406,-122.01764,Spring19,4/12/2019 7:55,Sciurus carolinensis,3/25/2019,5/7/2019
SEWA_N07_RHF1,47.7406,-122.01764,Spring19,5/1/2019 11:10,Homo sapiens,3/25/2019,5/7/2019
SEWA_N08_DOS1,47.74577,-121.96749,Spring19,4/4/2019 14:22,Homo sapiens,3/25/2019,5/7/2019
SEWA_N08_DOS1,47.74577,-121.96749,Spring19,4/4/2019 14:24,Homo sapiens,3/25/2019,5/7/2019
SEWA_N08_DOS1,47.74577,-121.96749,Spring19,4/4/2019 14:27,Homo sapiens,3/25/2019,5/7/2019
SEWA_N08_DOS1,47.74577,-121.96749,Spring19,4/24/2019 20:33,Odocoileus hemionus,3/25/2019,5/7/2019
SEWA_S01_TMP1,47.56718,-122.35082,Spring19,4/1/2019 15:47,Homo sapiens,3/25/2019,5/7/2019
SEWA_S01_TMP1,47.56718,-122.35082,Spring19,4/6/2019 5:42,Rattus rattus,3/25/2019,5/7/2019
SEWA_S01_TMP1,47.56718,-122.35082,Spring19,4/7/2019 17:28,Sylvilagus floridanus,3/25/2019,5/7/2019
SEWA_S01_TMP1,47.56718,-122.35082,Spring19,4/8/2019 23:32,Rattus rattus,3/25/2019,5/7/2019
SEWA_S01_TMP1,47.56718,-122.35082,Spring19,4/12/2019 21:00,Rattus rattus,3/25/2019,5/7/2019
SEWA_S01_TMP1,47.56718,-122.35082,Spring19,4/19/2019 12:03,Homo sapiens,3/25/2019,5/7/2019
SEWA_S01_TMP1,47.56718,-122.35082,Spring19,4/19/2019 15:37,Homo sapiens,3/25/2019,5/7/2019
SEWA_S01_TMP1,47.56718,-122.35082,Spring19,4/23/2019 10:00,Homo sapiens,3/25/2019,5/7/2019
SEWA_S01_TMP1,47.56718,-122.35082,Spring19,4/24/2019 12:40,Sylvilagus floridanus,3/25/2019,5/7/2019
SEWA_S01_TMP1,47.56718,-122.35082,Spring19,4/24/2019 12:43,Sylvilagus floridanus,3/25/2019,5/7/2019
SEWA_S01_TMP1,47.56718,-122.35082,Spring19,4/25/2019 16:29,Homo sapiens,3/25/2019,5/7/2019
SEWA_S01_TMP1,47.56718,-122.35082,Spring19,4/25/2019 16:32,Homo sapiens,3/25/2019,5/7/2019
SEWA_S01_TMP1,47.56718,-122.35082,Spring19,4/27/2019 13:44,Homo sapiens,3/25/2019,5/7/2019
SEWA_S01_TMP1,47.56718,-122.35082,Spring19,4/28/2019 19:01,Homo sapiens,3/25/2019,5/7/2019
SEWA_S01_TMP1,47.56718,-122.35082,Spring19,4/29/2019 16:42,Homo sapiens,3/25/2019,5/7/2019
SEWA_S01_TMP1,47.56718,-122.35082,Spring19,5/2/2019 14:16,Homo sapiens,3/25/2019,5/7/2019
SEWA_S01_TMP1,47.56718,-122.35082,Spring19,5/2/2019 14:22,Homo sapiens,3/25/2019,5/7/2019
SEWA_S01_TMP1,47.56718,-122.35082,Spring19,5/2/2019 16:37,Sylvilagus floridanus,3/25/2019,5/7/2019
SEWA_S01_TMP1,47.56718,-122.35082,Spring19,5/3/2019 15:47,Sylvilagus floridanus,3/25/2019,5/7/2019
SEWA_S01_TMP1,47.56718,-122.35082,Spring19,5/4/2019 6:14,Sylvilagus floridanus,3/25/2019,5/7/2019
SEWA_S01_TMP1,47.56718,-122.35082,Spring19,5/5/2019 12:24,Homo sapiens,3/25/2019,5/7/2019
SEWA_S01_TMP1,47.56718,-122.35082,Spring19,5/5/2019 16:09,Homo sapiens,3/25/2019,5/7/2019
SEWA_S02_DWP1,47.53195,-122.32024,Spring19,3/28/2019 15:18,Homo sapiens,3/25/2019,5/7/2019
SEWA_S02_DWP1,47.53195,-122.32024,Spring19,3/29/2019 8:20,Felis catus,3/25/2019,5/7/2019
SEWA_S02_DWP1,47.53195,-122.32024,Spring19,3/29/2019 8:22,Felis catus,3/25/2019,5/7/2019
SEWA_S02_DWP1,47.53195,-122.32024,Spring19,3/30/2019 4:26,Felis catus,3/25/2019,5/7/2019
SEWA_S02_DWP1,47.53195,-122.32024,Spring19,3/31/2019 7:38,Felis catus,3/25/2019,5/7/2019
SEWA_S02_DWP1,47.53195,-122.32024,Spring19,4/1/2019 6:21,Felis catus,3/25/2019,5/7/2019
SEWA_S02_DWP1,47.53195,-122.32024,Spring19,4/2/2019 6:10,Felis catus,3/25/2019,5/7/2019
SEWA_S02_DWP1,47.53195,-122.32024,Spring19,4/3/2019 5:52,Felis catus,3/25/2019,5/7/2019
SEWA_S02_DWP1,47.53195,-122.32024,Spring19,4/3/2019 5:54,Felis catus,3/25/2019,5/7/2019
SEWA_S02_DWP1,47.53195,-122.32024,Spring19,4/6/2019 6:05,Felis catus,3/25/2019,5/7/2019
SEWA_S02_DWP1,47.53195,-122.32024,Spring19,4/8/2019 4:58,Felis catus,3/25/2019,5/7/2019
SEWA_S02_DWP1,47.53195,-122.32024,Spring19,4/9/2019 13:29,Homo sapiens,3/25/2019,5/7/2019
SEWA_S02_DWP1,47.53195,-122.32024,Spring19,4/11/2019 16:57,Felis catus,3/25/2019,5/7/2019
SEWA_S02_DWP1,47.53195,-122.32024,Spring19,4/11/2019 19:24,Felis catus,3/25/2019,5/7/2019
SEWA_S02_DWP1,47.53195,-122.32024,Spring19,4/13/2019 1:41,Felis catus,3/25/2019,5/7/2019
SEWA_S02_DWP1,47.53195,-122.32024,Spring19,4/13/2019 7:07,Felis catus,3/25/2019,5/7/2019
SEWA_S02_DWP1,47.53195,-122.32024,Spring19,4/13/2019 7:19,Felis catus,3/25/2019,5/7/2019
SEWA_S02_DWP1,47.53195,-122.32024,Spring19,4/13/2019 7:21,Felis catus,3/25/2019,5/7/2019
SEWA_S02_DWP1,47.53195,-122.32024,Spring19,4/14/2019 0:15,Felis catus,3/25/2019,5/7/2019
SEWA_S02_DWP1,47.53195,-122.32024,Spring19,4/15/2019 6:24,Felis catus,3/25/2019,5/7/2019
SEWA_S02_DWP1,47.53195,-122.32024,Spring19,4/20/2019 1:36,Felis catus,3/25/2019,5/7/2019
SEWA_S02_DWP1,47.53195,-122.32024,Spring19,4/20/2019 7:21,Felis catus,3/25/2019,5/7/2019
SEWA_S02_DWP1,47.53195,-122.32024,Spring19,4/20/2019 7:23,Felis catus,3/25/2019,5/7/2019
SEWA_S02_DWP1,47.53195,-122.32024,Spring19,4/20/2019 7:33,Felis catus,3/25/2019,5/7/2019
SEWA_S02_DWP1,47.53195,-122.32024,Spring19,4/20/2019 7:37,Felis catus,3/25/2019,5/7/2019
SEWA_S02_DWP1,47.53195,-122.32024,Spring19,4/20/2019 20:10,Homo sapiens,3/25/2019,5/7/2019
SEWA_S02_DWP1,47.53195,-122.32024,Spring19,4/24/2019 0:37,Homo sapiens,3/25/2019,5/7/2019
SEWA_S02_DWP1,47.53195,-122.32024,Spring19,4/27/2019 19:54,Homo sapiens,3/25/2019,5/7/2019
SEWA_S02_MSR1,47.54984,-122.3086,Spring19,3/29/2019 9:33,Homo sapiens,3/25/2019,5/7/2019
SEWA_S02_MSR1,47.54984,-122.3086,Spring19,3/29/2019 23:44,Rattus rattus,3/25/2019,5/7/2019
SEWA_S02_MSR1,47.54984,-122.3086,Spring19,3/30/2019 5:15,Rattus rattus,3/25/2019,5/7/2019
SEWA_S02_MSR1,47.54984,-122.3086,Spring19,3/30/2019 9:17,Sciurus carolinensis,3/25/2019,5/7/2019
SEWA_S02_MSR1,47.54984,-122.3086,Spring19,3/30/2019 17:10,Felis catus,3/25/2019,5/7/2019
SEWA_S02_MSR1,47.54984,-122.3086,Spring19,3/30/2019 22:14,Procyon lotor,3/25/2019,5/7/2019
SEWA_S02_MSR1,47.54984,-122.3086,Spring19,4/1/2019 8:06,Sciurus carolinensis,3/25/2019,5/7/2019
SEWA_S02_MSR1,47.54984,-122.3086,Spring19,4/1/2019 8:07,Sciurus carolinensis,3/25/2019,5/7/2019
SEWA_S02_MSR1,47.54984,-122.3086,Spring19,4/1/2019 9:23,Sciurus carolinensis,3/25/2019,5/7/2019
SEWA_S02_MSR1,47.54984,-122.3086,Spring19,4/1/2019 20:53,Procyon lotor,3/25/2019,5/7/2019
SEWA_S02_MSR1,47.54984,-122.3086,Spring19,4/2/2019 0:52,Rattus rattus,3/25/2019,5/7/2019
SEWA_S02_MSR1,47.54984,-122.3086,Spring19,4/2/2019 0:54,Rattus rattus,3/25/2019,5/7/2019
SEWA_S02_MSR1,47.54984,-122.3086,Spring19,4/2/2019 3:08,Rattus rattus,3/25/2019,5/7/2019
SEWA_S02_MSR1,47.54984,-122.3086,Spring19,4/2/2019 7:50,Sciurus carolinensis,3/25/2019,5/7/2019
SEWA_S02_MSR1,47.54984,-122.3086,Spring19,4/4/2019 3:37,Rattus rattus,3/25/2019,5/7/2019
SEWA_S02_MSR1,47.54984,-122.3086,Spring19,4/4/2019 15:55,Sciurus carolinensis,3/25/2019,5/7/2019
SEWA_S02_MSR1,47.54984,-122.3086,Spring19,4/4/2019 21:02,Procyon lotor,3/25/2019,5/7/2019
SEWA_S02_MSR1,47.54984,-122.3086,Spring19,4/4/2019 21:08,Procyon lotor,3/25/2019,5/7/2019
SEWA_S02_MSR1,47.54984,-122.3086,Spring19,4/5/2019 8:12,Sciurus carolinensis,3/25/2019,5/7/2019
SEWA_S02_MSR1,47.54984,-122.3086,Spring19,4/5/2019 9:05,Sciurus carolinensis,3/25/2019,5/7/2019
SEWA_S02_MSR1,47.54984,-122.3086,Spring19,4/6/2019 20:05,Felis catus,3/25/2019,5/7/2019
SEWA_S02_MSR1,47.54984,-122.3086,Spring19,4/6/2019 20:10,Felis catus,3/25/2019,5/7/2019
SEWA_S02_MSR1,47.54984,-122.3086,Spring19,4/6/2019 20:17,Felis catus,3/25/2019,5/7/2019
SEWA_S02_MSR1,47.54984,-122.3086,Spring19,4/6/2019 20:20,Felis catus,3/25/2019,5/7/2019
SEWA_S02_MSR1,47.54984,-122.3086,Spring19,4/6/2019 20:23,Felis catus,3/25/2019,5/7/2019
SEWA_S02_MSR1,47.54984,-122.3086,Spring19,4/6/2019 20:26,Felis catus,3/25/2019,5/7/2019
SEWA_S02_MSR1,47.54984,-122.3086,Spring19,4/7/2019 6:19,Procyon lotor,3/25/2019,5/7/2019
SEWA_S02_MSR1,47.54984,-122.3086,Spring19,4/7/2019 22:22,Rattus rattus,3/25/2019,5/7/2019
SEWA_S02_MSR1,47.54984,-122.3086,Spring19,4/7/2019 22:31,Rattus rattus,3/25/2019,5/7/2019
SEWA_S02_MSR1,47.54984,-122.3086,Spring19,4/8/2019 21:07,Rattus rattus,3/25/2019,5/7/2019
SEWA_S02_MSR1,47.54984,-122.3086,Spring19,4/8/2019 21:23,Rattus rattus,3/25/2019,5/7/2019
SEWA_S02_MSR1,47.54984,-122.3086,Spring19,4/9/2019 10:38,Sciurus carolinensis,3/25/2019,5/7/2019
SEWA_S02_MSR1,47.54984,-122.3086,Spring19,4/9/2019 18:30,Sciurus carolinensis,3/25/2019,5/7/2019
SEWA_S02_MSR1,47.54984,-122.3086,Spring19,4/9/2019 21:04,Rattus rattus,3/25/2019,5/7/2019
SEWA_S02_MSR1,47.54984,-122.3086,Spring19,4/10/2019 0:22,Rattus rattus,3/25/2019,5/7/2019
SEWA_S02_MSR1,47.54984,-122.3086,Spring19,4/10/2019 0:23,Rattus rattus,3/25/2019,5/7/2019
SEWA_S02_MSR1,47.54984,-122.3086,Spring19,4/10/2019 3:58,Rattus rattus,3/25/2019,5/7/2019
SEWA_S02_MSR1,47.54984,-122.3086,Spring19,4/11/2019 9:11,Sciurus carolinensis,3/25/2019,5/7/2019
SEWA_S02_MSR1,47.54984,-122.3086,Spring19,4/11/2019 9:27,Sciurus carolinensis,3/25/2019,5/7/2019
SEWA_S02_MSR1,47.54984,-122.3086,Spring19,4/12/2019 7:56,Sciurus carolinensis,3/25/2019,5/7/2019
SEWA_S02_MSR1,47.54984,-122.3086,Spring19,4/12/2019 8:19,Sciurus carolinensis,3/25/2019,5/7/2019
SEWA_S02_MSR1,47.54984,-122.3086,Spring19,4/12/2019 9:18,Sciurus carolinensis,3/25/2019,5/7/2019
SEWA_S02_MSR1,47.54984,-122.3086,Spring19,4/12/2019 22:21,Rattus rattus,3/25/2019,5/7/2019
SEWA_S02_MSR1,47.54984,-122.3086,Spring19,4/13/2019 12:58,Sciurus carolinensis,3/25/2019,5/7/2019
SEWA_S02_MSR1,47.54984,-122.3086,Spring19,4/13/2019 23:47,Rattus rattus,3/25/2019,5/7/2019
SEWA_S02_MSR1,47.54984,-122.3086,Spring19,4/14/2019 19:07,Sciurus carolinensis,3/25/2019,5/7/2019
SEWA_S02_MSR1,47.54984,-122.3086,Spring19,4/14/2019 19:12,Sciurus carolinensis,3/25/2019,5/7/2019
SEWA_S02_MSR1,47.54984,-122.3086,Spring19,4/15/2019 1:23,Rattus rattus,3/25/2019,5/7/2019
SEWA_S02_MSR1,47.54984,-122.3086,Spring19,4/15/2019 1:25,Rattus rattus,3/25/2019,5/7/2019
SEWA_S02_MSR1,47.54984,-122.3086,Spring19,4/15/2019 1:43,Rattus rattus,3/25/2019,5/7/2019
SEWA_S02_MSR1,47.54984,-122.3086,Spring19,4/15/2019 2:33,Procyon lotor,3/25/2019,5/7/2019
SEWA_S02_MSR1,47.54984,-122.3086,Spring19,4/15/2019 2:35,Procyon lotor,3/25/2019,5/7/2019
SEWA_S02_MSR1,47.54984,-122.3086,Spring19,4/15/2019 8:25,Sciurus carolinensis,3/25/2019,5/7/2019
SEWA_S02_MSR1,47.54984,-122.3086,Spring19,4/15/2019 8:27,Sciurus carolinensis,3/25/2019,5/7/2019
SEWA_S02_MSR1,47.54984,-122.3086,Spring19,4/15/2019 11:49,Sciurus carolinensis,3/25/2019,5/7/2019
SEWA_S02_MSR1,47.54984,-122.3086,Spring19,4/15/2019 20:32,Rattus rattus,3/25/2019,5/7/2019
SEWA_S02_MSR1,47.54984,-122.3086,Spring19,4/15/2019 21:41,Rattus rattus,3/25/2019,5/7/2019
SEWA_S02_MSR1,47.54984,-122.3086,Spring19,4/16/2019 1:50,Rattus rattus,3/25/2019,5/7/2019
SEWA_S02_MSR1,47.54984,-122.3086,Spring19,4/17/2019 21:57,Rattus rattus,3/25/2019,5/7/2019
SEWA_S02_MSR1,47.54984,-122.3086,Spring19,4/18/2019 3:22,Rattus rattus,3/25/2019,5/7/2019
SEWA_S02_MSR1,47.54984,-122.3086,Spring19,4/18/2019 8:44,Sciurus carolinensis,3/25/2019,5/7/2019
SEWA_S02_MSR1,47.54984,-122.3086,Spring19,4/18/2019 12:26,Sciurus carolinensis,3/25/2019,5/7/2019
SEWA_S02_MSR1,47.54984,-122.3086,Spring19,4/19/2019 22:02,Rattus rattus,3/25/2019,5/7/2019
SEWA_S02_MWP1,47.56073,-122.31937,Spring19,3/29/2019 13:16,Homo sapiens,3/25/2019,5/7/2019
SEWA_S02_MWP1,47.56073,-122.31937,Spring19,3/29/2019 14:28,Sciurus carolinensis,3/25/2019,5/7/2019
SEWA_S02_MWP1,47.56073,-122.31937,Spring19,3/30/2019 4:40,Sciurus carolinensis,3/25/2019,5/7/2019
SEWA_S02_MWP1,47.56073,-122.31937,Spring19,3/30/2019 5:52,Sciurus carolinensis,3/25/2019,5/7/2019
SEWA_S02_MWP1,47.56073,-122.31937,Spring19,3/30/2019 5:55,Sciurus carolinensis,3/25/2019,5/7/2019
SEWA_S02_MWP1,47.56073,-122.31937,Spring19,3/30/2019 5:57,Sciurus carolinensis,3/25/2019,5/7/2019
SEWA_S02_MWP1,47.56073,-122.31937,Spring19,3/30/2019 6:12,Sciurus carolinensis,3/25/2019,5/7/2019
SEWA_S02_MWP1,47.56073,-122.31937,Spring19,3/30/2019 7:20,Felis catus,3/25/2019,5/7/2019
SEWA_S02_MWP1,47.56073,-122.31937,Spring19,3/30/2019 13:25,Sciurus carolinensis,3/25/2019,5/7/2019
SEWA_S02_MWP1,47.56073,-122.31937,Spring19,3/30/2019 14:18,Sciurus carolinensis,3/25/2019,5/7/2019
SEWA_S02_MWP1,47.56073,-122.31937,Spring19,3/31/2019 13:49,Sciurus carolinensis,3/25/2019,5/7/2019
SEWA_S02_MWP1,47.56073,-122.31937,Spring19,4/1/2019 5:06,Sciurus carolinensis,3/25/2019,5/7/2019
SEWA_S02_MWP1,47.56073,-122.31937,Spring19,4/1/2019 5:46,Sciurus carolinensis,3/25/2019,5/7/2019
SEWA_S02_MWP1,47.56073,-122.31937,Spring19,4/1/2019 5:48,Sciurus carolinensis,3/25/2019,5/7/2019
SEWA_S02_MWP1,47.56073,-122.31937,Spring19,4/1/2019 12:14,Sciurus carolinensis,3/25/2019,5/7/2019
SEWA_S02_MWP1,47.56073,-122.31937,Spring19,4/1/2019 14:38,Sciurus carolinensis,3/25/2019,5/7/2019
SEWA_S02_MWP1,47.56073,-122.31937,Spring19,4/3/2019 4:02,Sciurus carolinensis,3/25/2019,5/7/2019
SEWA_S02_MWP1,47.56073,-122.31937,Spring19,4/3/2019 12:35,Sciurus carolinensis,3/25/2019,5/7/2019
SEWA_S02_MWP1,47.56073,-122.31937,Spring19,4/3/2019 13:29,Sciurus carolinensis,3/25/2019,5/7/2019
SEWA_S02_MWP1,47.56073,-122.31937,Spring19,4/4/2019 5:34,Sciurus carolinensis,3/25/2019,5/7/2019
SEWA_S02_MWP1,47.56073,-122.31937,Spring19,4/4/2019 6:46,Sciurus carolinensis,3/25/2019,5/7/2019
SEWA_S02_MWP1,47.56073,-122.31937,Spring19,4/4/2019 12:17,Sciurus carolinensis,3/25/2019,5/7/2019
SEWA_S02_MWP1,47.56073,-122.31937,Spring19,4/6/2019 2:36,Sciurus carolinensis,3/25/2019,5/7/2019
SEWA_S02_MWP1,47.56073,-122.31937,Spring19,4/6/2019 7:37,Homo sapiens,3/25/2019,5/7/2019
SEWA_S02_MWP1,47.56073,-122.31937,Spring19,4/6/2019 10:15,Sciurus carolinensis,3/25/2019,5/7/2019
SEWA_S02_MWP1,47.56073,-122.31937,Spring19,4/7/2019 5:35,Sciurus carolinensis,3/25/2019,5/7/2019
SEWA_S02_MWP1,47.56073,-122.31937,Spring19,4/7/2019 5:38,Sciurus carolinensis,3/25/2019,5/7/2019
SEWA_S02_MWP1,47.56073,-122.31937,Spring19,4/7/2019 11:30,Canis familiaris,3/25/2019,5/7/2019
SEWA_S02_MWP1,47.56073,-122.31937,Spring19,4/9/2019 15:20,Sciurus carolinensis,3/25/2019,5/7/2019
SEWA_S02_MWP1,47.56073,-122.31937,Spring19,4/10/2019 10:11,Sciurus carolinensis,3/25/2019,5/7/2019
SEWA_S02_MWP1,47.56073,-122.31937,Spring19,4/11/2019 7:45,Sciurus carolinensis,3/25/2019,5/7/2019
SEWA_S02_MWP1,47.56073,-122.31937,Spring19,4/12/2019 6:17,Sciurus carolinensis,3/25/2019,5/7/2019
SEWA_S02_MWP1,47.56073,-122.31937,Spring19,4/12/2019 23:00,Didelphis virginiana,3/25/2019,5/7/2019
SEWA_S02_MWP1,47.56073,-122.31937,Spring19,4/12/2019 23:38,Didelphis virginiana,3/25/2019,5/7/2019
SEWA_S02_MWP1,47.56073,-122.31937,Spring19,4/16/2019 9:17,Sciurus carolinensis,3/25/2019,5/7/2019
SEWA_S02_MWP1,47.56073,-122.31937,Spring19,4/17/2019 11:19,Homo sapiens,3/25/2019,5/7/2019
SEWA_S02_MWP1,47.56073,-122.31937,Spring19,4/20/2019 5:32,Sciurus carolinensis,3/25/2019,5/7/2019
SEWA_S02_MWP1,47.56073,-122.31937,Spring19,4/20/2019 6:44,Sciurus carolinensis,3/25/2019,5/7/2019
SEWA_S02_MWP1,47.56073,-122.31937,Spring19,4/20/2019 9:58,Sciurus carolinensis,3/25/2019,5/7/2019
SEWA_S02_MWP1,47.56073,-122.31937,Spring19,4/20/2019 9:59,Sciurus carolinensis,3/25/2019,5/7/2019
SEWA_S02_MWP1,47.56073,-122.31937,Spring19,4/22/2019 8:34,Felis catus,3/25/2019,5/7/2019
SEWA_S02_MWP1,47.56073,-122.31937,Spring19,4/25/2019 17:51,Felis catus,3/25/2019,5/7/2019
SEWA_S02_MWP1,47.56073,-122.31937,Spring19,4/30/2019 5:47,Sciurus carolinensis,3/25/2019,5/7/2019
SEWA_S02_MWP1,47.56073,-122.31937,Spring19,5/1/2019 10:31,Sciurus carolinensis,3/25/2019,5/7/2019
SEWA_S02_WCP1,47.52452,-122.33716,Spring19,5/6/2019 9:57,Homo sapiens,3/25/2019,5/7/2019
SEWA_S02_WDG1,47.54149,-122.34569,Spring19,3/28/2019 15:53,Homo sapiens,3/25/2019,5/7/2019
SEWA_S04_FGL1,47.48434,-122.26262,Spring19,4/4/2019 16:44,Sciurus carolinensis,3/25/2019,5/7/2019
SEWA_S04_FGL1,47.48434,-122.26262,Spring19,4/6/2019 11:04,Sciurus carolinensis,3/25/2019,5/7/2019
SEWA_S04_FGL1,47.48434,-122.26262,Spring19,4/9/2019 8:01,Procyon lotor,3/25/2019,5/7/2019
SEWA_S04_FGL1,47.48434,-122.26262,Spring19,4/25/2019 12:28,Procyon lotor,3/25/2019,5/7/2019
SEWA_S04_FGL1,47.48434,-122.26262,Spring19,4/27/2019 11:54,Procyon lotor,3/25/2019,5/7/2019
SEWA_S04_FGL1,47.48434,-122.26262,Spring19,5/6/2019 8:58,Homo sapiens,3/25/2019,5/7/2019
SEWA_S06_MPO1,47.44997,-122.11071,Spring19,4/3/2019 13:58,Homo sapiens,3/25/2019,5/7/2019
SEWA_S06_MPO1,47.44997,-122.11071,Spring19,4/5/2019 18:29,Odocoileus hemionus,3/25/2019,5/7/2019
SEWA_S06_MPO1,47.44997,-122.11071,Spring19,4/8/2019 18:24,Odocoileus hemionus,3/25/2019,5/7/2019
SEWA_S06_MPO1,47.44997,-122.11071,Spring19,4/10/2019 18:25,Odocoileus hemionus,3/25/2019,5/7/2019
SEWA_S06_MPO1,47.44997,-122.11071,Spring19,4/16/2019 17:59,Odocoileus hemionus,3/25/2019,5/7/2019
SEWA_S06_MPO1,47.44997,-122.11071,Spring19,4/17/2019 20:51,Didelphis virginiana,3/25/2019,5/7/2019
SEWA_S06_MPO1,47.44997,-122.11071,Spring19,4/17/2019 20:52,Didelphis virginiana,3/25/2019,5/7/2019
SEWA_S06_MPO1,47.44997,-122.11071,Spring19,4/18/2019 10:51,Sciurus carolinensis,3/25/2019,5/7/2019
SEWA_S06_MPO1,47.44997,-122.11071,Spring19,4/18/2019 10:56,Sciurus carolinensis,3/25/2019,5/7/2019
SEWA_S06_MPO1,47.44997,-122.11071,Spring19,4/19/2019 8:55,Sciurus carolinensis,3/25/2019,5/7/2019
SEWA_S06_MPO1,47.44997,-122.11071,Spring19,4/21/2019 2:54,Didelphis virginiana,3/25/2019,5/7/2019
SEWA_S06_MPO1,47.44997,-122.11071,Spring19,4/21/2019 10:52,Odocoileus hemionus,3/25/2019,5/7/2019
SEWA_S06_MPO1,47.44997,-122.11071,Spring19,4/22/2019 6:37,Odocoileus hemionus,3/25/2019,5/7/2019
SEWA_S06_MPO1,47.44997,-122.11071,Spring19,4/26/2019 8:17,Sciurus carolinensis,3/25/2019,5/7/2019
SEWA_S06_MPO1,47.44997,-122.11071,Spring19,4/28/2019 5:47,Odocoileus hemionus,3/25/2019,5/7/2019
SEWA_S06_MPO1,47.44997,-122.11071,Spring19,4/30/2019 14:25,Odocoileus hemionus,3/25/2019,5/7/2019
SEWA_S06_MPO1,47.44997,-122.11071,Spring19,5/1/2019 11:14,Odocoileus hemionus,3/25/2019,5/7/2019
SEWA_S06_MPO1,47.44997,-122.11071,Spring19,5/1/2019 12:52,Odocoileus hemionus,3/25/2019,5/7/2019
SEWA_S06_MPO1,47.44997,-122.11071,Spring19,5/1/2019 12:56,Odocoileus hemionus,3/25/2019,5/7/2019
SEWA_S06_MPO1,47.44997,-122.11071,Spring19,5/2/2019 6:30,Odocoileus hemionus,3/25/2019,5/7/2019
SEWA_S06_MPO1,47.44997,-122.11071,Spring19,5/2/2019 8:20,Odocoileus hemionus,3/25/2019,5/7/2019
SEWA_S06_MPO1,47.44997,-122.11071,Spring19,5/2/2019 14:23,Homo sapiens,3/25/2019,5/7/2019
SEWA_S08_TMF1,47.42278,-121.94978,Spring19,4/2/2019 13:48,Homo sapiens,3/25/2019,5/7/2019
SEWA_S08_TMF1,47.42278,-121.94978,Spring19,4/6/2019 7:42,Cervus canadensis,3/25/2019,5/7/2019
SEWA_S08_TMF1,47.42278,-121.94978,Spring19,4/8/2019 7:41,Cervus canadensis,3/25/2019,5/7/2019
SEWA_S08_TMF1,47.42278,-121.94978,Spring19,4/8/2019 7:42,Cervus canadensis,3/25/2019,5/7/2019
SEWA_S08_TMF1,47.42278,-121.94978,Spring19,4/21/2019 7:56,Sciurus carolinensis,3/25/2019,5/7/2019
SEWA_S08_TMF1,47.42278,-121.94978,Spring19,4/21/2019 9:44,Cervus canadensis,3/25/2019,5/7/2019
SEWA_S08_TMF1,47.42278,-121.94978,Spring19,4/23/2019 20:10,Odocoileus hemionus,3/25/2019,5/7/2019
SEWA_S08_TMF1,47.42278,-121.94978,Spring19,5/1/2019 6:19,Cervus canadensis,3/25/2019,5/7/2019
SEWA_S08_TMF1,47.42278,-121.94978,Spring19,5/2/2019 13:27,Homo sapiens,3/25/2019,5/7/2019
SEWA_N01_DSP1,47.6598,-122.41942,Summer19,7/6/2019 14:21,Homo sapiens,6/24/2019,8/7/2019
SEWA_N01_DSP1,47.6598,-122.41942,Summer19,7/6/2019 14:23,Homo sapiens,6/24/2019,8/7/2019
SEWA_N01_DSP1,47.6598,-122.41942,Summer19,7/6/2019 14:23,Canis familiaris,6/24/2019,8/7/2019
SEWA_N01_DSP1,47.6598,-122.41942,Summer19,7/7/2019 5:35,Sylvilagus floridanus,6/24/2019,8/7/2019
SEWA_N01_DSP1,47.6598,-122.41942,Summer19,7/11/2019 18:05,Canis familiaris,6/24/2019,8/7/2019
SEWA_N01_DSP1,47.6598,-122.41942,Summer19,7/12/2019 9:05,Canis familiaris,6/24/2019,8/7/2019
SEWA_N01_DSP1,47.6598,-122.41942,Summer19,7/13/2019 1:10,Didelphis virginiana,6/24/2019,8/7/2019
SEWA_N01_DSP1,47.6598,-122.41942,Summer19,7/13/2019 6:07,Sylvilagus floridanus,6/24/2019,8/7/2019
SEWA_N01_DSP1,47.6598,-122.41942,Summer19,7/13/2019 8:11,Canis familiaris,6/24/2019,8/7/2019
SEWA_N01_DSP1,47.6598,-122.41942,Summer19,7/14/2019 21:31,Sylvilagus floridanus,6/24/2019,8/7/2019
SEWA_N01_DSP1,47.6598,-122.41942,Summer19,7/14/2019 21:39,Sylvilagus floridanus,6/24/2019,8/7/2019
SEWA_N01_DSP1,47.6598,-122.41942,Summer19,7/15/2019 15:15,Canis familiaris,6/24/2019,8/7/2019
SEWA_N01_DSP1,47.6598,-122.41942,Summer19,7/16/2019 0:30,Procyon lotor,6/24/2019,8/7/2019
SEWA_N01_DSP1,47.6598,-122.41942,Summer19,7/16/2019 9:46,Canis familiaris,6/24/2019,8/7/2019
SEWA_N01_DSP1,47.6598,-122.41942,Summer19,7/18/2019 10:22,Homo sapiens,6/24/2019,8/7/2019
SEWA_N01_DSP1,47.6598,-122.41942,Summer19,7/20/2019 2:59,Didelphis virginiana,6/24/2019,8/7/2019
SEWA_N01_DSP1,47.6598,-122.41942,Summer19,7/21/2019 3:47,Didelphis virginiana,6/24/2019,8/7/2019
SEWA_N01_DSP1,47.6598,-122.41942,Summer19,7/22/2019 4:15,Didelphis virginiana,6/24/2019,8/7/2019
SEWA_N01_DSP1,47.6598,-122.41942,Summer19,7/22/2019 8:09,Sylvilagus floridanus,6/24/2019,8/7/2019
SEWA_N01_DSP1,47.6598,-122.41942,Summer19,7/23/2019 6:00,Sylvilagus floridanus,6/24/2019,8/7/2019
SEWA_N01_DSP1,47.6598,-122.41942,Summer19,7/23/2019 6:32,Sylvilagus floridanus,6/24/2019,8/7/2019
SEWA_N01_DSP1,47.6598,-122.41942,Summer19,7/23/2019 6:33,Sylvilagus floridanus,6/24/2019,8/7/2019
SEWA_N01_DSP1,47.6598,-122.41942,Summer19,7/23/2019 6:34,Sylvilagus floridanus,6/24/2019,8/7/2019
SEWA_N01_DSP1,47.6598,-122.41942,Summer19,7/23/2019 13:46,Sylvilagus floridanus,6/24/2019,8/7/2019
SEWA_N01_DSP1,47.6598,-122.41942,Summer19,7/23/2019 17:31,Sylvilagus floridanus,6/24/2019,8/7/2019
SEWA_N01_DSP1,47.6598,-122.41942,Summer19,7/23/2019 18:10,Sylvilagus floridanus,6/24/2019,8/7/2019
SEWA_N01_DSP1,47.6598,-122.41942,Summer19,7/23/2019 19:02,Sylvilagus floridanus,6/24/2019,8/7/2019
SEWA_N01_DSP1,47.6598,-122.41942,Summer19,7/23/2019 19:47,Sylvilagus floridanus,6/24/2019,8/7/2019
SEWA_N01_DSP1,47.6598,-122.41942,Summer19,7/24/2019 3:52,Didelphis virginiana,6/24/2019,8/7/2019
SEWA_N01_DSP1,47.6598,-122.41942,Summer19,7/24/2019 19:26,Sylvilagus floridanus,6/24/2019,8/7/2019
SEWA_N01_DSP1,47.6598,-122.41942,Summer19,7/28/2019 23:47,Didelphis virginiana,6/24/2019,8/7/2019
SEWA_N01_DSP1,47.6598,-122.41942,Summer19,7/29/2019 6:26,Sylvilagus floridanus,6/24/2019,8/7/2019
SEWA_N01_DSP1,47.6598,-122.41942,Summer19,7/29/2019 9:37,Canis familiaris,6/24/2019,8/7/2019
SEWA_N01_DSP1,47.6598,-122.41942,Summer19,7/30/2019 1:46,Didelphis virginiana,6/24/2019,8/7/2019
SEWA_N01_DSP1,47.6598,-122.41942,Summer19,8/6/2019 8:28,Sylvilagus floridanus,6/24/2019,8/7/2019
SEWA_N01_DSP1,47.6598,-122.41942,Summer19,8/6/2019 19:13,Homo sapiens,6/24/2019,8/7/2019
SEWA_N01_DSP1,47.6598,-122.41942,Summer19,8/6/2019 19:22,Homo sapiens,6/24/2019,8/7/2019
SEWA_N02_LWP2,47.669,-122.34474,Summer19,7/8/2019 11:19,Homo sapiens,6/24/2019,8/7/2019
SEWA_N02_LWP2,47.669,-122.34474,Summer19,7/10/2019 14:35,Homo sapiens,6/24/2019,8/7/2019
SEWA_N02_LWP2,47.669,-122.34474,Summer19,7/10/2019 19:25,Homo sapiens,6/24/2019,8/7/2019
SEWA_N02_LWP2,47.669,-122.34474,Summer19,7/14/2019 7:23,Sciurus carolinensis,6/24/2019,8/7/2019
SEWA_N02_LWP2,47.669,-122.34474,Summer19,7/14/2019 10:04,Sciurus carolinensis,6/24/2019,8/7/2019
SEWA_N02_LWP2,47.669,-122.34474,Summer19,7/14/2019 19:30,Homo sapiens,6/24/2019,8/7/2019
SEWA_N02_LWP2,47.669,-122.34474,Summer19,7/15/2019 18:14,Homo sapiens,6/24/2019,8/7/2019
SEWA_N02_LWP2,47.669,-122.34474,Summer19,7/15/2019 18:22,Homo sapiens,6/24/2019,8/7/2019
SEWA_N02_LWP2,47.669,-122.34474,Summer19,7/17/2019 11:51,Homo sapiens,6/24/2019,8/7/2019
SEWA_N02_LWP2,47.669,-122.34474,Summer19,7/17/2019 22:56,Homo sapiens,6/24/2019,8/7/2019
SEWA_N02_LWP2,47.669,-122.34474,Summer19,7/18/2019 12:02,Sciurus carolinensis,6/24/2019,8/7/2019
SEWA_N02_LWP2,47.669,-122.34474,Summer19,7/18/2019 12:43,Homo sapiens,6/24/2019,8/7/2019
SEWA_N02_LWP2,47.669,-122.34474,Summer19,7/19/2019 7:05,Canis familiaris,6/24/2019,8/7/2019
SEWA_N02_LWP2,47.669,-122.34474,Summer19,7/19/2019 9:05,Sciurus carolinensis,6/24/2019,8/7/2019
SEWA_N02_LWP2,47.669,-122.34474,Summer19,7/19/2019 12:40,Canis familiaris,6/24/2019,8/7/2019
SEWA_N02_LWP2,47.669,-122.34474,Summer19,7/21/2019 20:13,Canis familiaris,6/24/2019,8/7/2019
SEWA_N02_LWP2,47.669,-122.34474,Summer19,7/23/2019 14:29,Sciurus carolinensis,6/24/2019,8/7/2019
SEWA_N02_LWP2,47.669,-122.34474,Summer19,7/23/2019 17:26,Homo sapiens,6/24/2019,8/7/2019
SEWA_N02_LWP2,47.669,-122.34474,Summer19,7/24/2019 14:49,Sciurus carolinensis,6/24/2019,8/7/2019
SEWA_N02_LWP2,47.669,-122.34474,Summer19,7/29/2019 11:53,Sciurus carolinensis,6/24/2019,8/7/2019
SEWA_N02_LWP2,47.669,-122.34474,Summer19,7/29/2019 16:28,Homo sapiens,6/24/2019,8/7/2019
SEWA_N02_LWP2,47.669,-122.34474,Summer19,7/29/2019 16:28,Canis familiaris,6/24/2019,8/7/2019
SEWA_N02_LWP2,47.669,-122.34474,Summer19,7/30/2019 7:46,Canis familiaris,6/24/2019,8/7/2019
SEWA_N02_LWP2,47.669,-122.34474,Summer19,8/1/2019 9:32,Homo sapiens,6/24/2019,8/7/2019
SEWA_N02_LWP2,47.669,-122.34474,Summer19,8/1/2019 11:10,Homo sapiens,6/24/2019,8/7/2019
SEWA_N02_LWP2,47.669,-122.34474,Summer19,8/1/2019 11:49,Canis familiaris,6/24/2019,8/7/2019
SEWA_N02_LWP2,47.669,-122.34474,Summer19,8/1/2019 17:38,Homo sapiens,6/24/2019,8/7/2019
SEWA_N02_LWP2,47.669,-122.34474,Summer19,8/1/2019 18:03,Homo sapiens,6/24/2019,8/7/2019
SEWA_N02_LWP2,47.669,-122.34474,Summer19,8/5/2019 9:13,Canis familiaris,6/24/2019,8/7/2019
SEWA_N02_LWP2,47.669,-122.34474,Summer19,8/5/2019 9:13,Homo sapiens,6/24/2019,8/7/2019
SEWA_N02_LWP2,47.669,-122.34474,Summer19,8/6/2019 9:17,Sciurus carolinensis,6/24/2019,8/7/2019
SEWA_N02_PHN1,47.6723,-122.3598,Summer19,6/24/2019 6:03,Homo sapiens,6/24/2019,8/7/2019
SEWA_N02_PHN1,47.6723,-122.3598,Summer19,6/24/2019 6:24,Homo sapiens,6/24/2019,8/7/2019
SEWA_N02_PHN1,47.6723,-122.3598,Summer19,6/24/2019 6:51,Corvus brachyrhynchos,6/24/2019,8/7/2019
SEWA_N02_PHN1,47.6723,-122.3598,Summer19,6/24/2019 11:09,Canis familiaris,6/24/2019,8/7/2019
SEWA_N02_PHN1,47.6723,-122.3598,Summer19,6/24/2019 11:09,Homo sapiens,6/24/2019,8/7/2019
SEWA_N02_PHN1,47.6723,-122.3598,Summer19,6/24/2019 12:58,Sciurus carolinensis,6/24/2019,8/7/2019
SEWA_N02_PHN1,47.6723,-122.3598,Summer19,6/24/2019 18:08,Homo sapiens,6/24/2019,8/7/2019
SEWA_N02_PHN1,47.6723,-122.3598,Summer19,6/24/2019 18:11,Homo sapiens,6/24/2019,8/7/2019
SEWA_N02_PHN1,47.6723,-122.3598,Summer19,6/24/2019 18:11,Canis familiaris,6/24/2019,8/7/2019
SEWA_N02_PHN1,47.6723,-122.3598,Summer19,6/24/2019 20:09,Homo sapiens,6/24/2019,8/7/2019
SEWA_N02_PHN1,47.6723,-122.3598,Summer19,6/24/2019 21:15,Procyon lotor,6/24/2019,8/7/2019
SEWA_N02_PHN1,47.6723,-122.3598,Summer19,6/25/2019 6:25,Homo sapiens,6/24/2019,8/7/2019
SEWA_N02_PHN1,47.6723,-122.3598,Summer19,6/25/2019 12:30,Corvus brachyrhynchos,6/24/2019,8/7/2019
SEWA_N02_PHN1,47.6723,-122.3598,Summer19,6/25/2019 14:29,Homo sapiens,6/24/2019,8/7/2019
SEWA_N02_PHN1,47.6723,-122.3598,Summer19,6/25/2019 14:48,Homo sapiens,6/24/2019,8/7/2019
SEWA_N02_PHN1,47.6723,-122.3598,Summer19,6/25/2019 17:18,Homo sapiens,6/24/2019,8/7/2019
SEWA_N02_PHN1,47.6723,-122.3598,Summer19,6/25/2019 17:48,Homo sapiens,6/24/2019,8/7/2019
SEWA_N02_PHN1,47.6723,-122.3598,Summer19,6/25/2019 17:48,Canis familiaris,6/24/2019,8/7/2019
SEWA_N02_PHN1,47.6723,-122.3598,Summer19,6/26/2019 6:05,Homo sapiens,6/24/2019,8/7/2019
SEWA_N02_PHN1,47.6723,-122.3598,Summer19,6/26/2019 7:04,Homo sapiens,6/24/2019,8/7/2019
SEWA_N02_PHN1,47.6723,-122.3598,Summer19,6/26/2019 7:04,Corvus brachyrhynchos,6/24/2019,8/7/2019
SEWA_N02_PHN1,47.6723,-122.3598,Summer19,6/26/2019 7:42,Corvus brachyrhynchos,6/24/2019,8/7/2019
SEWA_N02_PHN1,47.6723,-122.3598,Summer19,6/26/2019 12:40,Canis familiaris,6/24/2019,8/7/2019
SEWA_N02_PHN1,47.6723,-122.3598,Summer19,6/26/2019 12:44,Canis familiaris,6/24/2019,8/7/2019
SEWA_N02_PHN1,47.6723,-122.3598,Summer19,6/27/2019 6:07,Homo sapiens,6/24/2019,8/7/2019
SEWA_N02_PHN1,47.6723,-122.3598,Summer19,6/27/2019 10:13,Homo sapiens,6/24/2019,8/7/2019
SEWA_N02_PHN1,47.6723,-122.3598,Summer19,6/27/2019 10:15,Homo sapiens,6/24/2019,8/7/2019
SEWA_N02_PHN1,47.6723,-122.3598,Summer19,6/27/2019 10:17,Homo sapiens,6/24/2019,8/7/2019
SEWA_N02_PHN1,47.6723,-122.3598,Summer19,6/27/2019 10:46,Corvus brachyrhynchos,6/24/2019,8/7/2019
SEWA_N02_PHN1,47.6723,-122.3598,Summer19,6/27/2019 11:12,Corvus brachyrhynchos,6/24/2019,8/7/2019
SEWA_N02_PHN1,47.6723,-122.3598,Summer19,6/27/2019 11:14,Corvus brachyrhynchos,6/24/2019,8/7/2019
SEWA_N02_PHN1,47.6723,-122.3598,Summer19,6/27/2019 11:25,Corvus brachyrhynchos,6/24/2019,8/7/2019
SEWA_N02_PHN1,47.6723,-122.3598,Summer19,6/27/2019 13:46,Homo sapiens,6/24/2019,8/7/2019
SEWA_N02_PHN1,47.6723,-122.3598,Summer19,6/27/2019 14:50,Homo sapiens,6/24/2019,8/7/2019
SEWA_N02_PHN1,47.6723,-122.3598,Summer19,6/27/2019 19:23,Homo sapiens,6/24/2019,8/7/2019
SEWA_N02_PHN1,47.6723,-122.3598,Summer19,6/27/2019 19:56,Canis familiaris,6/24/2019,8/7/2019
SEWA_N02_PHN1,47.6723,-122.3598,Summer19,6/27/2019 19:56,Homo sapiens,6/24/2019,8/7/2019
SEWA_N02_PHN1,47.6723,-122.3598,Summer19,6/27/2019 19:58,Homo sapiens,6/24/2019,8/7/2019
SEWA_N02_PHN1,47.6723,-122.3598,Summer19,6/27/2019 19:58,Canis familiaris,6/24/2019,8/7/2019
SEWA_N02_PHN1,47.6723,-122.3598,Summer19,6/27/2019 20:00,Canis familiaris,6/24/2019,8/7/2019
SEWA_N02_PHN1,47.6723,-122.3598,Summer19,6/27/2019 20:00,Homo sapiens,6/24/2019,8/7/2019
SEWA_N02_PHN1,47.6723,-122.3598,Summer19,6/27/2019 20:04,Homo sapiens,6/24/2019,8/7/2019
SEWA_N02_PHN1,47.6723,-122.3598,Summer19,6/28/2019 5:00,Sciurus carolinensis,6/24/2019,8/7/2019
SEWA_N02_PHN1,47.6723,-122.3598,Summer19,6/28/2019 6:28,Homo sapiens,6/24/2019,8/7/2019
SEWA_N02_PHN1,47.6723,-122.3598,Summer19,6/28/2019 7:58,Sciurus carolinensis,6/24/2019,8/7/2019
SEWA_N02_PHN1,47.6723,-122.3598,Summer19,6/28/2019 9:17,Corvus brachyrhynchos,6/24/2019,8/7/2019
SEWA_N02_PHN1,47.6723,-122.3598,Summer19,6/28/2019 9:20,Corvus brachyrhynchos,6/24/2019,8/7/2019
SEWA_N02_PHN1,47.6723,-122.3598,Summer19,6/28/2019 10:14,Corvus brachyrhynchos,6/24/2019,8/7/2019
SEWA_N02_PHN1,47.6723,-122.3598,Summer19,6/28/2019 10:58,Homo sapiens,6/24/2019,8/7/2019
SEWA_N02_PHN1,47.6723,-122.3598,Summer19,6/28/2019 13:07,Homo sapiens,6/24/2019,8/7/2019
SEWA_N02_PHN1,47.6723,-122.3598,Summer19,6/28/2019 13:07,Canis familiaris,6/24/2019,8/7/2019
SEWA_N02_PHN1,47.6723,-122.3598,Summer19,6/28/2019 13:21,Canis familiaris,6/24/2019,8/7/2019
SEWA_N02_PHN1,47.6723,-122.3598,Summer19,6/28/2019 13:21,Homo sapiens,6/24/2019,8/7/2019
SEWA_N02_PHN1,47.6723,-122.3598,Summer19,6/28/2019 14:38,Homo sapiens,6/24/2019,8/7/2019
SEWA_N02_PHN1,47.6723,-122.3598,Summer19,6/28/2019 17:50,Homo sapiens,6/24/2019,8/7/2019
SEWA_N02_PHN1,47.6723,-122.3598,Summer19,6/28/2019 19:15,Homo sapiens,6/24/2019,8/7/2019
SEWA_N02_PHN1,47.6723,-122.3598,Summer19,6/29/2019 5:58,Sciurus carolinensis,6/24/2019,8/7/2019
SEWA_N02_PHN1,47.6723,-122.3598,Summer19,6/29/2019 6:06,Corvus brachyrhynchos,6/24/2019,8/7/2019
SEWA_N02_PHN1,47.6723,-122.3598,Summer19,6/29/2019 6:34,Corvus brachyrhynchos,6/24/2019,8/7/2019
SEWA_N02_PHN1,47.6723,-122.3598,Summer19,6/29/2019 11:45,Canis familiaris,6/24/2019,8/7/2019
SEWA_N02_PHN1,47.6723,-122.3598,Summer19,6/29/2019 11:49,Canis familiaris,6/24/2019,8/7/2019
SEWA_N02_PHN1,47.6723,-122.3598,Summer19,6/29/2019 12:03,Homo sapiens,6/24/2019,8/7/2019
SEWA_N02_PHN1,47.6723,-122.3598,Summer19,6/29/2019 12:18,Homo sapiens,6/24/2019,8/7/2019
SEWA_N02_PHN1,47.6723,-122.3598,Summer19,6/29/2019 12:23,Homo sapiens,6/24/2019,8/7/2019
SEWA_N02_PHN1,47.6723,-122.3598,Summer19,6/29/2019 13:14,Canis familiaris,6/24/2019,8/7/2019
SEWA_N02_PHN1,47.6723,-122.3598,Summer19,6/29/2019 13:38,Homo sapiens,6/24/2019,8/7/2019
SEWA_N02_PHN1,47.6723,-122.3598,Summer19,6/29/2019 15:34,Homo sapiens,6/24/2019,8/7/2019
SEWA_N02_PHN1,47.6723,-122.3598,Summer19,6/29/2019 15:35,Homo sapiens,6/24/2019,8/7/2019
SEWA_N02_PHN1,47.6723,-122.3598,Summer19,6/29/2019 17:04,Homo sapiens,6/24/2019,8/7/2019
SEWA_N02_PHN1,47.6723,-122.3598,Summer19,6/29/2019 19:46,Canis familiaris,6/24/2019,8/7/2019
SEWA_N02_PHN1,47.6723,-122.3598,Summer19,6/29/2019 19:46,Homo sapiens,6/24/2019,8/7/2019
SEWA_N02_PHN1,47.6723,-122.3598,Summer19,6/29/2019 19:47,Homo sapiens,6/24/2019,8/7/2019
SEWA_N02_PHN1,47.6723,-122.3598,Summer19,6/29/2019 19:47,Canis familiaris,6/24/2019,8/7/2019
SEWA_N02_PHN1,47.6723,-122.3598,Summer19,6/29/2019 20:58,Homo sapiens,6/24/2019,8/7/2019
SEWA_N02_PHN1,47.6723,-122.3598,Summer19,6/30/2019 7:08,Homo sapiens,6/24/2019,8/7/2019
SEWA_N02_PHN1,47.6723,-122.3598,Summer19,6/30/2019 7:23,Sciurus carolinensis,6/24/2019,8/7/2019
SEWA_N02_PHN1,47.6723,-122.3598,Summer19,6/30/2019 8:45,Homo sapiens,6/24/2019,8/7/2019
SEWA_N02_PHN1,47.6723,-122.3598,Summer19,6/30/2019 11:21,Canis familiaris,6/24/2019,8/7/2019
SEWA_N02_PHN1,47.6723,-122.3598,Summer19,6/30/2019 11:21,Homo sapiens,6/24/2019,8/7/2019
SEWA_N02_PHN1,47.6723,-122.3598,Summer19,6/30/2019 14:48,Homo sapiens,6/24/2019,8/7/2019
SEWA_N02_PHN1,47.6723,-122.3598,Summer19,6/30/2019 17:17,Homo sapiens,6/24/2019,8/7/2019
SEWA_N02_PHN1,47.6723,-122.3598,Summer19,6/30/2019 17:17,Canis familiaris,6/24/2019,8/7/2019
SEWA_N02_PHN1,47.6723,-122.3598,Summer19,6/30/2019 20:36,Canis familiaris,6/24/2019,8/7/2019
SEWA_N02_PHN1,47.6723,-122.3598,Summer19,6/30/2019 21:14,Canis familiaris,6/24/2019,8/7/2019
SEWA_N02_PHN1,47.6723,-122.3598,Summer19,6/30/2019 21:16,Homo sapiens,6/24/2019,8/7/2019
SEWA_N02_PHN1,47.6723,-122.3598,Summer19,6/30/2019 21:16,Canis familiaris,6/24/2019,8/7/2019
SEWA_N02_PHN1,47.6723,-122.3598,Summer19,6/30/2019 21:20,Homo sapiens,6/24/2019,8/7/2019
SEWA_N02_PHN1,47.6723,-122.3598,Summer19,7/1/2019 6:23,Homo sapiens,6/24/2019,8/7/2019
SEWA_N02_PHN1,47.6723,-122.3598,Summer19,7/1/2019 8:28,Corvus brachyrhynchos,6/24/2019,8/7/2019
SEWA_N02_PHN1,47.6723,-122.3598,Summer19,7/1/2019 12:18,Corvus brachyrhynchos,6/24/2019,8/7/2019
SEWA_N02_PHN1,47.6723,-122.3598,Summer19,7/1/2019 14:10,Homo sapiens,6/24/2019,8/7/2019
SEWA_N02_PHN1,47.6723,-122.3598,Summer19,7/1/2019 18:10,Homo sapiens,6/24/2019,8/7/2019
SEWA_N02_PHN1,47.6723,-122.3598,Summer19,7/1/2019 19:28,Homo sapiens,6/24/2019,8/7/2019
SEWA_N02_PHN1,47.6723,-122.3598,Summer19,7/1/2019 20:57,Homo sapiens,6/24/2019,8/7/2019
SEWA_N02_PHN1,47.6723,-122.3598,Summer19,7/2/2019 6:17,Homo sapiens,6/24/2019,8/7/2019
SEWA_N02_PHN1,47.6723,-122.3598,Summer19,7/2/2019 7:15,Sciurus carolinensis,6/24/2019,8/7/2019
SEWA_N02_PHN1,47.6723,-122.3598,Summer19,7/2/2019 7:15,Corvus brachyrhynchos,6/24/2019,8/7/2019
SEWA_N02_PHN1,47.6723,-122.3598,Summer19,7/2/2019 7:19,Homo sapiens,6/24/2019,8/7/2019
SEWA_N02_PHN1,47.6723,-122.3598,Summer19,7/2/2019 7:19,Canis familiaris,6/24/2019,8/7/2019
SEWA_N02_PHN1,47.6723,-122.3598,Summer19,7/2/2019 10:08,Sciurus carolinensis,6/24/2019,8/7/2019
SEWA_N02_PHN1,47.6723,-122.3598,Summer19,7/2/2019 10:08,Corvus brachyrhynchos,6/24/2019,8/7/2019
SEWA_N02_PHN1,47.6723,-122.3598,Summer19,7/2/2019 11:37,Homo sapiens,6/24/2019,8/7/2019
SEWA_N02_PHN1,47.6723,-122.3598,Summer19,7/2/2019 12:04,Canis familiaris,6/24/2019,8/7/2019
SEWA_N02_PHN1,47.6723,-122.3598,Summer19,7/2/2019 12:41,Sciurus carolinensis,6/24/2019,8/7/2019
SEWA_N02_PHN1,47.6723,-122.3598,Summer19,7/2/2019 21:18,Homo sapiens,6/24/2019,8/7/2019
SEWA_N02_PHN1,47.6723,-122.3598,Summer19,7/2/2019 21:18,Canis familiaris,6/24/2019,8/7/2019
SEWA_N02_PHN1,47.6723,-122.3598,Summer19,7/3/2019 5:59,Sciurus carolinensis,6/24/2019,8/7/2019
SEWA_N02_PHN1,47.6723,-122.3598,Summer19,7/3/2019 6:18,Homo sapiens,6/24/2019,8/7/2019
SEWA_N02_PHN1,47.6723,-122.3598,Summer19,7/3/2019 8:21,Sciurus carolinensis,6/24/2019,8/7/2019
SEWA_N02_PHN1,47.6723,-122.3598,Summer19,7/4/2019 2:33,Homo sapiens,6/24/2019,8/7/2019
SEWA_N02_PHN1,47.6723,-122.3598,Summer19,7/4/2019 7:16,Homo sapiens,6/24/2019,8/7/2019
SEWA_N02_PHN1,47.6723,-122.3598,Summer19,7/4/2019 9:22,Corvus brachyrhynchos,6/24/2019,8/7/2019
SEWA_N02_PHN1,47.6723,-122.3598,Summer19,7/4/2019 10:00,Homo sapiens,6/24/2019,8/7/2019
SEWA_N02_PHN1,47.6723,-122.3598,Summer19,7/4/2019 11:00,Corvus brachyrhynchos,6/24/2019,8/7/2019
SEWA_N02_PHN1,47.6723,-122.3598,Summer19,7/4/2019 11:58,Homo sapiens,6/24/2019,8/7/2019
SEWA_N02_PHN1,47.6723,-122.3598,Summer19,7/4/2019 12:05,Homo sapiens,6/24/2019,8/7/2019
SEWA_N02_PHN1,47.6723,-122.3598,Summer19,7/4/2019 16:13,Canis familiaris,6/24/2019,8/7/2019
SEWA_N02_PHN1,47.6723,-122.3598,Summer19,7/4/2019 16:17,Canis familiaris,6/24/2019,8/7/2019
SEWA_N02_PHN1,47.6723,-122.3598,Summer19,7/4/2019 16:19,Canis familiaris,6/24/2019,8/7/2019
SEWA_N02_PHN1,47.6723,-122.3598,Summer19,7/4/2019 16:20,Canis familiaris,6/24/2019,8/7/2019
SEWA_N02_PHN1,47.6723,-122.3598,Summer19,7/4/2019 16:23,Canis familiaris,6/24/2019,8/7/2019
SEWA_N02_PHN1,47.6723,-122.3598,Summer19,7/4/2019 16:25,Canis familiaris,6/24/2019,8/7/2019
SEWA_N02_PHN1,47.6723,-122.3598,Summer19,7/4/2019 21:29,Homo sapiens,6/24/2019,8/7/2019
SEWA_N02_PHN1,47.6723,-122.3598,Summer19,7/5/2019 7:23,Sciurus carolinensis,6/24/2019,8/7/2019
SEWA_N02_PHN1,47.6723,-122.3598,Summer19,7/5/2019 7:42,Sciurus carolinensis,6/24/2019,8/7/2019
SEWA_N02_PHN1,47.6723,-122.3598,Summer19,7/5/2019 7:43,Sciurus carolinensis,6/24/2019,8/7/2019
SEWA_N02_PHN1,47.6723,-122.3598,Summer19,7/5/2019 9:37,Corvus brachyrhynchos,6/24/2019,8/7/2019
SEWA_N02_PHN1,47.6723,-122.3598,Summer19,7/5/2019 9:37,Sciurus carolinensis,6/24/2019,8/7/2019
SEWA_N02_PHN1,47.6723,-122.3598,Summer19,7/5/2019 12:07,Corvus brachyrhynchos,6/24/2019,8/7/2019
SEWA_N02_PHN1,47.6723,-122.3598,Summer19,7/5/2019 12:13,Corvus brachyrhynchos,6/24/2019,8/7/2019
SEWA_N02_PHN1,47.6723,-122.3598,Summer19,7/5/2019 13:27,Homo sapiens,6/24/2019,8/7/2019
SEWA_N02_PHN1,47.6723,-122.3598,Summer19,7/5/2019 14:12,Homo sapiens,6/24/2019,8/7/2019
SEWA_N02_PHN1,47.6723,-122.3598,Summer19,7/5/2019 14:12,Canis familiaris,6/24/2019,8/7/2019
SEWA_N02_PHN1,47.6723,-122.3598,Summer19,7/5/2019 15:40,Canis familiaris,6/24/2019,8/7/2019
SEWA_N02_PHN1,47.6723,-122.3598,Summer19,7/5/2019 15:44,Canis familiaris,6/24/2019,8/7/2019
SEWA_N02_PHN1,47.6723,-122.3598,Summer19,7/5/2019 15:46,Canis familiaris,6/24/2019,8/7/2019
SEWA_N02_PHN1,47.6723,-122.3598,Summer19,7/5/2019 15:47,Canis familiaris,6/24/2019,8/7/2019
SEWA_N02_PHN1,47.6723,-122.3598,Summer19,7/5/2019 17:06,Canis familiaris,6/24/2019,8/7/2019
SEWA_N02_PHN1,47.6723,-122.3598,Summer19,7/5/2019 17:06,Homo sapiens,6/24/2019,8/7/2019
SEWA_N02_PHN1,47.6723,-122.3598,Summer19,7/5/2019 20:59,Canis familiaris,6/24/2019,8/7/2019
SEWA_N02_PHN1,47.6723,-122.3598,Summer19,7/5/2019 20:59,Homo sapiens,6/24/2019,8/7/2019
SEWA_N02_PHN1,47.6723,-122.3598,Summer19,7/6/2019 6:29,Canis familiaris,6/24/2019,8/7/2019
SEWA_N02_PHN1,47.6723,-122.3598,Summer19,7/6/2019 6:29,Homo sapiens,6/24/2019,8/7/2019
SEWA_N02_PHN1,47.6723,-122.3598,Summer19,7/6/2019 6:49,Homo sapiens,6/24/2019,8/7/2019
SEWA_N02_PHN1,47.6723,-122.3598,Summer19,7/6/2019 8:27,Sciurus carolinensis,6/24/2019,8/7/2019
SEWA_N02_PHN1,47.6723,-122.3598,Summer19,7/6/2019 8:50,Corvus brachyrhynchos,6/24/2019,8/7/2019
SEWA_N02_PHN1,47.6723,-122.3598,Summer19,7/6/2019 8:55,Corvus brachyrhynchos,6/24/2019,8/7/2019
SEWA_N02_PHN1,47.6723,-122.3598,Summer19,7/6/2019 10:12,Canis familiaris,6/24/2019,8/7/2019
SEWA_N02_PHN1,47.6723,-122.3598,Summer19,7/6/2019 10:12,Homo sapiens,6/24/2019,8/7/2019
SEWA_N02_PHN1,47.6723,-122.3598,Summer19,7/6/2019 14:49,Homo sapiens,6/24/2019,8/7/2019
SEWA_N02_PHN1,47.6723,-122.3598,Summer19,7/6/2019 16:16,Canis familiaris,6/24/2019,8/7/2019
SEWA_N02_PHN1,47.6723,-122.3598,Summer19,7/6/2019 16:16,Homo sapiens,6/24/2019,8/7/2019
SEWA_N02_PHN1,47.6723,-122.3598,Summer19,7/6/2019 19:15,Homo sapiens,6/24/2019,8/7/2019
SEWA_N02_PHN1,47.6723,-122.3598,Summer19,7/7/2019 2:54,Felis catus,6/24/2019,8/7/2019
SEWA_N02_PHN1,47.6723,-122.3598,Summer19,7/7/2019 6:04,Corvus brachyrhynchos,6/24/2019,8/7/2019
SEWA_N02_PHN1,47.6723,-122.3598,Summer19,7/7/2019 6:06,Corvus brachyrhynchos,6/24/2019,8/7/2019
SEWA_N02_PHN1,47.6723,-122.3598,Summer19,7/7/2019 6:10,Corvus brachyrhynchos,6/24/2019,8/7/2019
SEWA_N02_PHN1,47.6723,-122.3598,Summer19,7/7/2019 6:15,Corvus brachyrhynchos,6/24/2019,8/7/2019
SEWA_N02_PHN1,47.6723,-122.3598,Summer19,7/7/2019 6:20,Corvus brachyrhynchos,6/24/2019,8/7/2019
SEWA_N02_PHN1,47.6723,-122.3598,Summer19,7/7/2019 6:29,Corvus brachyrhynchos,6/24/2019,8/7/2019
SEWA_N02_PHN1,47.6723,-122.3598,Summer19,7/7/2019 6:54,Homo sapiens,6/24/2019,8/7/2019
SEWA_N02_PHN1,47.6723,-122.3598,Summer19,7/7/2019 7:57,Corvus brachyrhynchos,6/24/2019,8/7/2019
SEWA_N02_PHN1,47.6723,-122.3598,Summer19,7/7/2019 8:01,Corvus brachyrhynchos,6/24/2019,8/7/2019
SEWA_N02_PHN1,47.6723,-122.3598,Summer19,7/7/2019 8:05,Corvus brachyrhynchos,6/24/2019,8/7/2019
SEWA_N02_PHN1,47.6723,-122.3598,Summer19,7/7/2019 8:10,Corvus brachyrhynchos,6/24/2019,8/7/2019
SEWA_N02_PHN1,47.6723,-122.3598,Summer19,7/7/2019 8:34,Canis familiaris,6/24/2019,8/7/2019
SEWA_N02_PHN1,47.6723,-122.3598,Summer19,7/7/2019 9:49,Corvus brachyrhynchos,6/24/2019,8/7/2019
SEWA_N02_PHN1,47.6723,-122.3598,Summer19,7/7/2019 10:30,Canis familiaris,6/24/2019,8/7/2019
SEWA_N02_PHN1,47.6723,-122.3598,Summer19,7/7/2019 10:30,Homo sapiens,6/24/2019,8/7/2019
SEWA_N02_PHN1,47.6723,-122.3598,Summer19,7/7/2019 13:04,Homo sapiens,6/24/2019,8/7/2019
SEWA_N02_PHN1,47.6723,-122.3598,Summer19,7/7/2019 13:46,Homo sapiens,6/24/2019,8/7/2019
SEWA_N02_PHN1,47.6723,-122.3598,Summer19,7/7/2019 16:46,Canis familiaris,6/24/2019,8/7/2019
SEWA_N02_PHN1,47.6723,-122.3598,Summer19,7/7/2019 16:46,Homo sapiens,6/24/2019,8/7/2019
SEWA_N02_PHN1,47.6723,-122.3598,Summer19,7/7/2019 18:27,Homo sapiens,6/24/2019,8/7/2019
SEWA_N02_PHN1,47.6723,-122.3598,Summer19,7/7/2019 18:29,Homo sapiens,6/24/2019,8/7/2019
SEWA_N02_PHN1,47.6723,-122.3598,Summer19,7/8/2019 6:07,Homo sapiens,6/24/2019,8/7/2019
SEWA_N02_PHN1,47.6723,-122.3598,Summer19,7/8/2019 6:52,Homo sapiens,6/24/2019,8/7/2019
SEWA_N02_PHN1,47.6723,-122.3598,Summer19,7/8/2019 7:17,Sciurus carolinensis,6/24/2019,8/7/2019
SEWA_N02_PHN1,47.6723,-122.3598,Summer19,7/8/2019 10:01,Sciurus carolinensis,6/24/2019,8/7/2019
SEWA_N02_PHN1,47.6723,-122.3598,Summer19,7/8/2019 10:22,Homo sapiens,6/24/2019,8/7/2019
SEWA_N02_PHN1,47.6723,-122.3598,Summer19,7/8/2019 12:13,Corvus brachyrhynchos,6/24/2019,8/7/2019
SEWA_N02_PHN1,47.6723,-122.3598,Summer19,7/8/2019 12:16,Corvus brachyrhynchos,6/24/2019,8/7/2019
SEWA_N02_PHN1,47.6723,-122.3598,Summer19,7/8/2019 13:06,Corvus brachyrhynchos,6/24/2019,8/7/2019
SEWA_N02_PHN1,47.6723,-122.3598,Summer19,7/8/2019 16:49,Homo sapiens,6/24/2019,8/7/2019
SEWA_N02_PHN1,47.6723,-122.3598,Summer19,7/8/2019 16:49,Canis familiaris,6/24/2019,8/7/2019
SEWA_N02_PHN1,47.6723,-122.3598,Summer19,7/8/2019 19:27,Homo sapiens,6/24/2019,8/7/2019
SEWA_N02_PHN1,47.6723,-122.3598,Summer19,7/8/2019 19:32,Homo sapiens,6/24/2019,8/7/2019
SEWA_N02_PHN1,47.6723,-122.3598,Summer19,7/8/2019 21:38,Homo sapiens,6/24/2019,8/7/2019
SEWA_N02_PHN1,47.6723,-122.3598,Summer19,7/8/2019 21:54,Canis familiaris,6/24/2019,8/7/2019
SEWA_N02_PHN1,47.6723,-122.3598,Summer19,7/8/2019 21:54,Homo sapiens,6/24/2019,8/7/2019
SEWA_N02_PHN1,47.6723,-122.3598,Summer19,7/9/2019 6:14,Homo sapiens,6/24/2019,8/7/2019
SEWA_N02_PHN1,47.6723,-122.3598,Summer19,7/9/2019 6:58,Homo sapiens,6/24/2019,8/7/2019
SEWA_N02_PHN1,47.6723,-122.3598,Summer19,7/9/2019 7:09,Corvus brachyrhynchos,6/24/2019,8/7/2019
SEWA_N02_PHN1,47.6723,-122.3598,Summer19,7/9/2019 9:33,Corvus brachyrhynchos,6/24/2019,8/7/2019
SEWA_N02_PHN1,47.6723,-122.3598,Summer19,7/9/2019 9:47,Corvus brachyrhynchos,6/24/2019,8/7/2019
SEWA_N02_PHN1,47.6723,-122.3598,Summer19,7/9/2019 12:22,Homo sapiens,6/24/2019,8/7/2019
SEWA_N02_PHN1,47.6723,-122.3598,Summer19,7/9/2019 12:22,Canis familiaris,6/24/2019,8/7/2019
SEWA_N02_PHN1,47.6723,-122.3598,Summer19,7/9/2019 14:08,Homo sapiens,6/24/2019,8/7/2019
SEWA_N02_PHN1,47.6723,-122.3598,Summer19,7/22/2019 23:01,Homo sapiens,6/24/2019,8/7/2019
SEWA_N02_PHY1,47.6708,-122.3596,Summer19,6/24/2019 16:58,Homo sapiens,6/24/2019,8/7/2019
SEWA_N02_PHY1,47.6708,-122.3596,Summer19,6/25/2019 15:44,Homo sapiens,6/24/2019,8/7/2019
SEWA_N02_PHY1,47.6708,-122.3596,Summer19,6/25/2019 16:53,Homo sapiens,6/24/2019,8/7/2019
SEWA_N02_PHY1,47.6708,-122.3596,Summer19,6/25/2019 17:17,Homo sapiens,6/24/2019,8/7/2019
SEWA_N02_PHY1,47.6708,-122.3596,Summer19,6/25/2019 17:21,Homo sapiens,6/24/2019,8/7/2019
SEWA_N02_PHY1,47.6708,-122.3596,Summer19,6/25/2019 17:28,Homo sapiens,6/24/2019,8/7/2019
SEWA_N02_PHY1,47.6708,-122.3596,Summer19,6/26/2019 5:22,Felis catus,6/24/2019,8/7/2019
SEWA_N02_PHY1,47.6708,-122.3596,Summer19,6/26/2019 5:44,Homo sapiens,6/24/2019,8/7/2019
SEWA_N02_PHY1,47.6708,-122.3596,Summer19,6/26/2019 5:47,Homo sapiens,6/24/2019,8/7/2019
SEWA_N02_PHY1,47.6708,-122.3596,Summer19,6/26/2019 6:20,Homo sapiens,6/24/2019,8/7/2019
SEWA_N02_PHY1,47.6708,-122.3596,Summer19,6/26/2019 6:36,Homo sapiens,6/24/2019,8/7/2019
SEWA_N02_PHY1,47.6708,-122.3596,Summer19,6/26/2019 13:19,Felis catus,6/24/2019,8/7/2019
SEWA_N02_PHY1,47.6708,-122.3596,Summer19,6/27/2019 9:33,Sylvilagus floridanus,6/24/2019,8/7/2019
SEWA_N02_PHY1,47.6708,-122.3596,Summer19,6/27/2019 9:37,Sylvilagus floridanus,6/24/2019,8/7/2019
SEWA_N02_PHY1,47.6708,-122.3596,Summer19,6/27/2019 13:50,Canis familiaris,6/24/2019,8/7/2019
SEWA_N02_PHY1,47.6708,-122.3596,Summer19,6/27/2019 13:52,Canis familiaris,6/24/2019,8/7/2019
SEWA_N02_PHY1,47.6708,-122.3596,Summer19,6/27/2019 14:48,Homo sapiens,6/24/2019,8/7/2019
SEWA_N02_PHY1,47.6708,-122.3596,Summer19,6/28/2019 15:41,Canis familiaris,6/24/2019,8/7/2019
SEWA_N02_PHY1,47.6708,-122.3596,Summer19,6/28/2019 15:43,Canis familiaris,6/24/2019,8/7/2019
SEWA_N02_PHY1,47.6708,-122.3596,Summer19,6/28/2019 22:33,Homo sapiens,6/24/2019,8/7/2019
SEWA_N02_PHY1,47.6708,-122.3596,Summer19,6/28/2019 22:36,Homo sapiens,6/24/2019,8/7/2019
SEWA_N02_PHY1,47.6708,-122.3596,Summer19,6/30/2019 3:22,Canis latrans,6/24/2019,8/7/2019
SEWA_N02_PHY1,47.6708,-122.3596,Summer19,7/1/2019 7:49,Homo sapiens,6/24/2019,8/7/2019
SEWA_N02_PHY1,47.6708,-122.3596,Summer19,7/1/2019 18:26,Felis catus,6/24/2019,8/7/2019
SEWA_N02_PHY1,47.6708,-122.3596,Summer19,7/2/2019 15:31,Canis familiaris,6/24/2019,8/7/2019
SEWA_N02_PHY1,47.6708,-122.3596,Summer19,7/5/2019 6:41,Sylvilagus floridanus,6/24/2019,8/7/2019
SEWA_N02_PHY1,47.6708,-122.3596,Summer19,7/5/2019 15:09,Homo sapiens,6/24/2019,8/7/2019
SEWA_N02_PHY1,47.6708,-122.3596,Summer19,7/5/2019 17:24,Felis catus,6/24/2019,8/7/2019
SEWA_N02_PHY1,47.6708,-122.3596,Summer19,7/5/2019 20:38,Homo sapiens,6/24/2019,8/7/2019
SEWA_N02_PHY1,47.6708,-122.3596,Summer19,7/7/2019 0:31,Procyon lotor,6/24/2019,8/7/2019
SEWA_N02_PHY1,47.6708,-122.3596,Summer19,7/7/2019 19:45,Homo sapiens,6/24/2019,8/7/2019
SEWA_N02_PHY1,47.6708,-122.3596,Summer19,7/9/2019 13:21,Homo sapiens,6/24/2019,8/7/2019
SEWA_N02_PHY1,47.6708,-122.3596,Summer19,7/11/2019 6:37,Canis latrans,6/24/2019,8/7/2019
SEWA_N02_PHY1,47.6708,-122.3596,Summer19,7/11/2019 17:11,Homo sapiens,6/24/2019,8/7/2019
SEWA_N02_PHY1,47.6708,-122.3596,Summer19,7/11/2019 20:08,Canis latrans,6/24/2019,8/7/2019
SEWA_N02_PHY1,47.6708,-122.3596,Summer19,7/11/2019 20:13,Canis latrans,6/24/2019,8/7/2019
SEWA_N02_PHY1,47.6708,-122.3596,Summer19,7/12/2019 10:52,Homo sapiens,6/24/2019,8/7/2019
SEWA_N02_PHY1,47.6708,-122.3596,Summer19,7/12/2019 11:19,Homo sapiens,6/24/2019,8/7/2019
SEWA_N02_PHY1,47.6708,-122.3596,Summer19,7/12/2019 12:00,Homo sapiens,6/24/2019,8/7/2019
SEWA_N02_PHY1,47.6708,-122.3596,Summer19,7/12/2019 12:08,Homo sapiens,6/24/2019,8/7/2019
SEWA_N02_PHY1,47.6708,-122.3596,Summer19,7/12/2019 12:40,Homo sapiens,6/24/2019,8/7/2019
SEWA_N02_PHY1,47.6708,-122.3596,Summer19,7/12/2019 12:44,Homo sapiens,6/24/2019,8/7/2019
SEWA_N02_PHY1,47.6708,-122.3596,Summer19,7/12/2019 13:45,Homo sapiens,6/24/2019,8/7/2019
SEWA_N02_PHY1,47.6708,-122.3596,Summer19,7/12/2019 13:48,Homo sapiens,6/24/2019,8/7/2019
SEWA_N02_PHY1,47.6708,-122.3596,Summer19,7/12/2019 13:55,Homo sapiens,6/24/2019,8/7/2019
SEWA_N02_PHY1,47.6708,-122.3596,Summer19,7/12/2019 14:49,Homo sapiens,6/24/2019,8/7/2019
SEWA_N02_PHY1,47.6708,-122.3596,Summer19,7/13/2019 11:34,Homo sapiens,6/24/2019,8/7/2019
SEWA_N02_PHY1,47.6708,-122.3596,Summer19,7/13/2019 12:08,Homo sapiens,6/24/2019,8/7/2019
SEWA_N02_PHY1,47.6708,-122.3596,Summer19,7/13/2019 12:13,Homo sapiens,6/24/2019,8/7/2019
SEWA_N02_PHY1,47.6708,-122.3596,Summer19,7/13/2019 12:24,Homo sapiens,6/24/2019,8/7/2019
SEWA_N02_PHY1,47.6708,-122.3596,Summer19,7/13/2019 12:31,Homo sapiens,6/24/2019,8/7/2019
SEWA_N02_PHY1,47.6708,-122.3596,Summer19,7/15/2019 14:51,Canis familiaris,6/24/2019,8/7/2019
SEWA_N02_PHY1,47.6708,-122.3596,Summer19,7/16/2019 8:05,Homo sapiens,6/24/2019,8/7/2019
SEWA_N02_PHY1,47.6708,-122.3596,Summer19,7/16/2019 8:14,Homo sapiens,6/24/2019,8/7/2019
SEWA_N02_PHY1,47.6708,-122.3596,Summer19,7/16/2019 12:02,Canis familiaris,6/24/2019,8/7/2019
SEWA_N02_PHY1,47.6708,-122.3596,Summer19,7/16/2019 20:50,Homo sapiens,6/24/2019,8/7/2019
SEWA_N02_PHY1,47.6708,-122.3596,Summer19,7/16/2019 20:52,Homo sapiens,6/24/2019,8/7/2019
SEWA_N02_PHY1,47.6708,-122.3596,Summer19,7/17/2019 7:24,Sylvilagus floridanus,6/24/2019,8/7/2019
SEWA_N02_PHY1,47.6708,-122.3596,Summer19,7/17/2019 14:20,Canis familiaris,6/24/2019,8/7/2019
SEWA_N02_PHY1,47.6708,-122.3596,Summer19,7/20/2019 17:14,Homo sapiens,6/24/2019,8/7/2019
SEWA_N02_PHY1,47.6708,-122.3596,Summer19,7/21/2019 1:11,Sylvilagus floridanus,6/24/2019,8/7/2019
SEWA_N02_PHY1,47.6708,-122.3596,Summer19,7/21/2019 19:32,Homo sapiens,6/24/2019,8/7/2019
SEWA_N02_PHY1,47.6708,-122.3596,Summer19,7/21/2019 19:41,Homo sapiens,6/24/2019,8/7/2019
SEWA_N02_PHY1,47.6708,-122.3596,Summer19,7/22/2019 7:36,Canis familiaris,6/24/2019,8/7/2019
SEWA_N03_IRP1,47.69055,-122.28101,Summer19,6/24/2019 14:56,Canis latrans,6/24/2019,8/7/2019
SEWA_N03_IRP1,47.69055,-122.28101,Summer19,6/24/2019 14:59,Canis latrans,6/24/2019,8/7/2019
SEWA_N03_IRP1,47.69055,-122.28101,Summer19,6/24/2019 15:22,Canis latrans,6/24/2019,8/7/2019
SEWA_N03_IRP1,47.69055,-122.28101,Summer19,6/24/2019 15:55,Canis latrans,6/24/2019,8/7/2019
SEWA_N03_IRP1,47.69055,-122.28101,Summer19,6/25/2019 1:09,Canis latrans,6/24/2019,8/7/2019
SEWA_N03_IRP1,47.69055,-122.28101,Summer19,6/25/2019 4:52,Canis latrans,6/24/2019,8/7/2019
SEWA_N03_IRP1,47.69055,-122.28101,Summer19,6/25/2019 5:04,Canis latrans,6/24/2019,8/7/2019
SEWA_N03_IRP1,47.69055,-122.28101,Summer19,6/25/2019 5:38,Canis latrans,6/24/2019,8/7/2019
SEWA_N03_IRP1,47.69055,-122.28101,Summer19,6/25/2019 6:23,Canis latrans,6/24/2019,8/7/2019
SEWA_N03_IRP1,47.69055,-122.28101,Summer19,6/25/2019 8:36,Canis latrans,6/24/2019,8/7/2019
SEWA_N03_IRP1,47.69055,-122.28101,Summer19,6/25/2019 11:22,Canis latrans,6/24/2019,8/7/2019
SEWA_N03_IRP1,47.69055,-122.28101,Summer19,6/25/2019 11:24,Canis latrans,6/24/2019,8/7/2019
SEWA_N03_IRP1,47.69055,-122.28101,Summer19,6/25/2019 14:51,Canis latrans,6/24/2019,8/7/2019
SEWA_N03_IRP1,47.69055,-122.28101,Summer19,6/25/2019 18:50,Canis latrans,6/24/2019,8/7/2019
SEWA_N03_IRP1,47.69055,-122.28101,Summer19,6/25/2019 22:04,Canis latrans,6/24/2019,8/7/2019
SEWA_N03_IRP1,47.69055,-122.28101,Summer19,6/26/2019 14:19,Canis latrans,6/24/2019,8/7/2019
SEWA_N03_IRP1,47.69055,-122.28101,Summer19,6/26/2019 14:30,Canis latrans,6/24/2019,8/7/2019
SEWA_N03_IRP1,47.69055,-122.28101,Summer19,6/26/2019 14:36,Canis latrans,6/24/2019,8/7/2019
SEWA_N03_IRP1,47.69055,-122.28101,Summer19,6/26/2019 14:50,Canis latrans,6/24/2019,8/7/2019
SEWA_N03_IRP1,47.69055,-122.28101,Summer19,6/26/2019 15:06,Canis latrans,6/24/2019,8/7/2019
SEWA_N03_IRP1,47.69055,-122.28101,Summer19,6/26/2019 15:07,Canis latrans,6/24/2019,8/7/2019
SEWA_N03_IRP1,47.69055,-122.28101,Summer19,6/26/2019 15:10,Canis latrans,6/24/2019,8/7/2019
SEWA_N03_IRP1,47.69055,-122.28101,Summer19,6/26/2019 15:24,Canis latrans,6/24/2019,8/7/2019
SEWA_N03_IRP1,47.69055,-122.28101,Summer19,6/26/2019 20:12,Canis latrans,6/24/2019,8/7/2019
SEWA_N03_IRP1,47.69055,-122.28101,Summer19,6/26/2019 21:08,Canis latrans,6/24/2019,8/7/2019
SEWA_N03_IRP1,47.69055,-122.28101,Summer19,6/26/2019 21:09,Canis latrans,6/24/2019,8/7/2019
SEWA_N03_IRP1,47.69055,-122.28101,Summer19,6/26/2019 21:33,Canis latrans,6/24/2019,8/7/2019
SEWA_N03_IRP1,47.69055,-122.28101,Summer19,6/27/2019 4:17,Canis latrans,6/24/2019,8/7/2019
SEWA_N03_IRP1,47.69055,-122.28101,Summer19,6/27/2019 4:26,Canis latrans,6/24/2019,8/7/2019
SEWA_N03_IRP1,47.69055,-122.28101,Summer19,6/27/2019 4:42,Canis latrans,6/24/2019,8/7/2019
SEWA_N03_IRP1,47.69055,-122.28101,Summer19,6/27/2019 4:49,Canis latrans,6/24/2019,8/7/2019
SEWA_N03_IRP1,47.69055,-122.28101,Summer19,6/27/2019 4:57,Canis latrans,6/24/2019,8/7/2019
SEWA_N03_IRP1,47.69055,-122.28101,Summer19,6/27/2019 6:25,Canis latrans,6/24/2019,8/7/2019
SEWA_N03_IRP1,47.69055,-122.28101,Summer19,6/27/2019 11:37,Canis latrans,6/24/2019,8/7/2019
SEWA_N03_IRP1,47.69055,-122.28101,Summer19,6/27/2019 12:15,Canis latrans,6/24/2019,8/7/2019
SEWA_N03_IRP1,47.69055,-122.28101,Summer19,6/27/2019 12:32,Canis latrans,6/24/2019,8/7/2019
SEWA_N03_IRP1,47.69055,-122.28101,Summer19,6/27/2019 13:23,Canis latrans,6/24/2019,8/7/2019
SEWA_N03_IRP1,47.69055,-122.28101,Summer19,6/27/2019 13:27,Canis latrans,6/24/2019,8/7/2019
SEWA_N03_IRP1,47.69055,-122.28101,Summer19,6/27/2019 13:28,Canis latrans,6/24/2019,8/7/2019
SEWA_N03_IRP1,47.69055,-122.28101,Summer19,6/27/2019 13:44,Canis latrans,6/24/2019,8/7/2019
SEWA_N03_IRP1,47.69055,-122.28101,Summer19,6/27/2019 14:05,Canis latrans,6/24/2019,8/7/2019
SEWA_N03_IRP1,47.69055,-122.28101,Summer19,6/27/2019 14:09,Homo sapiens,6/24/2019,8/7/2019
SEWA_N03_IRP1,47.69055,-122.28101,Summer19,6/28/2019 2:44,Canis latrans,6/24/2019,8/7/2019
SEWA_N03_IRP1,47.69055,-122.28101,Summer19,6/28/2019 4:10,Canis latrans,6/24/2019,8/7/2019
SEWA_N03_IRP1,47.69055,-122.28101,Summer19,6/28/2019 4:52,Canis latrans,6/24/2019,8/7/2019
SEWA_N03_IRP1,47.69055,-122.28101,Summer19,6/28/2019 5:01,Canis latrans,6/24/2019,8/7/2019
SEWA_N03_IRP1,47.69055,-122.28101,Summer19,6/28/2019 9:50,Canis latrans,6/24/2019,8/7/2019
SEWA_N03_IRP1,47.69055,-122.28101,Summer19,6/28/2019 12:46,Canis latrans,6/24/2019,8/7/2019
SEWA_N03_IRP1,47.69055,-122.28101,Summer19,6/28/2019 14:16,Canis latrans,6/24/2019,8/7/2019
SEWA_N03_IRP1,47.69055,-122.28101,Summer19,6/28/2019 14:21,Canis latrans,6/24/2019,8/7/2019
SEWA_N03_IRP1,47.69055,-122.28101,Summer19,6/28/2019 20:57,Canis latrans,6/24/2019,8/7/2019
SEWA_N03_IRP1,47.69055,-122.28101,Summer19,6/28/2019 22:15,Canis latrans,6/24/2019,8/7/2019
SEWA_N03_IRP1,47.69055,-122.28101,Summer19,6/29/2019 0:13,Canis latrans,6/24/2019,8/7/2019
SEWA_N03_IRP1,47.69055,-122.28101,Summer19,6/29/2019 0:48,Canis latrans,6/24/2019,8/7/2019
SEWA_N03_IRP1,47.69055,-122.28101,Summer19,6/29/2019 1:03,Canis latrans,6/24/2019,8/7/2019
SEWA_N03_IRP1,47.69055,-122.28101,Summer19,6/29/2019 11:15,Sciurus carolinensis,6/24/2019,8/7/2019
SEWA_N03_IRP1,47.69055,-122.28101,Summer19,6/29/2019 12:51,Sciurus carolinensis,6/24/2019,8/7/2019
SEWA_N03_IRP1,47.69055,-122.28101,Summer19,6/30/2019 2:46,Canis latrans,6/24/2019,8/7/2019
SEWA_N03_IRP1,47.69055,-122.28101,Summer19,6/30/2019 4:55,Canis latrans,6/24/2019,8/7/2019
SEWA_N03_IRP1,47.69055,-122.28101,Summer19,6/30/2019 5:10,Canis latrans,6/24/2019,8/7/2019
SEWA_N03_IRP1,47.69055,-122.28101,Summer19,6/30/2019 5:16,Canis latrans,6/24/2019,8/7/2019
SEWA_N03_IRP1,47.69055,-122.28101,Summer19,7/1/2019 5:00,Canis latrans,6/24/2019,8/7/2019
SEWA_N03_IRP1,47.69055,-122.28101,Summer19,7/1/2019 5:09,Canis latrans,6/24/2019,8/7/2019
SEWA_N03_IRP1,47.69055,-122.28101,Summer19,7/1/2019 5:37,Canis latrans,6/24/2019,8/7/2019
SEWA_N03_IRP1,47.69055,-122.28101,Summer19,7/1/2019 7:10,Canis latrans,6/24/2019,8/7/2019
SEWA_N03_IRP1,47.69055,-122.28101,Summer19,7/1/2019 21:31,Canis latrans,6/24/2019,8/7/2019
SEWA_N03_IRP1,47.69055,-122.28101,Summer19,7/1/2019 22:50,Canis latrans,6/24/2019,8/7/2019
SEWA_N03_IRP1,47.69055,-122.28101,Summer19,7/2/2019 0:13,Canis latrans,6/24/2019,8/7/2019
SEWA_N03_IRP1,47.69055,-122.28101,Summer19,7/2/2019 0:27,Canis latrans,6/24/2019,8/7/2019
SEWA_N03_IRP1,47.69055,-122.28101,Summer19,7/2/2019 0:34,Canis latrans,6/24/2019,8/7/2019
SEWA_N03_IRP1,47.69055,-122.28101,Summer19,7/2/2019 0:43,Canis latrans,6/24/2019,8/7/2019
SEWA_N03_IRP1,47.69055,-122.28101,Summer19,7/2/2019 0:48,Canis latrans,6/24/2019,8/7/2019
SEWA_N03_IRP1,47.69055,-122.28101,Summer19,7/2/2019 1:42,Canis latrans,6/24/2019,8/7/2019
SEWA_N03_IRP1,47.69055,-122.28101,Summer19,7/2/2019 1:43,Canis latrans,6/24/2019,8/7/2019
SEWA_N03_IRP1,47.69055,-122.28101,Summer19,7/2/2019 2:16,Canis latrans,6/24/2019,8/7/2019
SEWA_N03_IRP1,47.69055,-122.28101,Summer19,7/2/2019 2:23,Canis latrans,6/24/2019,8/7/2019
SEWA_N03_IRP1,47.69055,-122.28101,Summer19,7/2/2019 2:24,Canis latrans,6/24/2019,8/7/2019
SEWA_N03_IRP1,47.69055,-122.28101,Summer19,7/2/2019 8:31,Canis latrans,6/24/2019,8/7/2019
SEWA_N03_IRP1,47.69055,-122.28101,Summer19,7/2/2019 8:33,Canis latrans,6/24/2019,8/7/2019
SEWA_N03_IRP1,47.69055,-122.28101,Summer19,7/3/2019 2:03,Canis latrans,6/24/2019,8/7/2019
SEWA_N03_IRP1,47.69055,-122.28101,Summer19,7/3/2019 2:08,Canis latrans,6/24/2019,8/7/2019
SEWA_N03_IRP1,47.69055,-122.28101,Summer19,7/3/2019 2:09,Canis latrans,6/24/2019,8/7/2019
SEWA_N03_IRP1,47.69055,-122.28101,Summer19,7/3/2019 15:40,Canis latrans,6/24/2019,8/7/2019
SEWA_N03_IRP1,47.69055,-122.28101,Summer19,7/4/2019 1:57,Rattus rattus,6/24/2019,8/7/2019
SEWA_N03_IRP1,47.69055,-122.28101,Summer19,7/4/2019 3:31,Canis latrans,6/24/2019,8/7/2019
SEWA_N03_IRP1,47.69055,-122.28101,Summer19,7/4/2019 13:00,Sciurus carolinensis,6/24/2019,8/7/2019
SEWA_N03_IRP1,47.69055,-122.28101,Summer19,7/4/2019 13:25,Sciurus carolinensis,6/24/2019,8/7/2019
SEWA_N03_IRP1,47.69055,-122.28101,Summer19,7/4/2019 13:33,Sciurus carolinensis,6/24/2019,8/7/2019
SEWA_N03_IRP1,47.69055,-122.28101,Summer19,7/5/2019 13:39,Sciurus carolinensis,6/24/2019,8/7/2019
SEWA_N03_IRP1,47.69055,-122.28101,Summer19,7/5/2019 14:44,Canis latrans,6/24/2019,8/7/2019
SEWA_N03_IRP1,47.69055,-122.28101,Summer19,7/5/2019 21:59,Canis latrans,6/24/2019,8/7/2019
SEWA_N03_IRP1,47.69055,-122.28101,Summer19,7/5/2019 22:31,Canis latrans,6/24/2019,8/7/2019
SEWA_N03_IRP1,47.69055,-122.28101,Summer19,7/6/2019 15:57,Sciurus carolinensis,6/24/2019,8/7/2019
SEWA_N03_IRP1,47.69055,-122.28101,Summer19,7/7/2019 1:45,Rattus rattus,6/24/2019,8/7/2019
SEWA_N03_IRP1,47.69055,-122.28101,Summer19,7/7/2019 11:31,Sciurus carolinensis,6/24/2019,8/7/2019
SEWA_N03_IRP1,47.69055,-122.28101,Summer19,7/7/2019 11:37,Sciurus carolinensis,6/24/2019,8/7/2019
SEWA_N03_IRP1,47.69055,-122.28101,Summer19,7/7/2019 11:48,Sciurus carolinensis,6/24/2019,8/7/2019
SEWA_N03_IRP1,47.69055,-122.28101,Summer19,7/7/2019 14:02,Sciurus carolinensis,6/24/2019,8/7/2019
SEWA_N03_IRP1,47.69055,-122.28101,Summer19,7/7/2019 15:12,Sciurus carolinensis,6/24/2019,8/7/2019
SEWA_N03_IRP1,47.69055,-122.28101,Summer19,7/7/2019 15:17,Sciurus carolinensis,6/24/2019,8/7/2019
SEWA_N03_IRP1,47.69055,-122.28101,Summer19,7/7/2019 15:37,Sciurus carolinensis,6/24/2019,8/7/2019
SEWA_N03_IRP1,47.69055,-122.28101,Summer19,7/7/2019 15:46,Sciurus carolinensis,6/24/2019,8/7/2019
SEWA_N03_IRP1,47.69055,-122.28101,Summer19,7/7/2019 17:25,Canis latrans,6/24/2019,8/7/2019
SEWA_N03_IRP1,47.69055,-122.28101,Summer19,7/7/2019 17:40,Canis latrans,6/24/2019,8/7/2019
SEWA_N03_IRP1,47.69055,-122.28101,Summer19,7/8/2019 0:40,Canis latrans,6/24/2019,8/7/2019
SEWA_N03_IRP1,47.69055,-122.28101,Summer19,7/8/2019 3:34,Canis latrans,6/24/2019,8/7/2019
SEWA_N03_IRP1,47.69055,-122.28101,Summer19,7/8/2019 6:25,Canis latrans,6/24/2019,8/7/2019
SEWA_N03_IRP1,47.69055,-122.28101,Summer19,7/8/2019 14:48,Sciurus carolinensis,6/24/2019,8/7/2019
SEWA_N03_IRP1,47.69055,-122.28101,Summer19,7/8/2019 15:37,Sciurus carolinensis,6/24/2019,8/7/2019
SEWA_N03_IRP1,47.69055,-122.28101,Summer19,7/9/2019 15:56,Sciurus carolinensis,6/24/2019,8/7/2019
SEWA_N03_IRP1,47.69055,-122.28101,Summer19,7/9/2019 22:10,Canis latrans,6/24/2019,8/7/2019
SEWA_N03_IRP1,47.69055,-122.28101,Summer19,7/9/2019 23:08,Canis latrans,6/24/2019,8/7/2019
SEWA_N03_IRP1,47.69055,-122.28101,Summer19,7/10/2019 3:53,Rattus rattus,6/24/2019,8/7/2019
SEWA_N03_IRP1,47.69055,-122.28101,Summer19,7/10/2019 4:38,Canis latrans,6/24/2019,8/7/2019
SEWA_N03_IRP1,47.69055,-122.28101,Summer19,7/10/2019 7:25,Canis latrans,6/24/2019,8/7/2019
SEWA_N03_IRP1,47.69055,-122.28101,Summer19,7/10/2019 13:32,Sciurus carolinensis,6/24/2019,8/7/2019
SEWA_N03_IRP1,47.69055,-122.28101,Summer19,7/10/2019 13:33,Sciurus carolinensis,6/24/2019,8/7/2019
SEWA_N03_IRP1,47.69055,-122.28101,Summer19,7/11/2019 3:29,Rattus rattus,6/24/2019,8/7/2019
SEWA_N03_IRP1,47.69055,-122.28101,Summer19,7/11/2019 4:04,Rattus rattus,6/24/2019,8/7/2019
SEWA_N03_IRP1,47.69055,-122.28101,Summer19,7/11/2019 10:14,Sciurus carolinensis,6/24/2019,8/7/2019
SEWA_N03_IRP1,47.69055,-122.28101,Summer19,7/11/2019 12:31,Sciurus carolinensis,6/24/2019,8/7/2019
SEWA_N03_IRP1,47.69055,-122.28101,Summer19,7/11/2019 14:15,Sciurus carolinensis,6/24/2019,8/7/2019
SEWA_N03_IRP1,47.69055,-122.28101,Summer19,7/11/2019 14:29,Sciurus carolinensis,6/24/2019,8/7/2019
SEWA_N03_IRP1,47.69055,-122.28101,Summer19,7/11/2019 14:36,Sciurus carolinensis,6/24/2019,8/7/2019
SEWA_N03_IRP1,47.69055,-122.28101,Summer19,7/11/2019 14:51,Sciurus carolinensis,6/24/2019,8/7/2019
SEWA_N03_IRP1,47.69055,-122.28101,Summer19,7/11/2019 14:58,Sciurus carolinensis,6/24/2019,8/7/2019
SEWA_N03_IRP1,47.69055,-122.28101,Summer19,7/11/2019 15:30,Sciurus carolinensis,6/24/2019,8/7/2019
SEWA_N03_IRP1,47.69055,-122.28101,Summer19,7/11/2019 16:28,Sciurus carolinensis,6/24/2019,8/7/2019
SEWA_N03_IRP1,47.69055,-122.28101,Summer19,7/11/2019 23:17,Rattus rattus,6/24/2019,8/7/2019
SEWA_N03_IRP1,47.69055,-122.28101,Summer19,7/11/2019 23:50,Rattus rattus,6/24/2019,8/7/2019
SEWA_N03_IRP1,47.69055,-122.28101,Summer19,7/11/2019 23:52,Rattus rattus,6/24/2019,8/7/2019
SEWA_N03_IRP1,47.69055,-122.28101,Summer19,7/12/2019 2:32,Rattus rattus,6/24/2019,8/7/2019
SEWA_N03_IRP1,47.69055,-122.28101,Summer19,7/12/2019 11:40,Sciurus carolinensis,6/24/2019,8/7/2019
SEWA_N03_IRP1,47.69055,-122.28101,Summer19,7/12/2019 23:24,Rattus rattus,6/24/2019,8/7/2019
SEWA_N03_IRP1,47.69055,-122.28101,Summer19,7/13/2019 1:45,Rattus rattus,6/24/2019,8/7/2019
SEWA_N03_IRP1,47.69055,-122.28101,Summer19,7/13/2019 9:26,Sciurus carolinensis,6/24/2019,8/7/2019
SEWA_N03_IRP1,47.69055,-122.28101,Summer19,7/13/2019 9:32,Sciurus carolinensis,6/24/2019,8/7/2019
SEWA_N03_IRP1,47.69055,-122.28101,Summer19,7/13/2019 9:39,Sciurus carolinensis,6/24/2019,8/7/2019
SEWA_N03_IRP1,47.69055,-122.28101,Summer19,7/13/2019 10:21,Sciurus carolinensis,6/24/2019,8/7/2019
SEWA_N03_IRP1,47.69055,-122.28101,Summer19,7/13/2019 11:34,Sciurus carolinensis,6/24/2019,8/7/2019
SEWA_N03_IRP1,47.69055,-122.28101,Summer19,7/13/2019 12:20,Sciurus carolinensis,6/24/2019,8/7/2019
SEWA_N03_IRP1,47.69055,-122.28101,Summer19,7/13/2019 12:38,Sciurus carolinensis,6/24/2019,8/7/2019
SEWA_N03_IRP1,47.69055,-122.28101,Summer19,7/13/2019 13:32,Sciurus carolinensis,6/24/2019,8/7/2019
SEWA_N03_IRP1,47.69055,-122.28101,Summer19,7/13/2019 13:49,Procyon lotor,6/24/2019,8/7/2019
SEWA_N03_IRP1,47.69055,-122.28101,Summer19,7/13/2019 23:37,Rattus rattus,6/24/2019,8/7/2019
SEWA_N03_IRP1,47.69055,-122.28101,Summer19,7/14/2019 2:27,Rattus rattus,6/24/2019,8/7/2019
SEWA_N03_IRP1,47.69055,-122.28101,Summer19,7/14/2019 3:04,Rattus rattus,6/24/2019,8/7/2019
SEWA_N03_IRP1,47.69055,-122.28101,Summer19,7/14/2019 10:23,Sciurus carolinensis,6/24/2019,8/7/2019
SEWA_N03_IRP1,47.69055,-122.28101,Summer19,7/14/2019 11:31,Sciurus carolinensis,6/24/2019,8/7/2019
SEWA_N03_IRP1,47.69055,-122.28101,Summer19,7/14/2019 11:48,Sciurus carolinensis,6/24/2019,8/7/2019
SEWA_N03_IRP1,47.69055,-122.28101,Summer19,7/14/2019 13:46,Sciurus carolinensis,6/24/2019,8/7/2019
SEWA_N03_IRP1,47.69055,-122.28101,Summer19,7/14/2019 17:39,Sciurus carolinensis,6/24/2019,8/7/2019
SEWA_N03_IRP1,47.69055,-122.28101,Summer19,7/14/2019 22:53,Rattus rattus,6/24/2019,8/7/2019
SEWA_N03_IRP1,47.69055,-122.28101,Summer19,7/15/2019 0:54,Canis latrans,6/24/2019,8/7/2019
SEWA_N03_IRP1,47.69055,-122.28101,Summer19,7/15/2019 1:30,Rattus rattus,6/24/2019,8/7/2019
SEWA_N03_IRP1,47.69055,-122.28101,Summer19,7/15/2019 1:32,Rattus rattus,6/24/2019,8/7/2019
SEWA_N03_IRP1,47.69055,-122.28101,Summer19,7/15/2019 5:34,Canis latrans,6/24/2019,8/7/2019
SEWA_N03_IRP1,47.69055,-122.28101,Summer19,7/15/2019 5:45,Canis latrans,6/24/2019,8/7/2019
SEWA_N03_IRP1,47.69055,-122.28101,Summer19,7/15/2019 6:09,Canis latrans,6/24/2019,8/7/2019
SEWA_N03_IRP1,47.69055,-122.28101,Summer19,7/15/2019 7:30,Canis latrans,6/24/2019,8/7/2019
SEWA_N03_IRP1,47.69055,-122.28101,Summer19,7/15/2019 8:10,Canis latrans,6/24/2019,8/7/2019
SEWA_N03_IRP1,47.69055,-122.28101,Summer19,7/15/2019 9:23,Canis latrans,6/24/2019,8/7/2019
SEWA_N03_IRP1,47.69055,-122.28101,Summer19,7/15/2019 9:34,Canis latrans,6/24/2019,8/7/2019
SEWA_N03_IRP1,47.69055,-122.28101,Summer19,7/15/2019 17:26,Canis latrans,6/24/2019,8/7/2019
SEWA_N03_IRP1,47.69055,-122.28101,Summer19,7/15/2019 17:42,Canis latrans,6/24/2019,8/7/2019
SEWA_N03_IRP1,47.69055,-122.28101,Summer19,7/15/2019 22:57,Rattus rattus,6/24/2019,8/7/2019
SEWA_N03_IRP1,47.69055,-122.28101,Summer19,7/15/2019 23:32,Rattus rattus,6/24/2019,8/7/2019
SEWA_N03_IRP1,47.69055,-122.28101,Summer19,7/15/2019 23:46,Canis latrans,6/24/2019,8/7/2019
SEWA_N03_IRP1,47.69055,-122.28101,Summer19,7/16/2019 0:05,Canis latrans,6/24/2019,8/7/2019
SEWA_N03_IRP1,47.69055,-122.28101,Summer19,7/16/2019 2:38,Rattus rattus,6/24/2019,8/7/2019
SEWA_N03_IRP1,47.69055,-122.28101,Summer19,7/16/2019 5:49,Cyanocitta stelleri,6/24/2019,8/7/2019
SEWA_N03_IRP1,47.69055,-122.28101,Summer19,7/16/2019 7:01,Canis latrans,6/24/2019,8/7/2019
SEWA_N03_IRP1,47.69055,-122.28101,Summer19,7/16/2019 7:34,Canis latrans,6/24/2019,8/7/2019
SEWA_N03_IRP1,47.69055,-122.28101,Summer19,7/16/2019 8:25,Canis latrans,6/24/2019,8/7/2019
SEWA_N03_IRP1,47.69055,-122.28101,Summer19,7/16/2019 8:50,Canis latrans,6/24/2019,8/7/2019
SEWA_N03_IRP1,47.69055,-122.28101,Summer19,7/16/2019 10:38,Canis latrans,6/24/2019,8/7/2019
SEWA_N03_IRP1,47.69055,-122.28101,Summer19,7/16/2019 12:57,Canis latrans,6/24/2019,8/7/2019
SEWA_N03_IRP1,47.69055,-122.28101,Summer19,7/16/2019 13:09,Canis latrans,6/24/2019,8/7/2019
SEWA_N03_IRP1,47.69055,-122.28101,Summer19,7/16/2019 15:28,Canis latrans,6/24/2019,8/7/2019
SEWA_N03_IRP1,47.69055,-122.28101,Summer19,7/16/2019 16:09,Canis latrans,6/24/2019,8/7/2019
SEWA_N03_IRP1,47.69055,-122.28101,Summer19,7/16/2019 17:44,Canis latrans,6/24/2019,8/7/2019
SEWA_N03_IRP1,47.69055,-122.28101,Summer19,7/16/2019 17:52,Canis latrans,6/24/2019,8/7/2019
SEWA_N03_IRP1,47.69055,-122.28101,Summer19,7/17/2019 1:51,Canis latrans,6/24/2019,8/7/2019
SEWA_N03_IRP1,47.69055,-122.28101,Summer19,7/17/2019 2:04,Rattus rattus,6/24/2019,8/7/2019
SEWA_N03_IRP1,47.69055,-122.28101,Summer19,7/17/2019 5:40,Canis latrans,6/24/2019,8/7/2019
SEWA_N03_IRP1,47.69055,-122.28101,Summer19,7/17/2019 5:54,Canis latrans,6/24/2019,8/7/2019
SEWA_N03_IRP1,47.69055,-122.28101,Summer19,7/17/2019 6:37,Canis latrans,6/24/2019,8/7/2019
SEWA_N03_IRP1,47.69055,-122.28101,Summer19,7/17/2019 6:49,Canis latrans,6/24/2019,8/7/2019
SEWA_N03_IRP1,47.69055,-122.28101,Summer19,7/17/2019 6:55,Canis latrans,6/24/2019,8/7/2019
SEWA_N03_IRP1,47.69055,-122.28101,Summer19,7/17/2019 9:20,Canis latrans,6/24/2019,8/7/2019
SEWA_N03_IRP1,47.69055,-122.28101,Summer19,7/17/2019 13:39,Canis latrans,6/24/2019,8/7/2019
SEWA_N03_IRP1,47.69055,-122.28101,Summer19,7/17/2019 15:32,Sciurus carolinensis,6/24/2019,8/7/2019
SEWA_N03_IRP1,47.69055,-122.28101,Summer19,7/17/2019 20:13,Canis latrans,6/24/2019,8/7/2019
SEWA_N03_IRP1,47.69055,-122.28101,Summer19,7/17/2019 21:07,Canis latrans,6/24/2019,8/7/2019
SEWA_N03_IRP1,47.69055,-122.28101,Summer19,7/17/2019 22:19,Rattus rattus,6/24/2019,8/7/2019
SEWA_N03_IRP1,47.69055,-122.28101,Summer19,7/18/2019 3:19,Rattus rattus,6/24/2019,8/7/2019
SEWA_N03_IRP1,47.69055,-122.28101,Summer19,7/18/2019 5:57,Canis latrans,6/24/2019,8/7/2019
SEWA_N03_IRP1,47.69055,-122.28101,Summer19,7/18/2019 6:24,Canis latrans,6/24/2019,8/7/2019
SEWA_N03_IRP1,47.69055,-122.28101,Summer19,7/18/2019 6:58,Canis latrans,6/24/2019,8/7/2019
SEWA_N03_IRP1,47.69055,-122.28101,Summer19,7/18/2019 10:04,Canis latrans,6/24/2019,8/7/2019
SEWA_N03_IRP1,47.69055,-122.28101,Summer19,7/18/2019 11:10,Sciurus carolinensis,6/24/2019,8/7/2019
SEWA_N03_IRP1,47.69055,-122.28101,Summer19,7/18/2019 13:14,Canis latrans,6/24/2019,8/7/2019
SEWA_N03_IRP1,47.69055,-122.28101,Summer19,7/19/2019 0:18,Rattus rattus,6/24/2019,8/7/2019
SEWA_N03_IRP1,47.69055,-122.28101,Summer19,7/19/2019 2:38,Canis latrans,6/24/2019,8/7/2019
SEWA_N03_IRP1,47.69055,-122.28101,Summer19,7/19/2019 2:45,Canis latrans,6/24/2019,8/7/2019
SEWA_N03_IRP1,47.69055,-122.28101,Summer19,7/19/2019 6:13,Canis latrans,6/24/2019,8/7/2019
SEWA_N03_IRP1,47.69055,-122.28101,Summer19,7/19/2019 13:39,Sciurus carolinensis,6/24/2019,8/7/2019
SEWA_N03_IRP1,47.69055,-122.28101,Summer19,7/19/2019 13:43,Sciurus carolinensis,6/24/2019,8/7/2019
SEWA_N03_IRP1,47.69055,-122.28101,Summer19,7/19/2019 13:51,Sciurus carolinensis,6/24/2019,8/7/2019
SEWA_N03_IRP1,47.69055,-122.28101,Summer19,7/19/2019 13:54,Canis latrans,6/24/2019,8/7/2019
SEWA_N03_IRP1,47.69055,-122.28101,Summer19,7/19/2019 13:56,Canis latrans,6/24/2019,8/7/2019
SEWA_N03_IRP1,47.69055,-122.28101,Summer19,7/19/2019 14:58,Canis latrans,6/24/2019,8/7/2019
SEWA_N03_IRP1,47.69055,-122.28101,Summer19,7/19/2019 20:46,Canis latrans,6/24/2019,8/7/2019
SEWA_N03_IRP1,47.69055,-122.28101,Summer19,7/19/2019 21:20,Canis latrans,6/24/2019,8/7/2019
SEWA_N03_IRP1,47.69055,-122.28101,Summer19,7/19/2019 21:52,Canis latrans,6/24/2019,8/7/2019
SEWA_N03_IRP1,47.69055,-122.28101,Summer19,7/19/2019 22:01,Canis latrans,6/24/2019,8/7/2019
SEWA_N03_IRP1,47.69055,-122.28101,Summer19,7/20/2019 2:24,Rattus rattus,6/24/2019,8/7/2019
SEWA_N03_IRP1,47.69055,-122.28101,Summer19,7/20/2019 6:04,Canis latrans,6/24/2019,8/7/2019
SEWA_N03_IRP1,47.69055,-122.28101,Summer19,7/20/2019 7:16,Canis latrans,6/24/2019,8/7/2019
SEWA_N03_IRP1,47.69055,-122.28101,Summer19,7/20/2019 9:32,Canis latrans,6/24/2019,8/7/2019
SEWA_N03_IRP1,47.69055,-122.28101,Summer19,7/20/2019 9:56,Canis latrans,6/24/2019,8/7/2019
SEWA_N03_IRP1,47.69055,-122.28101,Summer19,7/20/2019 10:05,Canis latrans,6/24/2019,8/7/2019
SEWA_N03_IRP1,47.69055,-122.28101,Summer19,7/20/2019 14:01,Canis latrans,6/24/2019,8/7/2019
SEWA_N03_IRP1,47.69055,-122.28101,Summer19,7/20/2019 14:11,Canis latrans,6/24/2019,8/7/2019
SEWA_N03_IRP1,47.69055,-122.28101,Summer19,7/20/2019 14:14,Canis latrans,6/24/2019,8/7/2019
SEWA_N03_IRP1,47.69055,-122.28101,Summer19,7/20/2019 15:35,Canis latrans,6/24/2019,8/7/2019
SEWA_N03_IRP1,47.69055,-122.28101,Summer19,7/20/2019 15:50,Canis latrans,6/24/2019,8/7/2019
SEWA_N03_IRP1,47.69055,-122.28101,Summer19,7/20/2019 15:57,Canis latrans,6/24/2019,8/7/2019
SEWA_N03_IRP1,47.69055,-122.28101,Summer19,7/20/2019 21:44,Canis latrans,6/24/2019,8/7/2019
SEWA_N03_IRP1,47.69055,-122.28101,Summer19,7/20/2019 22:00,Canis latrans,6/24/2019,8/7/2019
SEWA_N03_IRP1,47.69055,-122.28101,Summer19,7/20/2019 22:47,Canis latrans,6/24/2019,8/7/2019
SEWA_N03_IRP1,47.69055,-122.28101,Summer19,7/21/2019 2:53,Canis latrans,6/24/2019,8/7/2019
SEWA_N03_IRP1,47.69055,-122.28101,Summer19,7/21/2019 5:31,Canis latrans,6/24/2019,8/7/2019
SEWA_N03_IRP1,47.69055,-122.28101,Summer19,7/21/2019 5:35,Canis latrans,6/24/2019,8/7/2019
SEWA_N03_IRP1,47.69055,-122.28101,Summer19,7/21/2019 5:46,Canis latrans,6/24/2019,8/7/2019
SEWA_N03_IRP1,47.69055,-122.28101,Summer19,7/21/2019 5:57,Canis latrans,6/24/2019,8/7/2019
SEWA_N03_IRP1,47.69055,-122.28101,Summer19,7/21/2019 6:12,Canis latrans,6/24/2019,8/7/2019
SEWA_N03_IRP1,47.69055,-122.28101,Summer19,7/21/2019 6:15,Canis latrans,6/24/2019,8/7/2019
SEWA_N03_IRP1,47.69055,-122.28101,Summer19,7/21/2019 6:21,Canis latrans,6/24/2019,8/7/2019
SEWA_N03_IRP1,47.69055,-122.28101,Summer19,7/21/2019 6:28,Canis latrans,6/24/2019,8/7/2019
SEWA_N03_IRP1,47.69055,-122.28101,Summer19,7/21/2019 6:34,Canis latrans,6/24/2019,8/7/2019
SEWA_N03_IRP1,47.69055,-122.28101,Summer19,7/21/2019 7:11,Canis latrans,6/24/2019,8/7/2019
SEWA_N03_IRP1,47.69055,-122.28101,Summer19,7/21/2019 7:38,Canis latrans,6/24/2019,8/7/2019
SEWA_N03_IRP1,47.69055,-122.28101,Summer19,7/21/2019 7:49,Canis latrans,6/24/2019,8/7/2019
SEWA_N03_IRP1,47.69055,-122.28101,Summer19,7/21/2019 8:05,Canis latrans,6/24/2019,8/7/2019
SEWA_N03_IRP1,47.69055,-122.28101,Summer19,7/21/2019 8:07,Canis latrans,6/24/2019,8/7/2019
SEWA_N03_IRP1,47.69055,-122.28101,Summer19,7/21/2019 8:09,Canis latrans,6/24/2019,8/7/2019
SEWA_N03_IRP1,47.69055,-122.28101,Summer19,7/21/2019 8:17,Canis latrans,6/24/2019,8/7/2019
SEWA_N03_IRP1,47.69055,-122.28101,Summer19,7/21/2019 8:27,Canis latrans,6/24/2019,8/7/2019
SEWA_N03_IRP1,47.69055,-122.28101,Summer19,7/21/2019 8:40,Canis latrans,6/24/2019,8/7/2019
SEWA_N03_IRP1,47.69055,-122.28101,Summer19,7/21/2019 8:51,Canis latrans,6/24/2019,8/7/2019
SEWA_N03_IRP1,47.69055,-122.28101,Summer19,7/21/2019 8:54,Canis latrans,6/24/2019,8/7/2019
SEWA_N03_IRP1,47.69055,-122.28101,Summer19,7/21/2019 9:25,Canis latrans,6/24/2019,8/7/2019
SEWA_N03_IRP1,47.69055,-122.28101,Summer19,7/21/2019 9:37,Canis latrans,6/24/2019,8/7/2019
SEWA_N03_IRP1,47.69055,-122.28101,Summer19,7/21/2019 9:57,Canis latrans,6/24/2019,8/7/2019
SEWA_N03_IRP1,47.69055,-122.28101,Summer19,7/21/2019 10:41,Canis latrans,6/24/2019,8/7/2019
SEWA_N03_IRP1,47.69055,-122.28101,Summer19,7/21/2019 17:46,Canis latrans,6/24/2019,8/7/2019
SEWA_N03_IRP1,47.69055,-122.28101,Summer19,7/21/2019 17:49,Canis latrans,6/24/2019,8/7/2019
SEWA_N03_IRP1,47.69055,-122.28101,Summer19,7/21/2019 17:58,Canis latrans,6/24/2019,8/7/2019
SEWA_N03_IRP1,47.69055,-122.28101,Summer19,7/21/2019 18:44,Canis latrans,6/24/2019,8/7/2019
SEWA_N03_IRP1,47.69055,-122.28101,Summer19,7/21/2019 21:24,Canis latrans,6/24/2019,8/7/2019
SEWA_N03_IRP1,47.69055,-122.28101,Summer19,7/21/2019 21:54,Canis latrans,6/24/2019,8/7/2019
SEWA_N03_IRP1,47.69055,-122.28101,Summer19,7/21/2019 22:06,Canis latrans,6/24/2019,8/7/2019
SEWA_N03_IRP1,47.69055,-122.28101,Summer19,7/21/2019 22:25,Canis latrans,6/24/2019,8/7/2019
SEWA_N03_IRP1,47.69055,-122.28101,Summer19,7/21/2019 23:05,Canis latrans,6/24/2019,8/7/2019
SEWA_N03_IRP1,47.69055,-122.28101,Summer19,7/21/2019 23:42,Canis latrans,6/24/2019,8/7/2019
SEWA_N03_IRP1,47.69055,-122.28101,Summer19,7/22/2019 2:09,Canis latrans,6/24/2019,8/7/2019
SEWA_N03_IRP1,47.69055,-122.28101,Summer19,7/22/2019 5:28,Canis latrans,6/24/2019,8/7/2019
SEWA_N03_IRP1,47.69055,-122.28101,Summer19,7/22/2019 5:52,Canis latrans,6/24/2019,8/7/2019
SEWA_N03_IRP1,47.69055,-122.28101,Summer19,7/22/2019 6:04,Canis latrans,6/24/2019,8/7/2019
SEWA_N03_IRP1,47.69055,-122.28101,Summer19,7/22/2019 6:30,Canis latrans,6/24/2019,8/7/2019
SEWA_N03_IRP1,47.69055,-122.28101,Summer19,7/22/2019 7:34,Canis latrans,6/24/2019,8/7/2019
SEWA_N03_IRP1,47.69055,-122.28101,Summer19,7/22/2019 7:46,Canis latrans,6/24/2019,8/7/2019
SEWA_N03_IRP1,47.69055,-122.28101,Summer19,7/22/2019 8:38,Canis latrans,6/24/2019,8/7/2019
SEWA_N03_IRP1,47.69055,-122.28101,Summer19,7/22/2019 8:47,Canis latrans,6/24/2019,8/7/2019
SEWA_N03_IRP1,47.69055,-122.28101,Summer19,7/22/2019 8:48,Canis latrans,6/24/2019,8/7/2019
SEWA_N03_IRP1,47.69055,-122.28101,Summer19,7/22/2019 8:49,Canis latrans,6/24/2019,8/7/2019
SEWA_N03_IRP1,47.69055,-122.28101,Summer19,7/22/2019 8:54,Canis latrans,6/24/2019,8/7/2019
SEWA_N03_IRP1,47.69055,-122.28101,Summer19,7/22/2019 10:26,Canis latrans,6/24/2019,8/7/2019
SEWA_N03_IRP1,47.69055,-122.28101,Summer19,7/22/2019 10:29,Canis latrans,6/24/2019,8/7/2019
SEWA_N03_IRP1,47.69055,-122.28101,Summer19,7/22/2019 11:08,Canis latrans,6/24/2019,8/7/2019
SEWA_N03_IRP1,47.69055,-122.28101,Summer19,7/22/2019 11:13,Canis latrans,6/24/2019,8/7/2019
SEWA_N03_IRP1,47.69055,-122.28101,Summer19,7/22/2019 11:14,Canis latrans,6/24/2019,8/7/2019
SEWA_N03_IRP1,47.69055,-122.28101,Summer19,7/22/2019 12:00,Canis latrans,6/24/2019,8/7/2019
SEWA_N03_IRP1,47.69055,-122.28101,Summer19,7/22/2019 12:13,Canis latrans,6/24/2019,8/7/2019
SEWA_N03_IRP1,47.69055,-122.28101,Summer19,7/22/2019 12:26,Canis latrans,6/24/2019,8/7/2019
SEWA_N03_IRP1,47.69055,-122.28101,Summer19,7/22/2019 12:32,Canis latrans,6/24/2019,8/7/2019
SEWA_N03_IRP1,47.69055,-122.28101,Summer19,7/22/2019 14:24,Canis latrans,6/24/2019,8/7/2019
SEWA_N03_IRP1,47.69055,-122.28101,Summer19,7/22/2019 15:20,Canis latrans,6/24/2019,8/7/2019
SEWA_N03_IRP1,47.69055,-122.28101,Summer19,7/22/2019 16:01,Canis latrans,6/24/2019,8/7/2019
SEWA_N03_IRP1,47.69055,-122.28101,Summer19,7/22/2019 16:12,Canis latrans,6/24/2019,8/7/2019
SEWA_N03_IRP1,47.69055,-122.28101,Summer19,7/22/2019 17:41,Canis latrans,6/24/2019,8/7/2019
SEWA_N03_IRP1,47.69055,-122.28101,Summer19,7/22/2019 18:17,Canis latrans,6/24/2019,8/7/2019
SEWA_N03_IRP1,47.69055,-122.28101,Summer19,7/22/2019 18:34,Canis latrans,6/24/2019,8/7/2019
SEWA_N03_IRP1,47.69055,-122.28101,Summer19,7/22/2019 18:47,Canis latrans,6/24/2019,8/7/2019
SEWA_N03_IRP1,47.69055,-122.28101,Summer19,7/22/2019 19:03,Canis latrans,6/24/2019,8/7/2019
SEWA_N03_IRP1,47.69055,-122.28101,Summer19,7/22/2019 19:15,Canis latrans,6/24/2019,8/7/2019
SEWA_N03_IRP1,47.69055,-122.28101,Summer19,7/22/2019 21:04,Canis latrans,6/24/2019,8/7/2019
SEWA_N03_IRP1,47.69055,-122.28101,Summer19,7/22/2019 21:10,Canis latrans,6/24/2019,8/7/2019
SEWA_N03_IRP1,47.69055,-122.28101,Summer19,7/22/2019 21:18,Canis latrans,6/24/2019,8/7/2019
SEWA_N03_IRP1,47.69055,-122.28101,Summer19,7/22/2019 21:20,Canis latrans,6/24/2019,8/7/2019
SEWA_N03_IRP1,47.69055,-122.28101,Summer19,7/23/2019 6:00,Canis latrans,6/24/2019,8/7/2019
SEWA_N03_IRP1,47.69055,-122.28101,Summer19,7/23/2019 6:33,Canis latrans,6/24/2019,8/7/2019
SEWA_N03_IRP1,47.69055,-122.28101,Summer19,7/23/2019 6:44,Canis latrans,6/24/2019,8/7/2019
SEWA_N03_IRP1,47.69055,-122.28101,Summer19,7/23/2019 7:03,Canis latrans,6/24/2019,8/7/2019
SEWA_N03_IRP1,47.69055,-122.28101,Summer19,7/23/2019 7:28,Canis latrans,6/24/2019,8/7/2019
SEWA_N03_IRP1,47.69055,-122.28101,Summer19,7/23/2019 9:37,Canis latrans,6/24/2019,8/7/2019
SEWA_N03_IRP1,47.69055,-122.28101,Summer19,7/23/2019 10:05,Canis latrans,6/24/2019,8/7/2019
SEWA_N03_IRP1,47.69055,-122.28101,Summer19,7/23/2019 10:08,Canis latrans,6/24/2019,8/7/2019
SEWA_N03_IRP1,47.69055,-122.28101,Summer19,7/23/2019 10:22,Canis latrans,6/24/2019,8/7/2019
SEWA_N03_IRP1,47.69055,-122.28101,Summer19,7/23/2019 10:26,Canis latrans,6/24/2019,8/7/2019
SEWA_N03_IRP1,47.69055,-122.28101,Summer19,7/23/2019 12:06,Canis latrans,6/24/2019,8/7/2019
SEWA_N03_IRP1,47.69055,-122.28101,Summer19,7/23/2019 12:08,Canis latrans,6/24/2019,8/7/2019
SEWA_N03_IRP1,47.69055,-122.28101,Summer19,7/23/2019 13:28,Canis latrans,6/24/2019,8/7/2019
SEWA_N03_IRP1,47.69055,-122.28101,Summer19,7/23/2019 14:22,Canis latrans,6/24/2019,8/7/2019
SEWA_N03_IRP1,47.69055,-122.28101,Summer19,7/23/2019 19:41,Canis latrans,6/24/2019,8/7/2019
SEWA_N03_IRP1,47.69055,-122.28101,Summer19,7/23/2019 20:15,Canis latrans,6/24/2019,8/7/2019
SEWA_N03_IRP1,47.69055,-122.28101,Summer19,7/23/2019 20:16,Canis latrans,6/24/2019,8/7/2019
SEWA_N03_IRP1,47.69055,-122.28101,Summer19,7/23/2019 20:46,Canis latrans,6/24/2019,8/7/2019
SEWA_N03_IRP1,47.69055,-122.28101,Summer19,7/23/2019 21:16,Canis latrans,6/24/2019,8/7/2019
SEWA_N03_IRP1,47.69055,-122.28101,Summer19,7/23/2019 21:26,Canis latrans,6/24/2019,8/7/2019
SEWA_N03_IRP1,47.69055,-122.28101,Summer19,7/23/2019 21:29,Canis latrans,6/24/2019,8/7/2019
SEWA_N03_IRP1,47.69055,-122.28101,Summer19,7/23/2019 21:30,Canis latrans,6/24/2019,8/7/2019
SEWA_N03_IRP1,47.69055,-122.28101,Summer19,7/23/2019 21:36,Canis latrans,6/24/2019,8/7/2019
SEWA_N03_IRP1,47.69055,-122.28101,Summer19,7/24/2019 2:28,Canis latrans,6/24/2019,8/7/2019
SEWA_N03_IRP1,47.69055,-122.28101,Summer19,7/24/2019 5:43,Canis latrans,6/24/2019,8/7/2019
SEWA_N03_IRP1,47.69055,-122.28101,Summer19,7/24/2019 5:59,Canis latrans,6/24/2019,8/7/2019
SEWA_N03_IRP1,47.69055,-122.28101,Summer19,7/24/2019 7:20,Canis latrans,6/24/2019,8/7/2019
SEWA_N03_IRP1,47.69055,-122.28101,Summer19,7/24/2019 8:04,Canis latrans,6/24/2019,8/7/2019
SEWA_N03_IRP1,47.69055,-122.28101,Summer19,7/24/2019 8:09,Canis latrans,6/24/2019,8/7/2019
SEWA_N03_IRP1,47.69055,-122.28101,Summer19,7/24/2019 10:31,Canis latrans,6/24/2019,8/7/2019
SEWA_N03_IRP1,47.69055,-122.28101,Summer19,7/24/2019 12:07,Canis latrans,6/24/2019,8/7/2019
SEWA_N03_IRP1,47.69055,-122.28101,Summer19,7/24/2019 12:11,Canis latrans,6/24/2019,8/7/2019
SEWA_N03_IRP1,47.69055,-122.28101,Summer19,7/24/2019 12:14,Canis latrans,6/24/2019,8/7/2019
SEWA_N03_IRP1,47.69055,-122.28101,Summer19,7/24/2019 12:17,Canis latrans,6/24/2019,8/7/2019
SEWA_N03_IRP1,47.69055,-122.28101,Summer19,7/24/2019 12:19,Canis latrans,6/24/2019,8/7/2019
SEWA_N03_IRP1,47.69055,-122.28101,Summer19,7/24/2019 12:21,Canis latrans,6/24/2019,8/7/2019
SEWA_N03_IRP1,47.69055,-122.28101,Summer19,7/24/2019 13:01,Canis latrans,6/24/2019,8/7/2019
SEWA_N03_IRP1,47.69055,-122.28101,Summer19,7/24/2019 13:14,Canis latrans,6/24/2019,8/7/2019
SEWA_N03_IRP1,47.69055,-122.28101,Summer19,7/24/2019 13:21,Canis latrans,6/24/2019,8/7/2019
SEWA_N03_IRP1,47.69055,-122.28101,Summer19,7/24/2019 13:26,Canis latrans,6/24/2019,8/7/2019
SEWA_N03_IRP1,47.69055,-122.28101,Summer19,7/24/2019 13:29,Canis latrans,6/24/2019,8/7/2019
SEWA_N03_IRP1,47.69055,-122.28101,Summer19,7/24/2019 13:34,Canis latrans,6/24/2019,8/7/2019
SEWA_N03_IRP1,47.69055,-122.28101,Summer19,7/24/2019 13:36,Canis latrans,6/24/2019,8/7/2019
SEWA_N03_IRP1,47.69055,-122.28101,Summer19,7/24/2019 13:42,Canis latrans,6/24/2019,8/7/2019
SEWA_N03_IRP1,47.69055,-122.28101,Summer19,7/24/2019 13:51,Canis latrans,6/24/2019,8/7/2019
SEWA_N03_IRP1,47.69055,-122.28101,Summer19,7/24/2019 14:01,Canis latrans,6/24/2019,8/7/2019
SEWA_N03_IRP1,47.69055,-122.28101,Summer19,7/24/2019 14:05,Canis latrans,6/24/2019,8/7/2019
SEWA_N03_IRP1,47.69055,-122.28101,Summer19,7/24/2019 14:06,Canis latrans,6/24/2019,8/7/2019
SEWA_N03_IRP1,47.69055,-122.28101,Summer19,7/24/2019 14:08,Canis latrans,6/24/2019,8/7/2019
SEWA_N03_IRP1,47.69055,-122.28101,Summer19,7/24/2019 14:12,Canis latrans,6/24/2019,8/7/2019
SEWA_N03_IRP1,47.69055,-122.28101,Summer19,7/24/2019 14:21,Canis latrans,6/24/2019,8/7/2019
SEWA_N03_IRP1,47.69055,-122.28101,Summer19,7/24/2019 14:38,Canis latrans,6/24/2019,8/7/2019
SEWA_N03_IRP1,47.69055,-122.28101,Summer19,7/24/2019 16:20,Canis latrans,6/24/2019,8/7/2019
SEWA_N03_IRP1,47.69055,-122.28101,Summer19,7/24/2019 16:27,Canis latrans,6/24/2019,8/7/2019
SEWA_N03_IRP1,47.69055,-122.28101,Summer19,7/24/2019 16:42,Canis latrans,6/24/2019,8/7/2019
SEWA_N03_IRP1,47.69055,-122.28101,Summer19,7/24/2019 18:17,Canis latrans,6/24/2019,8/7/2019
SEWA_N03_IRP1,47.69055,-122.28101,Summer19,7/24/2019 20:19,Canis latrans,6/24/2019,8/7/2019
SEWA_N03_IRP1,47.69055,-122.28101,Summer19,7/24/2019 20:22,Canis latrans,6/24/2019,8/7/2019
SEWA_N03_IRP1,47.69055,-122.28101,Summer19,7/24/2019 20:45,Canis latrans,6/24/2019,8/7/2019
SEWA_N03_IRP1,47.69055,-122.28101,Summer19,7/24/2019 20:59,Canis latrans,6/24/2019,8/7/2019
SEWA_N03_IRP1,47.69055,-122.28101,Summer19,7/24/2019 21:27,Canis latrans,6/24/2019,8/7/2019
SEWA_N03_IRP1,47.69055,-122.28101,Summer19,7/24/2019 21:33,Canis latrans,6/24/2019,8/7/2019
SEWA_N03_IRP1,47.69055,-122.28101,Summer19,7/25/2019 6:16,Canis latrans,6/24/2019,8/7/2019
SEWA_N03_IRP1,47.69055,-122.28101,Summer19,7/25/2019 6:18,Canis latrans,6/24/2019,8/7/2019
SEWA_N03_IRP1,47.69055,-122.28101,Summer19,7/25/2019 6:20,Canis latrans,6/24/2019,8/7/2019
SEWA_N03_IRP1,47.69055,-122.28101,Summer19,7/25/2019 6:22,Canis latrans,6/24/2019,8/7/2019
SEWA_N03_IRP1,47.69055,-122.28101,Summer19,7/25/2019 6:25,Canis latrans,6/24/2019,8/7/2019
SEWA_N03_IRP1,47.69055,-122.28101,Summer19,7/25/2019 7:07,Canis latrans,6/24/2019,8/7/2019
SEWA_N03_IRP1,47.69055,-122.28101,Summer19,7/25/2019 9:37,Canis latrans,6/24/2019,8/7/2019
SEWA_N03_IRP1,47.69055,-122.28101,Summer19,7/25/2019 9:59,Cyanocitta stelleri,6/24/2019,8/7/2019
SEWA_N03_IRP1,47.69055,-122.28101,Summer19,7/25/2019 10:04,Cyanocitta stelleri,6/24/2019,8/7/2019
SEWA_N03_IRP1,47.69055,-122.28101,Summer19,7/25/2019 12:17,Cyanocitta stelleri,6/24/2019,8/7/2019
SEWA_N03_IRP1,47.69055,-122.28101,Summer19,7/25/2019 13:12,Canis latrans,6/24/2019,8/7/2019
SEWA_N03_IRP1,47.69055,-122.28101,Summer19,7/25/2019 13:21,Canis latrans,6/24/2019,8/7/2019
SEWA_N03_IRP1,47.69055,-122.28101,Summer19,7/25/2019 14:41,Canis latrans,6/24/2019,8/7/2019
SEWA_N03_IRP1,47.69055,-122.28101,Summer19,7/25/2019 15:21,Canis latrans,6/24/2019,8/7/2019
SEWA_N03_IRP1,47.69055,-122.28101,Summer19,7/25/2019 16:18,Canis latrans,6/24/2019,8/7/2019
SEWA_N03_IRP1,47.69055,-122.28101,Summer19,7/25/2019 21:13,Canis latrans,6/24/2019,8/7/2019
SEWA_N03_IRP1,47.69055,-122.28101,Summer19,7/25/2019 21:18,Canis latrans,6/24/2019,8/7/2019
SEWA_N03_IRP1,47.69055,-122.28101,Summer19,7/25/2019 22:14,Canis latrans,6/24/2019,8/7/2019
SEWA_N03_IRP1,47.69055,-122.28101,Summer19,7/26/2019 16:12,Canis latrans,6/24/2019,8/7/2019
SEWA_N03_IRP1,47.69055,-122.28101,Summer19,7/26/2019 21:34,Canis latrans,6/24/2019,8/7/2019
SEWA_N03_IRP1,47.69055,-122.28101,Summer19,7/27/2019 16:54,Canis latrans,6/24/2019,8/7/2019
SEWA_N03_IRP1,47.69055,-122.28101,Summer19,7/27/2019 23:49,Rattus rattus,6/24/2019,8/7/2019
SEWA_N03_IRP1,47.69055,-122.28101,Summer19,7/27/2019 23:50,Canis latrans,6/24/2019,8/7/2019
SEWA_N03_IRP1,47.69055,-122.28101,Summer19,7/27/2019 23:52,Canis latrans,6/24/2019,8/7/2019
SEWA_N03_IRP1,47.69055,-122.28101,Summer19,7/28/2019 9:15,Sciurus carolinensis,6/24/2019,8/7/2019
SEWA_N03_IRP1,47.69055,-122.28101,Summer19,7/28/2019 9:21,Sciurus carolinensis,6/24/2019,8/7/2019
SEWA_N03_IRP1,47.69055,-122.28101,Summer19,7/28/2019 9:28,Sciurus carolinensis,6/24/2019,8/7/2019
SEWA_N03_IRP1,47.69055,-122.28101,Summer19,7/28/2019 17:51,Rattus rattus,6/24/2019,8/7/2019
SEWA_N03_IRP1,47.69055,-122.28101,Summer19,7/28/2019 22:27,Rattus rattus,6/24/2019,8/7/2019
SEWA_N03_IRP1,47.69055,-122.28101,Summer19,7/29/2019 10:27,Rattus rattus,6/24/2019,8/7/2019
SEWA_N03_IRP1,47.69055,-122.28101,Summer19,7/29/2019 16:56,Rattus rattus,6/24/2019,8/7/2019
SEWA_N03_IRP1,47.69055,-122.28101,Summer19,7/29/2019 21:48,Rattus rattus,6/24/2019,8/7/2019
SEWA_N03_IRP1,47.69055,-122.28101,Summer19,7/29/2019 22:22,Rattus rattus,6/24/2019,8/7/2019
SEWA_N03_IRP1,47.69055,-122.28101,Summer19,7/29/2019 23:20,Rattus rattus,6/24/2019,8/7/2019
SEWA_N03_IRP1,47.69055,-122.28101,Summer19,7/29/2019 23:56,Rattus rattus,6/24/2019,8/7/2019
SEWA_N03_IRP1,47.69055,-122.28101,Summer19,7/30/2019 2:41,Rattus rattus,6/24/2019,8/7/2019
SEWA_N03_IRP1,47.69055,-122.28101,Summer19,7/30/2019 6:50,Cyanocitta stelleri,6/24/2019,8/7/2019
SEWA_N03_IRP1,47.69055,-122.28101,Summer19,7/30/2019 9:36,Rattus rattus,6/24/2019,8/7/2019
SEWA_N03_IRP1,47.69055,-122.28101,Summer19,7/30/2019 22:55,Rattus rattus,6/24/2019,8/7/2019
SEWA_N03_IRP1,47.69055,-122.28101,Summer19,7/31/2019 1:07,Rattus rattus,6/24/2019,8/7/2019
SEWA_N03_IRP1,47.69055,-122.28101,Summer19,7/31/2019 6:10,Canis latrans,6/24/2019,8/7/2019
SEWA_N03_IRP1,47.69055,-122.28101,Summer19,7/31/2019 7:34,Canis latrans,6/24/2019,8/7/2019
SEWA_N03_IRP1,47.69055,-122.28101,Summer19,7/31/2019 9:06,Rattus rattus,6/24/2019,8/7/2019
SEWA_N03_IRP1,47.69055,-122.28101,Summer19,7/31/2019 15:16,Sciurus carolinensis,6/24/2019,8/7/2019
SEWA_N03_IRP1,47.69055,-122.28101,Summer19,7/31/2019 20:50,Canis latrans,6/24/2019,8/7/2019
SEWA_N03_IRP1,47.69055,-122.28101,Summer19,7/31/2019 22:23,Canis latrans,6/24/2019,8/7/2019
SEWA_N03_IRP1,47.69055,-122.28101,Summer19,8/1/2019 8:13,Rattus rattus,6/24/2019,8/7/2019
SEWA_N03_IRP1,47.69055,-122.28101,Summer19,8/1/2019 14:22,Homo sapiens,6/24/2019,8/7/2019
SEWA_N03_IRP1,47.69055,-122.28101,Summer19,8/1/2019 14:54,Homo sapiens,6/24/2019,8/7/2019
SEWA_N03_IRP1,47.69055,-122.28101,Summer19,8/1/2019 23:51,Canis latrans,6/24/2019,8/7/2019
SEWA_N03_IRP1,47.69055,-122.28101,Summer19,8/2/2019 22:08,Canis latrans,6/24/2019,8/7/2019
SEWA_N03_IRP1,47.69055,-122.28101,Summer19,8/3/2019 4:28,Canis latrans,6/24/2019,8/7/2019
SEWA_N03_IRP1,47.69055,-122.28101,Summer19,8/3/2019 5:06,Canis latrans,6/24/2019,8/7/2019
SEWA_N03_IRP1,47.69055,-122.28101,Summer19,8/3/2019 5:27,Canis latrans,6/24/2019,8/7/2019
SEWA_N03_IRP1,47.69055,-122.28101,Summer19,8/3/2019 12:39,Sciurus carolinensis,6/24/2019,8/7/2019
SEWA_N03_IRP1,47.69055,-122.28101,Summer19,8/3/2019 22:33,Rattus rattus,6/24/2019,8/7/2019
SEWA_N03_IRP1,47.69055,-122.28101,Summer19,8/4/2019 3:06,Canis latrans,6/24/2019,8/7/2019
SEWA_N03_IRP1,47.69055,-122.28101,Summer19,8/4/2019 6:29,Canis latrans,6/24/2019,8/7/2019
SEWA_N03_IRP1,47.69055,-122.28101,Summer19,8/4/2019 16:17,Canis latrans,6/24/2019,8/7/2019
SEWA_N03_IRP1,47.69055,-122.28101,Summer19,8/5/2019 10:19,Sciurus carolinensis,6/24/2019,8/7/2019
SEWA_N03_IRP1,47.69055,-122.28101,Summer19,8/6/2019 10:51,Rattus rattus,6/24/2019,8/7/2019
SEWA_N03_MGP1,47.68166,-122.25092,Summer19,6/27/2019 15:13,Homo sapiens,6/24/2019,8/7/2019
SEWA_N03_MGP1,47.68166,-122.25092,Summer19,6/27/2019 15:15,Homo sapiens,6/24/2019,8/7/2019
SEWA_N03_MGP1,47.68166,-122.25092,Summer19,6/27/2019 17:15,Canis familiaris,6/24/2019,8/7/2019
SEWA_N03_MGP1,47.68166,-122.25092,Summer19,7/1/2019 6:37,Sciurus carolinensis,6/24/2019,8/7/2019
SEWA_N03_MGP1,47.68166,-122.25092,Summer19,7/1/2019 6:43,Sciurus carolinensis,6/24/2019,8/7/2019
SEWA_N03_MGP1,47.68166,-122.25092,Summer19,7/4/2019 9:42,Sciurus carolinensis,6/24/2019,8/7/2019
SEWA_N03_MGP1,47.68166,-122.25092,Summer19,7/4/2019 9:45,Sciurus carolinensis,6/24/2019,8/7/2019
SEWA_N03_MGP1,47.68166,-122.25092,Summer19,7/6/2019 13:05,Sciurus carolinensis,6/24/2019,8/7/2019
SEWA_N03_MGP1,47.68166,-122.25092,Summer19,8/1/2019 8:10,Sciurus carolinensis,6/24/2019,8/7/2019
SEWA_N03_MGP1,47.68166,-122.25092,Summer19,8/1/2019 13:41,Homo sapiens,6/24/2019,8/7/2019
SEWA_N03_MGP1,47.68166,-122.25092,Summer19,8/1/2019 13:54,Homo sapiens,6/24/2019,8/7/2019
SEWA_N03_MGP1,47.68166,-122.25092,Summer19,8/5/2019 20:18,Homo sapiens,6/24/2019,8/7/2019
SEWA_N03_RVP1,47.67354,-122.31119,Summer19,6/24/2019 7:17,Sciurus carolinensis,6/24/2019,8/7/2019
SEWA_N03_RVP1,47.67354,-122.31119,Summer19,6/24/2019 11:41,Sciurus carolinensis,6/24/2019,8/7/2019
SEWA_N03_RVP1,47.67354,-122.31119,Summer19,6/24/2019 13:24,Sciurus carolinensis,6/24/2019,8/7/2019
SEWA_N03_RVP1,47.67354,-122.31119,Summer19,6/24/2019 13:26,Sciurus carolinensis,6/24/2019,8/7/2019
SEWA_N03_RVP1,47.67354,-122.31119,Summer19,6/24/2019 13:29,Sciurus carolinensis,6/24/2019,8/7/2019
SEWA_N03_RVP1,47.67354,-122.31119,Summer19,6/24/2019 13:42,Sciurus carolinensis,6/24/2019,8/7/2019
SEWA_N03_RVP1,47.67354,-122.31119,Summer19,6/24/2019 14:02,Tamiasciurus douglasii,6/24/2019,8/7/2019
SEWA_N03_RVP1,47.67354,-122.31119,Summer19,6/24/2019 14:20,Sciurus carolinensis,6/24/2019,8/7/2019
SEWA_N03_RVP1,47.67354,-122.31119,Summer19,6/24/2019 14:25,Sciurus carolinensis,6/24/2019,8/7/2019
SEWA_N03_RVP1,47.67354,-122.31119,Summer19,6/24/2019 14:50,Sciurus carolinensis,6/24/2019,8/7/2019
SEWA_N03_RVP1,47.67354,-122.31119,Summer19,6/24/2019 15:02,Sciurus carolinensis,6/24/2019,8/7/2019
SEWA_N03_RVP1,47.67354,-122.31119,Summer19,6/24/2019 15:33,Sciurus carolinensis,6/24/2019,8/7/2019
SEWA_N03_RVP1,47.67354,-122.31119,Summer19,6/24/2019 16:51,Sciurus carolinensis,6/24/2019,8/7/2019
SEWA_N03_RVP1,47.67354,-122.31119,Summer19,6/25/2019 6:51,Sciurus carolinensis,6/24/2019,8/7/2019
SEWA_N03_RVP1,47.67354,-122.31119,Summer19,6/25/2019 7:50,Sciurus carolinensis,6/24/2019,8/7/2019
SEWA_N03_RVP1,47.67354,-122.31119,Summer19,6/25/2019 8:41,Canis familiaris,6/24/2019,8/7/2019
SEWA_N03_RVP1,47.67354,-122.31119,Summer19,6/25/2019 11:23,Sciurus carolinensis,6/24/2019,8/7/2019
SEWA_N03_RVP1,47.67354,-122.31119,Summer19,6/25/2019 12:31,Sciurus carolinensis,6/24/2019,8/7/2019
SEWA_N03_RVP1,47.67354,-122.31119,Summer19,6/25/2019 12:50,Sciurus carolinensis,6/24/2019,8/7/2019
SEWA_N03_RVP1,47.67354,-122.31119,Summer19,6/25/2019 13:30,Canis familiaris,6/24/2019,8/7/2019
SEWA_N03_RVP1,47.67354,-122.31119,Summer19,6/25/2019 17:21,Sciurus carolinensis,6/24/2019,8/7/2019
SEWA_N03_RVP1,47.67354,-122.31119,Summer19,6/25/2019 17:23,Sciurus carolinensis,6/24/2019,8/7/2019
SEWA_N03_RVP1,47.67354,-122.31119,Summer19,6/25/2019 22:58,Rattus rattus,6/24/2019,8/7/2019
SEWA_N03_RVP1,47.67354,-122.31119,Summer19,6/25/2019 23:09,Canis latrans,6/24/2019,8/7/2019
SEWA_N03_RVP1,47.67354,-122.31119,Summer19,6/26/2019 9:30,Sciurus carolinensis,6/24/2019,8/7/2019
SEWA_N03_RVP1,47.67354,-122.31119,Summer19,6/26/2019 10:05,Sciurus carolinensis,6/24/2019,8/7/2019
SEWA_N03_RVP1,47.67354,-122.31119,Summer19,6/26/2019 14:13,Sciurus carolinensis,6/24/2019,8/7/2019
SEWA_N03_RVP1,47.67354,-122.31119,Summer19,6/26/2019 14:31,Sciurus carolinensis,6/24/2019,8/7/2019
SEWA_N03_RVP1,47.67354,-122.31119,Summer19,6/26/2019 14:34,Sciurus carolinensis,6/24/2019,8/7/2019
SEWA_N03_RVP1,47.67354,-122.31119,Summer19,6/26/2019 15:00,Sciurus carolinensis,6/24/2019,8/7/2019
SEWA_N03_RVP1,47.67354,-122.31119,Summer19,6/26/2019 15:03,Sciurus carolinensis,6/24/2019,8/7/2019
SEWA_N03_RVP1,47.67354,-122.31119,Summer19,6/26/2019 17:44,Sciurus carolinensis,6/24/2019,8/7/2019
SEWA_N03_RVP1,47.67354,-122.31119,Summer19,6/26/2019 18:14,Homo sapiens,6/24/2019,8/7/2019
SEWA_N03_RVP1,47.67354,-122.31119,Summer19,6/27/2019 2:37,Rattus rattus,6/24/2019,8/7/2019
SEWA_N03_RVP1,47.67354,-122.31119,Summer19,6/27/2019 9:36,Sciurus carolinensis,6/24/2019,8/7/2019
SEWA_N03_RVP1,47.67354,-122.31119,Summer19,6/27/2019 10:26,Sciurus carolinensis,6/24/2019,8/7/2019
SEWA_N03_RVP1,47.67354,-122.31119,Summer19,6/27/2019 11:43,Sciurus carolinensis,6/24/2019,8/7/2019
SEWA_N03_RVP1,47.67354,-122.31119,Summer19,6/27/2019 11:46,Sciurus carolinensis,6/24/2019,8/7/2019
SEWA_N03_RVP1,47.67354,-122.31119,Summer19,6/27/2019 11:47,Sciurus carolinensis,6/24/2019,8/7/2019
SEWA_N03_RVP1,47.67354,-122.31119,Summer19,6/27/2019 12:23,Sciurus carolinensis,6/24/2019,8/7/2019
SEWA_N03_RVP1,47.67354,-122.31119,Summer19,6/27/2019 13:02,Sciurus carolinensis,6/24/2019,8/7/2019
SEWA_N03_RVP1,47.67354,-122.31119,Summer19,6/27/2019 13:04,Sciurus carolinensis,6/24/2019,8/7/2019
SEWA_N03_RVP1,47.67354,-122.31119,Summer19,6/27/2019 13:06,Sciurus carolinensis,6/24/2019,8/7/2019
SEWA_N03_RVP1,47.67354,-122.31119,Summer19,6/27/2019 13:11,Sciurus carolinensis,6/24/2019,8/7/2019
SEWA_N03_RVP1,47.67354,-122.31119,Summer19,6/27/2019 13:12,Sciurus carolinensis,6/24/2019,8/7/2019
SEWA_N03_RVP1,47.67354,-122.31119,Summer19,6/27/2019 13:14,Sciurus carolinensis,6/24/2019,8/7/2019
SEWA_N03_RVP1,47.67354,-122.31119,Summer19,6/27/2019 13:17,Sciurus carolinensis,6/24/2019,8/7/2019
SEWA_N03_RVP1,47.67354,-122.31119,Summer19,6/27/2019 14:00,Sciurus carolinensis,6/24/2019,8/7/2019
SEWA_N03_RVP1,47.67354,-122.31119,Summer19,6/28/2019 7:06,Sciurus carolinensis,6/24/2019,8/7/2019
SEWA_N03_RVP1,47.67354,-122.31119,Summer19,6/28/2019 8:34,Sciurus carolinensis,6/24/2019,8/7/2019
SEWA_N03_RVP1,47.67354,-122.31119,Summer19,6/28/2019 11:49,Sciurus carolinensis,6/24/2019,8/7/2019
SEWA_N03_RVP1,47.67354,-122.31119,Summer19,6/28/2019 12:28,Sciurus carolinensis,6/24/2019,8/7/2019
SEWA_N03_RVP1,47.67354,-122.31119,Summer19,6/28/2019 12:46,Sciurus carolinensis,6/24/2019,8/7/2019
SEWA_N03_RVP1,47.67354,-122.31119,Summer19,6/28/2019 13:57,Sciurus carolinensis,6/24/2019,8/7/2019
SEWA_N03_RVP1,47.67354,-122.31119,Summer19,6/28/2019 13:59,Sciurus carolinensis,6/24/2019,8/7/2019
SEWA_N03_RVP1,47.67354,-122.31119,Summer19,6/28/2019 14:04,Sciurus carolinensis,6/24/2019,8/7/2019
SEWA_N03_RVP1,47.67354,-122.31119,Summer19,6/28/2019 14:09,Sciurus carolinensis,6/24/2019,8/7/2019
SEWA_N03_RVP1,47.67354,-122.31119,Summer19,6/28/2019 16:42,Sciurus carolinensis,6/24/2019,8/7/2019
SEWA_N03_RVP1,47.67354,-122.31119,Summer19,6/28/2019 16:45,Sciurus carolinensis,6/24/2019,8/7/2019
SEWA_N03_RVP1,47.67354,-122.31119,Summer19,6/28/2019 22:44,Procyon lotor,6/24/2019,8/7/2019
SEWA_N03_RVP1,47.67354,-122.31119,Summer19,6/28/2019 23:27,Rattus rattus,6/24/2019,8/7/2019
SEWA_N03_RVP1,47.67354,-122.31119,Summer19,6/28/2019 23:58,Procyon lotor,6/24/2019,8/7/2019
SEWA_N03_RVP1,47.67354,-122.31119,Summer19,6/29/2019 8:19,Sciurus carolinensis,6/24/2019,8/7/2019
SEWA_N03_RVP1,47.67354,-122.31119,Summer19,6/29/2019 8:24,Sciurus carolinensis,6/24/2019,8/7/2019
SEWA_N03_RVP1,47.67354,-122.31119,Summer19,6/29/2019 8:26,Sciurus carolinensis,6/24/2019,8/7/2019
SEWA_N03_RVP1,47.67354,-122.31119,Summer19,6/29/2019 8:35,Sciurus carolinensis,6/24/2019,8/7/2019
SEWA_N03_RVP1,47.67354,-122.31119,Summer19,6/29/2019 12:43,Sciurus carolinensis,6/24/2019,8/7/2019
SEWA_N03_RVP1,47.67354,-122.31119,Summer19,6/29/2019 17:07,Homo sapiens,6/24/2019,8/7/2019
SEWA_N03_RVP1,47.67354,-122.31119,Summer19,6/29/2019 17:13,Homo sapiens,6/24/2019,8/7/2019
SEWA_N03_RVP1,47.67354,-122.31119,Summer19,6/30/2019 7:59,Canis latrans,6/24/2019,8/7/2019
SEWA_N03_RVP1,47.67354,-122.31119,Summer19,6/30/2019 13:44,Homo sapiens,6/24/2019,8/7/2019
SEWA_N03_RVP1,47.67354,-122.31119,Summer19,6/30/2019 13:45,Homo sapiens,6/24/2019,8/7/2019
SEWA_N03_RVP1,47.67354,-122.31119,Summer19,6/30/2019 22:58,Rattus rattus,6/24/2019,8/7/2019
SEWA_N03_RVP1,47.67354,-122.31119,Summer19,7/1/2019 0:49,Rattus rattus,6/24/2019,8/7/2019
SEWA_N03_RVP1,47.67354,-122.31119,Summer19,7/1/2019 6:06,Sciurus carolinensis,6/24/2019,8/7/2019
SEWA_N03_RVP1,47.67354,-122.31119,Summer19,7/1/2019 6:57,Sciurus carolinensis,6/24/2019,8/7/2019
SEWA_N03_RVP1,47.67354,-122.31119,Summer19,7/1/2019 8:39,Sciurus carolinensis,6/24/2019,8/7/2019
SEWA_N03_RVP1,47.67354,-122.31119,Summer19,7/1/2019 8:41,Sciurus carolinensis,6/24/2019,8/7/2019
SEWA_N03_RVP1,47.67354,-122.31119,Summer19,7/1/2019 8:42,Sciurus carolinensis,6/24/2019,8/7/2019
SEWA_N03_RVP1,47.67354,-122.31119,Summer19,7/1/2019 8:47,Sciurus carolinensis,6/24/2019,8/7/2019
SEWA_N03_RVP1,47.67354,-122.31119,Summer19,7/1/2019 9:16,Sciurus carolinensis,6/24/2019,8/7/2019
SEWA_N03_RVP1,47.67354,-122.31119,Summer19,7/1/2019 10:36,Sciurus carolinensis,6/24/2019,8/7/2019
SEWA_N03_RVP1,47.67354,-122.31119,Summer19,7/1/2019 10:57,Sciurus carolinensis,6/24/2019,8/7/2019
SEWA_N03_RVP1,47.67354,-122.31119,Summer19,7/1/2019 11:48,Sciurus carolinensis,6/24/2019,8/7/2019
SEWA_N03_RVP1,47.67354,-122.31119,Summer19,7/1/2019 11:57,Homo sapiens,6/24/2019,8/7/2019
SEWA_N03_RVP1,47.67354,-122.31119,Summer19,7/1/2019 12:04,Homo sapiens,6/24/2019,8/7/2019
SEWA_N03_RVP1,47.67354,-122.31119,Summer19,7/1/2019 13:55,Sciurus carolinensis,6/24/2019,8/7/2019
SEWA_N03_RVP1,47.67354,-122.31119,Summer19,7/1/2019 14:18,Sciurus carolinensis,6/24/2019,8/7/2019
SEWA_N03_RVP1,47.67354,-122.31119,Summer19,7/1/2019 14:56,Sciurus carolinensis,6/24/2019,8/7/2019
SEWA_N03_RVP1,47.67354,-122.31119,Summer19,7/1/2019 14:58,Sciurus carolinensis,6/24/2019,8/7/2019
SEWA_N03_RVP1,47.67354,-122.31119,Summer19,7/1/2019 15:01,Sciurus carolinensis,6/24/2019,8/7/2019
SEWA_N03_RVP1,47.67354,-122.31119,Summer19,7/1/2019 15:06,Sciurus carolinensis,6/24/2019,8/7/2019
SEWA_N03_RVP1,47.67354,-122.31119,Summer19,7/2/2019 0:00,Rattus rattus,6/24/2019,8/7/2019
SEWA_N03_RVP1,47.67354,-122.31119,Summer19,7/2/2019 2:04,Rattus rattus,6/24/2019,8/7/2019
SEWA_N03_RVP1,47.67354,-122.31119,Summer19,7/2/2019 2:17,Rattus rattus,6/24/2019,8/7/2019
SEWA_N03_RVP1,47.67354,-122.31119,Summer19,7/2/2019 3:18,Rattus rattus,6/24/2019,8/7/2019
SEWA_N03_RVP1,47.67354,-122.31119,Summer19,7/2/2019 8:05,Sciurus carolinensis,6/24/2019,8/7/2019
SEWA_N03_RVP1,47.67354,-122.31119,Summer19,7/2/2019 9:59,Sciurus carolinensis,6/24/2019,8/7/2019
SEWA_N03_RVP1,47.67354,-122.31119,Summer19,7/2/2019 15:47,Sciurus carolinensis,6/24/2019,8/7/2019
SEWA_N03_RVP1,47.67354,-122.31119,Summer19,7/2/2019 16:36,Sciurus carolinensis,6/24/2019,8/7/2019
SEWA_N03_RVP1,47.67354,-122.31119,Summer19,7/2/2019 16:39,Sciurus carolinensis,6/24/2019,8/7/2019
SEWA_N03_RVP1,47.67354,-122.31119,Summer19,7/3/2019 22:36,Rattus rattus,6/24/2019,8/7/2019
SEWA_N03_RVP1,47.67354,-122.31119,Summer19,7/3/2019 22:51,Procyon lotor,6/24/2019,8/7/2019
SEWA_N03_RVP1,47.67354,-122.31119,Summer19,7/4/2019 4:01,Rattus rattus,6/24/2019,8/7/2019
SEWA_N03_RVP1,47.67354,-122.31119,Summer19,7/4/2019 9:18,Sciurus carolinensis,6/24/2019,8/7/2019
SEWA_N03_RVP1,47.67354,-122.31119,Summer19,7/4/2019 12:09,Sciurus carolinensis,6/24/2019,8/7/2019
SEWA_N03_RVP1,47.67354,-122.31119,Summer19,7/4/2019 14:12,Sciurus carolinensis,6/24/2019,8/7/2019
SEWA_N03_RVP1,47.67354,-122.31119,Summer19,7/4/2019 14:34,Sciurus carolinensis,6/24/2019,8/7/2019
SEWA_N03_RVP1,47.67354,-122.31119,Summer19,7/4/2019 16:21,Sciurus carolinensis,6/24/2019,8/7/2019
SEWA_N03_RVP1,47.67354,-122.31119,Summer19,7/4/2019 16:41,Sciurus carolinensis,6/24/2019,8/7/2019
SEWA_N03_RVP1,47.67354,-122.31119,Summer19,7/4/2019 23:19,Sciurus carolinensis,6/24/2019,8/7/2019
SEWA_N03_RVP1,47.67354,-122.31119,Summer19,7/5/2019 2:15,Rattus rattus,6/24/2019,8/7/2019
SEWA_N03_RVP1,47.67354,-122.31119,Summer19,7/5/2019 2:31,Rattus rattus,6/24/2019,8/7/2019
SEWA_N03_RVP1,47.67354,-122.31119,Summer19,7/5/2019 5:46,Procyon lotor,6/24/2019,8/7/2019
SEWA_N03_RVP1,47.67354,-122.31119,Summer19,7/5/2019 7:36,Sciurus carolinensis,6/24/2019,8/7/2019
SEWA_N03_RVP1,47.67354,-122.31119,Summer19,7/5/2019 12:18,Sciurus carolinensis,6/24/2019,8/7/2019
SEWA_N03_RVP1,47.67354,-122.31119,Summer19,7/5/2019 14:03,Sciurus carolinensis,6/24/2019,8/7/2019
SEWA_N03_RVP1,47.67354,-122.31119,Summer19,7/5/2019 16:51,Sciurus carolinensis,6/24/2019,8/7/2019
SEWA_N03_RVP1,47.67354,-122.31119,Summer19,7/6/2019 0:46,Rattus rattus,6/24/2019,8/7/2019
SEWA_N03_RVP1,47.67354,-122.31119,Summer19,7/6/2019 4:29,Rattus rattus,6/24/2019,8/7/2019
SEWA_N03_RVP1,47.67354,-122.31119,Summer19,7/6/2019 13:44,Sciurus carolinensis,6/24/2019,8/7/2019
SEWA_N03_RVP1,47.67354,-122.31119,Summer19,7/6/2019 14:20,Sciurus carolinensis,6/24/2019,8/7/2019
SEWA_N03_RVP1,47.67354,-122.31119,Summer19,7/6/2019 14:23,Sciurus carolinensis,6/24/2019,8/7/2019
SEWA_N03_RVP1,47.67354,-122.31119,Summer19,7/6/2019 14:40,Sciurus carolinensis,6/24/2019,8/7/2019
SEWA_N03_RVP1,47.67354,-122.31119,Summer19,7/6/2019 14:46,Sciurus carolinensis,6/24/2019,8/7/2019
SEWA_N03_RVP1,47.67354,-122.31119,Summer19,7/6/2019 15:31,Sciurus carolinensis,6/24/2019,8/7/2019
SEWA_N03_RVP1,47.67354,-122.31119,Summer19,7/6/2019 16:43,Sciurus carolinensis,6/24/2019,8/7/2019
SEWA_N03_RVP1,47.67354,-122.31119,Summer19,7/7/2019 8:33,Sciurus carolinensis,6/24/2019,8/7/2019
SEWA_N03_RVP1,47.67354,-122.31119,Summer19,7/7/2019 9:33,Sciurus carolinensis,6/24/2019,8/7/2019
SEWA_N03_RVP1,47.67354,-122.31119,Summer19,7/7/2019 10:18,Sciurus carolinensis,6/24/2019,8/7/2019
SEWA_N03_RVP1,47.67354,-122.31119,Summer19,7/7/2019 11:29,Sciurus carolinensis,6/24/2019,8/7/2019
SEWA_N03_RVP1,47.67354,-122.31119,Summer19,7/7/2019 11:37,Canis familiaris,6/24/2019,8/7/2019
SEWA_N03_RVP1,47.67354,-122.31119,Summer19,7/7/2019 11:37,Homo sapiens,6/24/2019,8/7/2019
SEWA_N03_RVP1,47.67354,-122.31119,Summer19,7/7/2019 12:58,Sciurus carolinensis,6/24/2019,8/7/2019
SEWA_N03_RVP1,47.67354,-122.31119,Summer19,7/7/2019 13:40,Sciurus carolinensis,6/24/2019,8/7/2019
SEWA_N03_RVP1,47.67354,-122.31119,Summer19,7/8/2019 14:40,Canis latrans,6/24/2019,8/7/2019
SEWA_N03_RVP1,47.67354,-122.31119,Summer19,7/8/2019 22:46,Rattus rattus,6/24/2019,8/7/2019
SEWA_N03_RVP1,47.67354,-122.31119,Summer19,7/9/2019 4:38,Rattus rattus,6/24/2019,8/7/2019
SEWA_N03_RVP1,47.67354,-122.31119,Summer19,7/9/2019 9:33,Sciurus carolinensis,6/24/2019,8/7/2019
SEWA_N03_RVP1,47.67354,-122.31119,Summer19,7/9/2019 9:34,Sciurus carolinensis,6/24/2019,8/7/2019
SEWA_N03_RVP1,47.67354,-122.31119,Summer19,7/9/2019 11:02,Canis latrans,6/24/2019,8/7/2019
SEWA_N03_RVP1,47.67354,-122.31119,Summer19,7/9/2019 14:25,Sciurus carolinensis,6/24/2019,8/7/2019
SEWA_N03_RVP1,47.67354,-122.31119,Summer19,7/9/2019 14:28,Sciurus carolinensis,6/24/2019,8/7/2019
SEWA_N03_RVP1,47.67354,-122.31119,Summer19,7/9/2019 14:59,Sciurus carolinensis,6/24/2019,8/7/2019
SEWA_N03_RVP1,47.67354,-122.31119,Summer19,7/9/2019 15:50,Canis latrans,6/24/2019,8/7/2019
SEWA_N03_RVP1,47.67354,-122.31119,Summer19,7/9/2019 16:58,Sciurus carolinensis,6/24/2019,8/7/2019
SEWA_N03_RVP1,47.67354,-122.31119,Summer19,7/10/2019 13:57,Homo sapiens,6/24/2019,8/7/2019
SEWA_N03_RVP1,47.67354,-122.31119,Summer19,7/10/2019 15:10,Sciurus carolinensis,6/24/2019,8/7/2019
SEWA_N03_RVP1,47.67354,-122.31119,Summer19,7/10/2019 15:11,Sciurus carolinensis,6/24/2019,8/7/2019
SEWA_N03_RVP1,47.67354,-122.31119,Summer19,7/10/2019 15:13,Sciurus carolinensis,6/24/2019,8/7/2019
SEWA_N03_RVP1,47.67354,-122.31119,Summer19,7/10/2019 16:50,Sciurus carolinensis,6/24/2019,8/7/2019
SEWA_N03_RVP1,47.67354,-122.31119,Summer19,7/10/2019 17:17,Sciurus carolinensis,6/24/2019,8/7/2019
SEWA_N03_RVP1,47.67354,-122.31119,Summer19,7/10/2019 17:30,Sciurus carolinensis,6/24/2019,8/7/2019
SEWA_N03_RVP1,47.67354,-122.31119,Summer19,7/10/2019 17:43,Sciurus carolinensis,6/24/2019,8/7/2019
SEWA_N03_RVP1,47.67354,-122.31119,Summer19,7/10/2019 18:57,Sciurus carolinensis,6/24/2019,8/7/2019
SEWA_N03_RVP1,47.67354,-122.31119,Summer19,7/10/2019 19:00,Sciurus carolinensis,6/24/2019,8/7/2019
SEWA_N03_RVP1,47.67354,-122.31119,Summer19,7/10/2019 19:07,Sciurus carolinensis,6/24/2019,8/7/2019
SEWA_N03_RVP1,47.67354,-122.31119,Summer19,7/10/2019 22:29,Rattus rattus,6/24/2019,8/7/2019
SEWA_N03_RVP1,47.67354,-122.31119,Summer19,7/11/2019 0:48,Rattus rattus,6/24/2019,8/7/2019
SEWA_N03_RVP1,47.67354,-122.31119,Summer19,7/11/2019 3:24,Rattus rattus,6/24/2019,8/7/2019
SEWA_N03_RVP1,47.67354,-122.31119,Summer19,7/11/2019 7:39,Sciurus carolinensis,6/24/2019,8/7/2019
SEWA_N03_RVP1,47.67354,-122.31119,Summer19,7/11/2019 11:13,Sciurus carolinensis,6/24/2019,8/7/2019
SEWA_N03_RVP1,47.67354,-122.31119,Summer19,7/11/2019 13:25,Sciurus carolinensis,6/24/2019,8/7/2019
SEWA_N03_RVP1,47.67354,-122.31119,Summer19,7/11/2019 14:54,Sciurus carolinensis,6/24/2019,8/7/2019
SEWA_N03_RVP1,47.67354,-122.31119,Summer19,7/11/2019 14:56,Homo sapiens,6/24/2019,8/7/2019
SEWA_N03_RVP1,47.67354,-122.31119,Summer19,7/11/2019 15:00,Sciurus carolinensis,6/24/2019,8/7/2019
SEWA_N03_RVP1,47.67354,-122.31119,Summer19,7/11/2019 15:24,Sciurus carolinensis,6/24/2019,8/7/2019
SEWA_N03_RVP1,47.67354,-122.31119,Summer19,7/11/2019 17:23,Sciurus carolinensis,6/24/2019,8/7/2019
SEWA_N03_RVP1,47.67354,-122.31119,Summer19,7/11/2019 18:21,Sciurus carolinensis,6/24/2019,8/7/2019
SEWA_N03_RVP1,47.67354,-122.31119,Summer19,7/11/2019 18:59,Canis familiaris,6/24/2019,8/7/2019
SEWA_N03_RVP1,47.67354,-122.31119,Summer19,7/11/2019 22:49,Rattus rattus,6/24/2019,8/7/2019
SEWA_N03_RVP1,47.67354,-122.31119,Summer19,7/12/2019 1:24,Rattus rattus,6/24/2019,8/7/2019
SEWA_N03_RVP1,47.67354,-122.31119,Summer19,7/12/2019 9:44,Sciurus carolinensis,6/24/2019,8/7/2019
SEWA_N03_RVP1,47.67354,-122.31119,Summer19,7/12/2019 9:51,Sciurus carolinensis,6/24/2019,8/7/2019
SEWA_N03_RVP1,47.67354,-122.31119,Summer19,7/12/2019 12:20,Sciurus carolinensis,6/24/2019,8/7/2019
SEWA_N03_RVP1,47.67354,-122.31119,Summer19,7/12/2019 12:37,Sciurus carolinensis,6/24/2019,8/7/2019
SEWA_N03_RVP1,47.67354,-122.31119,Summer19,7/13/2019 8:39,Sciurus carolinensis,6/24/2019,8/7/2019
SEWA_N03_RVP1,47.67354,-122.31119,Summer19,7/13/2019 8:40,Sciurus carolinensis,6/24/2019,8/7/2019
SEWA_N03_RVP1,47.67354,-122.31119,Summer19,7/13/2019 14:40,Sciurus carolinensis,6/24/2019,8/7/2019
SEWA_N03_RVP1,47.67354,-122.31119,Summer19,7/13/2019 16:02,Sciurus carolinensis,6/24/2019,8/7/2019
SEWA_N03_RVP1,47.67354,-122.31119,Summer19,7/13/2019 17:42,Sciurus carolinensis,6/24/2019,8/7/2019
SEWA_N03_RVP1,47.67354,-122.31119,Summer19,7/13/2019 18:34,Sciurus carolinensis,6/24/2019,8/7/2019
SEWA_N03_RVP1,47.67354,-122.31119,Summer19,7/13/2019 22:30,Rattus rattus,6/24/2019,8/7/2019
SEWA_N03_RVP1,47.67354,-122.31119,Summer19,7/13/2019 23:56,Rattus rattus,6/24/2019,8/7/2019
SEWA_N03_RVP1,47.67354,-122.31119,Summer19,7/14/2019 0:38,Rattus rattus,6/24/2019,8/7/2019
SEWA_N03_RVP1,47.67354,-122.31119,Summer19,7/14/2019 7:53,Sciurus carolinensis,6/24/2019,8/7/2019
SEWA_N03_RVP1,47.67354,-122.31119,Summer19,7/14/2019 14:57,Sciurus carolinensis,6/24/2019,8/7/2019
SEWA_N03_RVP1,47.67354,-122.31119,Summer19,7/14/2019 15:03,Sciurus carolinensis,6/24/2019,8/7/2019
SEWA_N03_RVP1,47.67354,-122.31119,Summer19,7/14/2019 15:07,Sciurus carolinensis,6/24/2019,8/7/2019
SEWA_N03_RVP1,47.67354,-122.31119,Summer19,7/14/2019 15:09,Sciurus carolinensis,6/24/2019,8/7/2019
SEWA_N03_RVP1,47.67354,-122.31119,Summer19,7/14/2019 17:30,Canis latrans,6/24/2019,8/7/2019
SEWA_N03_RVP1,47.67354,-122.31119,Summer19,7/15/2019 0:08,Procyon lotor,6/24/2019,8/7/2019
SEWA_N03_RVP1,47.67354,-122.31119,Summer19,7/15/2019 7:55,Canis familiaris,6/24/2019,8/7/2019
SEWA_N03_RVP1,47.67354,-122.31119,Summer19,7/15/2019 9:29,Sciurus carolinensis,6/24/2019,8/7/2019
SEWA_N03_RVP1,47.67354,-122.31119,Summer19,7/15/2019 19:30,Canis familiaris,6/24/2019,8/7/2019
SEWA_N03_RVP1,47.67354,-122.31119,Summer19,7/16/2019 0:56,Rattus rattus,6/24/2019,8/7/2019
SEWA_N03_RVP1,47.67354,-122.31119,Summer19,7/16/2019 8:31,Sciurus carolinensis,6/24/2019,8/7/2019
SEWA_N03_RVP1,47.67354,-122.31119,Summer19,7/16/2019 11:32,Sciurus carolinensis,6/24/2019,8/7/2019
SEWA_N03_RVP1,47.67354,-122.31119,Summer19,7/16/2019 11:34,Sciurus carolinensis,6/24/2019,8/7/2019
SEWA_N03_RVP1,47.67354,-122.31119,Summer19,7/16/2019 17:00,Sciurus carolinensis,6/24/2019,8/7/2019
SEWA_N03_RVP1,47.67354,-122.31119,Summer19,7/16/2019 21:20,Rattus rattus,6/24/2019,8/7/2019
SEWA_N03_RVP1,47.67354,-122.31119,Summer19,7/16/2019 23:51,Rattus rattus,6/24/2019,8/7/2019
SEWA_N03_RVP1,47.67354,-122.31119,Summer19,7/17/2019 1:53,Rattus rattus,6/24/2019,8/7/2019
SEWA_N03_RVP1,47.67354,-122.31119,Summer19,7/17/2019 12:22,Homo sapiens,6/24/2019,8/7/2019
SEWA_N03_RVP1,47.67354,-122.31119,Summer19,7/18/2019 4:02,Rattus rattus,6/24/2019,8/7/2019
SEWA_N03_RVP1,47.67354,-122.31119,Summer19,7/18/2019 6:57,Canis latrans,6/24/2019,8/7/2019
SEWA_N03_RVP1,47.67354,-122.31119,Summer19,7/18/2019 7:50,Sciurus carolinensis,6/24/2019,8/7/2019
SEWA_N03_RVP1,47.67354,-122.31119,Summer19,7/18/2019 7:58,Sciurus carolinensis,6/24/2019,8/7/2019
SEWA_N03_RVP1,47.67354,-122.31119,Summer19,7/18/2019 11:22,Sciurus carolinensis,6/24/2019,8/7/2019
SEWA_N03_RVP1,47.67354,-122.31119,Summer19,7/18/2019 11:24,Sciurus carolinensis,6/24/2019,8/7/2019
SEWA_N03_RVP1,47.67354,-122.31119,Summer19,7/18/2019 11:42,Sciurus carolinensis,6/24/2019,8/7/2019
SEWA_N03_RVP1,47.67354,-122.31119,Summer19,7/18/2019 12:26,Sciurus carolinensis,6/24/2019,8/7/2019
SEWA_N03_RVP1,47.67354,-122.31119,Summer19,7/18/2019 13:27,Sciurus carolinensis,6/24/2019,8/7/2019
SEWA_N03_RVP1,47.67354,-122.31119,Summer19,7/18/2019 13:30,Sciurus carolinensis,6/24/2019,8/7/2019
SEWA_N03_RVP1,47.67354,-122.31119,Summer19,7/19/2019 11:19,Sciurus carolinensis,6/24/2019,8/7/2019
SEWA_N03_RVP1,47.67354,-122.31119,Summer19,7/19/2019 13:09,Sciurus carolinensis,6/24/2019,8/7/2019
SEWA_N03_RVP1,47.67354,-122.31119,Summer19,7/19/2019 13:13,Sciurus carolinensis,6/24/2019,8/7/2019
SEWA_N03_RVP1,47.67354,-122.31119,Summer19,7/19/2019 16:41,Sciurus carolinensis,6/24/2019,8/7/2019
SEWA_N03_RVP1,47.67354,-122.31119,Summer19,7/19/2019 17:14,Sciurus carolinensis,6/24/2019,8/7/2019
SEWA_N03_RVP1,47.67354,-122.31119,Summer19,7/19/2019 21:45,Rattus rattus,6/24/2019,8/7/2019
SEWA_N03_RVP1,47.67354,-122.31119,Summer19,7/19/2019 21:46,Rattus rattus,6/24/2019,8/7/2019
SEWA_N03_RVP1,47.67354,-122.31119,Summer19,7/19/2019 23:18,Procyon lotor,6/24/2019,8/7/2019
SEWA_N03_RVP1,47.67354,-122.31119,Summer19,7/20/2019 0:40,Rattus rattus,6/24/2019,8/7/2019
SEWA_N03_RVP1,47.67354,-122.31119,Summer19,7/20/2019 4:34,Rattus rattus,6/24/2019,8/7/2019
SEWA_N03_RVP1,47.67354,-122.31119,Summer19,7/20/2019 9:57,Canis familiaris,6/24/2019,8/7/2019
SEWA_N03_RVP1,47.67354,-122.31119,Summer19,7/20/2019 10:10,Sciurus carolinensis,6/24/2019,8/7/2019
SEWA_N03_RVP1,47.67354,-122.31119,Summer19,7/20/2019 10:11,Sciurus carolinensis,6/24/2019,8/7/2019
SEWA_N03_RVP1,47.67354,-122.31119,Summer19,7/20/2019 14:41,Canis familiaris,6/24/2019,8/7/2019
SEWA_N03_RVP1,47.67354,-122.31119,Summer19,7/20/2019 18:00,Sciurus carolinensis,6/24/2019,8/7/2019
SEWA_N03_RVP1,47.67354,-122.31119,Summer19,7/20/2019 21:11,Rattus rattus,6/24/2019,8/7/2019
SEWA_N03_RVP1,47.67354,-122.31119,Summer19,7/20/2019 22:38,Rattus rattus,6/24/2019,8/7/2019
SEWA_N03_RVP1,47.67354,-122.31119,Summer19,7/21/2019 7:52,Sciurus carolinensis,6/24/2019,8/7/2019
SEWA_N03_RVP1,47.67354,-122.31119,Summer19,7/21/2019 8:41,Sciurus carolinensis,6/24/2019,8/7/2019
SEWA_N03_RVP1,47.67354,-122.31119,Summer19,7/21/2019 8:45,Sciurus carolinensis,6/24/2019,8/7/2019
SEWA_N03_RVP1,47.67354,-122.31119,Summer19,7/21/2019 9:33,Sciurus carolinensis,6/24/2019,8/7/2019
SEWA_N03_RVP1,47.67354,-122.31119,Summer19,7/21/2019 9:37,Sciurus carolinensis,6/24/2019,8/7/2019
SEWA_N03_RVP1,47.67354,-122.31119,Summer19,7/21/2019 9:39,Sciurus carolinensis,6/24/2019,8/7/2019
SEWA_N03_RVP1,47.67354,-122.31119,Summer19,7/21/2019 9:44,Sciurus carolinensis,6/24/2019,8/7/2019
SEWA_N03_RVP1,47.67354,-122.31119,Summer19,7/21/2019 9:46,Sciurus carolinensis,6/24/2019,8/7/2019
SEWA_N03_RVP1,47.67354,-122.31119,Summer19,7/21/2019 9:48,Sciurus carolinensis,6/24/2019,8/7/2019
SEWA_N03_RVP1,47.67354,-122.31119,Summer19,7/21/2019 9:52,Sciurus carolinensis,6/24/2019,8/7/2019
SEWA_N03_RVP1,47.67354,-122.31119,Summer19,7/21/2019 9:55,Sciurus carolinensis,6/24/2019,8/7/2019
SEWA_N03_RVP1,47.67354,-122.31119,Summer19,7/21/2019 10:13,Sciurus carolinensis,6/24/2019,8/7/2019
SEWA_N03_RVP1,47.67354,-122.31119,Summer19,7/21/2019 10:15,Sciurus carolinensis,6/24/2019,8/7/2019
SEWA_N03_RVP1,47.67354,-122.31119,Summer19,7/21/2019 11:03,Sciurus carolinensis,6/24/2019,8/7/2019
SEWA_N03_RVP1,47.67354,-122.31119,Summer19,7/21/2019 11:04,Sciurus carolinensis,6/24/2019,8/7/2019
SEWA_N03_RVP1,47.67354,-122.31119,Summer19,7/21/2019 11:18,Sciurus carolinensis,6/24/2019,8/7/2019
SEWA_N03_RVP1,47.67354,-122.31119,Summer19,7/21/2019 12:23,Sciurus carolinensis,6/24/2019,8/7/2019
SEWA_N03_RVP1,47.67354,-122.31119,Summer19,7/21/2019 12:46,Sciurus carolinensis,6/24/2019,8/7/2019
SEWA_N03_RVP1,47.67354,-122.31119,Summer19,7/21/2019 18:03,Sciurus carolinensis,6/24/2019,8/7/2019
SEWA_N03_RVP1,47.67354,-122.31119,Summer19,7/21/2019 22:05,Rattus rattus,6/24/2019,8/7/2019
SEWA_N03_RVP1,47.67354,-122.31119,Summer19,7/21/2019 23:01,Rattus rattus,6/24/2019,8/7/2019
SEWA_N03_RVP1,47.67354,-122.31119,Summer19,7/22/2019 9:03,Sciurus carolinensis,6/24/2019,8/7/2019
SEWA_N03_RVP1,47.67354,-122.31119,Summer19,7/22/2019 9:05,Sciurus carolinensis,6/24/2019,8/7/2019
SEWA_N03_RVP1,47.67354,-122.31119,Summer19,7/22/2019 11:28,Sciurus carolinensis,6/24/2019,8/7/2019
SEWA_N03_RVP1,47.67354,-122.31119,Summer19,7/22/2019 16:39,Sciurus carolinensis,6/24/2019,8/7/2019
SEWA_N03_RVP1,47.67354,-122.31119,Summer19,7/22/2019 18:27,Sciurus carolinensis,6/24/2019,8/7/2019
SEWA_N03_RVP1,47.67354,-122.31119,Summer19,7/22/2019 18:28,Sciurus carolinensis,6/24/2019,8/7/2019
SEWA_N03_RVP1,47.67354,-122.31119,Summer19,7/22/2019 19:10,Homo sapiens,6/24/2019,8/7/2019
SEWA_N03_RVP1,47.67354,-122.31119,Summer19,7/22/2019 19:20,Homo sapiens,6/24/2019,8/7/2019
SEWA_N03_RVP1,47.67354,-122.31119,Summer19,7/23/2019 7:23,Sciurus carolinensis,6/24/2019,8/7/2019
SEWA_N03_RVP1,47.67354,-122.31119,Summer19,7/24/2019 9:53,Sciurus carolinensis,6/24/2019,8/7/2019
SEWA_N03_RVP1,47.67354,-122.31119,Summer19,7/24/2019 9:54,Sciurus carolinensis,6/24/2019,8/7/2019
SEWA_N03_RVP1,47.67354,-122.31119,Summer19,7/24/2019 9:57,Sciurus carolinensis,6/24/2019,8/7/2019
SEWA_N03_RVP1,47.67354,-122.31119,Summer19,7/24/2019 10:57,Sciurus carolinensis,6/24/2019,8/7/2019
SEWA_N03_RVP1,47.67354,-122.31119,Summer19,7/24/2019 11:11,Sciurus carolinensis,6/24/2019,8/7/2019
SEWA_N03_RVP1,47.67354,-122.31119,Summer19,7/24/2019 11:16,Sciurus carolinensis,6/24/2019,8/7/2019
SEWA_N03_RVP1,47.67354,-122.31119,Summer19,7/24/2019 11:17,Sciurus carolinensis,6/24/2019,8/7/2019
SEWA_N03_RVP1,47.67354,-122.31119,Summer19,7/24/2019 11:21,Sciurus carolinensis,6/24/2019,8/7/2019
SEWA_N03_RVP1,47.67354,-122.31119,Summer19,7/24/2019 11:23,Sciurus carolinensis,6/24/2019,8/7/2019
SEWA_N03_RVP1,47.67354,-122.31119,Summer19,7/24/2019 11:36,Sciurus carolinensis,6/24/2019,8/7/2019
SEWA_N03_RVP1,47.67354,-122.31119,Summer19,7/24/2019 11:45,Sciurus carolinensis,6/24/2019,8/7/2019
SEWA_N03_RVP1,47.67354,-122.31119,Summer19,7/24/2019 11:53,Sciurus carolinensis,6/24/2019,8/7/2019
SEWA_N03_RVP1,47.67354,-122.31119,Summer19,7/24/2019 11:59,Sciurus carolinensis,6/24/2019,8/7/2019
SEWA_N03_RVP1,47.67354,-122.31119,Summer19,7/24/2019 15:15,Sciurus carolinensis,6/24/2019,8/7/2019
SEWA_N03_RVP1,47.67354,-122.31119,Summer19,7/24/2019 15:48,Sciurus carolinensis,6/24/2019,8/7/2019
SEWA_N03_RVP1,47.67354,-122.31119,Summer19,7/24/2019 15:54,Sciurus carolinensis,6/24/2019,8/7/2019
SEWA_N03_RVP1,47.67354,-122.31119,Summer19,7/24/2019 15:59,Sciurus carolinensis,6/24/2019,8/7/2019
SEWA_N03_RVP1,47.67354,-122.31119,Summer19,7/24/2019 17:10,Sciurus carolinensis,6/24/2019,8/7/2019
SEWA_N03_RVP1,47.67354,-122.31119,Summer19,7/24/2019 22:22,Rattus rattus,6/24/2019,8/7/2019
SEWA_N03_RVP1,47.67354,-122.31119,Summer19,7/24/2019 22:24,Rattus rattus,6/24/2019,8/7/2019
SEWA_N03_RVP1,47.67354,-122.31119,Summer19,7/25/2019 1:43,Rattus rattus,6/24/2019,8/7/2019
SEWA_N03_RVP1,47.67354,-122.31119,Summer19,7/25/2019 4:10,Procyon lotor,6/24/2019,8/7/2019
SEWA_N03_RVP1,47.67354,-122.31119,Summer19,7/25/2019 8:05,Sciurus carolinensis,6/24/2019,8/7/2019
SEWA_N03_RVP1,47.67354,-122.31119,Summer19,7/25/2019 8:38,Sciurus carolinensis,6/24/2019,8/7/2019
SEWA_N03_RVP1,47.67354,-122.31119,Summer19,7/25/2019 8:44,Sciurus carolinensis,6/24/2019,8/7/2019
SEWA_N03_RVP1,47.67354,-122.31119,Summer19,7/25/2019 9:01,Sciurus carolinensis,6/24/2019,8/7/2019
SEWA_N03_RVP1,47.67354,-122.31119,Summer19,7/25/2019 10:47,Sciurus carolinensis,6/24/2019,8/7/2019
SEWA_N03_RVP1,47.67354,-122.31119,Summer19,7/25/2019 10:48,Sciurus carolinensis,6/24/2019,8/7/2019
SEWA_N03_RVP1,47.67354,-122.31119,Summer19,7/25/2019 11:06,Sciurus carolinensis,6/24/2019,8/7/2019
SEWA_N03_RVP1,47.67354,-122.31119,Summer19,7/25/2019 11:08,Sciurus carolinensis,6/24/2019,8/7/2019
SEWA_N03_RVP1,47.67354,-122.31119,Summer19,7/25/2019 11:10,Sciurus carolinensis,6/24/2019,8/7/2019
SEWA_N03_RVP1,47.67354,-122.31119,Summer19,7/25/2019 11:15,Sciurus carolinensis,6/24/2019,8/7/2019
SEWA_N03_RVP1,47.67354,-122.31119,Summer19,7/25/2019 16:51,Sciurus carolinensis,6/24/2019,8/7/2019
SEWA_N03_RVP1,47.67354,-122.31119,Summer19,7/25/2019 19:19,Procyon lotor,6/24/2019,8/7/2019
SEWA_N03_RVP1,47.67354,-122.31119,Summer19,7/26/2019 0:06,Rattus rattus,6/24/2019,8/7/2019
SEWA_N03_RVP1,47.67354,-122.31119,Summer19,7/26/2019 2:49,Canis latrans,6/24/2019,8/7/2019
SEWA_N03_RVP1,47.67354,-122.31119,Summer19,7/26/2019 9:50,Sciurus carolinensis,6/24/2019,8/7/2019
SEWA_N03_RVP1,47.67354,-122.31119,Summer19,7/26/2019 10:54,Sciurus carolinensis,6/24/2019,8/7/2019
SEWA_N03_RVP1,47.67354,-122.31119,Summer19,7/26/2019 11:46,Sciurus carolinensis,6/24/2019,8/7/2019
SEWA_N03_RVP1,47.67354,-122.31119,Summer19,7/27/2019 0:01,Canis latrans,6/24/2019,8/7/2019
SEWA_N03_RVP1,47.67354,-122.31119,Summer19,7/27/2019 1:35,Canis latrans,6/24/2019,8/7/2019
SEWA_N03_RVP1,47.67354,-122.31119,Summer19,7/27/2019 12:56,Sciurus carolinensis,6/24/2019,8/7/2019
SEWA_N03_RVP1,47.67354,-122.31119,Summer19,7/27/2019 13:18,Sciurus carolinensis,6/24/2019,8/7/2019
SEWA_N03_RVP1,47.67354,-122.31119,Summer19,7/27/2019 15:26,Sciurus carolinensis,6/24/2019,8/7/2019
SEWA_N03_RVP1,47.67354,-122.31119,Summer19,7/27/2019 16:04,Sciurus carolinensis,6/24/2019,8/7/2019
SEWA_N03_RVP1,47.67354,-122.31119,Summer19,7/27/2019 18:39,Sciurus carolinensis,6/24/2019,8/7/2019
SEWA_N03_RVP1,47.67354,-122.31119,Summer19,7/27/2019 18:41,Sciurus carolinensis,6/24/2019,8/7/2019
SEWA_N03_RVP1,47.67354,-122.31119,Summer19,7/27/2019 22:47,Rattus rattus,6/24/2019,8/7/2019
SEWA_N03_RVP1,47.67354,-122.31119,Summer19,7/28/2019 10:09,Sciurus carolinensis,6/24/2019,8/7/2019
SEWA_N03_RVP1,47.67354,-122.31119,Summer19,7/28/2019 10:11,Sciurus carolinensis,6/24/2019,8/7/2019
SEWA_N03_RVP1,47.67354,-122.31119,Summer19,7/28/2019 10:58,Sciurus carolinensis,6/24/2019,8/7/2019
SEWA_N03_RVP1,47.67354,-122.31119,Summer19,7/28/2019 11:11,Sciurus carolinensis,6/24/2019,8/7/2019
SEWA_N03_RVP1,47.67354,-122.31119,Summer19,7/28/2019 11:13,Sciurus carolinensis,6/24/2019,8/7/2019
SEWA_N03_RVP1,47.67354,-122.31119,Summer19,7/28/2019 12:24,Sciurus carolinensis,6/24/2019,8/7/2019
SEWA_N03_RVP1,47.67354,-122.31119,Summer19,7/28/2019 14:50,Sciurus carolinensis,6/24/2019,8/7/2019
SEWA_N03_RVP1,47.67354,-122.31119,Summer19,7/28/2019 14:53,Sciurus carolinensis,6/24/2019,8/7/2019
SEWA_N03_RVP1,47.67354,-122.31119,Summer19,7/28/2019 15:03,Sciurus carolinensis,6/24/2019,8/7/2019
SEWA_N03_RVP1,47.67354,-122.31119,Summer19,7/28/2019 15:05,Sciurus carolinensis,6/24/2019,8/7/2019
SEWA_N03_RVP1,47.67354,-122.31119,Summer19,7/28/2019 15:16,Sciurus carolinensis,6/24/2019,8/7/2019
SEWA_N03_RVP1,47.67354,-122.31119,Summer19,7/28/2019 15:18,Sciurus carolinensis,6/24/2019,8/7/2019
SEWA_N03_RVP1,47.67354,-122.31119,Summer19,7/28/2019 15:19,Sciurus carolinensis,6/24/2019,8/7/2019
SEWA_N03_RVP1,47.67354,-122.31119,Summer19,7/28/2019 15:21,Sciurus carolinensis,6/24/2019,8/7/2019
SEWA_N03_RVP1,47.67354,-122.31119,Summer19,7/28/2019 15:23,Sciurus carolinensis,6/24/2019,8/7/2019
SEWA_N03_RVP1,47.67354,-122.31119,Summer19,7/28/2019 15:56,Sciurus carolinensis,6/24/2019,8/7/2019
SEWA_N03_RVP1,47.67354,-122.31119,Summer19,7/28/2019 16:28,Sciurus carolinensis,6/24/2019,8/7/2019
SEWA_N03_RVP1,47.67354,-122.31119,Summer19,7/28/2019 17:34,Sciurus carolinensis,6/24/2019,8/7/2019
SEWA_N03_RVP1,47.67354,-122.31119,Summer19,7/29/2019 8:26,Sciurus carolinensis,6/24/2019,8/7/2019
SEWA_N03_RVP1,47.67354,-122.31119,Summer19,7/29/2019 8:36,Sciurus carolinensis,6/24/2019,8/7/2019
SEWA_N03_RVP1,47.67354,-122.31119,Summer19,7/29/2019 9:47,Sciurus carolinensis,6/24/2019,8/7/2019
SEWA_N03_RVP1,47.67354,-122.31119,Summer19,7/29/2019 11:42,Sciurus carolinensis,6/24/2019,8/7/2019
SEWA_N03_RVP1,47.67354,-122.31119,Summer19,7/29/2019 12:10,Sciurus carolinensis,6/24/2019,8/7/2019
SEWA_N03_RVP1,47.67354,-122.31119,Summer19,7/29/2019 12:12,Sciurus carolinensis,6/24/2019,8/7/2019
SEWA_N03_RVP1,47.67354,-122.31119,Summer19,7/29/2019 13:17,Sciurus carolinensis,6/24/2019,8/7/2019
SEWA_N03_RVP1,47.67354,-122.31119,Summer19,7/29/2019 14:01,Sciurus carolinensis,6/24/2019,8/7/2019
SEWA_N03_RVP1,47.67354,-122.31119,Summer19,7/29/2019 14:27,Sciurus carolinensis,6/24/2019,8/7/2019
SEWA_N03_RVP1,47.67354,-122.31119,Summer19,7/29/2019 14:31,Sciurus carolinensis,6/24/2019,8/7/2019
SEWA_N03_RVP1,47.67354,-122.31119,Summer19,7/29/2019 14:36,Sciurus carolinensis,6/24/2019,8/7/2019
SEWA_N03_RVP1,47.67354,-122.31119,Summer19,7/29/2019 14:47,Sciurus carolinensis,6/24/2019,8/7/2019
SEWA_N03_RVP1,47.67354,-122.31119,Summer19,7/29/2019 14:51,Sciurus carolinensis,6/24/2019,8/7/2019
SEWA_N03_RVP1,47.67354,-122.31119,Summer19,7/29/2019 14:58,Sciurus carolinensis,6/24/2019,8/7/2019
SEWA_N03_RVP1,47.67354,-122.31119,Summer19,7/29/2019 15:00,Sciurus carolinensis,6/24/2019,8/7/2019
SEWA_N03_RVP1,47.67354,-122.31119,Summer19,7/29/2019 15:09,Sciurus carolinensis,6/24/2019,8/7/2019
SEWA_N03_RVP1,47.67354,-122.31119,Summer19,7/29/2019 15:13,Sciurus carolinensis,6/24/2019,8/7/2019
SEWA_N03_RVP1,47.67354,-122.31119,Summer19,7/29/2019 15:15,Sciurus carolinensis,6/24/2019,8/7/2019
SEWA_N03_RVP1,47.67354,-122.31119,Summer19,7/29/2019 15:25,Sciurus carolinensis,6/24/2019,8/7/2019
SEWA_N03_RVP1,47.67354,-122.31119,Summer19,7/29/2019 15:29,Sciurus carolinensis,6/24/2019,8/7/2019
SEWA_N03_RVP1,47.67354,-122.31119,Summer19,7/29/2019 15:53,Sciurus carolinensis,6/24/2019,8/7/2019
SEWA_N03_RVP1,47.67354,-122.31119,Summer19,7/29/2019 15:58,Sciurus carolinensis,6/24/2019,8/7/2019
SEWA_N03_RVP1,47.67354,-122.31119,Summer19,7/29/2019 16:00,Sciurus carolinensis,6/24/2019,8/7/2019
SEWA_N03_RVP1,47.67354,-122.31119,Summer19,7/29/2019 16:01,Sciurus carolinensis,6/24/2019,8/7/2019
SEWA_N03_RVP1,47.67354,-122.31119,Summer19,7/29/2019 16:07,Sciurus carolinensis,6/24/2019,8/7/2019
SEWA_N03_RVP1,47.67354,-122.31119,Summer19,7/30/2019 8:10,Sciurus carolinensis,6/24/2019,8/7/2019
SEWA_N03_RVP1,47.67354,-122.31119,Summer19,7/30/2019 8:24,Sciurus carolinensis,6/24/2019,8/7/2019
SEWA_N03_RVP1,47.67354,-122.31119,Summer19,7/30/2019 9:20,Sciurus carolinensis,6/24/2019,8/7/2019
SEWA_N03_RVP1,47.67354,-122.31119,Summer19,7/30/2019 9:37,Sciurus carolinensis,6/24/2019,8/7/2019
SEWA_N03_RVP1,47.67354,-122.31119,Summer19,7/30/2019 11:23,Sciurus carolinensis,6/24/2019,8/7/2019
SEWA_N03_RVP1,47.67354,-122.31119,Summer19,7/30/2019 12:14,Sciurus carolinensis,6/24/2019,8/7/2019
SEWA_N03_RVP1,47.67354,-122.31119,Summer19,7/30/2019 14:11,Sciurus carolinensis,6/24/2019,8/7/2019
SEWA_N03_RVP1,47.67354,-122.31119,Summer19,7/30/2019 14:49,Homo sapiens,6/24/2019,8/7/2019
SEWA_N03_RVP1,47.67354,-122.31119,Summer19,7/30/2019 14:54,Homo sapiens,6/24/2019,8/7/2019
SEWA_N03_RVP1,47.67354,-122.31119,Summer19,7/30/2019 16:02,Homo sapiens,6/24/2019,8/7/2019
SEWA_N03_RVP1,47.67354,-122.31119,Summer19,7/30/2019 16:03,Homo sapiens,6/24/2019,8/7/2019
SEWA_N03_RVP1,47.67354,-122.31119,Summer19,7/30/2019 16:05,Homo sapiens,6/24/2019,8/7/2019
SEWA_N03_RVP1,47.67354,-122.31119,Summer19,7/30/2019 16:06,Homo sapiens,6/24/2019,8/7/2019
SEWA_N03_RVP1,47.67354,-122.31119,Summer19,7/30/2019 17:48,Canis familiaris,6/24/2019,8/7/2019
SEWA_N03_RVP1,47.67354,-122.31119,Summer19,7/30/2019 18:05,Sciurus carolinensis,6/24/2019,8/7/2019
SEWA_N03_RVP1,47.67354,-122.31119,Summer19,7/30/2019 18:07,Sciurus carolinensis,6/24/2019,8/7/2019
SEWA_N03_RVP1,47.67354,-122.31119,Summer19,7/31/2019 7:59,Sciurus carolinensis,6/24/2019,8/7/2019
SEWA_N03_RVP1,47.67354,-122.31119,Summer19,7/31/2019 8:04,Sciurus carolinensis,6/24/2019,8/7/2019
SEWA_N03_RVP1,47.67354,-122.31119,Summer19,7/31/2019 8:08,Sciurus carolinensis,6/24/2019,8/7/2019
SEWA_N03_RVP1,47.67354,-122.31119,Summer19,7/31/2019 8:09,Sciurus carolinensis,6/24/2019,8/7/2019
SEWA_N03_RVP1,47.67354,-122.31119,Summer19,7/31/2019 8:40,Sciurus carolinensis,6/24/2019,8/7/2019
SEWA_N03_RVP1,47.67354,-122.31119,Summer19,7/31/2019 9:31,Sciurus carolinensis,6/24/2019,8/7/2019
SEWA_N03_RVP1,47.67354,-122.31119,Summer19,7/31/2019 9:34,Sciurus carolinensis,6/24/2019,8/7/2019
SEWA_N03_RVP1,47.67354,-122.31119,Summer19,7/31/2019 9:37,Sciurus carolinensis,6/24/2019,8/7/2019
SEWA_N03_RVP1,47.67354,-122.31119,Summer19,7/31/2019 9:42,Sciurus carolinensis,6/24/2019,8/7/2019
SEWA_N03_RVP1,47.67354,-122.31119,Summer19,7/31/2019 9:46,Sciurus carolinensis,6/24/2019,8/7/2019
SEWA_N03_RVP1,47.67354,-122.31119,Summer19,7/31/2019 10:12,Sciurus carolinensis,6/24/2019,8/7/2019
SEWA_N03_RVP1,47.67354,-122.31119,Summer19,7/31/2019 13:02,Sciurus carolinensis,6/24/2019,8/7/2019
SEWA_N03_RVP1,47.67354,-122.31119,Summer19,7/31/2019 13:09,Sciurus carolinensis,6/24/2019,8/7/2019
SEWA_N03_RVP1,47.67354,-122.31119,Summer19,7/31/2019 13:17,Sciurus carolinensis,6/24/2019,8/7/2019
SEWA_N03_RVP1,47.67354,-122.31119,Summer19,7/31/2019 13:19,Sciurus carolinensis,6/24/2019,8/7/2019
SEWA_N03_RVP1,47.67354,-122.31119,Summer19,7/31/2019 13:21,Sciurus carolinensis,6/24/2019,8/7/2019
SEWA_N03_RVP1,47.67354,-122.31119,Summer19,7/31/2019 13:24,Sciurus carolinensis,6/24/2019,8/7/2019
SEWA_N03_RVP1,47.67354,-122.31119,Summer19,7/31/2019 13:26,Sciurus carolinensis,6/24/2019,8/7/2019
SEWA_N03_RVP1,47.67354,-122.31119,Summer19,7/31/2019 13:30,Sciurus carolinensis,6/24/2019,8/7/2019
SEWA_N03_RVP1,47.67354,-122.31119,Summer19,7/31/2019 13:32,Sciurus carolinensis,6/24/2019,8/7/2019
SEWA_N03_RVP1,47.67354,-122.31119,Summer19,7/31/2019 13:33,Sciurus carolinensis,6/24/2019,8/7/2019
SEWA_N03_RVP1,47.67354,-122.31119,Summer19,7/31/2019 13:36,Sciurus carolinensis,6/24/2019,8/7/2019
SEWA_N03_RVP1,47.67354,-122.31119,Summer19,7/31/2019 13:38,Sciurus carolinensis,6/24/2019,8/7/2019
SEWA_N03_RVP1,47.67354,-122.31119,Summer19,7/31/2019 13:41,Sciurus carolinensis,6/24/2019,8/7/2019
SEWA_N03_RVP1,47.67354,-122.31119,Summer19,7/31/2019 13:43,Sciurus carolinensis,6/24/2019,8/7/2019
SEWA_N03_RVP1,47.67354,-122.31119,Summer19,7/31/2019 15:10,Sciurus carolinensis,6/24/2019,8/7/2019
SEWA_N03_RVP1,47.67354,-122.31119,Summer19,7/31/2019 15:46,Sciurus carolinensis,6/24/2019,8/7/2019
SEWA_N03_RVP1,47.67354,-122.31119,Summer19,7/31/2019 15:47,Sciurus carolinensis,6/24/2019,8/7/2019
SEWA_N03_RVP1,47.67354,-122.31119,Summer19,7/31/2019 15:56,Sciurus carolinensis,6/24/2019,8/7/2019
SEWA_N03_RVP1,47.67354,-122.31119,Summer19,7/31/2019 15:59,Sciurus carolinensis,6/24/2019,8/7/2019
SEWA_N03_RVP1,47.67354,-122.31119,Summer19,7/31/2019 16:49,Sciurus carolinensis,6/24/2019,8/7/2019
SEWA_N03_RVP1,47.67354,-122.31119,Summer19,7/31/2019 17:01,Sciurus carolinensis,6/24/2019,8/7/2019
SEWA_N03_RVP1,47.67354,-122.31119,Summer19,7/31/2019 17:06,Sciurus carolinensis,6/24/2019,8/7/2019
SEWA_N03_RVP1,47.67354,-122.31119,Summer19,7/31/2019 17:30,Sciurus carolinensis,6/24/2019,8/7/2019
SEWA_N03_RVP1,47.67354,-122.31119,Summer19,7/31/2019 18:38,Sciurus carolinensis,6/24/2019,8/7/2019
SEWA_N03_RVP1,47.67354,-122.31119,Summer19,7/31/2019 18:41,Sciurus carolinensis,6/24/2019,8/7/2019
SEWA_N03_RVP1,47.67354,-122.31119,Summer19,7/31/2019 19:00,Homo sapiens,6/24/2019,8/7/2019
SEWA_N03_RVP1,47.67354,-122.31119,Summer19,7/31/2019 19:07,Sciurus carolinensis,6/24/2019,8/7/2019
SEWA_N03_RVP1,47.67354,-122.31119,Summer19,8/1/2019 3:09,Rattus rattus,6/24/2019,8/7/2019
SEWA_N03_RVP1,47.67354,-122.31119,Summer19,8/1/2019 3:10,Rattus rattus,6/24/2019,8/7/2019
SEWA_N03_RVP1,47.67354,-122.31119,Summer19,8/1/2019 3:13,Rattus rattus,6/24/2019,8/7/2019
SEWA_N03_RVP1,47.67354,-122.31119,Summer19,8/1/2019 4:01,Rattus rattus,6/24/2019,8/7/2019
SEWA_N03_RVP1,47.67354,-122.31119,Summer19,8/1/2019 4:07,Rattus rattus,6/24/2019,8/7/2019
SEWA_N03_RVP1,47.67354,-122.31119,Summer19,8/1/2019 4:17,Rattus rattus,6/24/2019,8/7/2019
SEWA_N03_RVP1,47.67354,-122.31119,Summer19,8/1/2019 4:21,Procyon lotor,6/24/2019,8/7/2019
SEWA_N03_RVP1,47.67354,-122.31119,Summer19,8/1/2019 8:55,Sciurus carolinensis,6/24/2019,8/7/2019
SEWA_N03_RVP1,47.67354,-122.31119,Summer19,8/1/2019 9:02,Sciurus carolinensis,6/24/2019,8/7/2019
SEWA_N03_RVP1,47.67354,-122.31119,Summer19,8/1/2019 13:39,Homo sapiens,6/24/2019,8/7/2019
SEWA_N03_RVP1,47.67354,-122.31119,Summer19,8/1/2019 16:04,Sciurus carolinensis,6/24/2019,8/7/2019
SEWA_N03_RVP1,47.67354,-122.31119,Summer19,8/1/2019 16:05,Sciurus carolinensis,6/24/2019,8/7/2019
SEWA_N03_RVP1,47.67354,-122.31119,Summer19,8/1/2019 17:09,Sciurus carolinensis,6/24/2019,8/7/2019
SEWA_N03_RVP1,47.67354,-122.31119,Summer19,8/1/2019 17:13,Sciurus carolinensis,6/24/2019,8/7/2019
SEWA_N03_RVP1,47.67354,-122.31119,Summer19,8/1/2019 17:24,Sciurus carolinensis,6/24/2019,8/7/2019
SEWA_N03_RVP1,47.67354,-122.31119,Summer19,8/1/2019 17:54,Sciurus carolinensis,6/24/2019,8/7/2019
SEWA_N03_RVP1,47.67354,-122.31119,Summer19,8/1/2019 18:00,Sciurus carolinensis,6/24/2019,8/7/2019
SEWA_N03_RVP1,47.67354,-122.31119,Summer19,8/1/2019 18:02,Sciurus carolinensis,6/24/2019,8/7/2019
SEWA_N03_RVP1,47.67354,-122.31119,Summer19,8/1/2019 18:04,Sciurus carolinensis,6/24/2019,8/7/2019
SEWA_N03_RVP1,47.67354,-122.31119,Summer19,8/1/2019 18:05,Sciurus carolinensis,6/24/2019,8/7/2019
SEWA_N03_RVP1,47.67354,-122.31119,Summer19,8/1/2019 18:07,Sciurus carolinensis,6/24/2019,8/7/2019
SEWA_N03_RVP1,47.67354,-122.31119,Summer19,8/1/2019 18:23,Canis latrans,6/24/2019,8/7/2019
SEWA_N03_RVP1,47.67354,-122.31119,Summer19,8/1/2019 18:26,Canis latrans,6/24/2019,8/7/2019
SEWA_N03_RVP1,47.67354,-122.31119,Summer19,8/1/2019 23:11,Rattus rattus,6/24/2019,8/7/2019
SEWA_N03_RVP1,47.67354,-122.31119,Summer19,8/1/2019 23:12,Rattus rattus,6/24/2019,8/7/2019
SEWA_N03_RVP1,47.67354,-122.31119,Summer19,8/1/2019 23:17,Rattus rattus,6/24/2019,8/7/2019
SEWA_N03_RVP1,47.67354,-122.31119,Summer19,8/1/2019 23:20,Rattus rattus,6/24/2019,8/7/2019
SEWA_N03_RVP1,47.67354,-122.31119,Summer19,8/2/2019 0:28,Rattus rattus,6/24/2019,8/7/2019
SEWA_N03_RVP1,47.67354,-122.31119,Summer19,8/2/2019 0:29,Rattus rattus,6/24/2019,8/7/2019
SEWA_N03_RVP1,47.67354,-122.31119,Summer19,8/2/2019 7:44,Sciurus carolinensis,6/24/2019,8/7/2019
SEWA_N03_RVP1,47.67354,-122.31119,Summer19,8/2/2019 15:19,Sciurus carolinensis,6/24/2019,8/7/2019
SEWA_N03_RVP1,47.67354,-122.31119,Summer19,8/2/2019 15:22,Sciurus carolinensis,6/24/2019,8/7/2019
SEWA_N03_RVP1,47.67354,-122.31119,Summer19,8/2/2019 15:27,Sciurus carolinensis,6/24/2019,8/7/2019
SEWA_N03_RVP1,47.67354,-122.31119,Summer19,8/2/2019 16:27,Sciurus carolinensis,6/24/2019,8/7/2019
SEWA_N03_RVP1,47.67354,-122.31119,Summer19,8/2/2019 16:35,Sciurus carolinensis,6/24/2019,8/7/2019
SEWA_N03_RVP1,47.67354,-122.31119,Summer19,8/2/2019 16:42,Sciurus carolinensis,6/24/2019,8/7/2019
SEWA_N03_RVP1,47.67354,-122.31119,Summer19,8/2/2019 16:45,Sciurus carolinensis,6/24/2019,8/7/2019
SEWA_N03_RVP1,47.67354,-122.31119,Summer19,8/2/2019 22:27,Rattus rattus,6/24/2019,8/7/2019
SEWA_N03_RVP1,47.67354,-122.31119,Summer19,8/2/2019 22:44,Rattus rattus,6/24/2019,8/7/2019
SEWA_N03_RVP1,47.67354,-122.31119,Summer19,8/2/2019 23:07,Rattus rattus,6/24/2019,8/7/2019
SEWA_N03_RVP1,47.67354,-122.31119,Summer19,8/2/2019 23:08,Rattus rattus,6/24/2019,8/7/2019
SEWA_N03_RVP1,47.67354,-122.31119,Summer19,8/3/2019 1:18,Rattus rattus,6/24/2019,8/7/2019
SEWA_N03_RVP1,47.67354,-122.31119,Summer19,8/3/2019 1:40,Rattus rattus,6/24/2019,8/7/2019
SEWA_N03_RVP1,47.67354,-122.31119,Summer19,8/3/2019 1:42,Rattus rattus,6/24/2019,8/7/2019
SEWA_N03_RVP1,47.67354,-122.31119,Summer19,8/3/2019 3:29,Rattus rattus,6/24/2019,8/7/2019
SEWA_N03_RVP1,47.67354,-122.31119,Summer19,8/3/2019 7:44,Canis familiaris,6/24/2019,8/7/2019
SEWA_N03_RVP1,47.67354,-122.31119,Summer19,8/3/2019 10:01,Canis familiaris,6/24/2019,8/7/2019
SEWA_N03_RVP1,47.67354,-122.31119,Summer19,8/3/2019 10:04,Canis familiaris,6/24/2019,8/7/2019
SEWA_N03_RVP1,47.67354,-122.31119,Summer19,8/3/2019 10:05,Canis familiaris,6/24/2019,8/7/2019
SEWA_N03_RVP1,47.67354,-122.31119,Summer19,8/3/2019 11:22,Sciurus carolinensis,6/24/2019,8/7/2019
SEWA_N03_RVP1,47.67354,-122.31119,Summer19,8/3/2019 11:37,Sciurus carolinensis,6/24/2019,8/7/2019
SEWA_N03_RVP1,47.67354,-122.31119,Summer19,8/3/2019 11:39,Sciurus carolinensis,6/24/2019,8/7/2019
SEWA_N03_RVP1,47.67354,-122.31119,Summer19,8/3/2019 11:43,Sciurus carolinensis,6/24/2019,8/7/2019
SEWA_N03_RVP1,47.67354,-122.31119,Summer19,8/3/2019 12:02,Sciurus carolinensis,6/24/2019,8/7/2019
SEWA_N03_RVP1,47.67354,-122.31119,Summer19,8/3/2019 12:06,Sciurus carolinensis,6/24/2019,8/7/2019
SEWA_N03_RVP1,47.67354,-122.31119,Summer19,8/3/2019 21:06,Rattus rattus,6/24/2019,8/7/2019
SEWA_N03_RVP1,47.67354,-122.31119,Summer19,8/3/2019 22:12,Rattus rattus,6/24/2019,8/7/2019
SEWA_N03_RVP1,47.67354,-122.31119,Summer19,8/4/2019 0:40,Rattus rattus,6/24/2019,8/7/2019
SEWA_N03_RVP1,47.67354,-122.31119,Summer19,8/4/2019 7:40,Sciurus carolinensis,6/24/2019,8/7/2019
SEWA_N03_RVP1,47.67354,-122.31119,Summer19,8/4/2019 8:44,Sciurus carolinensis,6/24/2019,8/7/2019
SEWA_N03_RVP1,47.67354,-122.31119,Summer19,8/4/2019 10:38,Canis familiaris,6/24/2019,8/7/2019
SEWA_N03_RVP1,47.67354,-122.31119,Summer19,8/4/2019 10:38,Homo sapiens,6/24/2019,8/7/2019
SEWA_N03_RVP1,47.67354,-122.31119,Summer19,8/4/2019 14:51,Canis familiaris,6/24/2019,8/7/2019
SEWA_N03_RVP1,47.67354,-122.31119,Summer19,8/4/2019 22:48,Rattus rattus,6/24/2019,8/7/2019
SEWA_N03_RVP1,47.67354,-122.31119,Summer19,8/4/2019 23:47,Rattus rattus,6/24/2019,8/7/2019
SEWA_N03_RVP1,47.67354,-122.31119,Summer19,8/5/2019 2:48,Rattus rattus,6/24/2019,8/7/2019
SEWA_N03_RVP1,47.67354,-122.31119,Summer19,8/5/2019 9:58,Sciurus carolinensis,6/24/2019,8/7/2019
SEWA_N03_RVP1,47.67354,-122.31119,Summer19,8/5/2019 10:58,Sciurus carolinensis,6/24/2019,8/7/2019
SEWA_N03_RVP1,47.67354,-122.31119,Summer19,8/5/2019 11:01,Canis familiaris,6/24/2019,8/7/2019
SEWA_N03_RVP1,47.67354,-122.31119,Summer19,8/5/2019 11:01,Sciurus carolinensis,6/24/2019,8/7/2019
SEWA_N03_RVP1,47.67354,-122.31119,Summer19,8/5/2019 11:58,Sciurus carolinensis,6/24/2019,8/7/2019
SEWA_N03_RVP1,47.67354,-122.31119,Summer19,8/5/2019 12:15,Sciurus carolinensis,6/24/2019,8/7/2019
SEWA_N03_RVP1,47.67354,-122.31119,Summer19,8/5/2019 12:22,Sciurus carolinensis,6/24/2019,8/7/2019
SEWA_N03_RVP1,47.67354,-122.31119,Summer19,8/5/2019 13:29,Sciurus carolinensis,6/24/2019,8/7/2019
SEWA_N03_RVP1,47.67354,-122.31119,Summer19,8/5/2019 13:31,Sciurus carolinensis,6/24/2019,8/7/2019
SEWA_N03_RVP1,47.67354,-122.31119,Summer19,8/5/2019 16:09,Sciurus carolinensis,6/24/2019,8/7/2019
SEWA_N03_RVP1,47.67354,-122.31119,Summer19,8/5/2019 16:25,Sciurus carolinensis,6/24/2019,8/7/2019
SEWA_N03_RVP1,47.67354,-122.31119,Summer19,8/6/2019 1:08,Rattus rattus,6/24/2019,8/7/2019
SEWA_N03_RVP1,47.67354,-122.31119,Summer19,8/6/2019 11:08,Sciurus carolinensis,6/24/2019,8/7/2019
SEWA_N03_RVP1,47.67354,-122.31119,Summer19,8/6/2019 11:27,Sciurus carolinensis,6/24/2019,8/7/2019
SEWA_N03_RVP1,47.67354,-122.31119,Summer19,8/6/2019 13:17,Canis familiaris,6/24/2019,8/7/2019
SEWA_N03_RVP1,47.67354,-122.31119,Summer19,8/6/2019 14:51,Sciurus carolinensis,6/24/2019,8/7/2019
SEWA_N03_RVP1,47.67354,-122.31119,Summer19,8/6/2019 14:56,Sciurus carolinensis,6/24/2019,8/7/2019
SEWA_N04_HFW1,47.70676,-122.19162,Summer19,6/27/2019 13:19,Sciurus carolinensis,6/24/2019,8/7/2019
SEWA_N04_HFW1,47.70676,-122.19162,Summer19,6/30/2019 13:03,Homo sapiens,6/24/2019,8/7/2019
SEWA_N04_HFW1,47.70676,-122.19162,Summer19,7/2/2019 13:02,Homo sapiens,6/24/2019,8/7/2019
SEWA_N04_HFW1,47.70676,-122.19162,Summer19,7/2/2019 13:07,Homo sapiens,6/24/2019,8/7/2019
SEWA_N04_HFW1,47.70676,-122.19162,Summer19,7/4/2019 2:26,Canis latrans,6/24/2019,8/7/2019
SEWA_N04_HFW1,47.70676,-122.19162,Summer19,7/6/2019 14:11,Canis latrans,6/24/2019,8/7/2019
SEWA_N04_HFW1,47.70676,-122.19162,Summer19,7/6/2019 21:13,Canis latrans,6/24/2019,8/7/2019
SEWA_N04_HFW1,47.70676,-122.19162,Summer19,7/7/2019 23:11,Didelphis virginiana,6/24/2019,8/7/2019
SEWA_N04_HFW1,47.70676,-122.19162,Summer19,7/11/2019 8:50,Canis latrans,6/24/2019,8/7/2019
SEWA_N04_HFW1,47.70676,-122.19162,Summer19,7/12/2019 12:59,Sciurus carolinensis,6/24/2019,8/7/2019
SEWA_N04_HFW1,47.70676,-122.19162,Summer19,7/14/2019 7:10,Sciurus carolinensis,6/24/2019,8/7/2019
SEWA_N04_HFW1,47.70676,-122.19162,Summer19,7/18/2019 13:31,Homo sapiens,6/24/2019,8/7/2019
SEWA_N04_HFW1,47.70676,-122.19162,Summer19,7/20/2019 9:36,Sylvilagus floridanus,6/24/2019,8/7/2019
SEWA_N04_HFW1,47.70676,-122.19162,Summer19,7/20/2019 11:07,Sciurus carolinensis,6/24/2019,8/7/2019
SEWA_N04_HFW1,47.70676,-122.19162,Summer19,7/21/2019 0:57,Sylvilagus floridanus,6/24/2019,8/7/2019
SEWA_N04_HFW1,47.70676,-122.19162,Summer19,7/21/2019 13:56,Sciurus carolinensis,6/24/2019,8/7/2019
SEWA_N04_HFW1,47.70676,-122.19162,Summer19,7/22/2019 11:26,Sciurus carolinensis,6/24/2019,8/7/2019
SEWA_N04_HFW1,47.70676,-122.19162,Summer19,7/23/2019 8:56,Sciurus carolinensis,6/24/2019,8/7/2019
SEWA_N04_HFW1,47.70676,-122.19162,Summer19,7/24/2019 3:41,Canis latrans,6/24/2019,8/7/2019
SEWA_N04_HFW1,47.70676,-122.19162,Summer19,7/25/2019 7:53,Sciurus carolinensis,6/24/2019,8/7/2019
SEWA_N04_HFW1,47.70676,-122.19162,Summer19,7/25/2019 7:59,Sciurus carolinensis,6/24/2019,8/7/2019
SEWA_N04_HFW1,47.70676,-122.19162,Summer19,7/25/2019 8:01,Sciurus carolinensis,6/24/2019,8/7/2019
SEWA_N04_HFW1,47.70676,-122.19162,Summer19,7/25/2019 9:24,Sciurus carolinensis,6/24/2019,8/7/2019
SEWA_N04_HFW1,47.70676,-122.19162,Summer19,7/28/2019 8:35,Sciurus carolinensis,6/24/2019,8/7/2019
SEWA_N04_HFW1,47.70676,-122.19162,Summer19,7/28/2019 10:44,Sciurus carolinensis,6/24/2019,8/7/2019
SEWA_N04_HFW1,47.70676,-122.19162,Summer19,7/28/2019 14:39,Procyon lotor,6/24/2019,8/7/2019
SEWA_N04_HFW1,47.70676,-122.19162,Summer19,8/1/2019 6:56,Procyon lotor,6/24/2019,8/7/2019
SEWA_N04_HFW1,47.70676,-122.19162,Summer19,8/2/2019 21:14,Didelphis virginiana,6/24/2019,8/7/2019
SEWA_N04_HFW1,47.70676,-122.19162,Summer19,8/5/2019 15:40,Homo sapiens,6/24/2019,8/7/2019
SEWA_N04_JBP1,47.69558,-122.20348,Summer19,7/2/2019 16:14,Sciurus carolinensis,6/24/2019,8/7/2019
SEWA_N04_JBP1,47.69558,-122.20348,Summer19,7/5/2019 9:05,Odocoileus hemionus,6/24/2019,8/7/2019
SEWA_N04_JBP1,47.69558,-122.20348,Summer19,7/8/2019 6:07,Odocoileus hemionus,6/24/2019,8/7/2019
SEWA_N04_JBP1,47.69558,-122.20348,Summer19,7/8/2019 10:01,Canis latrans,6/24/2019,8/7/2019
SEWA_N04_JBP1,47.69558,-122.20348,Summer19,7/10/2019 12:52,Odocoileus hemionus,6/24/2019,8/7/2019
SEWA_N04_JBP1,47.69558,-122.20348,Summer19,7/12/2019 7:59,Odocoileus hemionus,6/24/2019,8/7/2019
SEWA_N04_JBP1,47.69558,-122.20348,Summer19,7/13/2019 18:44,Odocoileus hemionus,6/24/2019,8/7/2019
SEWA_N04_JBP1,47.69558,-122.20348,Summer19,7/13/2019 18:45,Odocoileus hemionus,6/24/2019,8/7/2019
SEWA_N04_JBP1,47.69558,-122.20348,Summer19,7/14/2019 16:23,Odocoileus hemionus,6/24/2019,8/7/2019
SEWA_N04_JBP1,47.69558,-122.20348,Summer19,7/14/2019 16:29,Odocoileus hemionus,6/24/2019,8/7/2019
SEWA_N04_JBP1,47.69558,-122.20348,Summer19,7/15/2019 2:26,Odocoileus hemionus,6/24/2019,8/7/2019
SEWA_N04_JBP1,47.69558,-122.20348,Summer19,7/15/2019 20:47,Odocoileus hemionus,6/24/2019,8/7/2019
SEWA_N04_JBP1,47.69558,-122.20348,Summer19,7/16/2019 21:09,Odocoileus hemionus,6/24/2019,8/7/2019
SEWA_N04_JBP1,47.69558,-122.20348,Summer19,7/17/2019 17:16,Odocoileus hemionus,6/24/2019,8/7/2019
SEWA_N04_JBP1,47.69558,-122.20348,Summer19,7/19/2019 7:09,Odocoileus hemionus,6/24/2019,8/7/2019
SEWA_N04_JBP1,47.69558,-122.20348,Summer19,7/19/2019 18:24,Odocoileus hemionus,6/24/2019,8/7/2019
SEWA_N04_JBP1,47.69558,-122.20348,Summer19,7/19/2019 18:28,Odocoileus hemionus,6/24/2019,8/7/2019
SEWA_N04_JBP1,47.69558,-122.20348,Summer19,7/19/2019 21:04,Odocoileus hemionus,6/24/2019,8/7/2019
SEWA_N04_JBP1,47.69558,-122.20348,Summer19,7/19/2019 21:07,Odocoileus hemionus,6/24/2019,8/7/2019
SEWA_N04_JBP1,47.69558,-122.20348,Summer19,7/20/2019 15:12,Odocoileus hemionus,6/24/2019,8/7/2019
SEWA_N04_JBP1,47.69558,-122.20348,Summer19,7/26/2019 15:04,Canis latrans,6/24/2019,8/7/2019
SEWA_N04_JBP1,47.69558,-122.20348,Summer19,7/26/2019 15:47,Canis latrans,6/24/2019,8/7/2019
SEWA_N04_JBP1,47.69558,-122.20348,Summer19,7/28/2019 6:29,Odocoileus hemionus,6/24/2019,8/7/2019
SEWA_N04_JBP1,47.69558,-122.20348,Summer19,7/28/2019 21:17,Odocoileus hemionus,6/24/2019,8/7/2019
SEWA_N04_JBP1,47.69558,-122.20348,Summer19,7/29/2019 10:05,Sciurus carolinensis,6/24/2019,8/7/2019
SEWA_N04_JBP1,47.69558,-122.20348,Summer19,7/31/2019 17:30,Odocoileus hemionus,6/24/2019,8/7/2019
SEWA_N04_JBP1,47.69558,-122.20348,Summer19,8/1/2019 17:30,Homo sapiens,6/24/2019,8/7/2019
SEWA_N05_SVP1,47.70675,-122.15123,Summer19,8/1/2019 11:53,Homo sapiens,6/24/2019,8/7/2019
SEWA_N05_SVP1,47.70675,-122.15123,Summer19,8/1/2019 17:34,Canis latrans,6/24/2019,8/7/2019
SEWA_N05_SVP1,47.70675,-122.15123,Summer19,8/3/2019 12:12,Odocoileus hemionus,6/24/2019,8/7/2019
SEWA_N05_SVP1,47.70675,-122.15123,Summer19,8/3/2019 12:14,Odocoileus hemionus,6/24/2019,8/7/2019
SEWA_N05_SVP1,47.70675,-122.15123,Summer19,8/5/2019 17:56,Canis latrans,6/24/2019,8/7/2019
SEWA_N06_MBC1,47.70461,-122.08888,Summer19,7/9/2019 16:42,Homo sapiens,6/24/2019,8/7/2019
SEWA_N06_MBC1,47.70461,-122.08888,Summer19,7/12/2019 10:39,Odocoileus hemionus,6/24/2019,8/7/2019
SEWA_N06_MBC1,47.70461,-122.08888,Summer19,7/29/2019 4:57,Odocoileus hemionus,6/24/2019,8/7/2019
SEWA_N06_MBC1,47.70461,-122.08888,Summer19,8/1/2019 20:36,Odocoileus hemionus,6/24/2019,8/7/2019
SEWA_N06_MBC1,47.70461,-122.08888,Summer19,8/5/2019 13:31,Odocoileus hemionus,6/24/2019,8/7/2019
SEWA_N06_MBC1,47.70461,-122.08888,Summer19,8/5/2019 13:32,Odocoileus hemionus,6/24/2019,8/7/2019
SEWA_N07_FRD1,47.75103,-122.00792,Summer19,7/5/2019 12:59,Homo sapiens,6/24/2019,8/7/2019
SEWA_N07_FRD1,47.75103,-122.00792,Summer19,7/14/2019 4:48,Sylvilagus floridanus,6/24/2019,8/7/2019
SEWA_N07_FRD1,47.75103,-122.00792,Summer19,7/15/2019 6:25,Sylvilagus floridanus,6/24/2019,8/7/2019
SEWA_N07_FRD1,47.75103,-122.00792,Summer19,7/15/2019 20:57,Lynx rufus,6/24/2019,8/7/2019
SEWA_N07_FRD1,47.75103,-122.00792,Summer19,7/17/2019 18:05,Canis latrans,6/24/2019,8/7/2019
SEWA_N07_FRD1,47.75103,-122.00792,Summer19,7/17/2019 18:18,Canis latrans,6/24/2019,8/7/2019
SEWA_N07_FRD1,47.75103,-122.00792,Summer19,7/20/2019 1:36,Sylvilagus floridanus,6/24/2019,8/7/2019
SEWA_N07_FRD1,47.75103,-122.00792,Summer19,7/20/2019 10:29,Odocoileus hemionus,6/24/2019,8/7/2019
SEWA_N07_FRD1,47.75103,-122.00792,Summer19,7/24/2019 8:42,Sylvilagus floridanus,6/24/2019,8/7/2019
SEWA_N07_FRD1,47.75103,-122.00792,Summer19,7/25/2019 7:32,Odocoileus hemionus,6/24/2019,8/7/2019
SEWA_N07_FRD1,47.75103,-122.00792,Summer19,7/25/2019 7:34,Odocoileus hemionus,6/24/2019,8/7/2019
SEWA_N07_FRD1,47.75103,-122.00792,Summer19,7/25/2019 8:43,Sylvilagus floridanus,6/24/2019,8/7/2019
SEWA_N07_FRD1,47.75103,-122.00792,Summer19,7/27/2019 17:39,Odocoileus hemionus,6/24/2019,8/7/2019
SEWA_N07_FRD1,47.75103,-122.00792,Summer19,7/27/2019 21:20,Sylvilagus floridanus,6/24/2019,8/7/2019
SEWA_N07_FRD1,47.75103,-122.00792,Summer19,7/28/2019 4:13,Odocoileus hemionus,6/24/2019,8/7/2019
SEWA_N07_FRD1,47.75103,-122.00792,Summer19,7/28/2019 6:52,Canis latrans,6/24/2019,8/7/2019
SEWA_N07_FRD1,47.75103,-122.00792,Summer19,7/28/2019 21:49,Sylvilagus floridanus,6/24/2019,8/7/2019
SEWA_N07_FRD1,47.75103,-122.00792,Summer19,7/29/2019 21:43,Sylvilagus floridanus,6/24/2019,8/7/2019
SEWA_N07_FRD1,47.75103,-122.00792,Summer19,7/30/2019 22:39,Sylvilagus floridanus,6/24/2019,8/7/2019
SEWA_N07_FRD1,47.75103,-122.00792,Summer19,8/3/2019 1:58,Sylvilagus floridanus,6/24/2019,8/7/2019
SEWA_N07_FRD1,47.75103,-122.00792,Summer19,8/3/2019 2:09,Sylvilagus floridanus,6/24/2019,8/7/2019
SEWA_N07_FRD1,47.75103,-122.00792,Summer19,8/3/2019 9:01,Homo sapiens,6/24/2019,8/7/2019
SEWA_N07_RHF1,47.7406,-122.01764,Summer19,7/5/2019 14:55,Homo sapiens,6/24/2019,8/7/2019
SEWA_N07_RHF1,47.7406,-122.01764,Summer19,7/5/2019 21:28,Ursus americanus,6/24/2019,8/7/2019
SEWA_N07_RHF1,47.7406,-122.01764,Summer19,7/5/2019 21:31,Ursus americanus,6/24/2019,8/7/2019
SEWA_N07_RHF1,47.7406,-122.01764,Summer19,7/10/2019 19:16,Ursus americanus,6/24/2019,8/7/2019
SEWA_N07_RHF1,47.7406,-122.01764,Summer19,7/14/2019 15:51,Odocoileus hemionus,6/24/2019,8/7/2019
SEWA_N07_RHF1,47.7406,-122.01764,Summer19,7/14/2019 17:19,Ursus americanus,6/24/2019,8/7/2019
SEWA_N07_RHF1,47.7406,-122.01764,Summer19,7/14/2019 17:24,Ursus americanus,6/24/2019,8/7/2019
SEWA_N07_RHF1,47.7406,-122.01764,Summer19,7/15/2019 14:05,Ursus americanus,6/24/2019,8/7/2019
SEWA_N07_RHF1,47.7406,-122.01764,Summer19,8/3/2019 13:15,Homo sapiens,6/24/2019,8/7/2019
SEWA_N08_DOS1,47.74577,-121.96749,Summer19,7/3/2019 11:41,Homo sapiens,6/24/2019,8/7/2019
SEWA_N08_DOS1,47.74577,-121.96749,Summer19,8/6/2019 15:46,Homo sapiens,6/24/2019,8/7/2019
SEWA_N08_DOS1,47.74577,-121.96749,Summer19,8/6/2019 15:48,Homo sapiens,6/24/2019,8/7/2019
SEWA_S01_PGP1,47.55922,-122.35731,Summer19,6/27/2019 13:50,Homo sapiens,6/24/2019,8/7/2019
SEWA_S01_PGP1,47.55922,-122.35731,Summer19,6/27/2019 14:03,Homo sapiens,6/24/2019,8/7/2019
SEWA_S01_PGP1,47.55922,-122.35731,Summer19,7/1/2019 10:27,Sciurus carolinensis,6/24/2019,8/7/2019
SEWA_S01_PGP1,47.55922,-122.35731,Summer19,8/1/2019 11:31,Homo sapiens,6/24/2019,8/7/2019
SEWA_S01_TMP1,47.56718,-122.35082,Summer19,6/27/2019 14:32,Homo sapiens,6/24/2019,8/7/2019
SEWA_S01_TMP1,47.56718,-122.35082,Summer19,7/9/2019 17:01,Homo sapiens,6/24/2019,8/7/2019
SEWA_S01_TMP1,47.56718,-122.35082,Summer19,7/9/2019 17:04,Homo sapiens,6/24/2019,8/7/2019
SEWA_S01_TMP1,47.56718,-122.35082,Summer19,7/12/2019 14:03,Homo sapiens,6/24/2019,8/7/2019
SEWA_S01_TMP1,47.56718,-122.35082,Summer19,7/13/2019 12:18,Homo sapiens,6/24/2019,8/7/2019
SEWA_S01_TMP1,47.56718,-122.35082,Summer19,7/13/2019 12:20,Homo sapiens,6/24/2019,8/7/2019
SEWA_S01_TMP1,47.56718,-122.35082,Summer19,7/27/2019 12:54,Homo sapiens,6/24/2019,8/7/2019
SEWA_S01_TMP1,47.56718,-122.35082,Summer19,7/30/2019 22:39,Homo sapiens,6/24/2019,8/7/2019
SEWA_S01_TMP1,47.56718,-122.35082,Summer19,8/1/2019 9:59,Homo sapiens,6/24/2019,8/7/2019
SEWA_S02_DWP1,47.53195,-122.32024,Summer19,6/27/2019 11:42,Homo sapiens,6/24/2019,8/7/2019
SEWA_S02_DWP1,47.53195,-122.32024,Summer19,6/29/2019 8:09,Felis catus,6/24/2019,8/7/2019
SEWA_S02_DWP1,47.53195,-122.32024,Summer19,6/29/2019 13:00,Felis catus,6/24/2019,8/7/2019
SEWA_S02_DWP1,47.53195,-122.32024,Summer19,6/29/2019 15:25,Felis catus,6/24/2019,8/7/2019
SEWA_S02_DWP1,47.53195,-122.32024,Summer19,6/29/2019 18:34,Felis catus,6/24/2019,8/7/2019
SEWA_S02_DWP1,47.53195,-122.32024,Summer19,6/30/2019 6:59,Felis catus,6/24/2019,8/7/2019
SEWA_S02_DWP1,47.53195,-122.32024,Summer19,7/1/2019 8:47,Felis catus,6/24/2019,8/7/2019
SEWA_S02_DWP1,47.53195,-122.32024,Summer19,7/1/2019 9:03,Felis catus,6/24/2019,8/7/2019
SEWA_S02_DWP1,47.53195,-122.32024,Summer19,7/3/2019 11:49,Felis catus,6/24/2019,8/7/2019
SEWA_S02_DWP1,47.53195,-122.32024,Summer19,7/3/2019 13:10,Felis catus,6/24/2019,8/7/2019
SEWA_S02_DWP1,47.53195,-122.32024,Summer19,7/3/2019 13:35,Felis catus,6/24/2019,8/7/2019
SEWA_S02_DWP1,47.53195,-122.32024,Summer19,7/3/2019 16:45,Felis catus,6/24/2019,8/7/2019
SEWA_S02_DWP1,47.53195,-122.32024,Summer19,7/3/2019 17:18,Felis catus,6/24/2019,8/7/2019
SEWA_S02_DWP1,47.53195,-122.32024,Summer19,7/3/2019 18:50,Felis catus,6/24/2019,8/7/2019
SEWA_S02_DWP1,47.53195,-122.32024,Summer19,7/4/2019 4:26,Felis catus,6/24/2019,8/7/2019
SEWA_S02_DWP1,47.53195,-122.32024,Summer19,7/6/2019 7:11,Felis catus,6/24/2019,8/7/2019
SEWA_S02_DWP1,47.53195,-122.32024,Summer19,7/6/2019 7:49,Felis catus,6/24/2019,8/7/2019
SEWA_S02_DWP1,47.53195,-122.32024,Summer19,7/6/2019 16:50,Felis catus,6/24/2019,8/7/2019
SEWA_S02_DWP1,47.53195,-122.32024,Summer19,7/6/2019 17:35,Felis catus,6/24/2019,8/7/2019
SEWA_S02_DWP1,47.53195,-122.32024,Summer19,7/7/2019 8:18,Felis catus,6/24/2019,8/7/2019
SEWA_S02_DWP1,47.53195,-122.32024,Summer19,7/7/2019 13:14,Felis catus,6/24/2019,8/7/2019
SEWA_S02_DWP1,47.53195,-122.32024,Summer19,7/7/2019 21:36,Felis catus,6/24/2019,8/7/2019
SEWA_S02_DWP1,47.53195,-122.32024,Summer19,7/8/2019 7:28,Felis catus,6/24/2019,8/7/2019
SEWA_S02_DWP1,47.53195,-122.32024,Summer19,7/8/2019 9:54,Felis catus,6/24/2019,8/7/2019
SEWA_S02_DWP1,47.53195,-122.32024,Summer19,7/8/2019 11:56,Felis catus,6/24/2019,8/7/2019
SEWA_S02_DWP1,47.53195,-122.32024,Summer19,7/8/2019 12:09,Felis catus,6/24/2019,8/7/2019
SEWA_S02_DWP1,47.53195,-122.32024,Summer19,7/8/2019 12:14,Felis catus,6/24/2019,8/7/2019
SEWA_S02_DWP1,47.53195,-122.32024,Summer19,7/9/2019 7:49,Felis catus,6/24/2019,8/7/2019
SEWA_S02_DWP1,47.53195,-122.32024,Summer19,7/9/2019 15:23,Felis catus,6/24/2019,8/7/2019
SEWA_S02_DWP1,47.53195,-122.32024,Summer19,7/10/2019 6:09,Felis catus,6/24/2019,8/7/2019
SEWA_S02_DWP1,47.53195,-122.32024,Summer19,7/10/2019 18:01,Felis catus,6/24/2019,8/7/2019
SEWA_S02_DWP1,47.53195,-122.32024,Summer19,7/11/2019 4:00,Felis catus,6/24/2019,8/7/2019
SEWA_S02_DWP1,47.53195,-122.32024,Summer19,7/11/2019 12:55,Felis catus,6/24/2019,8/7/2019
SEWA_S02_DWP1,47.53195,-122.32024,Summer19,7/11/2019 17:52,Felis catus,6/24/2019,8/7/2019
SEWA_S02_DWP1,47.53195,-122.32024,Summer19,7/11/2019 19:30,Felis catus,6/24/2019,8/7/2019
SEWA_S02_DWP1,47.53195,-122.32024,Summer19,7/11/2019 19:34,Felis catus,6/24/2019,8/7/2019
SEWA_S02_DWP1,47.53195,-122.32024,Summer19,7/12/2019 8:13,Felis catus,6/24/2019,8/7/2019
SEWA_S02_DWP1,47.53195,-122.32024,Summer19,7/12/2019 13:36,Felis catus,6/24/2019,8/7/2019
SEWA_S02_DWP1,47.53195,-122.32024,Summer19,7/12/2019 14:21,Felis catus,6/24/2019,8/7/2019
SEWA_S02_DWP1,47.53195,-122.32024,Summer19,7/12/2019 15:36,Felis catus,6/24/2019,8/7/2019
SEWA_S02_DWP1,47.53195,-122.32024,Summer19,7/12/2019 15:48,Felis catus,6/24/2019,8/7/2019
SEWA_S02_DWP1,47.53195,-122.32024,Summer19,7/13/2019 1:10,Mephitis mephitis,6/24/2019,8/7/2019
SEWA_S02_DWP1,47.53195,-122.32024,Summer19,7/13/2019 5:55,Felis catus,6/24/2019,8/7/2019
SEWA_S02_DWP1,47.53195,-122.32024,Summer19,7/13/2019 7:25,Felis catus,6/24/2019,8/7/2019
SEWA_S02_DWP1,47.53195,-122.32024,Summer19,7/13/2019 8:45,Felis catus,6/24/2019,8/7/2019
SEWA_S02_DWP1,47.53195,-122.32024,Summer19,7/13/2019 8:53,Felis catus,6/24/2019,8/7/2019
SEWA_S02_DWP1,47.53195,-122.32024,Summer19,7/13/2019 21:05,Felis catus,6/24/2019,8/7/2019
SEWA_S02_DWP1,47.53195,-122.32024,Summer19,7/15/2019 13:13,Felis catus,6/24/2019,8/7/2019
SEWA_S02_DWP1,47.53195,-122.32024,Summer19,7/15/2019 15:52,Felis catus,6/24/2019,8/7/2019
SEWA_S02_DWP1,47.53195,-122.32024,Summer19,7/15/2019 16:40,Felis catus,6/24/2019,8/7/2019
SEWA_S02_DWP1,47.53195,-122.32024,Summer19,7/15/2019 19:08,Felis catus,6/24/2019,8/7/2019
SEWA_S02_DWP1,47.53195,-122.32024,Summer19,7/16/2019 9:28,Felis catus,6/24/2019,8/7/2019
SEWA_S02_DWP1,47.53195,-122.32024,Summer19,7/16/2019 13:59,Felis catus,6/24/2019,8/7/2019
SEWA_S02_DWP1,47.53195,-122.32024,Summer19,7/16/2019 14:18,Felis catus,6/24/2019,8/7/2019
SEWA_S02_DWP1,47.53195,-122.32024,Summer19,7/17/2019 11:42,Felis catus,6/24/2019,8/7/2019
SEWA_S02_DWP1,47.53195,-122.32024,Summer19,7/17/2019 12:31,Felis catus,6/24/2019,8/7/2019
SEWA_S02_DWP1,47.53195,-122.32024,Summer19,7/19/2019 12:13,Felis catus,6/24/2019,8/7/2019
SEWA_S02_DWP1,47.53195,-122.32024,Summer19,7/19/2019 14:10,Felis catus,6/24/2019,8/7/2019
SEWA_S02_DWP1,47.53195,-122.32024,Summer19,7/19/2019 17:28,Felis catus,6/24/2019,8/7/2019
SEWA_S02_DWP1,47.53195,-122.32024,Summer19,7/19/2019 17:35,Felis catus,6/24/2019,8/7/2019
SEWA_S02_DWP1,47.53195,-122.32024,Summer19,7/20/2019 7:04,Felis catus,6/24/2019,8/7/2019
SEWA_S02_DWP1,47.53195,-122.32024,Summer19,7/20/2019 7:26,Felis catus,6/24/2019,8/7/2019
SEWA_S02_DWP1,47.53195,-122.32024,Summer19,7/20/2019 7:53,Felis catus,6/24/2019,8/7/2019
SEWA_S02_DWP1,47.53195,-122.32024,Summer19,7/20/2019 8:18,Felis catus,6/24/2019,8/7/2019
SEWA_S02_DWP1,47.53195,-122.32024,Summer19,7/20/2019 8:53,Felis catus,6/24/2019,8/7/2019
SEWA_S02_DWP1,47.53195,-122.32024,Summer19,7/20/2019 8:54,Felis catus,6/24/2019,8/7/2019
SEWA_S02_DWP1,47.53195,-122.32024,Summer19,7/20/2019 8:59,Felis catus,6/24/2019,8/7/2019
SEWA_S02_DWP1,47.53195,-122.32024,Summer19,7/20/2019 9:47,Felis catus,6/24/2019,8/7/2019
SEWA_S02_DWP1,47.53195,-122.32024,Summer19,7/21/2019 8:22,Felis catus,6/24/2019,8/7/2019
SEWA_S02_DWP1,47.53195,-122.32024,Summer19,7/21/2019 9:11,Felis catus,6/24/2019,8/7/2019
SEWA_S02_DWP1,47.53195,-122.32024,Summer19,7/21/2019 12:50,Felis catus,6/24/2019,8/7/2019
SEWA_S02_DWP1,47.53195,-122.32024,Summer19,7/21/2019 13:57,Felis catus,6/24/2019,8/7/2019
SEWA_S02_DWP1,47.53195,-122.32024,Summer19,7/21/2019 14:24,Felis catus,6/24/2019,8/7/2019
SEWA_S02_DWP1,47.53195,-122.32024,Summer19,7/23/2019 15:57,Sciurus carolinensis,6/24/2019,8/7/2019
SEWA_S02_DWP1,47.53195,-122.32024,Summer19,7/25/2019 9:05,Felis catus,6/24/2019,8/7/2019
SEWA_S02_DWP1,47.53195,-122.32024,Summer19,8/1/2019 10:27,Homo sapiens,6/24/2019,8/7/2019
SEWA_S02_MSR1,47.54984,-122.3086,Summer19,6/27/2019 15:08,Homo sapiens,6/24/2019,8/7/2019
SEWA_S02_MSR1,47.54984,-122.3086,Summer19,6/27/2019 15:09,Homo sapiens,6/24/2019,8/7/2019
SEWA_S02_MSR1,47.54984,-122.3086,Summer19,6/27/2019 16:09,Felis catus,6/24/2019,8/7/2019
SEWA_S02_MSR1,47.54984,-122.3086,Summer19,6/27/2019 16:27,Felis catus,6/24/2019,8/7/2019
SEWA_S02_MSR1,47.54984,-122.3086,Summer19,6/27/2019 23:15,Rattus rattus,6/24/2019,8/7/2019
SEWA_S02_MSR1,47.54984,-122.3086,Summer19,6/28/2019 0:47,Rattus rattus,6/24/2019,8/7/2019
SEWA_S02_MSR1,47.54984,-122.3086,Summer19,6/28/2019 2:47,Rattus rattus,6/24/2019,8/7/2019
SEWA_S02_MSR1,47.54984,-122.3086,Summer19,6/28/2019 3:26,Rattus rattus,6/24/2019,8/7/2019
SEWA_S02_MSR1,47.54984,-122.3086,Summer19,6/28/2019 22:18,Rattus rattus,6/24/2019,8/7/2019
SEWA_S02_MSR1,47.54984,-122.3086,Summer19,6/29/2019 9:06,Sciurus carolinensis,6/24/2019,8/7/2019
SEWA_S02_MSR1,47.54984,-122.3086,Summer19,6/30/2019 3:03,Rattus rattus,6/24/2019,8/7/2019
SEWA_S02_MSR1,47.54984,-122.3086,Summer19,7/1/2019 21:38,Procyon lotor,6/24/2019,8/7/2019
SEWA_S02_MSR1,47.54984,-122.3086,Summer19,7/1/2019 22:25,Rattus rattus,6/24/2019,8/7/2019
SEWA_S02_MSR1,47.54984,-122.3086,Summer19,7/1/2019 23:47,Procyon lotor,6/24/2019,8/7/2019
SEWA_S02_MSR1,47.54984,-122.3086,Summer19,7/3/2019 3:27,Rattus rattus,6/24/2019,8/7/2019
SEWA_S02_MSR1,47.54984,-122.3086,Summer19,7/3/2019 22:30,Felis catus,6/24/2019,8/7/2019
SEWA_S02_MSR1,47.54984,-122.3086,Summer19,7/4/2019 16:51,Homo sapiens,6/24/2019,8/7/2019
SEWA_S02_MSR1,47.54984,-122.3086,Summer19,7/4/2019 16:52,Homo sapiens,6/24/2019,8/7/2019
SEWA_S02_MSR1,47.54984,-122.3086,Summer19,7/5/2019 14:18,Sciurus carolinensis,6/24/2019,8/7/2019
SEWA_S02_MSR1,47.54984,-122.3086,Summer19,7/6/2019 2:48,Rattus rattus,6/24/2019,8/7/2019
SEWA_S02_MSR1,47.54984,-122.3086,Summer19,7/6/2019 4:03,Rattus rattus,6/24/2019,8/7/2019
SEWA_S02_MSR1,47.54984,-122.3086,Summer19,7/6/2019 5:58,Sciurus carolinensis,6/24/2019,8/7/2019
SEWA_S02_MSR1,47.54984,-122.3086,Summer19,7/6/2019 21:24,Rattus rattus,6/24/2019,8/7/2019
SEWA_S02_MSR1,47.54984,-122.3086,Summer19,7/6/2019 21:27,Rattus rattus,6/24/2019,8/7/2019
SEWA_S02_MSR1,47.54984,-122.3086,Summer19,7/8/2019 4:32,Rattus rattus,6/24/2019,8/7/2019
SEWA_S02_MSR1,47.54984,-122.3086,Summer19,7/8/2019 22:53,Rattus rattus,6/24/2019,8/7/2019
SEWA_S02_MSR1,47.54984,-122.3086,Summer19,7/10/2019 4:43,Rattus rattus,6/24/2019,8/7/2019
SEWA_S02_MSR1,47.54984,-122.3086,Summer19,7/11/2019 3:24,Rattus rattus,6/24/2019,8/7/2019
SEWA_S02_MSR1,47.54984,-122.3086,Summer19,7/12/2019 23:38,Rattus rattus,6/24/2019,8/7/2019
SEWA_S02_MSR1,47.54984,-122.3086,Summer19,7/13/2019 0:26,Rattus rattus,6/24/2019,8/7/2019
SEWA_S02_MSR1,47.54984,-122.3086,Summer19,7/13/2019 9:08,Sciurus carolinensis,6/24/2019,8/7/2019
SEWA_S02_MSR1,47.54984,-122.3086,Summer19,7/13/2019 22:21,Rattus rattus,6/24/2019,8/7/2019
SEWA_S02_MSR1,47.54984,-122.3086,Summer19,7/13/2019 22:26,Rattus rattus,6/24/2019,8/7/2019
SEWA_S02_MSR1,47.54984,-122.3086,Summer19,7/16/2019 22:29,Rattus rattus,6/24/2019,8/7/2019
SEWA_S02_MSR1,47.54984,-122.3086,Summer19,7/17/2019 2:43,Rattus rattus,6/24/2019,8/7/2019
SEWA_S02_MSR1,47.54984,-122.3086,Summer19,7/20/2019 4:26,Rattus rattus,6/24/2019,8/7/2019
SEWA_S02_MSR1,47.54984,-122.3086,Summer19,7/22/2019 20:22,Sciurus carolinensis,6/24/2019,8/7/2019
SEWA_S02_MSR1,47.54984,-122.3086,Summer19,7/25/2019 1:49,Rattus rattus,6/24/2019,8/7/2019
SEWA_S02_MSR1,47.54984,-122.3086,Summer19,7/26/2019 0:36,Rattus rattus,6/24/2019,8/7/2019
SEWA_S02_MSR1,47.54984,-122.3086,Summer19,7/27/2019 1:05,Procyon lotor,6/24/2019,8/7/2019
SEWA_S02_MSR1,47.54984,-122.3086,Summer19,7/27/2019 9:23,Sciurus carolinensis,6/24/2019,8/7/2019
SEWA_S02_MSR1,47.54984,-122.3086,Summer19,7/27/2019 22:42,Rattus rattus,6/24/2019,8/7/2019
SEWA_S02_MSR1,47.54984,-122.3086,Summer19,7/28/2019 2:58,Rattus rattus,6/24/2019,8/7/2019
SEWA_S02_MSR1,47.54984,-122.3086,Summer19,7/28/2019 9:05,Sciurus carolinensis,6/24/2019,8/7/2019
SEWA_S02_MSR1,47.54984,-122.3086,Summer19,7/28/2019 9:28,Sciurus carolinensis,6/24/2019,8/7/2019
SEWA_S02_MSR1,47.54984,-122.3086,Summer19,7/29/2019 2:23,Rattus rattus,6/24/2019,8/7/2019
SEWA_S02_MSR1,47.54984,-122.3086,Summer19,7/31/2019 3:31,Rattus rattus,6/24/2019,8/7/2019
SEWA_S02_MSR1,47.54984,-122.3086,Summer19,7/31/2019 16:18,Sciurus carolinensis,6/24/2019,8/7/2019
SEWA_S02_MSR1,47.54984,-122.3086,Summer19,8/1/2019 0:46,Rattus rattus,6/24/2019,8/7/2019
SEWA_S02_MSR1,47.54984,-122.3086,Summer19,8/1/2019 0:49,Rattus rattus,6/24/2019,8/7/2019
SEWA_S02_MSR1,47.54984,-122.3086,Summer19,8/1/2019 0:51,Rattus rattus,6/24/2019,8/7/2019
SEWA_S02_MSR1,47.54984,-122.3086,Summer19,8/1/2019 0:53,Rattus rattus,6/24/2019,8/7/2019
SEWA_S02_MSR1,47.54984,-122.3086,Summer19,8/1/2019 4:59,Rattus rattus,6/24/2019,8/7/2019
SEWA_S02_MSR1,47.54984,-122.3086,Summer19,8/1/2019 5:01,Rattus rattus,6/24/2019,8/7/2019
SEWA_S02_MSR1,47.54984,-122.3086,Summer19,8/1/2019 6:18,Sciurus carolinensis,6/24/2019,8/7/2019
SEWA_S02_MSR1,47.54984,-122.3086,Summer19,8/2/2019 15:07,Rattus rattus,6/24/2019,8/7/2019
SEWA_S02_MSR1,47.54984,-122.3086,Summer19,8/2/2019 15:14,Rattus rattus,6/24/2019,8/7/2019
SEWA_S02_MSR1,47.54984,-122.3086,Summer19,8/2/2019 15:20,Rattus rattus,6/24/2019,8/7/2019
SEWA_S02_MSR1,47.54984,-122.3086,Summer19,8/2/2019 15:40,Rattus rattus,6/24/2019,8/7/2019
SEWA_S02_MSR1,47.54984,-122.3086,Summer19,8/2/2019 15:57,Rattus rattus,6/24/2019,8/7/2019
SEWA_S02_MSR1,47.54984,-122.3086,Summer19,8/2/2019 16:40,Rattus rattus,6/24/2019,8/7/2019
SEWA_S02_MSR1,47.54984,-122.3086,Summer19,8/2/2019 23:21,Rattus rattus,6/24/2019,8/7/2019
SEWA_S02_MSR1,47.54984,-122.3086,Summer19,8/3/2019 1:41,Rattus rattus,6/24/2019,8/7/2019
SEWA_S02_MSR1,47.54984,-122.3086,Summer19,8/4/2019 0:03,Rattus rattus,6/24/2019,8/7/2019
SEWA_S02_MSR1,47.54984,-122.3086,Summer19,8/4/2019 3:26,Rattus rattus,6/24/2019,8/7/2019
SEWA_S02_MSR1,47.54984,-122.3086,Summer19,8/4/2019 3:54,Rattus rattus,6/24/2019,8/7/2019
SEWA_S02_MSR1,47.54984,-122.3086,Summer19,8/4/2019 23:29,Rattus rattus,6/24/2019,8/7/2019
SEWA_S02_MSR1,47.54984,-122.3086,Summer19,8/5/2019 0:12,Rattus rattus,6/24/2019,8/7/2019
SEWA_S02_MSR1,47.54984,-122.3086,Summer19,8/5/2019 1:25,Rattus rattus,6/24/2019,8/7/2019
SEWA_S02_MSR1,47.54984,-122.3086,Summer19,8/5/2019 16:13,Homo sapiens,6/24/2019,8/7/2019
SEWA_S02_MWP2,47.56093,-122.31849,Summer19,7/10/2019 3:40,Homo sapiens,6/24/2019,8/7/2019
SEWA_S02_MWP2,47.56093,-122.31849,Summer19,7/11/2019 2:52,Sciurus carolinensis,6/24/2019,8/7/2019
SEWA_S02_MWP2,47.56093,-122.31849,Summer19,7/11/2019 23:03,Homo sapiens,6/24/2019,8/7/2019
SEWA_S02_MWP2,47.56093,-122.31849,Summer19,7/12/2019 21:26,Sciurus carolinensis,6/24/2019,8/7/2019
SEWA_S02_MWP2,47.56093,-122.31849,Summer19,7/13/2019 6:47,Homo sapiens,6/24/2019,8/7/2019
SEWA_S02_MWP2,47.56093,-122.31849,Summer19,7/13/2019 7:18,Homo sapiens,6/24/2019,8/7/2019
SEWA_S02_MWP2,47.56093,-122.31849,Summer19,7/14/2019 11:03,Homo sapiens,6/24/2019,8/7/2019
SEWA_S02_MWP2,47.56093,-122.31849,Summer19,7/14/2019 18:12,Homo sapiens,6/24/2019,8/7/2019
SEWA_S02_MWP2,47.56093,-122.31849,Summer19,7/14/2019 18:15,Homo sapiens,6/24/2019,8/7/2019
SEWA_S02_MWP2,47.56093,-122.31849,Summer19,7/15/2019 3:31,Sylvilagus floridanus,6/24/2019,8/7/2019
SEWA_S02_MWP2,47.56093,-122.31849,Summer19,7/17/2019 9:55,Canis latrans,6/24/2019,8/7/2019
SEWA_S02_MWP2,47.56093,-122.31849,Summer19,7/17/2019 17:06,Canis latrans,6/24/2019,8/7/2019
SEWA_S02_MWP2,47.56093,-122.31849,Summer19,7/17/2019 19:43,Sciurus carolinensis,6/24/2019,8/7/2019
SEWA_S02_MWP2,47.56093,-122.31849,Summer19,7/18/2019 1:54,Sciurus carolinensis,6/24/2019,8/7/2019
SEWA_S02_MWP2,47.56093,-122.31849,Summer19,7/18/2019 17:24,Canis latrans,6/24/2019,8/7/2019
SEWA_S02_MWP2,47.56093,-122.31849,Summer19,7/18/2019 20:36,Sciurus carolinensis,6/24/2019,8/7/2019
SEWA_S02_MWP2,47.56093,-122.31849,Summer19,7/18/2019 20:39,Sciurus carolinensis,6/24/2019,8/7/2019
SEWA_S02_MWP2,47.56093,-122.31849,Summer19,7/21/2019 19:24,Sciurus carolinensis,6/24/2019,8/7/2019
SEWA_S02_MWP2,47.56093,-122.31849,Summer19,7/22/2019 20:14,Sciurus carolinensis,6/24/2019,8/7/2019
SEWA_S02_MWP2,47.56093,-122.31849,Summer19,7/22/2019 20:30,Sciurus carolinensis,6/24/2019,8/7/2019
SEWA_S02_MWP2,47.56093,-122.31849,Summer19,7/23/2019 18:46,Sciurus carolinensis,6/24/2019,8/7/2019
SEWA_S02_MWP2,47.56093,-122.31849,Summer19,7/23/2019 18:50,Sciurus carolinensis,6/24/2019,8/7/2019
SEWA_S02_MWP2,47.56093,-122.31849,Summer19,7/24/2019 17:47,Sciurus carolinensis,6/24/2019,8/7/2019
SEWA_S02_MWP2,47.56093,-122.31849,Summer19,7/25/2019 19:44,Sciurus carolinensis,6/24/2019,8/7/2019
SEWA_S02_MWP2,47.56093,-122.31849,Summer19,7/25/2019 19:46,Sciurus carolinensis,6/24/2019,8/7/2019
SEWA_S02_MWP2,47.56093,-122.31849,Summer19,7/27/2019 6:46,Homo sapiens,6/24/2019,8/7/2019
SEWA_S02_MWP2,47.56093,-122.31849,Summer19,7/27/2019 7:23,Homo sapiens,6/24/2019,8/7/2019
SEWA_S02_MWP2,47.56093,-122.31849,Summer19,7/27/2019 15:08,Procyon lotor,6/24/2019,8/7/2019
SEWA_S02_MWP2,47.56093,-122.31849,Summer19,7/27/2019 15:19,Procyon lotor,6/24/2019,8/7/2019
SEWA_S02_MWP2,47.56093,-122.31849,Summer19,7/27/2019 15:21,Procyon lotor,6/24/2019,8/7/2019
SEWA_S02_MWP2,47.56093,-122.31849,Summer19,7/27/2019 15:30,Procyon lotor,6/24/2019,8/7/2019
SEWA_S02_MWP2,47.56093,-122.31849,Summer19,7/28/2019 23:42,Sciurus carolinensis,6/24/2019,8/7/2019
SEWA_S02_MWP2,47.56093,-122.31849,Summer19,7/29/2019 16:58,Felis catus,6/24/2019,8/7/2019
SEWA_S02_MWP2,47.56093,-122.31849,Summer19,7/30/2019 3:35,Felis catus,6/24/2019,8/7/2019
SEWA_S02_MWP2,47.56093,-122.31849,Summer19,7/30/2019 13:13,Felis catus,6/24/2019,8/7/2019
SEWA_S02_MWP2,47.56093,-122.31849,Summer19,7/30/2019 16:35,Felis catus,6/24/2019,8/7/2019
SEWA_S02_MWP2,47.56093,-122.31849,Summer19,7/30/2019 20:24,Sciurus carolinensis,6/24/2019,8/7/2019
SEWA_S02_MWP2,47.56093,-122.31849,Summer19,7/31/2019 5:08,Homo sapiens,6/24/2019,8/7/2019
SEWA_S02_MWP2,47.56093,-122.31849,Summer19,7/31/2019 5:10,Homo sapiens,6/24/2019,8/7/2019
SEWA_S02_MWP2,47.56093,-122.31849,Summer19,8/1/2019 7:15,Sciurus carolinensis,6/24/2019,8/7/2019
SEWA_S02_MWP2,47.56093,-122.31849,Summer19,8/2/2019 4:58,Sciurus carolinensis,6/24/2019,8/7/2019
SEWA_S02_MWP2,47.56093,-122.31849,Summer19,8/2/2019 6:21,Sciurus carolinensis,6/24/2019,8/7/2019
SEWA_S02_MWP2,47.56093,-122.31849,Summer19,8/2/2019 7:01,Homo sapiens,6/24/2019,8/7/2019
SEWA_S02_MWP2,47.56093,-122.31849,Summer19,8/2/2019 7:33,Homo sapiens,6/24/2019,8/7/2019
SEWA_S02_MWP2,47.56093,-122.31849,Summer19,8/2/2019 21:37,Sciurus carolinensis,6/24/2019,8/7/2019
SEWA_S02_MWP2,47.56093,-122.31849,Summer19,8/3/2019 15:21,Procyon lotor,6/24/2019,8/7/2019
SEWA_S02_MWP2,47.56093,-122.31849,Summer19,8/3/2019 15:22,Procyon lotor,6/24/2019,8/7/2019
SEWA_S02_MWP2,47.56093,-122.31849,Summer19,8/3/2019 15:30,Procyon lotor,6/24/2019,8/7/2019
SEWA_S02_MWP2,47.56093,-122.31849,Summer19,8/3/2019 15:40,Procyon lotor,6/24/2019,8/7/2019
SEWA_S02_MWP2,47.56093,-122.31849,Summer19,8/3/2019 20:14,Sciurus carolinensis,6/24/2019,8/7/2019
SEWA_S02_MWP2,47.56093,-122.31849,Summer19,8/4/2019 0:54,Felis catus,6/24/2019,8/7/2019
SEWA_S02_MWP2,47.56093,-122.31849,Summer19,8/5/2019 14:29,Procyon lotor,6/24/2019,8/7/2019
SEWA_S02_MWP2,47.56093,-122.31849,Summer19,8/6/2019 16:43,Procyon lotor,6/24/2019,8/7/2019
SEWA_S02_WCP1,47.52452,-122.33716,Summer19,6/27/2019 13:18,Homo sapiens,6/24/2019,8/7/2019
SEWA_S02_WCP1,47.52452,-122.33716,Summer19,6/27/2019 13:24,Homo sapiens,6/24/2019,8/7/2019
SEWA_S02_WCP1,47.52452,-122.33716,Summer19,6/27/2019 13:25,Homo sapiens,6/24/2019,8/7/2019
SEWA_S02_WCP1,47.52452,-122.33716,Summer19,8/5/2019 14:28,Homo sapiens,6/24/2019,8/7/2019
SEWA_S02_WDG1,47.54149,-122.34569,Summer19,6/27/2019 12:29,Homo sapiens,6/24/2019,8/7/2019
SEWA_S02_WDG1,47.54149,-122.34569,Summer19,6/27/2019 12:35,Homo sapiens,6/24/2019,8/7/2019
SEWA_S02_WDG1,47.54149,-122.34569,Summer19,6/28/2019 22:14,Procyon lotor,6/24/2019,8/7/2019
SEWA_S02_WDG1,47.54149,-122.34569,Summer19,6/30/2019 14:08,Sciurus carolinensis,6/24/2019,8/7/2019
SEWA_S02_WDG1,47.54149,-122.34569,Summer19,6/30/2019 14:14,Sciurus carolinensis,6/24/2019,8/7/2019
SEWA_S02_WDG1,47.54149,-122.34569,Summer19,7/4/2019 8:13,Sciurus carolinensis,6/24/2019,8/7/2019
SEWA_S02_WDG1,47.54149,-122.34569,Summer19,7/13/2019 6:18,Sciurus carolinensis,6/24/2019,8/7/2019
SEWA_S02_WDG1,47.54149,-122.34569,Summer19,7/28/2019 8:51,Sciurus carolinensis,6/24/2019,8/7/2019
SEWA_S02_WDG1,47.54149,-122.34569,Summer19,8/1/2019 10:51,Homo sapiens,6/24/2019,8/7/2019
SEWA_S04_BRF1,47.47522,-122.24035,Summer19,6/26/2019 16:06,Homo sapiens,6/24/2019,8/7/2019
SEWA_S04_BRF1,47.47522,-122.24035,Summer19,7/8/2019 6:07,Homo sapiens,6/24/2019,8/7/2019
SEWA_S05_TCC1,47.46189,-122.17861,Summer19,6/26/2019 15:34,Homo sapiens,6/24/2019,8/7/2019
SEWA_S05_TCC1,47.46189,-122.17861,Summer19,7/6/2019 13:37,Sciurus carolinensis,6/24/2019,8/7/2019
SEWA_S05_TCC1,47.46189,-122.17861,Summer19,7/9/2019 11:25,Sciurus carolinensis,6/24/2019,8/7/2019
SEWA_S05_TCC1,47.46189,-122.17861,Summer19,7/30/2019 11:12,Homo sapiens,6/24/2019,8/7/2019
SEWA_S06_MPO1,47.44997,-122.11071,Summer19,6/26/2019 14:53,Homo sapiens,6/24/2019,8/7/2019
SEWA_S06_MPO1,47.44997,-122.11071,Summer19,6/28/2019 9:50,Odocoileus hemionus,6/24/2019,8/7/2019
SEWA_S06_MPO1,47.44997,-122.11071,Summer19,6/28/2019 9:51,Odocoileus hemionus,6/24/2019,8/7/2019
SEWA_S06_MPO1,47.44997,-122.11071,Summer19,7/2/2019 16:08,Odocoileus hemionus,6/24/2019,8/7/2019
SEWA_S06_MPO1,47.44997,-122.11071,Summer19,7/3/2019 4:25,Canis latrans,6/24/2019,8/7/2019
SEWA_S06_MPO1,47.44997,-122.11071,Summer19,7/3/2019 6:53,Odocoileus hemionus,6/24/2019,8/7/2019
SEWA_S06_MPO1,47.44997,-122.11071,Summer19,7/3/2019 9:48,Canis latrans,6/24/2019,8/7/2019
SEWA_S06_MPO1,47.44997,-122.11071,Summer19,7/4/2019 9:36,Canis latrans,6/24/2019,8/7/2019
SEWA_S06_MPO1,47.44997,-122.11071,Summer19,7/10/2019 6:15,Canis latrans,6/24/2019,8/7/2019
SEWA_S06_MPO1,47.44997,-122.11071,Summer19,7/14/2019 8:13,Odocoileus hemionus,6/24/2019,8/7/2019
SEWA_S06_MPO1,47.44997,-122.11071,Summer19,7/16/2019 21:05,Canis latrans,6/24/2019,8/7/2019
SEWA_S06_MPO1,47.44997,-122.11071,Summer19,7/16/2019 21:34,Canis latrans,6/24/2019,8/7/2019
SEWA_S06_MPO1,47.44997,-122.11071,Summer19,7/17/2019 6:35,Odocoileus hemionus,6/24/2019,8/7/2019
SEWA_S06_MPO1,47.44997,-122.11071,Summer19,7/17/2019 9:09,Odocoileus hemionus,6/24/2019,8/7/2019
SEWA_S06_MPO1,47.44997,-122.11071,Summer19,7/18/2019 11:32,Canis latrans,6/24/2019,8/7/2019
SEWA_S06_MPO1,47.44997,-122.11071,Summer19,7/18/2019 22:01,Canis latrans,6/24/2019,8/7/2019
SEWA_S06_MPO1,47.44997,-122.11071,Summer19,7/19/2019 2:57,Canis latrans,6/24/2019,8/7/2019
SEWA_S06_MPO1,47.44997,-122.11071,Summer19,7/20/2019 4:24,Canis latrans,6/24/2019,8/7/2019
SEWA_S06_MPO1,47.44997,-122.11071,Summer19,7/21/2019 0:08,Canis latrans,6/24/2019,8/7/2019
SEWA_S06_MPO1,47.44997,-122.11071,Summer19,7/21/2019 3:46,Canis latrans,6/24/2019,8/7/2019
SEWA_S06_MPO1,47.44997,-122.11071,Summer19,7/22/2019 9:33,Sciurus carolinensis,6/24/2019,8/7/2019
SEWA_S06_MPO1,47.44997,-122.11071,Summer19,7/30/2019 10:41,Homo sapiens,6/24/2019,8/7/2019
SEWA_S08_TMF1,47.42278,-121.94978,Summer19,6/26/2019 13:32,Homo sapiens,6/24/2019,8/7/2019
SEWA_S08_TMF1,47.42278,-121.94978,Summer19,6/27/2019 19:32,Odocoileus hemionus,6/24/2019,8/7/2019
SEWA_S08_TMF1,47.42278,-121.94978,Summer19,7/6/2019 21:34,Odocoileus hemionus,6/24/2019,8/7/2019
SEWA_S08_TMF1,47.42278,-121.94978,Summer19,7/6/2019 21:38,Odocoileus hemionus,6/24/2019,8/7/2019
SEWA_S08_TMF1,47.42278,-121.94978,Summer19,7/10/2019 10:17,Odocoileus hemionus,6/24/2019,8/7/2019
SEWA_S08_TMF1,47.42278,-121.94978,Summer19,7/11/2019 17:08,Odocoileus hemionus,6/24/2019,8/7/2019
SEWA_S08_TMF1,47.42278,-121.94978,Summer19,7/14/2019 23:23,Odocoileus hemionus,6/24/2019,8/7/2019
SEWA_S08_TMF1,47.42278,-121.94978,Summer19,7/16/2019 6:06,Cervus canadensis,6/24/2019,8/7/2019
SEWA_S08_TMF1,47.42278,-121.94978,Summer19,7/19/2019 6:32,Sciurus carolinensis,6/24/2019,8/7/2019
SEWA_S08_TMF1,47.42278,-121.94978,Summer19,7/19/2019 14:40,Sciurus carolinensis,6/24/2019,8/7/2019
SEWA_S08_TMF1,47.42278,-121.94978,Summer19,7/23/2019 6:13,Cervus canadensis,6/24/2019,8/7/2019
SEWA_S08_TMF1,47.42278,-121.94978,Summer19,7/30/2019 9:30,Homo sapiens,6/24/2019,8/7/2019
SEWA_N01_DSP1,47.6598,-122.41942,Fall19,9/25/2019 8:32,Homo sapiens,9/24/2019,11/7/2019
SEWA_N01_DSP1,47.6598,-122.41942,Fall19,9/25/2019 22:07,Rattus rattus,9/24/2019,11/7/2019
SEWA_N01_DSP1,47.6598,-122.41942,Fall19,9/25/2019 22:20,Procyon lotor,9/24/2019,11/7/2019
SEWA_N01_DSP1,47.6598,-122.41942,Fall19,9/27/2019 19:55,Procyon lotor,9/24/2019,11/7/2019
SEWA_N01_DSP1,47.6598,-122.41942,Fall19,9/27/2019 19:59,Procyon lotor,9/24/2019,11/7/2019
SEWA_N01_DSP1,47.6598,-122.41942,Fall19,9/28/2019 0:28,Sylvilagus floridanus,9/24/2019,11/7/2019
SEWA_N01_DSP1,47.6598,-122.41942,Fall19,9/28/2019 2:39,Procyon lotor,9/24/2019,11/7/2019
SEWA_N01_DSP1,47.6598,-122.41942,Fall19,9/28/2019 5:33,Didelphis virginiana,9/24/2019,11/7/2019
SEWA_N01_DSP1,47.6598,-122.41942,Fall19,9/28/2019 6:04,Procyon lotor,9/24/2019,11/7/2019
SEWA_N01_DSP1,47.6598,-122.41942,Fall19,9/28/2019 17:32,Felis catus,9/24/2019,11/7/2019
SEWA_N01_DSP1,47.6598,-122.41942,Fall19,9/28/2019 19:40,Procyon lotor,9/24/2019,11/7/2019
SEWA_N01_DSP1,47.6598,-122.41942,Fall19,10/2/2019 7:29,Sylvilagus floridanus,9/24/2019,11/7/2019
SEWA_N01_DSP1,47.6598,-122.41942,Fall19,10/2/2019 11:50,Sciurus carolinensis,9/24/2019,11/7/2019
SEWA_N01_DSP1,47.6598,-122.41942,Fall19,10/5/2019 7:35,Felis catus,9/24/2019,11/7/2019
SEWA_N01_DSP1,47.6598,-122.41942,Fall19,10/6/2019 6:49,Sylvilagus floridanus,9/24/2019,11/7/2019
SEWA_N01_DSP1,47.6598,-122.41942,Fall19,10/6/2019 6:51,Sylvilagus floridanus,9/24/2019,11/7/2019
SEWA_N01_DSP1,47.6598,-122.41942,Fall19,10/6/2019 17:45,Homo sapiens,9/24/2019,11/7/2019
SEWA_N01_DSP1,47.6598,-122.41942,Fall19,10/6/2019 17:53,Homo sapiens,9/24/2019,11/7/2019
SEWA_N01_DSP1,47.6598,-122.41942,Fall19,10/7/2019 3:40,Didelphis virginiana,9/24/2019,11/7/2019
SEWA_N01_DSP1,47.6598,-122.41942,Fall19,10/7/2019 4:46,Didelphis virginiana,9/24/2019,11/7/2019
SEWA_N01_DSP1,47.6598,-122.41942,Fall19,10/7/2019 21:11,Procyon lotor,9/24/2019,11/7/2019
SEWA_N01_DSP1,47.6598,-122.41942,Fall19,10/8/2019 5:17,Didelphis virginiana,9/24/2019,11/7/2019
SEWA_N01_DSP1,47.6598,-122.41942,Fall19,10/8/2019 5:20,Didelphis virginiana,9/24/2019,11/7/2019
SEWA_N01_DSP1,47.6598,-122.41942,Fall19,10/9/2019 0:58,Procyon lotor,9/24/2019,11/7/2019
SEWA_N01_DSP1,47.6598,-122.41942,Fall19,10/9/2019 12:31,Canis familiaris,9/24/2019,11/7/2019
SEWA_N01_DSP1,47.6598,-122.41942,Fall19,10/9/2019 19:19,Didelphis virginiana,9/24/2019,11/7/2019
SEWA_N01_DSP1,47.6598,-122.41942,Fall19,10/10/2019 14:13,Sciurus carolinensis,9/24/2019,11/7/2019
SEWA_N01_DSP1,47.6598,-122.41942,Fall19,10/10/2019 15:17,Canis familiaris,9/24/2019,11/7/2019
SEWA_N01_DSP1,47.6598,-122.41942,Fall19,10/11/2019 10:12,Canis familiaris,9/24/2019,11/7/2019
SEWA_N01_DSP1,47.6598,-122.41942,Fall19,10/11/2019 10:38,Sciurus carolinensis,9/24/2019,11/7/2019
SEWA_N01_DSP1,47.6598,-122.41942,Fall19,10/11/2019 21:56,Didelphis virginiana,9/24/2019,11/7/2019
SEWA_N01_DSP1,47.6598,-122.41942,Fall19,10/12/2019 9:39,Sciurus carolinensis,9/24/2019,11/7/2019
SEWA_N01_DSP1,47.6598,-122.41942,Fall19,10/12/2019 12:04,Didelphis virginiana,9/24/2019,11/7/2019
SEWA_N01_DSP1,47.6598,-122.41942,Fall19,10/12/2019 20:46,Procyon lotor,9/24/2019,11/7/2019
SEWA_N01_DSP1,47.6598,-122.41942,Fall19,10/13/2019 19:04,Didelphis virginiana,9/24/2019,11/7/2019
SEWA_N01_DSP1,47.6598,-122.41942,Fall19,10/14/2019 4:23,Didelphis virginiana,9/24/2019,11/7/2019
SEWA_N01_DSP1,47.6598,-122.41942,Fall19,10/15/2019 2:53,Didelphis virginiana,9/24/2019,11/7/2019
SEWA_N01_DSP1,47.6598,-122.41942,Fall19,10/15/2019 17:39,Sciurus carolinensis,9/24/2019,11/7/2019
SEWA_N01_DSP1,47.6598,-122.41942,Fall19,10/15/2019 21:23,Didelphis virginiana,9/24/2019,11/7/2019
SEWA_N01_DSP1,47.6598,-122.41942,Fall19,10/16/2019 1:53,Didelphis virginiana,9/24/2019,11/7/2019
SEWA_N01_DSP1,47.6598,-122.41942,Fall19,10/18/2019 0:11,Procyon lotor,9/24/2019,11/7/2019
SEWA_N01_DSP1,47.6598,-122.41942,Fall19,10/19/2019 22:02,Procyon lotor,9/24/2019,11/7/2019
SEWA_N01_DSP1,47.6598,-122.41942,Fall19,10/22/2019 6:27,Procyon lotor,9/24/2019,11/7/2019
SEWA_N01_DSP1,47.6598,-122.41942,Fall19,10/23/2019 22:51,Didelphis virginiana,9/24/2019,11/7/2019
SEWA_N01_DSP1,47.6598,-122.41942,Fall19,10/24/2019 10:50,Sciurus carolinensis,9/24/2019,11/7/2019
SEWA_N01_DSP1,47.6598,-122.41942,Fall19,10/24/2019 15:11,Sylvilagus floridanus,9/24/2019,11/7/2019
SEWA_N01_DSP1,47.6598,-122.41942,Fall19,10/24/2019 19:41,Didelphis virginiana,9/24/2019,11/7/2019
SEWA_N01_DSP1,47.6598,-122.41942,Fall19,10/25/2019 16:44,Canis familiaris,9/24/2019,11/7/2019
SEWA_N01_DSP1,47.6598,-122.41942,Fall19,10/25/2019 19:49,Procyon lotor,9/24/2019,11/7/2019
SEWA_N01_DSP1,47.6598,-122.41942,Fall19,10/26/2019 6:33,Didelphis virginiana,9/24/2019,11/7/2019
SEWA_N01_DSP1,47.6598,-122.41942,Fall19,10/27/2019 14:10,Homo sapiens,9/24/2019,11/7/2019
SEWA_N01_DSP1,47.6598,-122.41942,Fall19,10/28/2019 11:26,Sciurus carolinensis,9/24/2019,11/7/2019
SEWA_N01_DSP1,47.6598,-122.41942,Fall19,10/28/2019 17:26,Sylvilagus floridanus,9/24/2019,11/7/2019
SEWA_N01_DSP1,47.6598,-122.41942,Fall19,10/29/2019 9:09,Sciurus carolinensis,9/24/2019,11/7/2019
SEWA_N01_DSP1,47.6598,-122.41942,Fall19,10/31/2019 11:02,Sciurus carolinensis,9/24/2019,11/7/2019
SEWA_N01_DSP1,47.6598,-122.41942,Fall19,10/31/2019 17:07,Homo sapiens,9/24/2019,11/7/2019
SEWA_N01_DSP1,47.6598,-122.41942,Fall19,10/31/2019 17:14,Homo sapiens,9/24/2019,11/7/2019
SEWA_N01_DSP1,47.6598,-122.41942,Fall19,11/1/2019 3:37,Didelphis virginiana,9/24/2019,11/7/2019
SEWA_N01_DSP1,47.6598,-122.41942,Fall19,11/3/2019 16:38,Canis familiaris,9/24/2019,11/7/2019
SEWA_N02_LWP2,47.669,-122.34474,Fall19,10/24/2019 12:30,Homo sapiens,9/24/2019,11/7/2019
SEWA_N02_LWP2,47.669,-122.34474,Fall19,10/24/2019 16:23,Sciurus carolinensis,9/24/2019,11/7/2019
SEWA_N02_LWP2,47.669,-122.34474,Fall19,10/24/2019 16:36,Homo sapiens,9/24/2019,11/7/2019
SEWA_N02_LWP2,47.669,-122.34474,Fall19,10/24/2019 19:45,Homo sapiens,9/24/2019,11/7/2019
SEWA_N02_LWP2,47.669,-122.34474,Fall19,10/25/2019 9:13,Homo sapiens,9/24/2019,11/7/2019
SEWA_N02_LWP2,47.669,-122.34474,Fall19,10/25/2019 9:13,Canis familiaris,9/24/2019,11/7/2019
SEWA_N02_LWP2,47.669,-122.34474,Fall19,10/25/2019 12:28,Homo sapiens,9/24/2019,11/7/2019
SEWA_N02_LWP2,47.669,-122.34474,Fall19,10/25/2019 12:50,Canis familiaris,9/24/2019,11/7/2019
SEWA_N02_LWP2,47.669,-122.34474,Fall19,10/25/2019 12:50,Homo sapiens,9/24/2019,11/7/2019
SEWA_N02_LWP2,47.669,-122.34474,Fall19,10/25/2019 15:11,Homo sapiens,9/24/2019,11/7/2019
SEWA_N02_LWP2,47.669,-122.34474,Fall19,10/26/2019 11:16,Sciurus carolinensis,9/24/2019,11/7/2019
SEWA_N02_LWP2,47.669,-122.34474,Fall19,10/26/2019 11:35,Homo sapiens,9/24/2019,11/7/2019
SEWA_N02_LWP2,47.669,-122.34474,Fall19,10/26/2019 15:18,Canis familiaris,9/24/2019,11/7/2019
SEWA_N02_LWP2,47.669,-122.34474,Fall19,10/26/2019 15:18,Homo sapiens,9/24/2019,11/7/2019
SEWA_N02_LWP2,47.669,-122.34474,Fall19,10/26/2019 15:51,Canis familiaris,9/24/2019,11/7/2019
SEWA_N02_LWP2,47.669,-122.34474,Fall19,10/26/2019 15:51,Homo sapiens,9/24/2019,11/7/2019
SEWA_N02_LWP2,47.669,-122.34474,Fall19,10/27/2019 0:42,Homo sapiens,9/24/2019,11/7/2019
SEWA_N02_LWP2,47.669,-122.34474,Fall19,10/27/2019 7:50,Sciurus carolinensis,9/24/2019,11/7/2019
SEWA_N02_LWP2,47.669,-122.34474,Fall19,10/27/2019 10:53,Canis familiaris,9/24/2019,11/7/2019
SEWA_N02_LWP2,47.669,-122.34474,Fall19,10/27/2019 10:53,Homo sapiens,9/24/2019,11/7/2019
SEWA_N02_LWP2,47.669,-122.34474,Fall19,10/27/2019 11:20,Sciurus carolinensis,9/24/2019,11/7/2019
SEWA_N02_LWP2,47.669,-122.34474,Fall19,10/27/2019 13:18,Sciurus carolinensis,9/24/2019,11/7/2019
SEWA_N02_LWP2,47.669,-122.34474,Fall19,10/27/2019 13:20,Sciurus carolinensis,9/24/2019,11/7/2019
SEWA_N02_LWP2,47.669,-122.34474,Fall19,10/27/2019 16:08,Sciurus carolinensis,9/24/2019,11/7/2019
SEWA_N02_LWP2,47.669,-122.34474,Fall19,10/28/2019 7:58,Sciurus carolinensis,9/24/2019,11/7/2019
SEWA_N02_LWP2,47.669,-122.34474,Fall19,10/28/2019 12:43,Sciurus carolinensis,9/24/2019,11/7/2019
SEWA_N02_LWP2,47.669,-122.34474,Fall19,10/28/2019 13:18,Canis familiaris,9/24/2019,11/7/2019
SEWA_N02_LWP2,47.669,-122.34474,Fall19,10/28/2019 14:27,Homo sapiens,9/24/2019,11/7/2019
SEWA_N02_LWP2,47.669,-122.34474,Fall19,10/28/2019 16:05,Canis familiaris,9/24/2019,11/7/2019
SEWA_N02_LWP2,47.669,-122.34474,Fall19,10/28/2019 17:14,Homo sapiens,9/24/2019,11/7/2019
SEWA_N02_LWP2,47.669,-122.34474,Fall19,10/28/2019 17:14,Canis familiaris,9/24/2019,11/7/2019
SEWA_N02_LWP2,47.669,-122.34474,Fall19,10/28/2019 17:27,Sciurus carolinensis,9/24/2019,11/7/2019
SEWA_N02_LWP2,47.669,-122.34474,Fall19,10/28/2019 17:38,Homo sapiens,9/24/2019,11/7/2019
SEWA_N02_LWP2,47.669,-122.34474,Fall19,10/29/2019 5:17,Canis latrans,9/24/2019,11/7/2019
SEWA_N02_LWP2,47.669,-122.34474,Fall19,10/29/2019 9:47,Canis familiaris,9/24/2019,11/7/2019
SEWA_N02_LWP2,47.669,-122.34474,Fall19,10/29/2019 10:48,Sciurus carolinensis,9/24/2019,11/7/2019
SEWA_N02_LWP2,47.669,-122.34474,Fall19,10/29/2019 10:50,Sciurus carolinensis,9/24/2019,11/7/2019
SEWA_N02_LWP2,47.669,-122.34474,Fall19,10/29/2019 13:11,Sciurus carolinensis,9/24/2019,11/7/2019
SEWA_N02_LWP2,47.669,-122.34474,Fall19,10/29/2019 13:32,Sciurus carolinensis,9/24/2019,11/7/2019
SEWA_N02_LWP2,47.669,-122.34474,Fall19,10/29/2019 15:39,Sciurus carolinensis,9/24/2019,11/7/2019
SEWA_N02_LWP2,47.669,-122.34474,Fall19,10/30/2019 13:26,Sciurus carolinensis,9/24/2019,11/7/2019
SEWA_N02_LWP2,47.669,-122.34474,Fall19,10/30/2019 16:40,Homo sapiens,9/24/2019,11/7/2019
SEWA_N02_LWP2,47.669,-122.34474,Fall19,10/30/2019 16:40,Canis familiaris,9/24/2019,11/7/2019
SEWA_N02_LWP2,47.669,-122.34474,Fall19,10/31/2019 11:56,Sciurus carolinensis,9/24/2019,11/7/2019
SEWA_N02_LWP2,47.669,-122.34474,Fall19,10/31/2019 12:51,Sciurus carolinensis,9/24/2019,11/7/2019
SEWA_N02_LWP2,47.669,-122.34474,Fall19,10/31/2019 17:38,Canis familiaris,9/24/2019,11/7/2019
SEWA_N02_LWP2,47.669,-122.34474,Fall19,10/31/2019 17:38,Homo sapiens,9/24/2019,11/7/2019
SEWA_N02_LWP2,47.669,-122.34474,Fall19,10/31/2019 17:40,Canis familiaris,9/24/2019,11/7/2019
SEWA_N02_LWP2,47.669,-122.34474,Fall19,10/31/2019 17:40,Homo sapiens,9/24/2019,11/7/2019
SEWA_N02_LWP2,47.669,-122.34474,Fall19,11/1/2019 15:26,Homo sapiens,9/24/2019,11/7/2019
SEWA_N02_LWP2,47.669,-122.34474,Fall19,11/2/2019 11:54,Sciurus carolinensis,9/24/2019,11/7/2019
SEWA_N02_LWP2,47.669,-122.34474,Fall19,11/2/2019 12:02,Sciurus carolinensis,9/24/2019,11/7/2019
SEWA_N02_LWP2,47.669,-122.34474,Fall19,11/2/2019 12:07,Sciurus carolinensis,9/24/2019,11/7/2019
SEWA_N02_LWP2,47.669,-122.34474,Fall19,11/2/2019 14:00,Sciurus carolinensis,9/24/2019,11/7/2019
SEWA_N02_LWP2,47.669,-122.34474,Fall19,11/2/2019 17:04,Sciurus carolinensis,9/24/2019,11/7/2019
SEWA_N02_LWP2,47.669,-122.34474,Fall19,11/3/2019 7:53,Sciurus carolinensis,9/24/2019,11/7/2019
SEWA_N02_LWP2,47.669,-122.34474,Fall19,11/3/2019 15:07,Homo sapiens,9/24/2019,11/7/2019
SEWA_N02_LWP2,47.669,-122.34474,Fall19,11/3/2019 15:07,Canis familiaris,9/24/2019,11/7/2019
SEWA_N02_LWP2,47.669,-122.34474,Fall19,11/3/2019 16:28,Sciurus carolinensis,9/24/2019,11/7/2019
SEWA_N02_LWP2,47.669,-122.34474,Fall19,11/3/2019 17:14,Sciurus carolinensis,9/24/2019,11/7/2019
SEWA_N02_LWP2,47.669,-122.34474,Fall19,11/4/2019 12:13,Homo sapiens,9/24/2019,11/7/2019
SEWA_N02_LWP2,47.669,-122.34474,Fall19,11/4/2019 12:13,Canis familiaris,9/24/2019,11/7/2019
SEWA_N02_LWP2,47.669,-122.34474,Fall19,11/4/2019 13:13,Sciurus carolinensis,9/24/2019,11/7/2019
SEWA_N02_LWP2,47.669,-122.34474,Fall19,11/4/2019 13:48,Sciurus carolinensis,9/24/2019,11/7/2019
SEWA_N02_LWP2,47.669,-122.34474,Fall19,11/4/2019 13:50,Sciurus carolinensis,9/24/2019,11/7/2019
SEWA_N02_LWP2,47.669,-122.34474,Fall19,11/5/2019 13:04,Sciurus carolinensis,9/24/2019,11/7/2019
SEWA_N02_LWP2,47.669,-122.34474,Fall19,11/5/2019 14:14,Canis familiaris,9/24/2019,11/7/2019
SEWA_N02_LWP2,47.669,-122.34474,Fall19,11/5/2019 16:43,Homo sapiens,9/24/2019,11/7/2019
SEWA_N02_LWP2,47.669,-122.34474,Fall19,11/5/2019 19:41,Homo sapiens,9/24/2019,11/7/2019
SEWA_N02_LWP2,47.669,-122.34474,Fall19,11/6/2019 11:42,Canis familiaris,9/24/2019,11/7/2019
SEWA_N02_LWP2,47.669,-122.34474,Fall19,11/6/2019 12:20,Sciurus carolinensis,9/24/2019,11/7/2019
SEWA_N02_LWP2,47.669,-122.34474,Fall19,11/6/2019 16:00,Homo sapiens,9/24/2019,11/7/2019
SEWA_N02_PHN1,47.6723,-122.3598,Fall19,9/24/2019 6:36,Homo sapiens,9/24/2019,11/7/2019
SEWA_N02_PHN1,47.6723,-122.3598,Fall19,9/24/2019 10:28,Homo sapiens,9/24/2019,11/7/2019
SEWA_N02_PHN1,47.6723,-122.3598,Fall19,9/24/2019 10:31,Homo sapiens,9/24/2019,11/7/2019
SEWA_N02_PHN1,47.6723,-122.3598,Fall19,9/24/2019 11:42,Sciurus carolinensis,9/24/2019,11/7/2019
SEWA_N02_PHN1,47.6723,-122.3598,Fall19,9/24/2019 14:08,Sciurus carolinensis,9/24/2019,11/7/2019
SEWA_N02_PHN1,47.6723,-122.3598,Fall19,9/24/2019 15:06,Homo sapiens,9/24/2019,11/7/2019
SEWA_N02_PHN1,47.6723,-122.3598,Fall19,9/25/2019 5:34,Procyon lotor,9/24/2019,11/7/2019
SEWA_N02_PHN1,47.6723,-122.3598,Fall19,9/25/2019 6:45,Homo sapiens,9/24/2019,11/7/2019
SEWA_N02_PHN1,47.6723,-122.3598,Fall19,9/25/2019 8:10,Sciurus carolinensis,9/24/2019,11/7/2019
SEWA_N02_PHN1,47.6723,-122.3598,Fall19,9/25/2019 8:17,Sciurus carolinensis,9/24/2019,11/7/2019
SEWA_N02_PHN1,47.6723,-122.3598,Fall19,9/25/2019 11:35,Corvus brachyrhynchos,9/24/2019,11/7/2019
SEWA_N02_PHN1,47.6723,-122.3598,Fall19,9/25/2019 11:37,Corvus brachyrhynchos,9/24/2019,11/7/2019
SEWA_N02_PHN1,47.6723,-122.3598,Fall19,9/25/2019 11:41,Sciurus carolinensis,9/24/2019,11/7/2019
SEWA_N02_PHN1,47.6723,-122.3598,Fall19,9/25/2019 11:43,Corvus brachyrhynchos,9/24/2019,11/7/2019
SEWA_N02_PHN1,47.6723,-122.3598,Fall19,9/25/2019 11:47,Corvus brachyrhynchos,9/24/2019,11/7/2019
SEWA_N02_PHN1,47.6723,-122.3598,Fall19,9/25/2019 11:53,Sciurus carolinensis,9/24/2019,11/7/2019
SEWA_N02_PHN1,47.6723,-122.3598,Fall19,9/25/2019 14:26,Sciurus carolinensis,9/24/2019,11/7/2019
SEWA_N02_PHN1,47.6723,-122.3598,Fall19,9/25/2019 14:30,Sciurus carolinensis,9/24/2019,11/7/2019
SEWA_N02_PHN1,47.6723,-122.3598,Fall19,9/25/2019 16:04,Homo sapiens,9/24/2019,11/7/2019
SEWA_N02_PHN1,47.6723,-122.3598,Fall19,9/25/2019 16:08,Homo sapiens,9/24/2019,11/7/2019
SEWA_N02_PHN1,47.6723,-122.3598,Fall19,9/26/2019 4:33,Felis catus,9/24/2019,11/7/2019
SEWA_N02_PHN1,47.6723,-122.3598,Fall19,9/26/2019 6:35,Homo sapiens,9/24/2019,11/7/2019
SEWA_N02_PHN1,47.6723,-122.3598,Fall19,9/26/2019 9:45,Canis familiaris,9/24/2019,11/7/2019
SEWA_N02_PHN1,47.6723,-122.3598,Fall19,9/26/2019 9:45,Homo sapiens,9/24/2019,11/7/2019
SEWA_N02_PHN1,47.6723,-122.3598,Fall19,9/26/2019 10:30,Homo sapiens,9/24/2019,11/7/2019
SEWA_N02_PHN1,47.6723,-122.3598,Fall19,9/26/2019 11:50,Sciurus carolinensis,9/24/2019,11/7/2019
SEWA_N02_PHN1,47.6723,-122.3598,Fall19,9/26/2019 12:44,Sciurus carolinensis,9/24/2019,11/7/2019
SEWA_N02_PHN1,47.6723,-122.3598,Fall19,9/26/2019 14:49,Sciurus carolinensis,9/24/2019,11/7/2019
SEWA_N02_PHN1,47.6723,-122.3598,Fall19,9/26/2019 15:55,Sciurus carolinensis,9/24/2019,11/7/2019
SEWA_N02_PHN1,47.6723,-122.3598,Fall19,9/26/2019 16:10,Sciurus carolinensis,9/24/2019,11/7/2019
SEWA_N02_PHN1,47.6723,-122.3598,Fall19,9/27/2019 6:53,Homo sapiens,9/24/2019,11/7/2019
SEWA_N02_PHN1,47.6723,-122.3598,Fall19,9/27/2019 10:48,Homo sapiens,9/24/2019,11/7/2019
SEWA_N02_PHN1,47.6723,-122.3598,Fall19,9/27/2019 11:01,Sciurus carolinensis,9/24/2019,11/7/2019
SEWA_N02_PHN1,47.6723,-122.3598,Fall19,9/27/2019 11:23,Sciurus carolinensis,9/24/2019,11/7/2019
SEWA_N02_PHN1,47.6723,-122.3598,Fall19,9/27/2019 12:12,Sciurus carolinensis,9/24/2019,11/7/2019
SEWA_N02_PHN1,47.6723,-122.3598,Fall19,9/27/2019 12:12,Homo sapiens,9/24/2019,11/7/2019
SEWA_N02_PHN1,47.6723,-122.3598,Fall19,9/27/2019 12:23,Sciurus carolinensis,9/24/2019,11/7/2019
SEWA_N02_PHN1,47.6723,-122.3598,Fall19,9/27/2019 12:31,Sciurus carolinensis,9/24/2019,11/7/2019
SEWA_N02_PHN1,47.6723,-122.3598,Fall19,9/27/2019 12:33,Sciurus carolinensis,9/24/2019,11/7/2019
SEWA_N02_PHN1,47.6723,-122.3598,Fall19,9/27/2019 12:40,Sciurus carolinensis,9/24/2019,11/7/2019
SEWA_N02_PHN1,47.6723,-122.3598,Fall19,9/27/2019 12:51,Sciurus carolinensis,9/24/2019,11/7/2019
SEWA_N02_PHN1,47.6723,-122.3598,Fall19,9/27/2019 12:57,Sciurus carolinensis,9/24/2019,11/7/2019
SEWA_N02_PHN1,47.6723,-122.3598,Fall19,9/27/2019 13:32,Sciurus carolinensis,9/24/2019,11/7/2019
SEWA_N02_PHN1,47.6723,-122.3598,Fall19,9/27/2019 13:35,Cyanocitta stelleri,9/24/2019,11/7/2019
SEWA_N02_PHN1,47.6723,-122.3598,Fall19,9/27/2019 13:35,Sciurus carolinensis,9/24/2019,11/7/2019
SEWA_N02_PHN1,47.6723,-122.3598,Fall19,9/27/2019 16:12,Sciurus carolinensis,9/24/2019,11/7/2019
SEWA_N02_PHN1,47.6723,-122.3598,Fall19,9/27/2019 16:35,Sciurus carolinensis,9/24/2019,11/7/2019
SEWA_N02_PHN1,47.6723,-122.3598,Fall19,9/27/2019 16:37,Sciurus carolinensis,9/24/2019,11/7/2019
SEWA_N02_PHN1,47.6723,-122.3598,Fall19,9/27/2019 17:05,Homo sapiens,9/24/2019,11/7/2019
SEWA_N02_PHN1,47.6723,-122.3598,Fall19,9/27/2019 17:05,Canis familiaris,9/24/2019,11/7/2019
SEWA_N02_PHN1,47.6723,-122.3598,Fall19,9/27/2019 17:37,Homo sapiens,9/24/2019,11/7/2019
SEWA_N02_PHN1,47.6723,-122.3598,Fall19,9/28/2019 7:25,Homo sapiens,9/24/2019,11/7/2019
SEWA_N02_PHN1,47.6723,-122.3598,Fall19,9/28/2019 8:58,Sciurus carolinensis,9/24/2019,11/7/2019
SEWA_N02_PHN1,47.6723,-122.3598,Fall19,9/28/2019 10:53,Sciurus carolinensis,9/24/2019,11/7/2019
SEWA_N02_PHN1,47.6723,-122.3598,Fall19,9/28/2019 12:10,Homo sapiens,9/24/2019,11/7/2019
SEWA_N02_PHN1,47.6723,-122.3598,Fall19,9/28/2019 14:22,Sciurus carolinensis,9/24/2019,11/7/2019
SEWA_N02_PHN1,47.6723,-122.3598,Fall19,9/28/2019 14:24,Homo sapiens,9/24/2019,11/7/2019
SEWA_N02_PHN1,47.6723,-122.3598,Fall19,9/28/2019 17:05,Canis familiaris,9/24/2019,11/7/2019
SEWA_N02_PHN1,47.6723,-122.3598,Fall19,9/28/2019 17:05,Homo sapiens,9/24/2019,11/7/2019
SEWA_N02_PHN1,47.6723,-122.3598,Fall19,9/28/2019 17:26,Homo sapiens,9/24/2019,11/7/2019
SEWA_N02_PHN1,47.6723,-122.3598,Fall19,9/28/2019 17:34,Canis familiaris,9/24/2019,11/7/2019
SEWA_N02_PHN1,47.6723,-122.3598,Fall19,9/28/2019 17:38,Homo sapiens,9/24/2019,11/7/2019
SEWA_N02_PHN1,47.6723,-122.3598,Fall19,9/28/2019 17:38,Canis familiaris,9/24/2019,11/7/2019
SEWA_N02_PHN1,47.6723,-122.3598,Fall19,9/28/2019 17:46,Homo sapiens,9/24/2019,11/7/2019
SEWA_N02_PHN1,47.6723,-122.3598,Fall19,9/28/2019 17:53,Canis familiaris,9/24/2019,11/7/2019
SEWA_N02_PHN1,47.6723,-122.3598,Fall19,9/28/2019 17:56,Canis familiaris,9/24/2019,11/7/2019
SEWA_N02_PHN1,47.6723,-122.3598,Fall19,9/28/2019 18:38,Homo sapiens,9/24/2019,11/7/2019
SEWA_N02_PHN1,47.6723,-122.3598,Fall19,9/28/2019 21:22,Homo sapiens,9/24/2019,11/7/2019
SEWA_N02_PHN1,47.6723,-122.3598,Fall19,9/29/2019 7:41,Homo sapiens,9/24/2019,11/7/2019
SEWA_N02_PHN1,47.6723,-122.3598,Fall19,9/29/2019 8:21,Homo sapiens,9/24/2019,11/7/2019
SEWA_N02_PHN1,47.6723,-122.3598,Fall19,9/29/2019 8:21,Canis familiaris,9/24/2019,11/7/2019
SEWA_N02_PHN1,47.6723,-122.3598,Fall19,9/29/2019 10:06,Sciurus carolinensis,9/24/2019,11/7/2019
SEWA_N02_PHN1,47.6723,-122.3598,Fall19,9/29/2019 11:40,Corvus brachyrhynchos,9/24/2019,11/7/2019
SEWA_N02_PHN1,47.6723,-122.3598,Fall19,9/29/2019 11:42,Corvus brachyrhynchos,9/24/2019,11/7/2019
SEWA_N02_PHN1,47.6723,-122.3598,Fall19,9/29/2019 11:51,Corvus brachyrhynchos,9/24/2019,11/7/2019
SEWA_N02_PHN1,47.6723,-122.3598,Fall19,9/29/2019 11:55,Corvus brachyrhynchos,9/24/2019,11/7/2019
SEWA_N02_PHN1,47.6723,-122.3598,Fall19,9/29/2019 11:58,Corvus brachyrhynchos,9/24/2019,11/7/2019
SEWA_N02_PHN1,47.6723,-122.3598,Fall19,9/29/2019 12:00,Sciurus carolinensis,9/24/2019,11/7/2019
SEWA_N02_PHN1,47.6723,-122.3598,Fall19,9/29/2019 12:28,Sciurus carolinensis,9/24/2019,11/7/2019
SEWA_N02_PHN1,47.6723,-122.3598,Fall19,9/29/2019 16:46,Sciurus carolinensis,9/24/2019,11/7/2019
SEWA_N02_PHN1,47.6723,-122.3598,Fall19,9/29/2019 17:45,Sciurus carolinensis,9/24/2019,11/7/2019
SEWA_N02_PHN1,47.6723,-122.3598,Fall19,9/29/2019 18:11,Homo sapiens,9/24/2019,11/7/2019
SEWA_N02_PHN1,47.6723,-122.3598,Fall19,9/29/2019 19:16,Homo sapiens,9/24/2019,11/7/2019
SEWA_N02_PHN1,47.6723,-122.3598,Fall19,9/29/2019 19:28,Homo sapiens,9/24/2019,11/7/2019
SEWA_N02_PHN1,47.6723,-122.3598,Fall19,9/30/2019 4:07,Sylvilagus floridanus,9/24/2019,11/7/2019
SEWA_N02_PHN1,47.6723,-122.3598,Fall19,9/30/2019 6:28,Homo sapiens,9/24/2019,11/7/2019
SEWA_N02_PHN1,47.6723,-122.3598,Fall19,9/30/2019 8:50,Sciurus carolinensis,9/24/2019,11/7/2019
SEWA_N02_PHN1,47.6723,-122.3598,Fall19,9/30/2019 9:47,Sciurus carolinensis,9/24/2019,11/7/2019
SEWA_N02_PHN1,47.6723,-122.3598,Fall19,9/30/2019 10:12,Sciurus carolinensis,9/24/2019,11/7/2019
SEWA_N02_PHN1,47.6723,-122.3598,Fall19,9/30/2019 10:14,Sciurus carolinensis,9/24/2019,11/7/2019
SEWA_N02_PHN1,47.6723,-122.3598,Fall19,9/30/2019 11:24,Homo sapiens,9/24/2019,11/7/2019
SEWA_N02_PHN1,47.6723,-122.3598,Fall19,9/30/2019 13:00,Sciurus carolinensis,9/24/2019,11/7/2019
SEWA_N02_PHN1,47.6723,-122.3598,Fall19,9/30/2019 14:09,Sciurus carolinensis,9/24/2019,11/7/2019
SEWA_N02_PHN1,47.6723,-122.3598,Fall19,9/30/2019 14:54,Homo sapiens,9/24/2019,11/7/2019
SEWA_N02_PHN1,47.6723,-122.3598,Fall19,9/30/2019 18:24,Homo sapiens,9/24/2019,11/7/2019
SEWA_N02_PHN1,47.6723,-122.3598,Fall19,9/30/2019 18:54,Canis familiaris,9/24/2019,11/7/2019
SEWA_N02_PHN1,47.6723,-122.3598,Fall19,9/30/2019 18:54,Homo sapiens,9/24/2019,11/7/2019
SEWA_N02_PHN1,47.6723,-122.3598,Fall19,9/30/2019 21:45,Felis catus,9/24/2019,11/7/2019
SEWA_N02_PHN1,47.6723,-122.3598,Fall19,9/30/2019 22:02,Canis familiaris,9/24/2019,11/7/2019
SEWA_N02_PHN1,47.6723,-122.3598,Fall19,9/30/2019 22:02,Homo sapiens,9/24/2019,11/7/2019
SEWA_N02_PHN1,47.6723,-122.3598,Fall19,10/1/2019 4:35,Procyon lotor,9/24/2019,11/7/2019
SEWA_N02_PHN1,47.6723,-122.3598,Fall19,10/1/2019 5:36,Procyon lotor,9/24/2019,11/7/2019
SEWA_N02_PHN1,47.6723,-122.3598,Fall19,10/1/2019 6:33,Homo sapiens,9/24/2019,11/7/2019
SEWA_N02_PHN1,47.6723,-122.3598,Fall19,10/1/2019 9:28,Homo sapiens,9/24/2019,11/7/2019
SEWA_N02_PHN1,47.6723,-122.3598,Fall19,10/1/2019 10:16,Sciurus carolinensis,9/24/2019,11/7/2019
SEWA_N02_PHN1,47.6723,-122.3598,Fall19,10/1/2019 11:43,Sciurus carolinensis,9/24/2019,11/7/2019
SEWA_N02_PHN1,47.6723,-122.3598,Fall19,10/1/2019 11:52,Sciurus carolinensis,9/24/2019,11/7/2019
SEWA_N02_PHN1,47.6723,-122.3598,Fall19,10/1/2019 12:11,Sciurus carolinensis,9/24/2019,11/7/2019
SEWA_N02_PHN1,47.6723,-122.3598,Fall19,10/1/2019 12:28,Sciurus carolinensis,9/24/2019,11/7/2019
SEWA_N02_PHN1,47.6723,-122.3598,Fall19,10/1/2019 13:47,Sciurus carolinensis,9/24/2019,11/7/2019
SEWA_N02_PHN1,47.6723,-122.3598,Fall19,10/1/2019 14:27,Homo sapiens,9/24/2019,11/7/2019
SEWA_N02_PHN1,47.6723,-122.3598,Fall19,10/1/2019 14:30,Cyanocitta stelleri,9/24/2019,11/7/2019
SEWA_N02_PHN1,47.6723,-122.3598,Fall19,10/1/2019 14:30,Sciurus carolinensis,9/24/2019,11/7/2019
SEWA_N02_PHN1,47.6723,-122.3598,Fall19,10/1/2019 14:57,Sciurus carolinensis,9/24/2019,11/7/2019
SEWA_N02_PHN1,47.6723,-122.3598,Fall19,10/1/2019 15:40,Sciurus carolinensis,9/24/2019,11/7/2019
SEWA_N02_PHN1,47.6723,-122.3598,Fall19,10/1/2019 16:25,Canis familiaris,9/24/2019,11/7/2019
SEWA_N02_PHN1,47.6723,-122.3598,Fall19,10/1/2019 16:25,Homo sapiens,9/24/2019,11/7/2019
SEWA_N02_PHN1,47.6723,-122.3598,Fall19,10/1/2019 17:26,Homo sapiens,9/24/2019,11/7/2019
SEWA_N02_PHN1,47.6723,-122.3598,Fall19,10/1/2019 18:02,Homo sapiens,9/24/2019,11/7/2019
SEWA_N02_PHN1,47.6723,-122.3598,Fall19,10/1/2019 19:40,Homo sapiens,9/24/2019,11/7/2019
SEWA_N02_PHN1,47.6723,-122.3598,Fall19,10/2/2019 6:29,Homo sapiens,9/24/2019,11/7/2019
SEWA_N02_PHN1,47.6723,-122.3598,Fall19,10/2/2019 8:13,Sciurus carolinensis,9/24/2019,11/7/2019
SEWA_N02_PHN1,47.6723,-122.3598,Fall19,10/2/2019 9:46,Sciurus carolinensis,9/24/2019,11/7/2019
SEWA_N02_PHN1,47.6723,-122.3598,Fall19,10/2/2019 11:00,Corvus brachyrhynchos,9/24/2019,11/7/2019
SEWA_N02_PHN1,47.6723,-122.3598,Fall19,10/2/2019 11:03,Corvus brachyrhynchos,9/24/2019,11/7/2019
SEWA_N02_PHN1,47.6723,-122.3598,Fall19,10/2/2019 11:17,Cyanocitta stelleri,9/24/2019,11/7/2019
SEWA_N02_PHN1,47.6723,-122.3598,Fall19,10/2/2019 12:18,Homo sapiens,9/24/2019,11/7/2019
SEWA_N02_PHN1,47.6723,-122.3598,Fall19,10/2/2019 12:21,Canis familiaris,9/24/2019,11/7/2019
SEWA_N02_PHN1,47.6723,-122.3598,Fall19,10/2/2019 12:21,Homo sapiens,9/24/2019,11/7/2019
SEWA_N02_PHN1,47.6723,-122.3598,Fall19,10/2/2019 13:52,Sciurus carolinensis,9/24/2019,11/7/2019
SEWA_N02_PHN1,47.6723,-122.3598,Fall19,10/2/2019 15:33,Sciurus carolinensis,9/24/2019,11/7/2019
SEWA_N02_PHN1,47.6723,-122.3598,Fall19,10/2/2019 15:42,Sciurus carolinensis,9/24/2019,11/7/2019
SEWA_N02_PHN1,47.6723,-122.3598,Fall19,10/2/2019 16:37,Homo sapiens,9/24/2019,11/7/2019
SEWA_N02_PHN1,47.6723,-122.3598,Fall19,10/2/2019 17:56,Sciurus carolinensis,9/24/2019,11/7/2019
SEWA_N02_PHN1,47.6723,-122.3598,Fall19,10/2/2019 18:00,Homo sapiens,9/24/2019,11/7/2019
SEWA_N02_PHN1,47.6723,-122.3598,Fall19,10/3/2019 4:09,Sylvilagus floridanus,9/24/2019,11/7/2019
SEWA_N02_PHN1,47.6723,-122.3598,Fall19,10/3/2019 6:42,Homo sapiens,9/24/2019,11/7/2019
SEWA_N02_PHN1,47.6723,-122.3598,Fall19,10/3/2019 10:31,Homo sapiens,9/24/2019,11/7/2019
SEWA_N02_PHN1,47.6723,-122.3598,Fall19,10/3/2019 12:45,Sciurus carolinensis,9/24/2019,11/7/2019
SEWA_N02_PHN1,47.6723,-122.3598,Fall19,10/3/2019 13:33,Sciurus carolinensis,9/24/2019,11/7/2019
SEWA_N02_PHN1,47.6723,-122.3598,Fall19,10/3/2019 16:25,Corvus brachyrhynchos,9/24/2019,11/7/2019
SEWA_N02_PHN1,47.6723,-122.3598,Fall19,10/3/2019 18:59,Homo sapiens,9/24/2019,11/7/2019
SEWA_N02_PHN1,47.6723,-122.3598,Fall19,10/3/2019 19:20,Homo sapiens,9/24/2019,11/7/2019
SEWA_N02_PHN1,47.6723,-122.3598,Fall19,10/4/2019 7:49,Homo sapiens,9/24/2019,11/7/2019
SEWA_N02_PHN1,47.6723,-122.3598,Fall19,10/4/2019 7:49,Canis familiaris,9/24/2019,11/7/2019
SEWA_N02_PHN1,47.6723,-122.3598,Fall19,10/4/2019 8:03,Sciurus carolinensis,9/24/2019,11/7/2019
SEWA_N02_PHN1,47.6723,-122.3598,Fall19,10/4/2019 11:55,Sciurus carolinensis,9/24/2019,11/7/2019
SEWA_N02_PHN1,47.6723,-122.3598,Fall19,10/4/2019 12:08,Sciurus carolinensis,9/24/2019,11/7/2019
SEWA_N02_PHN1,47.6723,-122.3598,Fall19,10/4/2019 12:22,Sciurus carolinensis,9/24/2019,11/7/2019
SEWA_N02_PHN1,47.6723,-122.3598,Fall19,10/4/2019 13:06,Homo sapiens,9/24/2019,11/7/2019
SEWA_N02_PHN1,47.6723,-122.3598,Fall19,10/4/2019 14:28,Homo sapiens,9/24/2019,11/7/2019
SEWA_N02_PHN1,47.6723,-122.3598,Fall19,10/4/2019 17:22,Homo sapiens,9/24/2019,11/7/2019
SEWA_N02_PHN1,47.6723,-122.3598,Fall19,10/4/2019 18:02,Canis familiaris,9/24/2019,11/7/2019
SEWA_N02_PHN1,47.6723,-122.3598,Fall19,10/4/2019 18:04,Canis familiaris,9/24/2019,11/7/2019
SEWA_N02_PHN1,47.6723,-122.3598,Fall19,10/4/2019 18:07,Canis familiaris,9/24/2019,11/7/2019
SEWA_N02_PHN1,47.6723,-122.3598,Fall19,10/5/2019 4:08,Sylvilagus floridanus,9/24/2019,11/7/2019
SEWA_N02_PHN1,47.6723,-122.3598,Fall19,10/5/2019 4:08,Felis catus,9/24/2019,11/7/2019
SEWA_N02_PHN1,47.6723,-122.3598,Fall19,10/5/2019 6:42,Homo sapiens,9/24/2019,11/7/2019
SEWA_N02_PHN1,47.6723,-122.3598,Fall19,10/5/2019 7:49,Sciurus carolinensis,9/24/2019,11/7/2019
SEWA_N02_PHN1,47.6723,-122.3598,Fall19,10/5/2019 8:33,Sciurus carolinensis,9/24/2019,11/7/2019
SEWA_N02_PHN1,47.6723,-122.3598,Fall19,10/5/2019 8:41,Canis familiaris,9/24/2019,11/7/2019
SEWA_N02_PHN1,47.6723,-122.3598,Fall19,10/5/2019 8:41,Homo sapiens,9/24/2019,11/7/2019
SEWA_N02_PHN1,47.6723,-122.3598,Fall19,10/5/2019 9:00,Homo sapiens,9/24/2019,11/7/2019
SEWA_N02_PHN1,47.6723,-122.3598,Fall19,10/5/2019 9:33,Sciurus carolinensis,9/24/2019,11/7/2019
SEWA_N02_PHN1,47.6723,-122.3598,Fall19,10/5/2019 9:47,Sciurus carolinensis,9/24/2019,11/7/2019
SEWA_N02_PHN1,47.6723,-122.3598,Fall19,10/5/2019 11:04,Corvus brachyrhynchos,9/24/2019,11/7/2019
SEWA_N02_PHN1,47.6723,-122.3598,Fall19,10/5/2019 11:06,Corvus brachyrhynchos,9/24/2019,11/7/2019
SEWA_N02_PHN1,47.6723,-122.3598,Fall19,10/5/2019 12:09,Sciurus carolinensis,9/24/2019,11/7/2019
SEWA_N02_PHN1,47.6723,-122.3598,Fall19,10/5/2019 14:02,Sciurus carolinensis,9/24/2019,11/7/2019
SEWA_N02_PHN1,47.6723,-122.3598,Fall19,10/5/2019 14:09,Sciurus carolinensis,9/24/2019,11/7/2019
SEWA_N02_PHN1,47.6723,-122.3598,Fall19,10/5/2019 14:46,Homo sapiens,9/24/2019,11/7/2019
SEWA_N02_PHN1,47.6723,-122.3598,Fall19,10/5/2019 14:48,Homo sapiens,9/24/2019,11/7/2019
SEWA_N02_PHN1,47.6723,-122.3598,Fall19,10/5/2019 15:04,Sciurus carolinensis,9/24/2019,11/7/2019
SEWA_N02_PHN1,47.6723,-122.3598,Fall19,10/5/2019 16:29,Homo sapiens,9/24/2019,11/7/2019
SEWA_N02_PHN1,47.6723,-122.3598,Fall19,10/5/2019 16:37,Sciurus carolinensis,9/24/2019,11/7/2019
SEWA_N02_PHN1,47.6723,-122.3598,Fall19,10/5/2019 17:31,Sciurus carolinensis,9/24/2019,11/7/2019
SEWA_N02_PHN1,47.6723,-122.3598,Fall19,10/6/2019 8:05,Sciurus carolinensis,9/24/2019,11/7/2019
SEWA_N02_PHN1,47.6723,-122.3598,Fall19,10/6/2019 8:50,Sciurus carolinensis,9/24/2019,11/7/2019
SEWA_N02_PHN1,47.6723,-122.3598,Fall19,10/6/2019 9:01,Sciurus carolinensis,9/24/2019,11/7/2019
SEWA_N02_PHN1,47.6723,-122.3598,Fall19,10/6/2019 9:02,Sciurus carolinensis,9/24/2019,11/7/2019
SEWA_N02_PHN1,47.6723,-122.3598,Fall19,10/6/2019 9:20,Canis familiaris,9/24/2019,11/7/2019
SEWA_N02_PHN1,47.6723,-122.3598,Fall19,10/6/2019 12:22,Sciurus carolinensis,9/24/2019,11/7/2019
SEWA_N02_PHN1,47.6723,-122.3598,Fall19,10/6/2019 14:25,Sciurus carolinensis,9/24/2019,11/7/2019
SEWA_N02_PHN1,47.6723,-122.3598,Fall19,10/6/2019 15:44,Homo sapiens,9/24/2019,11/7/2019
SEWA_N02_PHN1,47.6723,-122.3598,Fall19,10/6/2019 15:53,Homo sapiens,9/24/2019,11/7/2019
SEWA_N02_PHN1,47.6723,-122.3598,Fall19,10/6/2019 17:36,Canis familiaris,9/24/2019,11/7/2019
SEWA_N02_PHN1,47.6723,-122.3598,Fall19,10/6/2019 17:39,Canis familiaris,9/24/2019,11/7/2019
SEWA_N02_PHN1,47.6723,-122.3598,Fall19,10/6/2019 18:44,Homo sapiens,9/24/2019,11/7/2019
SEWA_N02_PHN1,47.6723,-122.3598,Fall19,10/6/2019 19:24,Homo sapiens,9/24/2019,11/7/2019
SEWA_N02_PHN1,47.6723,-122.3598,Fall19,10/7/2019 6:28,Homo sapiens,9/24/2019,11/7/2019
SEWA_N02_PHN1,47.6723,-122.3598,Fall19,10/7/2019 8:39,Sciurus carolinensis,9/24/2019,11/7/2019
SEWA_N02_PHN1,47.6723,-122.3598,Fall19,10/7/2019 9:12,Sciurus carolinensis,9/24/2019,11/7/2019
SEWA_N02_PHN1,47.6723,-122.3598,Fall19,10/7/2019 13:27,Homo sapiens,9/24/2019,11/7/2019
SEWA_N02_PHN1,47.6723,-122.3598,Fall19,10/7/2019 16:36,Homo sapiens,9/24/2019,11/7/2019
SEWA_N02_PHN1,47.6723,-122.3598,Fall19,10/7/2019 17:57,Canis familiaris,9/24/2019,11/7/2019
SEWA_N02_PHN1,47.6723,-122.3598,Fall19,10/7/2019 17:57,Homo sapiens,9/24/2019,11/7/2019
SEWA_N02_PHN1,47.6723,-122.3598,Fall19,10/7/2019 18:04,Sciurus carolinensis,9/24/2019,11/7/2019
SEWA_N02_PHN1,47.6723,-122.3598,Fall19,10/7/2019 21:08,Homo sapiens,9/24/2019,11/7/2019
SEWA_N02_PHN1,47.6723,-122.3598,Fall19,10/7/2019 21:12,Homo sapiens,9/24/2019,11/7/2019
SEWA_N02_PHN1,47.6723,-122.3598,Fall19,10/8/2019 6:39,Homo sapiens,9/24/2019,11/7/2019
SEWA_N02_PHN1,47.6723,-122.3598,Fall19,10/8/2019 6:43,Sylvilagus floridanus,9/24/2019,11/7/2019
SEWA_N02_PHN1,47.6723,-122.3598,Fall19,10/8/2019 9:07,Sciurus carolinensis,9/24/2019,11/7/2019
SEWA_N02_PHN1,47.6723,-122.3598,Fall19,10/8/2019 11:11,Sciurus carolinensis,9/24/2019,11/7/2019
SEWA_N02_PHN1,47.6723,-122.3598,Fall19,10/8/2019 13:05,Sciurus carolinensis,9/24/2019,11/7/2019
SEWA_N02_PHN1,47.6723,-122.3598,Fall19,10/8/2019 13:13,Sciurus carolinensis,9/24/2019,11/7/2019
SEWA_N02_PHN1,47.6723,-122.3598,Fall19,10/8/2019 13:34,Sciurus carolinensis,9/24/2019,11/7/2019
SEWA_N02_PHN1,47.6723,-122.3598,Fall19,10/8/2019 13:34,Corvus brachyrhynchos,9/24/2019,11/7/2019
SEWA_N02_PHN1,47.6723,-122.3598,Fall19,10/8/2019 13:40,Corvus brachyrhynchos,9/24/2019,11/7/2019
SEWA_N02_PHN1,47.6723,-122.3598,Fall19,10/8/2019 13:43,Corvus brachyrhynchos,9/24/2019,11/7/2019
SEWA_N02_PHN1,47.6723,-122.3598,Fall19,10/8/2019 14:20,Sciurus carolinensis,9/24/2019,11/7/2019
SEWA_N02_PHN1,47.6723,-122.3598,Fall19,10/8/2019 14:23,Sciurus carolinensis,9/24/2019,11/7/2019
SEWA_N02_PHN1,47.6723,-122.3598,Fall19,10/8/2019 15:34,Sciurus carolinensis,9/24/2019,11/7/2019
SEWA_N02_PHN1,47.6723,-122.3598,Fall19,10/8/2019 15:43,Sciurus carolinensis,9/24/2019,11/7/2019
SEWA_N02_PHN1,47.6723,-122.3598,Fall19,10/8/2019 17:21,Sciurus carolinensis,9/24/2019,11/7/2019
SEWA_N02_PHN1,47.6723,-122.3598,Fall19,10/9/2019 6:40,Homo sapiens,9/24/2019,11/7/2019
SEWA_N02_PHN1,47.6723,-122.3598,Fall19,10/9/2019 9:15,Sciurus carolinensis,9/24/2019,11/7/2019
SEWA_N02_PHN1,47.6723,-122.3598,Fall19,10/9/2019 9:45,Sciurus carolinensis,9/24/2019,11/7/2019
SEWA_N02_PHN1,47.6723,-122.3598,Fall19,10/9/2019 12:46,Homo sapiens,9/24/2019,11/7/2019
SEWA_N02_PHN1,47.6723,-122.3598,Fall19,10/9/2019 14:58,Sciurus carolinensis,9/24/2019,11/7/2019
SEWA_N02_PHN1,47.6723,-122.3598,Fall19,10/9/2019 17:30,Sciurus carolinensis,9/24/2019,11/7/2019
SEWA_N02_PHN1,47.6723,-122.3598,Fall19,10/9/2019 17:47,Sciurus carolinensis,9/24/2019,11/7/2019
SEWA_N02_PHN1,47.6723,-122.3598,Fall19,10/9/2019 17:51,Sciurus carolinensis,9/24/2019,11/7/2019
SEWA_N02_PHN1,47.6723,-122.3598,Fall19,10/10/2019 7:41,Homo sapiens,9/24/2019,11/7/2019
SEWA_N02_PHN1,47.6723,-122.3598,Fall19,10/10/2019 8:59,Homo sapiens,9/24/2019,11/7/2019
SEWA_N02_PHN1,47.6723,-122.3598,Fall19,10/10/2019 8:59,Canis familiaris,9/24/2019,11/7/2019
SEWA_N02_PHN1,47.6723,-122.3598,Fall19,10/10/2019 9:12,Sciurus carolinensis,9/24/2019,11/7/2019
SEWA_N02_PHN1,47.6723,-122.3598,Fall19,10/10/2019 9:20,Sciurus carolinensis,9/24/2019,11/7/2019
SEWA_N02_PHN1,47.6723,-122.3598,Fall19,10/10/2019 11:19,Sciurus carolinensis,9/24/2019,11/7/2019
SEWA_N02_PHN1,47.6723,-122.3598,Fall19,10/10/2019 13:47,Homo sapiens,9/24/2019,11/7/2019
SEWA_N02_PHN1,47.6723,-122.3598,Fall19,10/10/2019 13:53,Homo sapiens,9/24/2019,11/7/2019
SEWA_N02_PHN1,47.6723,-122.3598,Fall19,10/10/2019 15:08,Sciurus carolinensis,9/24/2019,11/7/2019
SEWA_N02_PHN1,47.6723,-122.3598,Fall19,10/10/2019 16:43,Canis familiaris,9/24/2019,11/7/2019
SEWA_N02_PHN1,47.6723,-122.3598,Fall19,10/10/2019 16:43,Homo sapiens,9/24/2019,11/7/2019
SEWA_N02_PHN1,47.6723,-122.3598,Fall19,10/10/2019 18:14,Homo sapiens,9/24/2019,11/7/2019
SEWA_N02_PHN1,47.6723,-122.3598,Fall19,10/10/2019 18:16,Homo sapiens,9/24/2019,11/7/2019
SEWA_N02_PHN1,47.6723,-122.3598,Fall19,10/10/2019 18:18,Homo sapiens,9/24/2019,11/7/2019
SEWA_N02_PHN1,47.6723,-122.3598,Fall19,10/10/2019 18:40,Homo sapiens,9/24/2019,11/7/2019
SEWA_N02_PHN1,47.6723,-122.3598,Fall19,10/10/2019 18:47,Homo sapiens,9/24/2019,11/7/2019
SEWA_N02_PHN1,47.6723,-122.3598,Fall19,10/11/2019 6:24,Homo sapiens,9/24/2019,11/7/2019
SEWA_N02_PHN1,47.6723,-122.3598,Fall19,10/11/2019 9:37,Sciurus carolinensis,9/24/2019,11/7/2019
SEWA_N02_PHN1,47.6723,-122.3598,Fall19,10/11/2019 12:47,Sciurus carolinensis,9/24/2019,11/7/2019
SEWA_N02_PHN1,47.6723,-122.3598,Fall19,10/11/2019 13:13,Sciurus carolinensis,9/24/2019,11/7/2019
SEWA_N02_PHN1,47.6723,-122.3598,Fall19,10/11/2019 14:07,Sciurus carolinensis,9/24/2019,11/7/2019
SEWA_N02_PHN1,47.6723,-122.3598,Fall19,10/11/2019 16:18,Canis familiaris,9/24/2019,11/7/2019
SEWA_N02_PHN1,47.6723,-122.3598,Fall19,10/11/2019 16:48,Sciurus carolinensis,9/24/2019,11/7/2019
SEWA_N02_PHN1,47.6723,-122.3598,Fall19,10/11/2019 16:57,Corvus brachyrhynchos,9/24/2019,11/7/2019
SEWA_N02_PHN1,47.6723,-122.3598,Fall19,10/11/2019 17:50,Homo sapiens,9/24/2019,11/7/2019
SEWA_N02_PHN1,47.6723,-122.3598,Fall19,10/11/2019 17:50,Canis familiaris,9/24/2019,11/7/2019
SEWA_N02_PHN1,47.6723,-122.3598,Fall19,10/12/2019 6:46,Homo sapiens,9/24/2019,11/7/2019
SEWA_N02_PHN1,47.6723,-122.3598,Fall19,10/12/2019 9:53,Homo sapiens,9/24/2019,11/7/2019
SEWA_N02_PHN1,47.6723,-122.3598,Fall19,10/12/2019 10:33,Sciurus carolinensis,9/24/2019,11/7/2019
SEWA_N02_PHN1,47.6723,-122.3598,Fall19,10/12/2019 10:46,Sciurus carolinensis,9/24/2019,11/7/2019
SEWA_N02_PHN1,47.6723,-122.3598,Fall19,10/12/2019 14:33,Homo sapiens,9/24/2019,11/7/2019
SEWA_N02_PHN1,47.6723,-122.3598,Fall19,10/12/2019 14:37,Homo sapiens,9/24/2019,11/7/2019
SEWA_N02_PHN1,47.6723,-122.3598,Fall19,10/12/2019 15:28,Homo sapiens,9/24/2019,11/7/2019
SEWA_N02_PHN1,47.6723,-122.3598,Fall19,10/12/2019 15:28,Canis familiaris,9/24/2019,11/7/2019
SEWA_N02_PHN1,47.6723,-122.3598,Fall19,10/12/2019 15:32,Canis familiaris,9/24/2019,11/7/2019
SEWA_N02_PHN1,47.6723,-122.3598,Fall19,10/12/2019 15:34,Canis familiaris,9/24/2019,11/7/2019
SEWA_N02_PHN1,47.6723,-122.3598,Fall19,10/12/2019 17:43,Homo sapiens,9/24/2019,11/7/2019
SEWA_N02_PHN1,47.6723,-122.3598,Fall19,10/12/2019 17:59,Homo sapiens,9/24/2019,11/7/2019
SEWA_N02_PHN1,47.6723,-122.3598,Fall19,10/12/2019 21:16,Homo sapiens,9/24/2019,11/7/2019
SEWA_N02_PHN1,47.6723,-122.3598,Fall19,10/12/2019 21:38,Homo sapiens,9/24/2019,11/7/2019
SEWA_N02_PHN1,47.6723,-122.3598,Fall19,10/13/2019 9:57,Canis familiaris,9/24/2019,11/7/2019
SEWA_N02_PHN1,47.6723,-122.3598,Fall19,10/13/2019 11:28,Homo sapiens,9/24/2019,11/7/2019
SEWA_N02_PHN1,47.6723,-122.3598,Fall19,10/13/2019 12:08,Sciurus carolinensis,9/24/2019,11/7/2019
SEWA_N02_PHN1,47.6723,-122.3598,Fall19,10/13/2019 14:03,Homo sapiens,9/24/2019,11/7/2019
SEWA_N02_PHN1,47.6723,-122.3598,Fall19,10/13/2019 14:58,Homo sapiens,9/24/2019,11/7/2019
SEWA_N02_PHN1,47.6723,-122.3598,Fall19,10/13/2019 15:48,Homo sapiens,9/24/2019,11/7/2019
SEWA_N02_PHN1,47.6723,-122.3598,Fall19,10/13/2019 17:23,Homo sapiens,9/24/2019,11/7/2019
SEWA_N02_PHN1,47.6723,-122.3598,Fall19,10/14/2019 6:32,Homo sapiens,9/24/2019,11/7/2019
SEWA_N02_PHN1,47.6723,-122.3598,Fall19,10/14/2019 8:11,Homo sapiens,9/24/2019,11/7/2019
SEWA_N02_PHN1,47.6723,-122.3598,Fall19,10/14/2019 8:11,Canis familiaris,9/24/2019,11/7/2019
SEWA_N02_PHN1,47.6723,-122.3598,Fall19,10/14/2019 9:42,Sciurus carolinensis,9/24/2019,11/7/2019
SEWA_N02_PHN1,47.6723,-122.3598,Fall19,10/14/2019 10:30,Sciurus carolinensis,9/24/2019,11/7/2019
SEWA_N02_PHN1,47.6723,-122.3598,Fall19,10/14/2019 11:14,Sciurus carolinensis,9/24/2019,11/7/2019
SEWA_N02_PHN1,47.6723,-122.3598,Fall19,10/14/2019 11:43,Corvus brachyrhynchos,9/24/2019,11/7/2019
SEWA_N02_PHN1,47.6723,-122.3598,Fall19,10/14/2019 12:26,Sciurus carolinensis,9/24/2019,11/7/2019
SEWA_N02_PHN1,47.6723,-122.3598,Fall19,10/14/2019 12:27,Sciurus carolinensis,9/24/2019,11/7/2019
SEWA_N02_PHN1,47.6723,-122.3598,Fall19,10/14/2019 12:54,Sciurus carolinensis,9/24/2019,11/7/2019
SEWA_N02_PHN1,47.6723,-122.3598,Fall19,10/14/2019 13:00,Sciurus carolinensis,9/24/2019,11/7/2019
SEWA_N02_PHN1,47.6723,-122.3598,Fall19,10/14/2019 13:34,Sciurus carolinensis,9/24/2019,11/7/2019
SEWA_N02_PHN1,47.6723,-122.3598,Fall19,10/14/2019 13:41,Sciurus carolinensis,9/24/2019,11/7/2019
SEWA_N02_PHN1,47.6723,-122.3598,Fall19,10/14/2019 17:05,Homo sapiens,9/24/2019,11/7/2019
SEWA_N02_PHN1,47.6723,-122.3598,Fall19,10/15/2019 4:20,Procyon lotor,9/24/2019,11/7/2019
SEWA_N02_PHN1,47.6723,-122.3598,Fall19,10/15/2019 6:31,Homo sapiens,9/24/2019,11/7/2019
SEWA_N02_PHN1,47.6723,-122.3598,Fall19,10/15/2019 7:07,Canis familiaris,9/24/2019,11/7/2019
SEWA_N02_PHN1,47.6723,-122.3598,Fall19,10/15/2019 7:07,Homo sapiens,9/24/2019,11/7/2019
SEWA_N02_PHN1,47.6723,-122.3598,Fall19,10/15/2019 10:13,Homo sapiens,9/24/2019,11/7/2019
SEWA_N02_PHN1,47.6723,-122.3598,Fall19,10/15/2019 10:16,Homo sapiens,9/24/2019,11/7/2019
SEWA_N02_PHN1,47.6723,-122.3598,Fall19,10/15/2019 12:43,Homo sapiens,9/24/2019,11/7/2019
SEWA_N02_PHN1,47.6723,-122.3598,Fall19,10/15/2019 13:14,Sciurus carolinensis,9/24/2019,11/7/2019
SEWA_N02_PHN1,47.6723,-122.3598,Fall19,10/15/2019 14:25,Homo sapiens,9/24/2019,11/7/2019
SEWA_N02_PHN1,47.6723,-122.3598,Fall19,10/15/2019 15:15,Sciurus carolinensis,9/24/2019,11/7/2019
SEWA_N02_PHN1,47.6723,-122.3598,Fall19,10/15/2019 15:52,Sciurus carolinensis,9/24/2019,11/7/2019
SEWA_N02_PHN1,47.6723,-122.3598,Fall19,10/16/2019 6:23,Homo sapiens,9/24/2019,11/7/2019
SEWA_N02_PHN1,47.6723,-122.3598,Fall19,10/16/2019 7:44,Canis familiaris,9/24/2019,11/7/2019
SEWA_N02_PHN1,47.6723,-122.3598,Fall19,10/16/2019 8:47,Sciurus carolinensis,9/24/2019,11/7/2019
SEWA_N02_PHN1,47.6723,-122.3598,Fall19,10/16/2019 9:25,Sciurus carolinensis,9/24/2019,11/7/2019
SEWA_N02_PHN1,47.6723,-122.3598,Fall19,10/16/2019 9:58,Sciurus carolinensis,9/24/2019,11/7/2019
SEWA_N02_PHN1,47.6723,-122.3598,Fall19,10/16/2019 12:45,Sciurus carolinensis,9/24/2019,11/7/2019
SEWA_N02_PHN1,47.6723,-122.3598,Fall19,10/17/2019 6:28,Homo sapiens,9/24/2019,11/7/2019
SEWA_N02_PHN1,47.6723,-122.3598,Fall19,10/17/2019 8:20,Homo sapiens,9/24/2019,11/7/2019
SEWA_N02_PHN1,47.6723,-122.3598,Fall19,10/17/2019 10:02,Sciurus carolinensis,9/24/2019,11/7/2019
SEWA_N02_PHN1,47.6723,-122.3598,Fall19,10/17/2019 11:01,Sciurus carolinensis,9/24/2019,11/7/2019
SEWA_N02_PHN1,47.6723,-122.3598,Fall19,10/17/2019 12:43,Sciurus carolinensis,9/24/2019,11/7/2019
SEWA_N02_PHN1,47.6723,-122.3598,Fall19,10/17/2019 14:57,Sciurus carolinensis,9/24/2019,11/7/2019
SEWA_N02_PHN1,47.6723,-122.3598,Fall19,10/17/2019 15:38,Homo sapiens,9/24/2019,11/7/2019
SEWA_N02_PHN1,47.6723,-122.3598,Fall19,10/17/2019 15:46,Homo sapiens,9/24/2019,11/7/2019
SEWA_N02_PHN1,47.6723,-122.3598,Fall19,10/17/2019 17:02,Homo sapiens,9/24/2019,11/7/2019
SEWA_N02_PHN1,47.6723,-122.3598,Fall19,10/17/2019 23:44,Homo sapiens,9/24/2019,11/7/2019
SEWA_N02_PHN1,47.6723,-122.3598,Fall19,10/18/2019 6:19,Homo sapiens,9/24/2019,11/7/2019
SEWA_N02_PHN1,47.6723,-122.3598,Fall19,10/18/2019 8:16,Homo sapiens,9/24/2019,11/7/2019
SEWA_N02_PHN1,47.6723,-122.3598,Fall19,10/18/2019 10:23,Homo sapiens,9/24/2019,11/7/2019
SEWA_N02_PHN1,47.6723,-122.3598,Fall19,10/18/2019 20:27,Homo sapiens,9/24/2019,11/7/2019
SEWA_N02_PHN1,47.6723,-122.3598,Fall19,10/19/2019 6:47,Homo sapiens,9/24/2019,11/7/2019
SEWA_N02_PHN1,47.6723,-122.3598,Fall19,10/19/2019 9:02,Homo sapiens,9/24/2019,11/7/2019
SEWA_N02_PHN1,47.6723,-122.3598,Fall19,10/19/2019 9:21,Homo sapiens,9/24/2019,11/7/2019
SEWA_N02_PHN1,47.6723,-122.3598,Fall19,10/19/2019 9:26,Homo sapiens,9/24/2019,11/7/2019
SEWA_N02_PHN1,47.6723,-122.3598,Fall19,10/19/2019 9:31,Homo sapiens,9/24/2019,11/7/2019
SEWA_N02_PHN1,47.6723,-122.3598,Fall19,10/19/2019 9:36,Homo sapiens,9/24/2019,11/7/2019
SEWA_N02_PHN1,47.6723,-122.3598,Fall19,10/19/2019 14:18,Homo sapiens,9/24/2019,11/7/2019
SEWA_N02_PHN1,47.6723,-122.3598,Fall19,10/19/2019 14:33,Homo sapiens,9/24/2019,11/7/2019
SEWA_N02_PHN1,47.6723,-122.3598,Fall19,10/19/2019 14:35,Homo sapiens,9/24/2019,11/7/2019
SEWA_N02_PHN1,47.6723,-122.3598,Fall19,10/19/2019 16:04,Canis familiaris,9/24/2019,11/7/2019
SEWA_N02_PHN1,47.6723,-122.3598,Fall19,10/19/2019 16:08,Canis familiaris,9/24/2019,11/7/2019
SEWA_N02_PHN1,47.6723,-122.3598,Fall19,10/19/2019 16:11,Canis familiaris,9/24/2019,11/7/2019
SEWA_N02_PHN1,47.6723,-122.3598,Fall19,10/19/2019 16:17,Canis familiaris,9/24/2019,11/7/2019
SEWA_N02_PHN1,47.6723,-122.3598,Fall19,10/19/2019 17:23,Homo sapiens,9/24/2019,11/7/2019
SEWA_N02_PHN1,47.6723,-122.3598,Fall19,10/19/2019 17:23,Canis familiaris,9/24/2019,11/7/2019
SEWA_N02_PHN1,47.6723,-122.3598,Fall19,10/19/2019 17:27,Homo sapiens,9/24/2019,11/7/2019
SEWA_N02_PHN1,47.6723,-122.3598,Fall19,10/19/2019 17:33,Homo sapiens,9/24/2019,11/7/2019
SEWA_N02_PHN1,47.6723,-122.3598,Fall19,10/19/2019 17:33,Canis familiaris,9/24/2019,11/7/2019
SEWA_N02_PHN1,47.6723,-122.3598,Fall19,10/20/2019 7:08,Homo sapiens,9/24/2019,11/7/2019
SEWA_N02_PHN1,47.6723,-122.3598,Fall19,10/20/2019 11:09,Canis familiaris,9/24/2019,11/7/2019
SEWA_N02_PHN1,47.6723,-122.3598,Fall19,10/20/2019 11:09,Homo sapiens,9/24/2019,11/7/2019
SEWA_N02_PHN1,47.6723,-122.3598,Fall19,10/20/2019 12:03,Homo sapiens,9/24/2019,11/7/2019
SEWA_N02_PHN1,47.6723,-122.3598,Fall19,10/20/2019 12:09,Sciurus carolinensis,9/24/2019,11/7/2019
SEWA_N02_PHN1,47.6723,-122.3598,Fall19,10/20/2019 12:21,Canis familiaris,9/24/2019,11/7/2019
SEWA_N02_PHN1,47.6723,-122.3598,Fall19,10/20/2019 12:37,Sciurus carolinensis,9/24/2019,11/7/2019
SEWA_N02_PHN1,47.6723,-122.3598,Fall19,10/20/2019 13:56,Sciurus carolinensis,9/24/2019,11/7/2019
SEWA_N02_PHN1,47.6723,-122.3598,Fall19,10/20/2019 13:57,Sciurus carolinensis,9/24/2019,11/7/2019
SEWA_N02_PHN1,47.6723,-122.3598,Fall19,10/20/2019 20:10,Canis familiaris,9/24/2019,11/7/2019
SEWA_N02_PHN1,47.6723,-122.3598,Fall19,10/20/2019 20:10,Homo sapiens,9/24/2019,11/7/2019
SEWA_N02_PHN1,47.6723,-122.3598,Fall19,10/21/2019 6:42,Homo sapiens,9/24/2019,11/7/2019
SEWA_N02_PHN1,47.6723,-122.3598,Fall19,10/21/2019 15:39,Sciurus carolinensis,9/24/2019,11/7/2019
SEWA_N02_PHN1,47.6723,-122.3598,Fall19,10/22/2019 6:37,Homo sapiens,9/24/2019,11/7/2019
SEWA_N02_PHN1,47.6723,-122.3598,Fall19,10/22/2019 10:45,Sciurus carolinensis,9/24/2019,11/7/2019
SEWA_N02_PHN1,47.6723,-122.3598,Fall19,10/22/2019 11:04,Sciurus carolinensis,9/24/2019,11/7/2019
SEWA_N02_PHN1,47.6723,-122.3598,Fall19,10/22/2019 13:13,Sciurus carolinensis,9/24/2019,11/7/2019
SEWA_N02_PHN1,47.6723,-122.3598,Fall19,10/22/2019 13:38,Sciurus carolinensis,9/24/2019,11/7/2019
SEWA_N02_PHN1,47.6723,-122.3598,Fall19,10/22/2019 15:33,Sciurus carolinensis,9/24/2019,11/7/2019
SEWA_N02_PHN1,47.6723,-122.3598,Fall19,10/22/2019 16:38,Sciurus carolinensis,9/24/2019,11/7/2019
SEWA_N02_PHN1,47.6723,-122.3598,Fall19,10/22/2019 17:27,Homo sapiens,9/24/2019,11/7/2019
SEWA_N02_PHN1,47.6723,-122.3598,Fall19,10/22/2019 17:27,Canis familiaris,9/24/2019,11/7/2019
SEWA_N02_PHN1,47.6723,-122.3598,Fall19,10/23/2019 5:55,Homo sapiens,9/24/2019,11/7/2019
SEWA_N02_PHN1,47.6723,-122.3598,Fall19,10/23/2019 6:44,Homo sapiens,9/24/2019,11/7/2019
SEWA_N02_PHN1,47.6723,-122.3598,Fall19,10/23/2019 8:08,Homo sapiens,9/24/2019,11/7/2019
SEWA_N02_PHN1,47.6723,-122.3598,Fall19,10/23/2019 9:00,Sciurus carolinensis,9/24/2019,11/7/2019
SEWA_N02_PHN1,47.6723,-122.3598,Fall19,10/23/2019 10:12,Homo sapiens,9/24/2019,11/7/2019
SEWA_N02_PHN1,47.6723,-122.3598,Fall19,10/23/2019 17:31,Homo sapiens,9/24/2019,11/7/2019
SEWA_N02_PHN1,47.6723,-122.3598,Fall19,10/23/2019 18:28,Homo sapiens,9/24/2019,11/7/2019
SEWA_N02_PHN1,47.6723,-122.3598,Fall19,10/23/2019 18:32,Homo sapiens,9/24/2019,11/7/2019
SEWA_N02_PHN1,47.6723,-122.3598,Fall19,10/24/2019 3:30,Homo sapiens,9/24/2019,11/7/2019
SEWA_N02_PHN1,47.6723,-122.3598,Fall19,10/24/2019 3:40,Homo sapiens,9/24/2019,11/7/2019
SEWA_N02_PHN1,47.6723,-122.3598,Fall19,10/24/2019 6:21,Homo sapiens,9/24/2019,11/7/2019
SEWA_N02_PHN1,47.6723,-122.3598,Fall19,10/24/2019 8:47,Sciurus carolinensis,9/24/2019,11/7/2019
SEWA_N02_PHN1,47.6723,-122.3598,Fall19,10/24/2019 8:51,Homo sapiens,9/24/2019,11/7/2019
SEWA_N02_PHN1,47.6723,-122.3598,Fall19,10/24/2019 9:09,Sciurus carolinensis,9/24/2019,11/7/2019
SEWA_N02_PHN1,47.6723,-122.3598,Fall19,10/24/2019 9:18,Sciurus carolinensis,9/24/2019,11/7/2019
SEWA_N02_PHN1,47.6723,-122.3598,Fall19,10/24/2019 9:25,Sciurus carolinensis,9/24/2019,11/7/2019
SEWA_N02_PHN1,47.6723,-122.3598,Fall19,10/24/2019 10:32,Sciurus carolinensis,9/24/2019,11/7/2019
SEWA_N02_PHN1,47.6723,-122.3598,Fall19,10/24/2019 11:52,Sciurus carolinensis,9/24/2019,11/7/2019
SEWA_N02_PHN1,47.6723,-122.3598,Fall19,10/24/2019 12:06,Sciurus carolinensis,9/24/2019,11/7/2019
SEWA_N02_PHN1,47.6723,-122.3598,Fall19,10/24/2019 18:25,Canis familiaris,9/24/2019,11/7/2019
SEWA_N02_PHN1,47.6723,-122.3598,Fall19,10/24/2019 18:25,Homo sapiens,9/24/2019,11/7/2019
SEWA_N02_PHN1,47.6723,-122.3598,Fall19,10/25/2019 11:08,Sciurus carolinensis,9/24/2019,11/7/2019
SEWA_N02_PHN1,47.6723,-122.3598,Fall19,10/25/2019 14:47,Homo sapiens,9/24/2019,11/7/2019
SEWA_N02_PHN1,47.6723,-122.3598,Fall19,10/25/2019 16:26,Sciurus carolinensis,9/24/2019,11/7/2019
SEWA_N02_PHN1,47.6723,-122.3598,Fall19,10/25/2019 17:59,Homo sapiens,9/24/2019,11/7/2019
SEWA_N02_PHN1,47.6723,-122.3598,Fall19,10/25/2019 17:59,Canis familiaris,9/24/2019,11/7/2019
SEWA_N02_PHN1,47.6723,-122.3598,Fall19,10/26/2019 12:44,Homo sapiens,9/24/2019,11/7/2019
SEWA_N02_PHN1,47.6723,-122.3598,Fall19,10/26/2019 13:47,Canis familiaris,9/24/2019,11/7/2019
SEWA_N02_PHN1,47.6723,-122.3598,Fall19,10/26/2019 13:51,Canis familiaris,9/24/2019,11/7/2019
SEWA_N02_PHN1,47.6723,-122.3598,Fall19,10/26/2019 13:53,Canis familiaris,9/24/2019,11/7/2019
SEWA_N02_PHN1,47.6723,-122.3598,Fall19,10/26/2019 13:54,Canis familiaris,9/24/2019,11/7/2019
SEWA_N02_PHN1,47.6723,-122.3598,Fall19,10/26/2019 13:56,Canis familiaris,9/24/2019,11/7/2019
SEWA_N02_PHN1,47.6723,-122.3598,Fall19,10/26/2019 14:01,Canis familiaris,9/24/2019,11/7/2019
SEWA_N02_PHN1,47.6723,-122.3598,Fall19,10/26/2019 15:26,Homo sapiens,9/24/2019,11/7/2019
SEWA_N02_PHN1,47.6723,-122.3598,Fall19,10/27/2019 7:21,Homo sapiens,9/24/2019,11/7/2019
SEWA_N02_PHN1,47.6723,-122.3598,Fall19,10/27/2019 13:48,Homo sapiens,9/24/2019,11/7/2019
SEWA_N02_PHN1,47.6723,-122.3598,Fall19,10/27/2019 14:57,Homo sapiens,9/24/2019,11/7/2019
SEWA_N02_PHN1,47.6723,-122.3598,Fall19,10/27/2019 15:45,Homo sapiens,9/24/2019,11/7/2019
SEWA_N02_PHN1,47.6723,-122.3598,Fall19,10/27/2019 16:27,Canis familiaris,9/24/2019,11/7/2019
SEWA_N02_PHN1,47.6723,-122.3598,Fall19,10/27/2019 16:27,Homo sapiens,9/24/2019,11/7/2019
SEWA_N02_PHN1,47.6723,-122.3598,Fall19,10/27/2019 18:46,Canis familiaris,9/24/2019,11/7/2019
SEWA_N02_PHN1,47.6723,-122.3598,Fall19,10/27/2019 18:46,Homo sapiens,9/24/2019,11/7/2019
SEWA_N02_PHN1,47.6723,-122.3598,Fall19,10/28/2019 6:20,Homo sapiens,9/24/2019,11/7/2019
SEWA_N02_PHN1,47.6723,-122.3598,Fall19,10/28/2019 9:01,Homo sapiens,9/24/2019,11/7/2019
SEWA_N02_PHN1,47.6723,-122.3598,Fall19,10/28/2019 9:51,Sciurus carolinensis,9/24/2019,11/7/2019
SEWA_N02_PHN1,47.6723,-122.3598,Fall19,10/28/2019 10:24,Sciurus carolinensis,9/24/2019,11/7/2019
SEWA_N02_PHN1,47.6723,-122.3598,Fall19,10/28/2019 10:45,Homo sapiens,9/24/2019,11/7/2019
SEWA_N02_PHN1,47.6723,-122.3598,Fall19,10/28/2019 14:41,Canis familiaris,9/24/2019,11/7/2019
SEWA_N02_PHN1,47.6723,-122.3598,Fall19,10/28/2019 14:44,Canis familiaris,9/24/2019,11/7/2019
SEWA_N02_PHN1,47.6723,-122.3598,Fall19,10/28/2019 15:02,Homo sapiens,9/24/2019,11/7/2019
SEWA_N02_PHN1,47.6723,-122.3598,Fall19,10/28/2019 15:39,Sciurus carolinensis,9/24/2019,11/7/2019
SEWA_N02_PHN1,47.6723,-122.3598,Fall19,10/28/2019 16:29,Homo sapiens,9/24/2019,11/7/2019
SEWA_N02_PHN1,47.6723,-122.3598,Fall19,10/28/2019 16:32,Homo sapiens,9/24/2019,11/7/2019
SEWA_N02_PHN1,47.6723,-122.3598,Fall19,10/28/2019 18:09,Homo sapiens,9/24/2019,11/7/2019
SEWA_N02_PHN1,47.6723,-122.3598,Fall19,10/28/2019 18:11,Homo sapiens,9/24/2019,11/7/2019
SEWA_N02_PHN1,47.6723,-122.3598,Fall19,10/28/2019 20:52,Homo sapiens,9/24/2019,11/7/2019
SEWA_N02_PHN1,47.6723,-122.3598,Fall19,10/29/2019 6:25,Homo sapiens,9/24/2019,11/7/2019
SEWA_N02_PHN1,47.6723,-122.3598,Fall19,10/29/2019 9:28,Corvus brachyrhynchos,9/24/2019,11/7/2019
SEWA_N02_PHN1,47.6723,-122.3598,Fall19,10/29/2019 9:29,Corvus brachyrhynchos,9/24/2019,11/7/2019
SEWA_N02_PHN1,47.6723,-122.3598,Fall19,10/29/2019 11:22,Sciurus carolinensis,9/24/2019,11/7/2019
SEWA_N02_PHN1,47.6723,-122.3598,Fall19,10/29/2019 12:04,Sciurus carolinensis,9/24/2019,11/7/2019
SEWA_N02_PHN1,47.6723,-122.3598,Fall19,10/29/2019 12:05,Sciurus carolinensis,9/24/2019,11/7/2019
SEWA_N02_PHN1,47.6723,-122.3598,Fall19,10/29/2019 16:23,Canis familiaris,9/24/2019,11/7/2019
SEWA_N02_PHN1,47.6723,-122.3598,Fall19,10/29/2019 16:23,Homo sapiens,9/24/2019,11/7/2019
SEWA_N02_PHN1,47.6723,-122.3598,Fall19,10/29/2019 16:42,Homo sapiens,9/24/2019,11/7/2019
SEWA_N02_PHN1,47.6723,-122.3598,Fall19,10/29/2019 17:37,Homo sapiens,9/24/2019,11/7/2019
SEWA_N02_PHN1,47.6723,-122.3598,Fall19,10/29/2019 18:11,Homo sapiens,9/24/2019,11/7/2019
SEWA_N02_PHN1,47.6723,-122.3598,Fall19,10/29/2019 18:11,Canis familiaris,9/24/2019,11/7/2019
SEWA_N02_PHN1,47.6723,-122.3598,Fall19,10/30/2019 6:34,Homo sapiens,9/24/2019,11/7/2019
SEWA_N02_PHN1,47.6723,-122.3598,Fall19,10/30/2019 10:22,Homo sapiens,9/24/2019,11/7/2019
SEWA_N02_PHN1,47.6723,-122.3598,Fall19,10/30/2019 11:20,Sciurus carolinensis,9/24/2019,11/7/2019
SEWA_N02_PHN1,47.6723,-122.3598,Fall19,10/30/2019 11:22,Sciurus carolinensis,9/24/2019,11/7/2019
SEWA_N02_PHN1,47.6723,-122.3598,Fall19,10/30/2019 16:30,Corvus brachyrhynchos,9/24/2019,11/7/2019
SEWA_N02_PHN1,47.6723,-122.3598,Fall19,10/30/2019 17:34,Homo sapiens,9/24/2019,11/7/2019
SEWA_N02_PHN1,47.6723,-122.3598,Fall19,10/31/2019 6:26,Homo sapiens,9/24/2019,11/7/2019
SEWA_N02_PHN1,47.6723,-122.3598,Fall19,10/31/2019 8:53,Sciurus carolinensis,9/24/2019,11/7/2019
SEWA_N02_PHN1,47.6723,-122.3598,Fall19,10/31/2019 10:16,Corvus brachyrhynchos,9/24/2019,11/7/2019
SEWA_N02_PHN1,47.6723,-122.3598,Fall19,10/31/2019 10:35,Homo sapiens,9/24/2019,11/7/2019
SEWA_N02_PHN1,47.6723,-122.3598,Fall19,10/31/2019 10:44,Homo sapiens,9/24/2019,11/7/2019
SEWA_N02_PHN1,47.6723,-122.3598,Fall19,10/31/2019 12:17,Sciurus carolinensis,9/24/2019,11/7/2019
SEWA_N02_PHN1,47.6723,-122.3598,Fall19,10/31/2019 12:29,Sciurus carolinensis,9/24/2019,11/7/2019
SEWA_N02_PHN1,47.6723,-122.3598,Fall19,10/31/2019 12:35,Sciurus carolinensis,9/24/2019,11/7/2019
SEWA_N02_PHN1,47.6723,-122.3598,Fall19,10/31/2019 15:39,Sciurus carolinensis,9/24/2019,11/7/2019
SEWA_N02_PHN1,47.6723,-122.3598,Fall19,10/31/2019 17:00,Sciurus carolinensis,9/24/2019,11/7/2019
SEWA_N02_PHN1,47.6723,-122.3598,Fall19,10/31/2019 17:43,Homo sapiens,9/24/2019,11/7/2019
SEWA_N02_PHN1,47.6723,-122.3598,Fall19,10/31/2019 17:51,Homo sapiens,9/24/2019,11/7/2019
SEWA_N02_PHN1,47.6723,-122.3598,Fall19,10/31/2019 19:46,Homo sapiens,9/24/2019,11/7/2019
SEWA_N02_PHN1,47.6723,-122.3598,Fall19,11/1/2019 6:31,Homo sapiens,9/24/2019,11/7/2019
SEWA_N02_PHN1,47.6723,-122.3598,Fall19,11/1/2019 9:51,Homo sapiens,9/24/2019,11/7/2019
SEWA_N02_PHN1,47.6723,-122.3598,Fall19,11/1/2019 11:06,Homo sapiens,9/24/2019,11/7/2019
SEWA_N02_PHN1,47.6723,-122.3598,Fall19,11/1/2019 17:08,Canis familiaris,9/24/2019,11/7/2019
SEWA_N02_PHN1,47.6723,-122.3598,Fall19,11/1/2019 17:08,Homo sapiens,9/24/2019,11/7/2019
SEWA_N02_PHN1,47.6723,-122.3598,Fall19,11/1/2019 17:33,Homo sapiens,9/24/2019,11/7/2019
SEWA_N02_PHN1,47.6723,-122.3598,Fall19,11/2/2019 6:32,Homo sapiens,9/24/2019,11/7/2019
SEWA_N02_PHN1,47.6723,-122.3598,Fall19,11/2/2019 9:09,Sciurus carolinensis,9/24/2019,11/7/2019
SEWA_N02_PHN1,47.6723,-122.3598,Fall19,11/2/2019 11:25,Homo sapiens,9/24/2019,11/7/2019
SEWA_N02_PHN1,47.6723,-122.3598,Fall19,11/2/2019 11:25,Canis familiaris,9/24/2019,11/7/2019
SEWA_N02_PHN1,47.6723,-122.3598,Fall19,11/2/2019 12:31,Homo sapiens,9/24/2019,11/7/2019
SEWA_N02_PHN1,47.6723,-122.3598,Fall19,11/2/2019 12:31,Homo sapiens,9/24/2019,11/7/2019
SEWA_N02_PHN1,47.6723,-122.3598,Fall19,11/2/2019 15:50,Corvus brachyrhynchos,9/24/2019,11/7/2019
SEWA_N02_PHN1,47.6723,-122.3598,Fall19,11/2/2019 15:52,Corvus brachyrhynchos,9/24/2019,11/7/2019
SEWA_N02_PHN1,47.6723,-122.3598,Fall19,11/2/2019 16:37,Corvus brachyrhynchos,9/24/2019,11/7/2019
SEWA_N02_PHN1,47.6723,-122.3598,Fall19,11/2/2019 16:41,Corvus brachyrhynchos,9/24/2019,11/7/2019
SEWA_N02_PHN1,47.6723,-122.3598,Fall19,11/2/2019 17:29,Canis familiaris,9/24/2019,11/7/2019
SEWA_N02_PHN1,47.6723,-122.3598,Fall19,11/2/2019 17:44,Homo sapiens,9/24/2019,11/7/2019
SEWA_N02_PHN1,47.6723,-122.3598,Fall19,11/3/2019 7:23,Homo sapiens,9/24/2019,11/7/2019
SEWA_N02_PHN1,47.6723,-122.3598,Fall19,11/3/2019 8:25,Sciurus carolinensis,9/24/2019,11/7/2019
SEWA_N02_PHN1,47.6723,-122.3598,Fall19,11/3/2019 8:42,Sciurus carolinensis,9/24/2019,11/7/2019
SEWA_N02_PHN1,47.6723,-122.3598,Fall19,11/3/2019 8:53,Sciurus carolinensis,9/24/2019,11/7/2019
SEWA_N02_PHN1,47.6723,-122.3598,Fall19,11/3/2019 8:58,Homo sapiens,9/24/2019,11/7/2019
SEWA_N02_PHN1,47.6723,-122.3598,Fall19,11/3/2019 9:00,Sciurus carolinensis,9/24/2019,11/7/2019
SEWA_N02_PHN1,47.6723,-122.3598,Fall19,11/3/2019 9:55,Sciurus carolinensis,9/24/2019,11/7/2019
SEWA_N02_PHN1,47.6723,-122.3598,Fall19,11/3/2019 10:08,Sciurus carolinensis,9/24/2019,11/7/2019
SEWA_N02_PHN1,47.6723,-122.3598,Fall19,11/3/2019 10:13,Cyanocitta stelleri,9/24/2019,11/7/2019
SEWA_N02_PHN1,47.6723,-122.3598,Fall19,11/3/2019 10:55,Canis familiaris,9/24/2019,11/7/2019
SEWA_N02_PHN1,47.6723,-122.3598,Fall19,11/3/2019 10:58,Canis familiaris,9/24/2019,11/7/2019
SEWA_N02_PHN1,47.6723,-122.3598,Fall19,11/3/2019 11:01,Canis familiaris,9/24/2019,11/7/2019
SEWA_N02_PHN1,47.6723,-122.3598,Fall19,11/3/2019 11:03,Canis familiaris,9/24/2019,11/7/2019
SEWA_N02_PHN1,47.6723,-122.3598,Fall19,11/3/2019 11:07,Canis familiaris,9/24/2019,11/7/2019
SEWA_N02_PHN1,47.6723,-122.3598,Fall19,11/3/2019 11:19,Sciurus carolinensis,9/24/2019,11/7/2019
SEWA_N02_PHN1,47.6723,-122.3598,Fall19,11/3/2019 17:40,Canis familiaris,9/24/2019,11/7/2019
SEWA_N02_PHN1,47.6723,-122.3598,Fall19,11/3/2019 17:40,Homo sapiens,9/24/2019,11/7/2019
SEWA_N02_PHN1,47.6723,-122.3598,Fall19,11/4/2019 2:15,Procyon lotor,9/24/2019,11/7/2019
SEWA_N02_PHN1,47.6723,-122.3598,Fall19,11/4/2019 7:21,Homo sapiens,9/24/2019,11/7/2019
SEWA_N02_PHN1,47.6723,-122.3598,Fall19,11/4/2019 9:30,Homo sapiens,9/24/2019,11/7/2019
SEWA_N02_PHN1,47.6723,-122.3598,Fall19,11/4/2019 9:30,Canis familiaris,9/24/2019,11/7/2019
SEWA_N02_PHN1,47.6723,-122.3598,Fall19,11/4/2019 10:22,Homo sapiens,9/24/2019,11/7/2019
SEWA_N02_PHN1,47.6723,-122.3598,Fall19,11/4/2019 11:13,Sciurus carolinensis,9/24/2019,11/7/2019
SEWA_N02_PHN1,47.6723,-122.3598,Fall19,11/4/2019 11:51,Sciurus carolinensis,9/24/2019,11/7/2019
SEWA_N02_PHN1,47.6723,-122.3598,Fall19,11/4/2019 19:57,Homo sapiens,9/24/2019,11/7/2019
SEWA_N02_PHN1,47.6723,-122.3598,Fall19,11/5/2019 7:31,Homo sapiens,9/24/2019,11/7/2019
SEWA_N02_PHN1,47.6723,-122.3598,Fall19,11/5/2019 10:21,Homo sapiens,9/24/2019,11/7/2019
SEWA_N02_PHN1,47.6723,-122.3598,Fall19,11/5/2019 12:56,Homo sapiens,9/24/2019,11/7/2019
SEWA_N02_PHN1,47.6723,-122.3598,Fall19,11/6/2019 7:22,Homo sapiens,9/24/2019,11/7/2019
SEWA_N02_PHN1,47.6723,-122.3598,Fall19,11/6/2019 10:32,Homo sapiens,9/24/2019,11/7/2019
SEWA_N02_PHN1,47.6723,-122.3598,Fall19,11/6/2019 11:44,Sciurus carolinensis,9/24/2019,11/7/2019
SEWA_N02_PHN1,47.6723,-122.3598,Fall19,11/6/2019 16:23,Sciurus carolinensis,9/24/2019,11/7/2019
SEWA_N02_PHN1,47.6723,-122.3598,Fall19,11/6/2019 16:36,Homo sapiens,9/24/2019,11/7/2019
SEWA_N03_IRP1,47.69055,-122.28101,Fall19,9/24/2019 1:52,Rattus rattus,9/24/2019,11/7/2019
SEWA_N03_IRP1,47.69055,-122.28101,Fall19,9/24/2019 4:58,Rattus rattus,9/24/2019,11/7/2019
SEWA_N03_IRP1,47.69055,-122.28101,Fall19,9/24/2019 11:18,Sciurus carolinensis,9/24/2019,11/7/2019
SEWA_N03_IRP1,47.69055,-122.28101,Fall19,9/25/2019 3:19,Canis latrans,9/24/2019,11/7/2019
SEWA_N03_IRP1,47.69055,-122.28101,Fall19,9/25/2019 14:45,Sciurus carolinensis,9/24/2019,11/7/2019
SEWA_N03_IRP1,47.69055,-122.28101,Fall19,9/25/2019 21:07,Canis latrans,9/24/2019,11/7/2019
SEWA_N03_IRP1,47.69055,-122.28101,Fall19,9/25/2019 22:12,Canis latrans,9/24/2019,11/7/2019
SEWA_N03_IRP1,47.69055,-122.28101,Fall19,9/26/2019 6:22,Canis latrans,9/24/2019,11/7/2019
SEWA_N03_IRP1,47.69055,-122.28101,Fall19,9/26/2019 10:56,Sciurus carolinensis,9/24/2019,11/7/2019
SEWA_N03_IRP1,47.69055,-122.28101,Fall19,9/26/2019 14:02,Sciurus carolinensis,9/24/2019,11/7/2019
SEWA_N03_IRP1,47.69055,-122.28101,Fall19,9/26/2019 14:26,Sciurus carolinensis,9/24/2019,11/7/2019
SEWA_N03_IRP1,47.69055,-122.28101,Fall19,9/26/2019 16:12,Sciurus carolinensis,9/24/2019,11/7/2019
SEWA_N03_IRP1,47.69055,-122.28101,Fall19,9/26/2019 18:01,Sciurus carolinensis,9/24/2019,11/7/2019
SEWA_N03_IRP1,47.69055,-122.28101,Fall19,9/27/2019 8:58,Sciurus carolinensis,9/24/2019,11/7/2019
SEWA_N03_IRP1,47.69055,-122.28101,Fall19,9/27/2019 12:04,Sciurus carolinensis,9/24/2019,11/7/2019
SEWA_N03_IRP1,47.69055,-122.28101,Fall19,9/27/2019 12:46,Sciurus carolinensis,9/24/2019,11/7/2019
SEWA_N03_IRP1,47.69055,-122.28101,Fall19,9/27/2019 12:48,Sciurus carolinensis,9/24/2019,11/7/2019
SEWA_N03_IRP1,47.69055,-122.28101,Fall19,9/27/2019 12:57,Canis latrans,9/24/2019,11/7/2019
SEWA_N03_IRP1,47.69055,-122.28101,Fall19,9/27/2019 13:02,Sciurus carolinensis,9/24/2019,11/7/2019
SEWA_N03_IRP1,47.69055,-122.28101,Fall19,9/27/2019 13:33,Sciurus carolinensis,9/24/2019,11/7/2019
SEWA_N03_IRP1,47.69055,-122.28101,Fall19,9/27/2019 15:01,Canis latrans,9/24/2019,11/7/2019
SEWA_N03_IRP1,47.69055,-122.28101,Fall19,9/27/2019 16:36,Sciurus carolinensis,9/24/2019,11/7/2019
SEWA_N03_IRP1,47.69055,-122.28101,Fall19,9/27/2019 19:59,Canis latrans,9/24/2019,11/7/2019
SEWA_N03_IRP1,47.69055,-122.28101,Fall19,9/28/2019 8:42,Sciurus carolinensis,9/24/2019,11/7/2019
SEWA_N03_IRP1,47.69055,-122.28101,Fall19,9/28/2019 12:44,Canis latrans,9/24/2019,11/7/2019
SEWA_N03_IRP1,47.69055,-122.28101,Fall19,9/28/2019 13:01,Canis latrans,9/24/2019,11/7/2019
SEWA_N03_IRP1,47.69055,-122.28101,Fall19,9/28/2019 14:22,Canis latrans,9/24/2019,11/7/2019
SEWA_N03_IRP1,47.69055,-122.28101,Fall19,9/28/2019 15:07,Sciurus carolinensis,9/24/2019,11/7/2019
SEWA_N03_IRP1,47.69055,-122.28101,Fall19,9/28/2019 16:12,Canis latrans,9/24/2019,11/7/2019
SEWA_N03_IRP1,47.69055,-122.28101,Fall19,9/28/2019 21:02,Canis latrans,9/24/2019,11/7/2019
SEWA_N03_IRP1,47.69055,-122.28101,Fall19,9/29/2019 10:53,Sciurus carolinensis,9/24/2019,11/7/2019
SEWA_N03_IRP1,47.69055,-122.28101,Fall19,9/29/2019 14:16,Sciurus carolinensis,9/24/2019,11/7/2019
SEWA_N03_IRP1,47.69055,-122.28101,Fall19,9/29/2019 17:10,Sciurus carolinensis,9/24/2019,11/7/2019
SEWA_N03_IRP1,47.69055,-122.28101,Fall19,9/30/2019 6:41,Canis latrans,9/24/2019,11/7/2019
SEWA_N03_IRP1,47.69055,-122.28101,Fall19,9/30/2019 13:07,Canis latrans,9/24/2019,11/7/2019
SEWA_N03_IRP1,47.69055,-122.28101,Fall19,9/30/2019 13:43,Canis latrans,9/24/2019,11/7/2019
SEWA_N03_IRP1,47.69055,-122.28101,Fall19,10/1/2019 8:20,Canis latrans,9/24/2019,11/7/2019
SEWA_N03_IRP1,47.69055,-122.28101,Fall19,10/1/2019 8:57,Canis latrans,9/24/2019,11/7/2019
SEWA_N03_IRP1,47.69055,-122.28101,Fall19,10/1/2019 13:29,Sciurus carolinensis,9/24/2019,11/7/2019
SEWA_N03_IRP1,47.69055,-122.28101,Fall19,10/1/2019 14:03,Canis latrans,9/24/2019,11/7/2019
SEWA_N03_IRP1,47.69055,-122.28101,Fall19,10/1/2019 14:22,Sciurus carolinensis,9/24/2019,11/7/2019
SEWA_N03_IRP1,47.69055,-122.28101,Fall19,10/1/2019 16:02,Sciurus carolinensis,9/24/2019,11/7/2019
SEWA_N03_IRP1,47.69055,-122.28101,Fall19,10/1/2019 20:31,Canis latrans,9/24/2019,11/7/2019
SEWA_N03_IRP1,47.69055,-122.28101,Fall19,10/2/2019 11:11,Sciurus carolinensis,9/24/2019,11/7/2019
SEWA_N03_IRP1,47.69055,-122.28101,Fall19,10/2/2019 19:35,Procyon lotor,9/24/2019,11/7/2019
SEWA_N03_IRP1,47.69055,-122.28101,Fall19,10/3/2019 9:10,Sciurus carolinensis,9/24/2019,11/7/2019
SEWA_N03_IRP1,47.69055,-122.28101,Fall19,10/3/2019 10:36,Sciurus carolinensis,9/24/2019,11/7/2019
SEWA_N03_IRP1,47.69055,-122.28101,Fall19,10/3/2019 11:09,Sciurus carolinensis,9/24/2019,11/7/2019
SEWA_N03_IRP1,47.69055,-122.28101,Fall19,10/3/2019 11:54,Homo sapiens,9/24/2019,11/7/2019
SEWA_N03_IRP1,47.69055,-122.28101,Fall19,10/3/2019 12:00,Homo sapiens,9/24/2019,11/7/2019
SEWA_N03_IRP1,47.69055,-122.28101,Fall19,10/3/2019 16:17,Sciurus carolinensis,9/24/2019,11/7/2019
SEWA_N03_IRP1,47.69055,-122.28101,Fall19,10/3/2019 17:11,Sciurus carolinensis,9/24/2019,11/7/2019
SEWA_N03_IRP1,47.69055,-122.28101,Fall19,10/3/2019 17:15,Sciurus carolinensis,9/24/2019,11/7/2019
SEWA_N03_IRP1,47.69055,-122.28101,Fall19,10/3/2019 17:17,Sciurus carolinensis,9/24/2019,11/7/2019
SEWA_N03_IRP1,47.69055,-122.28101,Fall19,10/3/2019 19:14,Sylvilagus floridanus,9/24/2019,11/7/2019
SEWA_N03_IRP1,47.69055,-122.28101,Fall19,10/3/2019 20:00,Sylvilagus floridanus,9/24/2019,11/7/2019
SEWA_N03_IRP1,47.69055,-122.28101,Fall19,10/4/2019 8:10,Sciurus carolinensis,9/24/2019,11/7/2019
SEWA_N03_IRP1,47.69055,-122.28101,Fall19,10/4/2019 13:00,Sciurus carolinensis,9/24/2019,11/7/2019
SEWA_N03_IRP1,47.69055,-122.28101,Fall19,10/4/2019 15:48,Sciurus carolinensis,9/24/2019,11/7/2019
SEWA_N03_IRP1,47.69055,-122.28101,Fall19,10/4/2019 16:15,Sciurus carolinensis,9/24/2019,11/7/2019
SEWA_N03_IRP1,47.69055,-122.28101,Fall19,10/4/2019 16:48,Sciurus carolinensis,9/24/2019,11/7/2019
SEWA_N03_IRP1,47.69055,-122.28101,Fall19,10/5/2019 7:10,Canis latrans,9/24/2019,11/7/2019
SEWA_N03_IRP1,47.69055,-122.28101,Fall19,10/5/2019 10:08,Sciurus carolinensis,9/24/2019,11/7/2019
SEWA_N03_IRP1,47.69055,-122.28101,Fall19,10/5/2019 15:22,Sciurus carolinensis,9/24/2019,11/7/2019
SEWA_N03_IRP1,47.69055,-122.28101,Fall19,10/6/2019 6:58,Sylvilagus floridanus,9/24/2019,11/7/2019
SEWA_N03_IRP1,47.69055,-122.28101,Fall19,10/6/2019 11:50,Sciurus carolinensis,9/24/2019,11/7/2019
SEWA_N03_IRP1,47.69055,-122.28101,Fall19,10/6/2019 15:55,Sciurus carolinensis,9/24/2019,11/7/2019
SEWA_N03_IRP1,47.69055,-122.28101,Fall19,10/7/2019 8:41,Sciurus carolinensis,9/24/2019,11/7/2019
SEWA_N03_IRP1,47.69055,-122.28101,Fall19,10/7/2019 12:30,Sciurus carolinensis,9/24/2019,11/7/2019
SEWA_N03_IRP1,47.69055,-122.28101,Fall19,10/7/2019 15:49,Sciurus carolinensis,9/24/2019,11/7/2019
SEWA_N03_IRP1,47.69055,-122.28101,Fall19,10/7/2019 18:42,Sylvilagus floridanus,9/24/2019,11/7/2019
SEWA_N03_IRP1,47.69055,-122.28101,Fall19,10/7/2019 18:44,Sylvilagus floridanus,9/24/2019,11/7/2019
SEWA_N03_IRP1,47.69055,-122.28101,Fall19,10/7/2019 18:56,Sylvilagus floridanus,9/24/2019,11/7/2019
SEWA_N03_IRP1,47.69055,-122.28101,Fall19,10/8/2019 10:35,Sciurus carolinensis,9/24/2019,11/7/2019
SEWA_N03_IRP1,47.69055,-122.28101,Fall19,10/8/2019 18:21,Sylvilagus floridanus,9/24/2019,11/7/2019
SEWA_N03_IRP1,47.69055,-122.28101,Fall19,10/9/2019 11:47,Sciurus carolinensis,9/24/2019,11/7/2019
SEWA_N03_IRP1,47.69055,-122.28101,Fall19,10/9/2019 12:58,Sciurus carolinensis,9/24/2019,11/7/2019
SEWA_N03_IRP1,47.69055,-122.28101,Fall19,10/10/2019 18:34,Sylvilagus floridanus,9/24/2019,11/7/2019
SEWA_N03_IRP1,47.69055,-122.28101,Fall19,10/12/2019 3:55,Rattus rattus,9/24/2019,11/7/2019
SEWA_N03_IRP1,47.69055,-122.28101,Fall19,10/13/2019 15:39,Sciurus carolinensis,9/24/2019,11/7/2019
SEWA_N03_IRP1,47.69055,-122.28101,Fall19,10/13/2019 16:49,Sciurus carolinensis,9/24/2019,11/7/2019
SEWA_N03_IRP1,47.69055,-122.28101,Fall19,10/14/2019 4:55,Rattus rattus,9/24/2019,11/7/2019
SEWA_N03_IRP1,47.69055,-122.28101,Fall19,10/14/2019 7:38,Sciurus carolinensis,9/24/2019,11/7/2019
SEWA_N03_IRP1,47.69055,-122.28101,Fall19,10/14/2019 8:13,Sciurus carolinensis,9/24/2019,11/7/2019
SEWA_N03_IRP1,47.69055,-122.28101,Fall19,10/14/2019 12:12,Sciurus carolinensis,9/24/2019,11/7/2019
SEWA_N03_IRP1,47.69055,-122.28101,Fall19,10/14/2019 13:26,Sciurus carolinensis,9/24/2019,11/7/2019
SEWA_N03_IRP1,47.69055,-122.28101,Fall19,10/14/2019 18:57,Sylvilagus floridanus,9/24/2019,11/7/2019
SEWA_N03_IRP1,47.69055,-122.28101,Fall19,10/15/2019 13:49,Sciurus carolinensis,9/24/2019,11/7/2019
SEWA_N03_IRP1,47.69055,-122.28101,Fall19,10/18/2019 10:39,Sciurus carolinensis,9/24/2019,11/7/2019
SEWA_N03_IRP1,47.69055,-122.28101,Fall19,10/20/2019 1:34,Rattus rattus,9/24/2019,11/7/2019
SEWA_N03_IRP1,47.69055,-122.28101,Fall19,10/20/2019 10:11,Sciurus carolinensis,9/24/2019,11/7/2019
SEWA_N03_IRP1,47.69055,-122.28101,Fall19,10/21/2019 11:36,Sciurus carolinensis,9/24/2019,11/7/2019
SEWA_N03_IRP1,47.69055,-122.28101,Fall19,10/21/2019 11:41,Sciurus carolinensis,9/24/2019,11/7/2019
SEWA_N03_IRP1,47.69055,-122.28101,Fall19,10/22/2019 3:57,Rattus rattus,9/24/2019,11/7/2019
SEWA_N03_IRP1,47.69055,-122.28101,Fall19,10/22/2019 20:47,Rattus rattus,9/24/2019,11/7/2019
SEWA_N03_IRP1,47.69055,-122.28101,Fall19,10/23/2019 12:13,Sciurus carolinensis,9/24/2019,11/7/2019
SEWA_N03_IRP1,47.69055,-122.28101,Fall19,10/24/2019 8:11,Sciurus carolinensis,9/24/2019,11/7/2019
SEWA_N03_IRP1,47.69055,-122.28101,Fall19,10/26/2019 6:06,Sylvilagus floridanus,9/24/2019,11/7/2019
SEWA_N03_IRP1,47.69055,-122.28101,Fall19,10/27/2019 7:03,Sylvilagus floridanus,9/24/2019,11/7/2019
SEWA_N03_IRP1,47.69055,-122.28101,Fall19,10/27/2019 17:47,Sciurus carolinensis,9/24/2019,11/7/2019
SEWA_N03_IRP1,47.69055,-122.28101,Fall19,10/28/2019 5:48,Sylvilagus floridanus,9/24/2019,11/7/2019
SEWA_N03_IRP1,47.69055,-122.28101,Fall19,10/28/2019 6:03,Sylvilagus floridanus,9/24/2019,11/7/2019
SEWA_N03_IRP1,47.69055,-122.28101,Fall19,10/28/2019 22:03,Procyon lotor,9/24/2019,11/7/2019
SEWA_N03_IRP1,47.69055,-122.28101,Fall19,10/29/2019 9:50,Sciurus carolinensis,9/24/2019,11/7/2019
SEWA_N03_IRP1,47.69055,-122.28101,Fall19,10/29/2019 13:28,Sciurus carolinensis,9/24/2019,11/7/2019
SEWA_N03_IRP1,47.69055,-122.28101,Fall19,10/29/2019 13:49,Sciurus carolinensis,9/24/2019,11/7/2019
SEWA_N03_IRP1,47.69055,-122.28101,Fall19,10/29/2019 13:57,Sciurus carolinensis,9/24/2019,11/7/2019
SEWA_N03_IRP1,47.69055,-122.28101,Fall19,10/30/2019 9:51,Sciurus carolinensis,9/24/2019,11/7/2019
SEWA_N03_IRP1,47.69055,-122.28101,Fall19,10/30/2019 13:49,Sciurus carolinensis,9/24/2019,11/7/2019
SEWA_N03_IRP1,47.69055,-122.28101,Fall19,10/30/2019 14:22,Sciurus carolinensis,9/24/2019,11/7/2019
SEWA_N03_IRP1,47.69055,-122.28101,Fall19,10/30/2019 15:54,Sciurus carolinensis,9/24/2019,11/7/2019
SEWA_N03_IRP1,47.69055,-122.28101,Fall19,10/30/2019 16:09,Sciurus carolinensis,9/24/2019,11/7/2019
SEWA_N03_IRP1,47.69055,-122.28101,Fall19,10/31/2019 18:36,Sylvilagus floridanus,9/24/2019,11/7/2019
SEWA_N03_IRP1,47.69055,-122.28101,Fall19,11/1/2019 10:12,Homo sapiens,9/24/2019,11/7/2019
SEWA_N03_IRP1,47.69055,-122.28101,Fall19,11/1/2019 10:17,Homo sapiens,9/24/2019,11/7/2019
SEWA_N03_IRP1,47.69055,-122.28101,Fall19,11/2/2019 9:43,Sciurus carolinensis,9/24/2019,11/7/2019
SEWA_N03_IRP1,47.69055,-122.28101,Fall19,11/2/2019 20:19,Sylvilagus floridanus,9/24/2019,11/7/2019
SEWA_N03_IRP1,47.69055,-122.28101,Fall19,11/3/2019 9:56,Sciurus carolinensis,9/24/2019,11/7/2019
SEWA_N03_IRP1,47.69055,-122.28101,Fall19,11/4/2019 11:42,Sciurus carolinensis,9/24/2019,11/7/2019
SEWA_N03_IRP1,47.69055,-122.28101,Fall19,11/4/2019 19:42,Sylvilagus floridanus,9/24/2019,11/7/2019
SEWA_N03_IRP1,47.69055,-122.28101,Fall19,11/4/2019 19:59,Sylvilagus floridanus,9/24/2019,11/7/2019
SEWA_N03_IRP1,47.69055,-122.28101,Fall19,11/5/2019 15:09,Sciurus carolinensis,9/24/2019,11/7/2019
SEWA_N03_IRP1,47.69055,-122.28101,Fall19,11/5/2019 17:14,Sciurus carolinensis,9/24/2019,11/7/2019
SEWA_N03_IRP1,47.69055,-122.28101,Fall19,11/6/2019 9:28,Canis latrans,9/24/2019,11/7/2019
SEWA_N03_IRP1,47.69055,-122.28101,Fall19,11/6/2019 13:13,Sciurus carolinensis,9/24/2019,11/7/2019
SEWA_N03_IRP1,47.69055,-122.28101,Fall19,11/6/2019 15:45,Sciurus carolinensis,9/24/2019,11/7/2019
SEWA_N03_MGP1,47.68166,-122.25092,Fall19,9/27/2019 13:49,Sciurus carolinensis,9/24/2019,11/7/2019
SEWA_N03_MGP1,47.68166,-122.25092,Fall19,9/28/2019 8:38,Sciurus carolinensis,9/24/2019,11/7/2019
SEWA_N03_MGP1,47.68166,-122.25092,Fall19,9/28/2019 12:53,Sciurus carolinensis,9/24/2019,11/7/2019
SEWA_N03_MGP1,47.68166,-122.25092,Fall19,10/3/2019 13:02,Homo sapiens,9/24/2019,11/7/2019
SEWA_N03_MGP1,47.68166,-122.25092,Fall19,10/3/2019 13:06,Homo sapiens,9/24/2019,11/7/2019
SEWA_N03_MGP1,47.68166,-122.25092,Fall19,10/8/2019 15:14,Homo sapiens,9/24/2019,11/7/2019
SEWA_N03_MGP1,47.68166,-122.25092,Fall19,10/10/2019 15:47,Canis familiaris,9/24/2019,11/7/2019
SEWA_N03_MGP1,47.68166,-122.25092,Fall19,10/13/2019 14:05,Sciurus carolinensis,9/24/2019,11/7/2019
SEWA_N03_MGP1,47.68166,-122.25092,Fall19,10/13/2019 17:01,Canis familiaris,9/24/2019,11/7/2019
SEWA_N03_MGP1,47.68166,-122.25092,Fall19,10/18/2019 6:28,Procyon lotor,9/24/2019,11/7/2019
SEWA_N03_MGP1,47.68166,-122.25092,Fall19,10/19/2019 17:30,Canis familiaris,9/24/2019,11/7/2019
SEWA_N03_MGP1,47.68166,-122.25092,Fall19,10/27/2019 15:47,Homo sapiens,9/24/2019,11/7/2019
SEWA_N03_MGP1,47.68166,-122.25092,Fall19,10/28/2019 14:10,Homo sapiens,9/24/2019,11/7/2019
SEWA_N03_MGP1,47.68166,-122.25092,Fall19,10/29/2019 16:34,Canis familiaris,9/24/2019,11/7/2019
SEWA_N03_MGP1,47.68166,-122.25092,Fall19,11/1/2019 2:42,Procyon lotor,9/24/2019,11/7/2019
SEWA_N03_MGP1,47.68166,-122.25092,Fall19,11/1/2019 10:57,Homo sapiens,9/24/2019,11/7/2019
SEWA_N03_MGP1,47.68166,-122.25092,Fall19,11/1/2019 11:02,Homo sapiens,9/24/2019,11/7/2019
SEWA_N03_MGP1,47.68166,-122.25092,Fall19,11/1/2019 18:46,Procyon lotor,9/24/2019,11/7/2019
SEWA_N03_MGP1,47.68166,-122.25092,Fall19,11/2/2019 17:14,Sciurus carolinensis,9/24/2019,11/7/2019
SEWA_N03_MGP1,47.68166,-122.25092,Fall19,11/6/2019 8:19,Sciurus carolinensis,9/24/2019,11/7/2019
SEWA_N03_RVP1,47.67354,-122.31119,Fall19,9/24/2019 10:29,Canis familiaris,9/24/2019,11/7/2019
SEWA_N03_RVP1,47.67354,-122.31119,Fall19,9/24/2019 10:54,Sciurus carolinensis,9/24/2019,11/7/2019
SEWA_N03_RVP1,47.67354,-122.31119,Fall19,9/24/2019 11:51,Canis familiaris,9/24/2019,11/7/2019
SEWA_N03_RVP1,47.67354,-122.31119,Fall19,9/24/2019 13:44,Sciurus carolinensis,9/24/2019,11/7/2019
SEWA_N03_RVP1,47.67354,-122.31119,Fall19,9/24/2019 22:19,Rattus rattus,9/24/2019,11/7/2019
SEWA_N03_RVP1,47.67354,-122.31119,Fall19,9/25/2019 7:34,Sciurus carolinensis,9/24/2019,11/7/2019
SEWA_N03_RVP1,47.67354,-122.31119,Fall19,9/25/2019 15:14,Sciurus carolinensis,9/24/2019,11/7/2019
SEWA_N03_RVP1,47.67354,-122.31119,Fall19,9/26/2019 14:17,Canis familiaris,9/24/2019,11/7/2019
SEWA_N03_RVP1,47.67354,-122.31119,Fall19,9/27/2019 4:44,Rattus rattus,9/24/2019,11/7/2019
SEWA_N03_RVP1,47.67354,-122.31119,Fall19,9/27/2019 8:36,Sciurus carolinensis,9/24/2019,11/7/2019
SEWA_N03_RVP1,47.67354,-122.31119,Fall19,9/27/2019 9:42,Sciurus carolinensis,9/24/2019,11/7/2019
SEWA_N03_RVP1,47.67354,-122.31119,Fall19,9/27/2019 15:13,Sciurus carolinensis,9/24/2019,11/7/2019
SEWA_N03_RVP1,47.67354,-122.31119,Fall19,9/28/2019 0:18,Rattus rattus,9/24/2019,11/7/2019
SEWA_N03_RVP1,47.67354,-122.31119,Fall19,9/28/2019 16:55,Sciurus carolinensis,9/24/2019,11/7/2019
SEWA_N03_RVP1,47.67354,-122.31119,Fall19,9/28/2019 16:58,Sciurus carolinensis,9/24/2019,11/7/2019
SEWA_N03_RVP1,47.67354,-122.31119,Fall19,9/29/2019 3:43,Rattus rattus,9/24/2019,11/7/2019
SEWA_N03_RVP1,47.67354,-122.31119,Fall19,9/30/2019 0:18,Rattus rattus,9/24/2019,11/7/2019
SEWA_N03_RVP1,47.67354,-122.31119,Fall19,9/30/2019 1:12,Rattus rattus,9/24/2019,11/7/2019
SEWA_N03_RVP1,47.67354,-122.31119,Fall19,9/30/2019 7:54,Sciurus carolinensis,9/24/2019,11/7/2019
SEWA_N03_RVP1,47.67354,-122.31119,Fall19,9/30/2019 8:18,Sciurus carolinensis,9/24/2019,11/7/2019
SEWA_N03_RVP1,47.67354,-122.31119,Fall19,9/30/2019 8:37,Sciurus carolinensis,9/24/2019,11/7/2019
SEWA_N03_RVP1,47.67354,-122.31119,Fall19,9/30/2019 11:59,Sciurus carolinensis,9/24/2019,11/7/2019
SEWA_N03_RVP1,47.67354,-122.31119,Fall19,9/30/2019 12:04,Sciurus carolinensis,9/24/2019,11/7/2019
SEWA_N03_RVP1,47.67354,-122.31119,Fall19,9/30/2019 12:41,Sciurus carolinensis,9/24/2019,11/7/2019
SEWA_N03_RVP1,47.67354,-122.31119,Fall19,9/30/2019 13:33,Canis familiaris,9/24/2019,11/7/2019
SEWA_N03_RVP1,47.67354,-122.31119,Fall19,9/30/2019 16:03,Sciurus carolinensis,9/24/2019,11/7/2019
SEWA_N03_RVP1,47.67354,-122.31119,Fall19,9/30/2019 16:08,Sciurus carolinensis,9/24/2019,11/7/2019
SEWA_N03_RVP1,47.67354,-122.31119,Fall19,10/1/2019 3:51,Rattus rattus,9/24/2019,11/7/2019
SEWA_N03_RVP1,47.67354,-122.31119,Fall19,10/1/2019 10:02,Sciurus carolinensis,9/24/2019,11/7/2019
SEWA_N03_RVP1,47.67354,-122.31119,Fall19,10/1/2019 12:00,Sciurus carolinensis,9/24/2019,11/7/2019
SEWA_N03_RVP1,47.67354,-122.31119,Fall19,10/1/2019 14:47,Sciurus carolinensis,9/24/2019,11/7/2019
SEWA_N03_RVP1,47.67354,-122.31119,Fall19,10/1/2019 16:18,Homo sapiens,9/24/2019,11/7/2019
SEWA_N03_RVP1,47.67354,-122.31119,Fall19,10/1/2019 20:58,Rattus rattus,9/24/2019,11/7/2019
SEWA_N03_RVP1,47.67354,-122.31119,Fall19,10/2/2019 8:35,Sciurus carolinensis,9/24/2019,11/7/2019
SEWA_N03_RVP1,47.67354,-122.31119,Fall19,10/2/2019 10:05,Sciurus carolinensis,9/24/2019,11/7/2019
SEWA_N03_RVP1,47.67354,-122.31119,Fall19,10/2/2019 12:54,Sciurus carolinensis,9/24/2019,11/7/2019
SEWA_N03_RVP1,47.67354,-122.31119,Fall19,10/2/2019 13:44,Canis familiaris,9/24/2019,11/7/2019
SEWA_N03_RVP1,47.67354,-122.31119,Fall19,10/2/2019 14:47,Sciurus carolinensis,9/24/2019,11/7/2019
SEWA_N03_RVP1,47.67354,-122.31119,Fall19,10/2/2019 18:18,Sciurus carolinensis,9/24/2019,11/7/2019
SEWA_N03_RVP1,47.67354,-122.31119,Fall19,10/3/2019 5:22,Rattus rattus,9/24/2019,11/7/2019
SEWA_N03_RVP1,47.67354,-122.31119,Fall19,10/3/2019 9:28,Homo sapiens,9/24/2019,11/7/2019
SEWA_N03_RVP1,47.67354,-122.31119,Fall19,10/3/2019 10:27,Canis familiaris,9/24/2019,11/7/2019
SEWA_N03_RVP1,47.67354,-122.31119,Fall19,10/3/2019 12:18,Sciurus carolinensis,9/24/2019,11/7/2019
SEWA_N03_RVP1,47.67354,-122.31119,Fall19,10/3/2019 13:51,Homo sapiens,9/24/2019,11/7/2019
SEWA_N03_RVP1,47.67354,-122.31119,Fall19,10/3/2019 14:01,Homo sapiens,9/24/2019,11/7/2019
SEWA_N03_RVP1,47.67354,-122.31119,Fall19,10/3/2019 14:58,Sciurus carolinensis,9/24/2019,11/7/2019
SEWA_N03_RVP1,47.67354,-122.31119,Fall19,10/3/2019 17:05,Sciurus carolinensis,9/24/2019,11/7/2019
SEWA_N03_RVP1,47.67354,-122.31119,Fall19,10/3/2019 18:09,Sciurus carolinensis,9/24/2019,11/7/2019
SEWA_N03_RVP1,47.67354,-122.31119,Fall19,10/3/2019 22:17,Rattus rattus,9/24/2019,11/7/2019
SEWA_N03_RVP1,47.67354,-122.31119,Fall19,10/3/2019 23:08,Rattus rattus,9/24/2019,11/7/2019
SEWA_N03_RVP1,47.67354,-122.31119,Fall19,10/3/2019 23:41,Procyon lotor,9/24/2019,11/7/2019
SEWA_N03_RVP1,47.67354,-122.31119,Fall19,10/4/2019 0:08,Rattus rattus,9/24/2019,11/7/2019
SEWA_N03_RVP1,47.67354,-122.31119,Fall19,10/4/2019 3:36,Rattus rattus,9/24/2019,11/7/2019
SEWA_N03_RVP1,47.67354,-122.31119,Fall19,10/4/2019 9:05,Canis familiaris,9/24/2019,11/7/2019
SEWA_N03_RVP1,47.67354,-122.31119,Fall19,10/4/2019 10:11,Sciurus carolinensis,9/24/2019,11/7/2019
SEWA_N03_RVP1,47.67354,-122.31119,Fall19,10/4/2019 12:44,Sciurus carolinensis,9/24/2019,11/7/2019
SEWA_N03_RVP1,47.67354,-122.31119,Fall19,10/4/2019 15:47,Sciurus carolinensis,9/24/2019,11/7/2019
SEWA_N03_RVP1,47.67354,-122.31119,Fall19,10/4/2019 15:50,Sciurus carolinensis,9/24/2019,11/7/2019
SEWA_N03_RVP1,47.67354,-122.31119,Fall19,10/4/2019 15:53,Sciurus carolinensis,9/24/2019,11/7/2019
SEWA_N03_RVP1,47.67354,-122.31119,Fall19,10/4/2019 16:05,Sciurus carolinensis,9/24/2019,11/7/2019
SEWA_N03_RVP1,47.67354,-122.31119,Fall19,10/4/2019 18:20,Sciurus carolinensis,9/24/2019,11/7/2019
SEWA_N03_RVP1,47.67354,-122.31119,Fall19,10/4/2019 18:26,Sciurus carolinensis,9/24/2019,11/7/2019
SEWA_N03_RVP1,47.67354,-122.31119,Fall19,10/5/2019 5:50,Rattus rattus,9/24/2019,11/7/2019
SEWA_N03_RVP1,47.67354,-122.31119,Fall19,10/5/2019 17:29,Homo sapiens,9/24/2019,11/7/2019
SEWA_N03_RVP1,47.67354,-122.31119,Fall19,10/5/2019 18:26,Sciurus carolinensis,9/24/2019,11/7/2019
SEWA_N03_RVP1,47.67354,-122.31119,Fall19,10/5/2019 19:48,Rattus rattus,9/24/2019,11/7/2019
SEWA_N03_RVP1,47.67354,-122.31119,Fall19,10/6/2019 0:09,Rattus rattus,9/24/2019,11/7/2019
SEWA_N03_RVP1,47.67354,-122.31119,Fall19,10/6/2019 7:40,Sciurus carolinensis,9/24/2019,11/7/2019
SEWA_N03_RVP1,47.67354,-122.31119,Fall19,10/6/2019 8:25,Sciurus carolinensis,9/24/2019,11/7/2019
SEWA_N03_RVP1,47.67354,-122.31119,Fall19,10/6/2019 10:58,Sciurus carolinensis,9/24/2019,11/7/2019
SEWA_N03_RVP1,47.67354,-122.31119,Fall19,10/6/2019 13:16,Sciurus carolinensis,9/24/2019,11/7/2019
SEWA_N03_RVP1,47.67354,-122.31119,Fall19,10/6/2019 13:17,Sciurus carolinensis,9/24/2019,11/7/2019
SEWA_N03_RVP1,47.67354,-122.31119,Fall19,10/6/2019 13:26,Sciurus carolinensis,9/24/2019,11/7/2019
SEWA_N03_RVP1,47.67354,-122.31119,Fall19,10/6/2019 20:49,Rattus rattus,9/24/2019,11/7/2019
SEWA_N03_RVP1,47.67354,-122.31119,Fall19,10/7/2019 11:34,Sciurus carolinensis,9/24/2019,11/7/2019
SEWA_N03_RVP1,47.67354,-122.31119,Fall19,10/7/2019 17:05,Sciurus carolinensis,9/24/2019,11/7/2019
SEWA_N03_RVP1,47.67354,-122.31119,Fall19,10/7/2019 17:06,Sciurus carolinensis,9/24/2019,11/7/2019
SEWA_N03_RVP1,47.67354,-122.31119,Fall19,10/7/2019 17:10,Sciurus carolinensis,9/24/2019,11/7/2019
SEWA_N03_RVP1,47.67354,-122.31119,Fall19,10/7/2019 17:13,Sciurus carolinensis,9/24/2019,11/7/2019
SEWA_N03_RVP1,47.67354,-122.31119,Fall19,10/7/2019 17:24,Sciurus carolinensis,9/24/2019,11/7/2019
SEWA_N03_RVP1,47.67354,-122.31119,Fall19,10/8/2019 13:23,Homo sapiens,9/24/2019,11/7/2019
SEWA_N03_RVP1,47.67354,-122.31119,Fall19,10/8/2019 17:05,Sciurus carolinensis,9/24/2019,11/7/2019
SEWA_N03_RVP1,47.67354,-122.31119,Fall19,10/8/2019 19:37,Rattus rattus,9/24/2019,11/7/2019
SEWA_N03_RVP1,47.67354,-122.31119,Fall19,10/8/2019 21:14,Rattus rattus,9/24/2019,11/7/2019
SEWA_N03_RVP1,47.67354,-122.31119,Fall19,10/9/2019 4:54,Rattus rattus,9/24/2019,11/7/2019
SEWA_N03_RVP1,47.67354,-122.31119,Fall19,10/9/2019 7:45,Sciurus carolinensis,9/24/2019,11/7/2019
SEWA_N03_RVP1,47.67354,-122.31119,Fall19,10/9/2019 13:24,Sciurus carolinensis,9/24/2019,11/7/2019
SEWA_N03_RVP1,47.67354,-122.31119,Fall19,10/9/2019 13:25,Sciurus carolinensis,9/24/2019,11/7/2019
SEWA_N03_RVP1,47.67354,-122.31119,Fall19,10/9/2019 15:46,Canis familiaris,9/24/2019,11/7/2019
SEWA_N03_RVP1,47.67354,-122.31119,Fall19,10/10/2019 4:22,Sylvilagus floridanus,9/24/2019,11/7/2019
SEWA_N03_RVP1,47.67354,-122.31119,Fall19,10/10/2019 8:49,Sciurus carolinensis,9/24/2019,11/7/2019
SEWA_N03_RVP1,47.67354,-122.31119,Fall19,10/10/2019 9:30,Sciurus carolinensis,9/24/2019,11/7/2019
SEWA_N03_RVP1,47.67354,-122.31119,Fall19,10/10/2019 11:53,Canis familiaris,9/24/2019,11/7/2019
SEWA_N03_RVP1,47.67354,-122.31119,Fall19,10/10/2019 11:58,Sciurus carolinensis,9/24/2019,11/7/2019
SEWA_N03_RVP1,47.67354,-122.31119,Fall19,10/10/2019 12:45,Sciurus carolinensis,9/24/2019,11/7/2019
SEWA_N03_RVP1,47.67354,-122.31119,Fall19,10/10/2019 14:02,Sciurus carolinensis,9/24/2019,11/7/2019
SEWA_N03_RVP1,47.67354,-122.31119,Fall19,10/10/2019 14:18,Sciurus carolinensis,9/24/2019,11/7/2019
SEWA_N03_RVP1,47.67354,-122.31119,Fall19,10/10/2019 18:18,Canis latrans,9/24/2019,11/7/2019
SEWA_N03_RVP1,47.67354,-122.31119,Fall19,10/11/2019 0:32,Procyon lotor,9/24/2019,11/7/2019
SEWA_N03_RVP1,47.67354,-122.31119,Fall19,10/11/2019 5:06,Rattus rattus,9/24/2019,11/7/2019
SEWA_N03_RVP1,47.67354,-122.31119,Fall19,10/11/2019 6:03,Rattus rattus,9/24/2019,11/7/2019
SEWA_N03_RVP1,47.67354,-122.31119,Fall19,10/11/2019 10:06,Sciurus carolinensis,9/24/2019,11/7/2019
SEWA_N03_RVP1,47.67354,-122.31119,Fall19,10/11/2019 13:31,Sciurus carolinensis,9/24/2019,11/7/2019
SEWA_N03_RVP1,47.67354,-122.31119,Fall19,10/11/2019 13:35,Sciurus carolinensis,9/24/2019,11/7/2019
SEWA_N03_RVP1,47.67354,-122.31119,Fall19,10/11/2019 16:47,Homo sapiens,9/24/2019,11/7/2019
SEWA_N03_RVP1,47.67354,-122.31119,Fall19,10/12/2019 9:01,Sciurus carolinensis,9/24/2019,11/7/2019
SEWA_N03_RVP1,47.67354,-122.31119,Fall19,10/12/2019 15:19,Sciurus carolinensis,9/24/2019,11/7/2019
SEWA_N03_RVP1,47.67354,-122.31119,Fall19,10/12/2019 17:31,Sciurus carolinensis,9/24/2019,11/7/2019
SEWA_N03_RVP1,47.67354,-122.31119,Fall19,10/12/2019 17:34,Sciurus carolinensis,9/24/2019,11/7/2019
SEWA_N03_RVP1,47.67354,-122.31119,Fall19,10/13/2019 1:19,Rattus rattus,9/24/2019,11/7/2019
SEWA_N03_RVP1,47.67354,-122.31119,Fall19,10/13/2019 9:28,Sciurus carolinensis,9/24/2019,11/7/2019
SEWA_N03_RVP1,47.67354,-122.31119,Fall19,10/13/2019 9:29,Sciurus carolinensis,9/24/2019,11/7/2019
SEWA_N03_RVP1,47.67354,-122.31119,Fall19,10/13/2019 9:32,Sciurus carolinensis,9/24/2019,11/7/2019
SEWA_N03_RVP1,47.67354,-122.31119,Fall19,10/13/2019 9:39,Sciurus carolinensis,9/24/2019,11/7/2019
SEWA_N03_RVP1,47.67354,-122.31119,Fall19,10/13/2019 14:29,Sciurus carolinensis,9/24/2019,11/7/2019
SEWA_N03_RVP1,47.67354,-122.31119,Fall19,10/13/2019 16:16,Sciurus carolinensis,9/24/2019,11/7/2019
SEWA_N03_RVP1,47.67354,-122.31119,Fall19,10/13/2019 16:19,Sciurus carolinensis,9/24/2019,11/7/2019
SEWA_N03_RVP1,47.67354,-122.31119,Fall19,10/14/2019 10:30,Sciurus carolinensis,9/24/2019,11/7/2019
SEWA_N03_RVP1,47.67354,-122.31119,Fall19,10/15/2019 3:54,Sylvilagus floridanus,9/24/2019,11/7/2019
SEWA_N03_RVP1,47.67354,-122.31119,Fall19,10/15/2019 8:47,Sciurus carolinensis,9/24/2019,11/7/2019
SEWA_N03_RVP1,47.67354,-122.31119,Fall19,10/15/2019 14:13,Sciurus carolinensis,9/24/2019,11/7/2019
SEWA_N03_RVP1,47.67354,-122.31119,Fall19,10/15/2019 14:17,Sciurus carolinensis,9/24/2019,11/7/2019
SEWA_N03_RVP1,47.67354,-122.31119,Fall19,10/15/2019 14:23,Sciurus carolinensis,9/24/2019,11/7/2019
SEWA_N03_RVP1,47.67354,-122.31119,Fall19,10/15/2019 14:37,Sciurus carolinensis,9/24/2019,11/7/2019
SEWA_N03_RVP1,47.67354,-122.31119,Fall19,10/15/2019 17:52,Canis familiaris,9/24/2019,11/7/2019
SEWA_N03_RVP1,47.67354,-122.31119,Fall19,10/15/2019 20:35,Rattus rattus,9/24/2019,11/7/2019
SEWA_N03_RVP1,47.67354,-122.31119,Fall19,10/15/2019 21:11,Rattus rattus,9/24/2019,11/7/2019
SEWA_N03_RVP1,47.67354,-122.31119,Fall19,10/17/2019 2:13,Rattus rattus,9/24/2019,11/7/2019
SEWA_N03_RVP1,47.67354,-122.31119,Fall19,10/17/2019 5:14,Canis latrans,9/24/2019,11/7/2019
SEWA_N03_RVP1,47.67354,-122.31119,Fall19,10/17/2019 9:22,Sciurus carolinensis,9/24/2019,11/7/2019
SEWA_N03_RVP1,47.67354,-122.31119,Fall19,10/17/2019 12:33,Sciurus carolinensis,9/24/2019,11/7/2019
SEWA_N03_RVP1,47.67354,-122.31119,Fall19,10/18/2019 8:05,Canis familiaris,9/24/2019,11/7/2019
SEWA_N03_RVP1,47.67354,-122.31119,Fall19,10/18/2019 12:37,Sciurus carolinensis,9/24/2019,11/7/2019
SEWA_N03_RVP1,47.67354,-122.31119,Fall19,10/19/2019 10:50,Canis familiaris,9/24/2019,11/7/2019
SEWA_N03_RVP1,47.67354,-122.31119,Fall19,10/19/2019 11:18,Sciurus carolinensis,9/24/2019,11/7/2019
SEWA_N03_RVP1,47.67354,-122.31119,Fall19,10/19/2019 15:24,Sciurus carolinensis,9/24/2019,11/7/2019
SEWA_N03_RVP1,47.67354,-122.31119,Fall19,10/19/2019 17:29,Sciurus carolinensis,9/24/2019,11/7/2019
SEWA_N03_RVP1,47.67354,-122.31119,Fall19,10/20/2019 0:59,Sylvilagus floridanus,9/24/2019,11/7/2019
SEWA_N03_RVP1,47.67354,-122.31119,Fall19,10/20/2019 1:16,Rattus rattus,9/24/2019,11/7/2019
SEWA_N03_RVP1,47.67354,-122.31119,Fall19,10/20/2019 11:45,Canis familiaris,9/24/2019,11/7/2019
SEWA_N03_RVP1,47.67354,-122.31119,Fall19,10/21/2019 9:57,Canis familiaris,9/24/2019,11/7/2019
SEWA_N03_RVP1,47.67354,-122.31119,Fall19,10/21/2019 11:38,Sciurus carolinensis,9/24/2019,11/7/2019
SEWA_N03_RVP1,47.67354,-122.31119,Fall19,10/21/2019 18:15,Canis familiaris,9/24/2019,11/7/2019
SEWA_N03_RVP1,47.67354,-122.31119,Fall19,10/21/2019 20:28,Procyon lotor,9/24/2019,11/7/2019
SEWA_N03_RVP1,47.67354,-122.31119,Fall19,10/22/2019 20:27,Rattus rattus,9/24/2019,11/7/2019
SEWA_N03_RVP1,47.67354,-122.31119,Fall19,10/22/2019 22:53,Procyon lotor,9/24/2019,11/7/2019
SEWA_N03_RVP1,47.67354,-122.31119,Fall19,10/23/2019 6:36,Rattus rattus,9/24/2019,11/7/2019
SEWA_N03_RVP1,47.67354,-122.31119,Fall19,10/23/2019 9:57,Sciurus carolinensis,9/24/2019,11/7/2019
SEWA_N03_RVP1,47.67354,-122.31119,Fall19,10/23/2019 12:13,Sciurus carolinensis,9/24/2019,11/7/2019
SEWA_N03_RVP1,47.67354,-122.31119,Fall19,10/23/2019 12:30,Sciurus carolinensis,9/24/2019,11/7/2019
SEWA_N03_RVP1,47.67354,-122.31119,Fall19,10/23/2019 12:34,Sciurus carolinensis,9/24/2019,11/7/2019
SEWA_N03_RVP1,47.67354,-122.31119,Fall19,10/23/2019 13:13,Sciurus carolinensis,9/24/2019,11/7/2019
SEWA_N03_RVP1,47.67354,-122.31119,Fall19,10/24/2019 10:31,Sciurus carolinensis,9/24/2019,11/7/2019
SEWA_N03_RVP1,47.67354,-122.31119,Fall19,10/24/2019 10:40,Sciurus carolinensis,9/24/2019,11/7/2019
SEWA_N03_RVP1,47.67354,-122.31119,Fall19,10/24/2019 18:06,Sciurus carolinensis,9/24/2019,11/7/2019
SEWA_N03_RVP1,47.67354,-122.31119,Fall19,10/24/2019 21:38,Rattus rattus,9/24/2019,11/7/2019
SEWA_N03_RVP1,47.67354,-122.31119,Fall19,10/25/2019 17:35,Sciurus carolinensis,9/24/2019,11/7/2019
SEWA_N03_RVP1,47.67354,-122.31119,Fall19,10/26/2019 11:17,Sciurus carolinensis,9/24/2019,11/7/2019
SEWA_N03_RVP1,47.67354,-122.31119,Fall19,10/26/2019 13:02,Sciurus carolinensis,9/24/2019,11/7/2019
SEWA_N03_RVP1,47.67354,-122.31119,Fall19,10/26/2019 17:11,Sciurus carolinensis,9/24/2019,11/7/2019
SEWA_N03_RVP1,47.67354,-122.31119,Fall19,10/27/2019 13:14,Sciurus carolinensis,9/24/2019,11/7/2019
SEWA_N03_RVP1,47.67354,-122.31119,Fall19,10/27/2019 15:50,Sciurus carolinensis,9/24/2019,11/7/2019
SEWA_N03_RVP1,47.67354,-122.31119,Fall19,10/28/2019 17:09,Sciurus carolinensis,9/24/2019,11/7/2019
SEWA_N03_RVP1,47.67354,-122.31119,Fall19,10/28/2019 17:35,Sciurus carolinensis,9/24/2019,11/7/2019
SEWA_N03_RVP1,47.67354,-122.31119,Fall19,10/29/2019 7:48,Sciurus carolinensis,9/24/2019,11/7/2019
SEWA_N03_RVP1,47.67354,-122.31119,Fall19,10/29/2019 14:27,Sciurus carolinensis,9/24/2019,11/7/2019
SEWA_N03_RVP1,47.67354,-122.31119,Fall19,10/29/2019 14:33,Sciurus carolinensis,9/24/2019,11/7/2019
SEWA_N03_RVP1,47.67354,-122.31119,Fall19,10/29/2019 16:41,Sciurus carolinensis,9/24/2019,11/7/2019
SEWA_N03_RVP1,47.67354,-122.31119,Fall19,10/29/2019 16:47,Sciurus carolinensis,9/24/2019,11/7/2019
SEWA_N03_RVP1,47.67354,-122.31119,Fall19,10/29/2019 17:52,Sciurus carolinensis,9/24/2019,11/7/2019
SEWA_N03_RVP1,47.67354,-122.31119,Fall19,10/30/2019 8:07,Sciurus carolinensis,9/24/2019,11/7/2019
SEWA_N03_RVP1,47.67354,-122.31119,Fall19,10/30/2019 9:06,Sciurus carolinensis,9/24/2019,11/7/2019
SEWA_N03_RVP1,47.67354,-122.31119,Fall19,10/30/2019 11:27,Canis familiaris,9/24/2019,11/7/2019
SEWA_N03_RVP1,47.67354,-122.31119,Fall19,10/30/2019 13:56,Sciurus carolinensis,9/24/2019,11/7/2019
SEWA_N03_RVP1,47.67354,-122.31119,Fall19,10/30/2019 14:24,Sciurus carolinensis,9/24/2019,11/7/2019
SEWA_N03_RVP1,47.67354,-122.31119,Fall19,10/30/2019 16:52,Homo sapiens,9/24/2019,11/7/2019
SEWA_N03_RVP1,47.67354,-122.31119,Fall19,10/31/2019 16:19,Sciurus carolinensis,9/24/2019,11/7/2019
SEWA_N03_RVP1,47.67354,-122.31119,Fall19,10/31/2019 16:40,Sciurus carolinensis,9/24/2019,11/7/2019
SEWA_N03_RVP1,47.67354,-122.31119,Fall19,10/31/2019 16:43,Sciurus carolinensis,9/24/2019,11/7/2019
SEWA_N03_RVP1,47.67354,-122.31119,Fall19,11/1/2019 8:39,Sciurus carolinensis,9/24/2019,11/7/2019
SEWA_N03_RVP1,47.67354,-122.31119,Fall19,11/1/2019 10:00,Sciurus carolinensis,9/24/2019,11/7/2019
SEWA_N03_RVP1,47.67354,-122.31119,Fall19,11/1/2019 11:18,Sciurus carolinensis,9/24/2019,11/7/2019
SEWA_N03_RVP1,47.67354,-122.31119,Fall19,11/1/2019 11:51,Homo sapiens,9/24/2019,11/7/2019
SEWA_N03_RVP1,47.67354,-122.31119,Fall19,11/1/2019 11:56,Homo sapiens,9/24/2019,11/7/2019
SEWA_N03_RVP1,47.67354,-122.31119,Fall19,11/1/2019 18:30,Canis latrans,9/24/2019,11/7/2019
SEWA_N03_RVP1,47.67354,-122.31119,Fall19,11/2/2019 14:08,Sciurus carolinensis,9/24/2019,11/7/2019
SEWA_N03_RVP1,47.67354,-122.31119,Fall19,11/3/2019 14:54,Sciurus carolinensis,9/24/2019,11/7/2019
SEWA_N03_RVP1,47.67354,-122.31119,Fall19,11/4/2019 9:11,Sciurus carolinensis,9/24/2019,11/7/2019
SEWA_N03_RVP1,47.67354,-122.31119,Fall19,11/4/2019 9:16,Sciurus carolinensis,9/24/2019,11/7/2019
SEWA_N03_RVP1,47.67354,-122.31119,Fall19,11/5/2019 9:28,Canis familiaris,9/24/2019,11/7/2019
SEWA_N03_RVP1,47.67354,-122.31119,Fall19,11/5/2019 14:28,Sciurus carolinensis,9/24/2019,11/7/2019
SEWA_N03_RVP1,47.67354,-122.31119,Fall19,11/5/2019 17:34,Homo sapiens,9/24/2019,11/7/2019
SEWA_N03_RVP1,47.67354,-122.31119,Fall19,11/6/2019 15:00,Sciurus carolinensis,9/24/2019,11/7/2019
SEWA_N03_RVP1,47.67354,-122.31119,Fall19,11/6/2019 15:11,Sciurus carolinensis,9/24/2019,11/7/2019
SEWA_N03_RVP1,47.67354,-122.31119,Fall19,11/6/2019 15:13,Sciurus carolinensis,9/24/2019,11/7/2019
SEWA_N03_RVP1,47.67354,-122.31119,Fall19,11/6/2019 15:14,Sciurus carolinensis,9/24/2019,11/7/2019
SEWA_N03_RVP1,47.67354,-122.31119,Fall19,11/6/2019 15:16,Sciurus carolinensis,9/24/2019,11/7/2019
SEWA_N03_RVP1,47.67354,-122.31119,Fall19,11/6/2019 15:17,Sciurus carolinensis,9/24/2019,11/7/2019
SEWA_N04_HFW1,47.70676,-122.19162,Fall19,10/2/2019 14:04,Homo sapiens,9/24/2019,11/7/2019
SEWA_N04_HFW1,47.70676,-122.19162,Fall19,10/5/2019 21:01,Didelphis virginiana,9/24/2019,11/7/2019
SEWA_N04_HFW1,47.70676,-122.19162,Fall19,10/7/2019 22:26,Canis latrans,9/24/2019,11/7/2019
SEWA_N04_HFW1,47.70676,-122.19162,Fall19,10/9/2019 11:48,Sciurus carolinensis,9/24/2019,11/7/2019
SEWA_N04_HFW1,47.70676,-122.19162,Fall19,10/10/2019 2:20,Sylvilagus floridanus,9/24/2019,11/7/2019
SEWA_N04_HFW1,47.70676,-122.19162,Fall19,10/10/2019 15:39,Sciurus carolinensis,9/24/2019,11/7/2019
SEWA_N04_HFW1,47.70676,-122.19162,Fall19,10/12/2019 7:10,Sylvilagus floridanus,9/24/2019,11/7/2019
SEWA_N04_HFW1,47.70676,-122.19162,Fall19,10/13/2019 16:11,Sciurus carolinensis,9/24/2019,11/7/2019
SEWA_N04_HFW1,47.70676,-122.19162,Fall19,10/15/2019 2:07,Didelphis virginiana,9/24/2019,11/7/2019
SEWA_N04_HFW1,47.70676,-122.19162,Fall19,10/16/2019 1:16,Procyon lotor,9/24/2019,11/7/2019
SEWA_N04_HFW1,47.70676,-122.19162,Fall19,10/17/2019 4:11,Didelphis virginiana,9/24/2019,11/7/2019
SEWA_N04_HFW1,47.70676,-122.19162,Fall19,10/19/2019 22:26,Didelphis virginiana,9/24/2019,11/7/2019
SEWA_N04_HFW1,47.70676,-122.19162,Fall19,10/20/2019 7:02,Procyon lotor,9/24/2019,11/7/2019
SEWA_N04_HFW1,47.70676,-122.19162,Fall19,10/22/2019 19:17,Procyon lotor,9/24/2019,11/7/2019
SEWA_N04_HFW1,47.70676,-122.19162,Fall19,10/23/2019 18:09,Canis familiaris,9/24/2019,11/7/2019
SEWA_N04_HFW1,47.70676,-122.19162,Fall19,10/25/2019 4:22,Didelphis virginiana,9/24/2019,11/7/2019
SEWA_N04_HFW1,47.70676,-122.19162,Fall19,10/26/2019 23:49,Didelphis virginiana,9/24/2019,11/7/2019
SEWA_N04_HFW1,47.70676,-122.19162,Fall19,10/30/2019 18:45,Sylvilagus floridanus,9/24/2019,11/7/2019
SEWA_N04_HFW1,47.70676,-122.19162,Fall19,10/31/2019 7:25,Sylvilagus floridanus,9/24/2019,11/7/2019
SEWA_N04_HFW1,47.70676,-122.19162,Fall19,10/31/2019 15:17,Sciurus carolinensis,9/24/2019,11/7/2019
SEWA_N04_HFW1,47.70676,-122.19162,Fall19,11/1/2019 14:39,Canis latrans,9/24/2019,11/7/2019
SEWA_N04_HFW1,47.70676,-122.19162,Fall19,11/2/2019 8:10,Sylvilagus floridanus,9/24/2019,11/7/2019
SEWA_N04_HFW1,47.70676,-122.19162,Fall19,11/2/2019 10:56,Sciurus carolinensis,9/24/2019,11/7/2019
SEWA_N04_HFW1,47.70676,-122.19162,Fall19,11/2/2019 11:01,Sciurus carolinensis,9/24/2019,11/7/2019
SEWA_N04_HFW1,47.70676,-122.19162,Fall19,11/2/2019 15:19,Canis familiaris,9/24/2019,11/7/2019
SEWA_N04_HFW1,47.70676,-122.19162,Fall19,11/4/2019 11:01,Homo sapiens,9/24/2019,11/7/2019
SEWA_N04_JBP1,47.69558,-122.20348,Fall19,9/24/2019 14:46,Canis latrans,9/24/2019,11/7/2019
SEWA_N04_JBP1,47.69558,-122.20348,Fall19,9/26/2019 9:45,Odocoileus hemionus,9/24/2019,11/7/2019
SEWA_N04_JBP1,47.69558,-122.20348,Fall19,9/26/2019 11:17,Canis familiaris,9/24/2019,11/7/2019
SEWA_N04_JBP1,47.69558,-122.20348,Fall19,9/28/2019 0:27,Odocoileus hemionus,9/24/2019,11/7/2019
SEWA_N04_JBP1,47.69558,-122.20348,Fall19,9/28/2019 8:26,Odocoileus hemionus,9/24/2019,11/7/2019
SEWA_N04_JBP1,47.69558,-122.20348,Fall19,9/30/2019 8:18,Odocoileus hemionus,9/24/2019,11/7/2019
SEWA_N04_JBP1,47.69558,-122.20348,Fall19,10/1/2019 11:38,Odocoileus hemionus,9/24/2019,11/7/2019
SEWA_N04_JBP1,47.69558,-122.20348,Fall19,10/1/2019 11:45,Odocoileus hemionus,9/24/2019,11/7/2019
SEWA_N04_JBP1,47.69558,-122.20348,Fall19,10/1/2019 16:21,Odocoileus hemionus,9/24/2019,11/7/2019
SEWA_N04_JBP1,47.69558,-122.20348,Fall19,10/1/2019 19:18,Canis latrans,9/24/2019,11/7/2019
SEWA_N04_JBP1,47.69558,-122.20348,Fall19,10/7/2019 1:39,Odocoileus hemionus,9/24/2019,11/7/2019
SEWA_N04_JBP1,47.69558,-122.20348,Fall19,10/7/2019 1:41,Odocoileus hemionus,9/24/2019,11/7/2019
SEWA_N04_JBP1,47.69558,-122.20348,Fall19,10/9/2019 14:27,Odocoileus hemionus,9/24/2019,11/7/2019
SEWA_N04_JBP1,47.69558,-122.20348,Fall19,10/9/2019 23:25,Odocoileus hemionus,9/24/2019,11/7/2019
SEWA_N04_JBP1,47.69558,-122.20348,Fall19,10/11/2019 2:13,Odocoileus hemionus,9/24/2019,11/7/2019
SEWA_N04_JBP1,47.69558,-122.20348,Fall19,10/11/2019 19:10,Odocoileus hemionus,9/24/2019,11/7/2019
SEWA_N04_JBP1,47.69558,-122.20348,Fall19,10/13/2019 15:30,Odocoileus hemionus,9/24/2019,11/7/2019
SEWA_N04_JBP1,47.69558,-122.20348,Fall19,10/13/2019 22:06,Odocoileus hemionus,9/24/2019,11/7/2019
SEWA_N04_JBP1,47.69558,-122.20348,Fall19,10/15/2019 12:54,Homo sapiens,9/24/2019,11/7/2019
SEWA_N04_JBP1,47.69558,-122.20348,Fall19,10/15/2019 18:29,Odocoileus hemionus,9/24/2019,11/7/2019
SEWA_N04_JBP1,47.69558,-122.20348,Fall19,10/16/2019 22:56,Odocoileus hemionus,9/24/2019,11/7/2019
SEWA_N04_JBP1,47.69558,-122.20348,Fall19,10/17/2019 17:54,Homo sapiens,9/24/2019,11/7/2019
SEWA_N04_JBP1,47.69558,-122.20348,Fall19,10/18/2019 1:51,Odocoileus hemionus,9/24/2019,11/7/2019
SEWA_N04_JBP1,47.69558,-122.20348,Fall19,10/18/2019 6:33,Odocoileus hemionus,9/24/2019,11/7/2019
SEWA_N04_JBP1,47.69558,-122.20348,Fall19,10/19/2019 11:31,Odocoileus hemionus,9/24/2019,11/7/2019
SEWA_N04_JBP1,47.69558,-122.20348,Fall19,10/20/2019 10:15,Odocoileus hemionus,9/24/2019,11/7/2019
SEWA_N04_JBP1,47.69558,-122.20348,Fall19,10/20/2019 15:58,Odocoileus hemionus,9/24/2019,11/7/2019
SEWA_N04_JBP1,47.69558,-122.20348,Fall19,10/24/2019 1:10,Odocoileus hemionus,9/24/2019,11/7/2019
SEWA_N04_JBP1,47.69558,-122.20348,Fall19,10/25/2019 4:56,Odocoileus hemionus,9/24/2019,11/7/2019
SEWA_N04_JBP1,47.69558,-122.20348,Fall19,10/26/2019 20:23,Procyon lotor,9/24/2019,11/7/2019
SEWA_N04_JBP1,47.69558,-122.20348,Fall19,10/29/2019 22:28,Odocoileus hemionus,9/24/2019,11/7/2019
SEWA_N04_JBP1,47.69558,-122.20348,Fall19,10/29/2019 22:51,Odocoileus hemionus,9/24/2019,11/7/2019
SEWA_N04_JBP1,47.69558,-122.20348,Fall19,10/30/2019 18:53,Odocoileus hemionus,9/24/2019,11/7/2019
SEWA_N04_JBP1,47.69558,-122.20348,Fall19,11/1/2019 0:38,Odocoileus hemionus,9/24/2019,11/7/2019
SEWA_N04_JBP1,47.69558,-122.20348,Fall19,11/2/2019 9:01,Odocoileus hemionus,9/24/2019,11/7/2019
SEWA_N04_JBP1,47.69558,-122.20348,Fall19,11/3/2019 0:15,Odocoileus hemionus,9/24/2019,11/7/2019
SEWA_N04_JBP1,47.69558,-122.20348,Fall19,11/3/2019 18:19,Odocoileus hemionus,9/24/2019,11/7/2019
SEWA_N04_JBP1,47.69558,-122.20348,Fall19,11/5/2019 7:26,Odocoileus hemionus,9/24/2019,11/7/2019
SEWA_N04_JBP1,47.69558,-122.20348,Fall19,11/6/2019 0:19,Odocoileus hemionus,9/24/2019,11/7/2019
SEWA_N04_JBP1,47.69558,-122.20348,Fall19,11/6/2019 13:44,Odocoileus hemionus,9/24/2019,11/7/2019
SEWA_N05_SVP1,47.70675,-122.15123,Fall19,9/25/2019 22:38,Sylvilagus floridanus,9/24/2019,11/7/2019
SEWA_N05_SVP1,47.70675,-122.15123,Fall19,9/27/2019 14:31,Canis latrans,9/24/2019,11/7/2019
SEWA_N05_SVP1,47.70675,-122.15123,Fall19,9/30/2019 23:37,Sylvilagus floridanus,9/24/2019,11/7/2019
SEWA_N05_SVP1,47.70675,-122.15123,Fall19,9/30/2019 23:38,Sylvilagus floridanus,9/24/2019,11/7/2019
SEWA_N05_SVP1,47.70675,-122.15123,Fall19,10/3/2019 9:53,Homo sapiens,9/24/2019,11/7/2019
SEWA_N05_SVP1,47.70675,-122.15123,Fall19,10/3/2019 9:58,Homo sapiens,9/24/2019,11/7/2019
SEWA_N05_SVP1,47.70675,-122.15123,Fall19,10/3/2019 10:00,Homo sapiens,9/24/2019,11/7/2019
SEWA_N05_SVP1,47.70675,-122.15123,Fall19,10/5/2019 23:10,Sylvilagus floridanus,9/24/2019,11/7/2019
SEWA_N05_SVP1,47.70675,-122.15123,Fall19,10/6/2019 14:18,Canis latrans,9/24/2019,11/7/2019
SEWA_N05_SVP1,47.70675,-122.15123,Fall19,10/6/2019 14:22,Canis latrans,9/24/2019,11/7/2019
SEWA_N05_SVP1,47.70675,-122.15123,Fall19,10/6/2019 22:03,Sylvilagus floridanus,9/24/2019,11/7/2019
SEWA_N05_SVP1,47.70675,-122.15123,Fall19,10/6/2019 22:12,Sylvilagus floridanus,9/24/2019,11/7/2019
SEWA_N05_SVP1,47.70675,-122.15123,Fall19,10/11/2019 5:43,Sylvilagus floridanus,9/24/2019,11/7/2019
SEWA_N05_SVP1,47.70675,-122.15123,Fall19,10/11/2019 5:45,Sylvilagus floridanus,9/24/2019,11/7/2019
SEWA_N05_SVP1,47.70675,-122.15123,Fall19,10/15/2019 15:22,Canis latrans,9/24/2019,11/7/2019
SEWA_N05_SVP1,47.70675,-122.15123,Fall19,10/15/2019 15:25,Canis latrans,9/24/2019,11/7/2019
SEWA_N05_SVP1,47.70675,-122.15123,Fall19,10/15/2019 16:42,Canis latrans,9/24/2019,11/7/2019
SEWA_N05_SVP1,47.70675,-122.15123,Fall19,10/17/2019 2:44,Sylvilagus floridanus,9/24/2019,11/7/2019
SEWA_N05_SVP1,47.70675,-122.15123,Fall19,10/19/2019 17:37,Canis latrans,9/24/2019,11/7/2019
SEWA_N05_SVP1,47.70675,-122.15123,Fall19,10/29/2019 3:52,Sylvilagus floridanus,9/24/2019,11/7/2019
SEWA_N05_SVP1,47.70675,-122.15123,Fall19,10/30/2019 6:32,Sylvilagus floridanus,9/24/2019,11/7/2019
SEWA_N05_SVP1,47.70675,-122.15123,Fall19,10/31/2019 7:19,Sylvilagus floridanus,9/24/2019,11/7/2019
SEWA_N05_SVP1,47.70675,-122.15123,Fall19,11/1/2019 8:53,Homo sapiens,9/24/2019,11/7/2019
SEWA_N05_SVP1,47.70675,-122.15123,Fall19,11/1/2019 8:56,Homo sapiens,9/24/2019,11/7/2019
SEWA_N06_MBC1,47.70461,-122.08888,Fall19,9/24/2019 18:12,Odocoileus hemionus,9/24/2019,11/7/2019
SEWA_N06_MBC1,47.70461,-122.08888,Fall19,9/29/2019 12:38,Homo sapiens,9/24/2019,11/7/2019
SEWA_N06_MBC1,47.70461,-122.08888,Fall19,9/29/2019 12:43,Homo sapiens,9/24/2019,11/7/2019
SEWA_N06_MBC1,47.70461,-122.08888,Fall19,10/6/2019 9:10,Sciurus carolinensis,9/24/2019,11/7/2019
SEWA_N06_MBC1,47.70461,-122.08888,Fall19,10/7/2019 8:22,Odocoileus hemionus,9/24/2019,11/7/2019
SEWA_N06_MBC1,47.70461,-122.08888,Fall19,10/7/2019 18:24,Odocoileus hemionus,9/24/2019,11/7/2019
SEWA_N06_MBC1,47.70461,-122.08888,Fall19,10/7/2019 18:25,Odocoileus hemionus,9/24/2019,11/7/2019
SEWA_N06_MBC1,47.70461,-122.08888,Fall19,10/7/2019 20:35,Procyon lotor,9/24/2019,11/7/2019
SEWA_N06_MBC1,47.70461,-122.08888,Fall19,10/8/2019 8:43,Tamiasciurus douglasii,9/24/2019,11/7/2019
SEWA_N06_MBC1,47.70461,-122.08888,Fall19,10/9/2019 11:57,Sciurus carolinensis,9/24/2019,11/7/2019
SEWA_N06_MBC1,47.70461,-122.08888,Fall19,10/20/2019 7:59,Odocoileus hemionus,9/24/2019,11/7/2019
SEWA_N06_MBC1,47.70461,-122.08888,Fall19,10/20/2019 8:32,Odocoileus hemionus,9/24/2019,11/7/2019
SEWA_N06_MBC1,47.70461,-122.08888,Fall19,10/23/2019 1:04,Odocoileus hemionus,9/24/2019,11/7/2019
SEWA_N06_MBC1,47.70461,-122.08888,Fall19,10/24/2019 3:41,Odocoileus hemionus,9/24/2019,11/7/2019
SEWA_N06_MBC1,47.70461,-122.08888,Fall19,11/3/2019 21:31,Canis latrans,9/24/2019,11/7/2019
SEWA_N07_FRD1,47.75103,-122.00792,Fall19,9/29/2019 11:27,Homo sapiens,9/24/2019,11/7/2019
SEWA_N07_FRD1,47.75103,-122.00792,Fall19,9/30/2019 16:19,Sylvilagus floridanus,9/24/2019,11/7/2019
SEWA_N07_FRD1,47.75103,-122.00792,Fall19,10/2/2019 8:43,Sciurus carolinensis,9/24/2019,11/7/2019
SEWA_N07_FRD1,47.75103,-122.00792,Fall19,10/2/2019 14:33,Sciurus carolinensis,9/24/2019,11/7/2019
SEWA_N07_FRD1,47.75103,-122.00792,Fall19,10/3/2019 1:56,Sylvilagus floridanus,9/24/2019,11/7/2019
SEWA_N07_FRD1,47.75103,-122.00792,Fall19,10/3/2019 1:58,Sylvilagus floridanus,9/24/2019,11/7/2019
SEWA_N07_FRD1,47.75103,-122.00792,Fall19,10/3/2019 2:11,Sylvilagus floridanus,9/24/2019,11/7/2019
SEWA_N07_FRD1,47.75103,-122.00792,Fall19,10/3/2019 2:25,Sylvilagus floridanus,9/24/2019,11/7/2019
SEWA_N07_FRD1,47.75103,-122.00792,Fall19,10/3/2019 4:10,Sylvilagus floridanus,9/24/2019,11/7/2019
SEWA_N07_FRD1,47.75103,-122.00792,Fall19,10/4/2019 2:34,Sylvilagus floridanus,9/24/2019,11/7/2019
SEWA_N07_FRD1,47.75103,-122.00792,Fall19,10/4/2019 8:28,Sciurus carolinensis,9/24/2019,11/7/2019
SEWA_N07_FRD1,47.75103,-122.00792,Fall19,10/4/2019 8:32,Sciurus carolinensis,9/24/2019,11/7/2019
SEWA_N07_FRD1,47.75103,-122.00792,Fall19,10/4/2019 8:39,Sciurus carolinensis,9/24/2019,11/7/2019
SEWA_N07_FRD1,47.75103,-122.00792,Fall19,10/4/2019 8:54,Sciurus carolinensis,9/24/2019,11/7/2019
SEWA_N07_FRD1,47.75103,-122.00792,Fall19,10/4/2019 9:01,Sciurus carolinensis,9/24/2019,11/7/2019
SEWA_N07_FRD1,47.75103,-122.00792,Fall19,10/4/2019 9:22,Sciurus carolinensis,9/24/2019,11/7/2019
SEWA_N07_FRD1,47.75103,-122.00792,Fall19,10/4/2019 10:22,Sylvilagus floridanus,9/24/2019,11/7/2019
SEWA_N07_FRD1,47.75103,-122.00792,Fall19,10/4/2019 10:57,Sciurus carolinensis,9/24/2019,11/7/2019
SEWA_N07_FRD1,47.75103,-122.00792,Fall19,10/4/2019 12:19,Sciurus carolinensis,9/24/2019,11/7/2019
SEWA_N07_FRD1,47.75103,-122.00792,Fall19,10/4/2019 14:44,Sciurus carolinensis,9/24/2019,11/7/2019
SEWA_N07_FRD1,47.75103,-122.00792,Fall19,10/5/2019 12:42,Sciurus carolinensis,9/24/2019,11/7/2019
SEWA_N07_FRD1,47.75103,-122.00792,Fall19,10/5/2019 15:59,Sciurus carolinensis,9/24/2019,11/7/2019
SEWA_N07_FRD1,47.75103,-122.00792,Fall19,10/6/2019 10:36,Sciurus carolinensis,9/24/2019,11/7/2019
SEWA_N07_FRD1,47.75103,-122.00792,Fall19,10/7/2019 10:16,Sciurus carolinensis,9/24/2019,11/7/2019
SEWA_N07_FRD1,47.75103,-122.00792,Fall19,10/8/2019 11:37,Sciurus carolinensis,9/24/2019,11/7/2019
SEWA_N07_FRD1,47.75103,-122.00792,Fall19,10/9/2019 9:02,Sciurus carolinensis,9/24/2019,11/7/2019
SEWA_N07_FRD1,47.75103,-122.00792,Fall19,10/9/2019 9:04,Sciurus carolinensis,9/24/2019,11/7/2019
SEWA_N07_FRD1,47.75103,-122.00792,Fall19,10/9/2019 10:15,Sciurus carolinensis,9/24/2019,11/7/2019
SEWA_N07_FRD1,47.75103,-122.00792,Fall19,10/9/2019 10:44,Sciurus carolinensis,9/24/2019,11/7/2019
SEWA_N07_FRD1,47.75103,-122.00792,Fall19,10/11/2019 0:16,Sylvilagus floridanus,9/24/2019,11/7/2019
SEWA_N07_FRD1,47.75103,-122.00792,Fall19,10/12/2019 4:14,Sylvilagus floridanus,9/24/2019,11/7/2019
SEWA_N07_FRD1,47.75103,-122.00792,Fall19,10/12/2019 4:30,Sylvilagus floridanus,9/24/2019,11/7/2019
SEWA_N07_FRD1,47.75103,-122.00792,Fall19,10/12/2019 4:36,Sylvilagus floridanus,9/24/2019,11/7/2019
SEWA_N07_FRD1,47.75103,-122.00792,Fall19,10/12/2019 13:53,Sciurus carolinensis,9/24/2019,11/7/2019
SEWA_N07_FRD1,47.75103,-122.00792,Fall19,10/12/2019 13:57,Sciurus carolinensis,9/24/2019,11/7/2019
SEWA_N07_FRD1,47.75103,-122.00792,Fall19,10/12/2019 14:03,Sciurus carolinensis,9/24/2019,11/7/2019
SEWA_N07_FRD1,47.75103,-122.00792,Fall19,10/12/2019 16:28,Sciurus carolinensis,9/24/2019,11/7/2019
SEWA_N07_FRD1,47.75103,-122.00792,Fall19,10/12/2019 16:31,Sciurus carolinensis,9/24/2019,11/7/2019
SEWA_N07_FRD1,47.75103,-122.00792,Fall19,10/12/2019 16:33,Sciurus carolinensis,9/24/2019,11/7/2019
SEWA_N07_FRD1,47.75103,-122.00792,Fall19,10/14/2019 1:22,Sylvilagus floridanus,9/24/2019,11/7/2019
SEWA_N07_FRD1,47.75103,-122.00792,Fall19,10/14/2019 5:50,Canis latrans,9/24/2019,11/7/2019
SEWA_N07_FRD1,47.75103,-122.00792,Fall19,10/15/2019 1:35,Odocoileus hemionus,9/24/2019,11/7/2019
SEWA_N07_FRD1,47.75103,-122.00792,Fall19,10/15/2019 1:39,Odocoileus hemionus,9/24/2019,11/7/2019
SEWA_N07_FRD1,47.75103,-122.00792,Fall19,10/15/2019 5:59,Sylvilagus floridanus,9/24/2019,11/7/2019
SEWA_N07_FRD1,47.75103,-122.00792,Fall19,10/15/2019 6:02,Sylvilagus floridanus,9/24/2019,11/7/2019
SEWA_N07_FRD1,47.75103,-122.00792,Fall19,10/16/2019 9:29,Sciurus carolinensis,9/24/2019,11/7/2019
SEWA_N07_FRD1,47.75103,-122.00792,Fall19,10/16/2019 9:50,Sciurus carolinensis,9/24/2019,11/7/2019
SEWA_N07_FRD1,47.75103,-122.00792,Fall19,10/16/2019 9:52,Sciurus carolinensis,9/24/2019,11/7/2019
SEWA_N07_FRD1,47.75103,-122.00792,Fall19,10/16/2019 12:34,Sciurus carolinensis,9/24/2019,11/7/2019
SEWA_N07_FRD1,47.75103,-122.00792,Fall19,10/18/2019 5:44,Sylvilagus floridanus,9/24/2019,11/7/2019
SEWA_N07_FRD1,47.75103,-122.00792,Fall19,10/18/2019 10:59,Sciurus carolinensis,9/24/2019,11/7/2019
SEWA_N07_FRD1,47.75103,-122.00792,Fall19,10/19/2019 11:18,Sciurus carolinensis,9/24/2019,11/7/2019
SEWA_N07_FRD1,47.75103,-122.00792,Fall19,10/20/2019 6:55,Sylvilagus floridanus,9/24/2019,11/7/2019
SEWA_N07_FRD1,47.75103,-122.00792,Fall19,10/20/2019 22:44,Sylvilagus floridanus,9/24/2019,11/7/2019
SEWA_N07_FRD1,47.75103,-122.00792,Fall19,10/22/2019 10:08,Sciurus carolinensis,9/24/2019,11/7/2019
SEWA_N07_FRD1,47.75103,-122.00792,Fall19,10/22/2019 11:45,Sciurus carolinensis,9/24/2019,11/7/2019
SEWA_N07_FRD1,47.75103,-122.00792,Fall19,10/22/2019 13:44,Sciurus carolinensis,9/24/2019,11/7/2019
SEWA_N07_FRD1,47.75103,-122.00792,Fall19,10/22/2019 14:03,Sciurus carolinensis,9/24/2019,11/7/2019
SEWA_N07_FRD1,47.75103,-122.00792,Fall19,10/22/2019 14:43,Sciurus carolinensis,9/24/2019,11/7/2019
SEWA_N07_FRD1,47.75103,-122.00792,Fall19,10/22/2019 14:49,Sciurus carolinensis,9/24/2019,11/7/2019
SEWA_N07_FRD1,47.75103,-122.00792,Fall19,10/22/2019 15:34,Sciurus carolinensis,9/24/2019,11/7/2019
SEWA_N07_FRD1,47.75103,-122.00792,Fall19,10/23/2019 9:40,Sciurus carolinensis,9/24/2019,11/7/2019
SEWA_N07_FRD1,47.75103,-122.00792,Fall19,10/23/2019 13:59,Sciurus carolinensis,9/24/2019,11/7/2019
SEWA_N07_FRD1,47.75103,-122.00792,Fall19,10/25/2019 9:14,Sciurus carolinensis,9/24/2019,11/7/2019
SEWA_N07_FRD1,47.75103,-122.00792,Fall19,10/25/2019 9:36,Sciurus carolinensis,9/24/2019,11/7/2019
SEWA_N07_FRD1,47.75103,-122.00792,Fall19,10/26/2019 9:23,Sciurus carolinensis,9/24/2019,11/7/2019
SEWA_N07_FRD1,47.75103,-122.00792,Fall19,10/26/2019 9:26,Sciurus carolinensis,9/24/2019,11/7/2019
SEWA_N07_FRD1,47.75103,-122.00792,Fall19,10/26/2019 10:19,Sciurus carolinensis,9/24/2019,11/7/2019
SEWA_N07_FRD1,47.75103,-122.00792,Fall19,10/27/2019 22:32,Sylvilagus floridanus,9/24/2019,11/7/2019
SEWA_N07_FRD1,47.75103,-122.00792,Fall19,10/28/2019 11:03,Sciurus carolinensis,9/24/2019,11/7/2019
SEWA_N07_FRD1,47.75103,-122.00792,Fall19,10/29/2019 13:20,Sciurus carolinensis,9/24/2019,11/7/2019
SEWA_N07_FRD1,47.75103,-122.00792,Fall19,10/31/2019 8:19,Odocoileus hemionus,9/24/2019,11/7/2019
SEWA_N07_FRD1,47.75103,-122.00792,Fall19,11/1/2019 12:05,Sciurus carolinensis,9/24/2019,11/7/2019
SEWA_N07_FRD1,47.75103,-122.00792,Fall19,11/1/2019 12:07,Sciurus carolinensis,9/24/2019,11/7/2019
SEWA_N07_FRD1,47.75103,-122.00792,Fall19,11/1/2019 12:19,Sciurus carolinensis,9/24/2019,11/7/2019
SEWA_N07_FRD1,47.75103,-122.00792,Fall19,11/2/2019 10:17,Odocoileus hemionus,9/24/2019,11/7/2019
SEWA_N07_FRD1,47.75103,-122.00792,Fall19,11/2/2019 13:29,Sciurus carolinensis,9/24/2019,11/7/2019
SEWA_N07_FRD1,47.75103,-122.00792,Fall19,11/3/2019 9:48,Sciurus carolinensis,9/24/2019,11/7/2019
SEWA_N07_FRD1,47.75103,-122.00792,Fall19,11/3/2019 12:28,Homo sapiens,9/24/2019,11/7/2019
SEWA_N07_RHF1,47.7406,-122.01764,Fall19,9/29/2019 12:53,Homo sapiens,9/24/2019,11/7/2019
SEWA_N07_RHF1,47.7406,-122.01764,Fall19,9/29/2019 12:55,Homo sapiens,9/24/2019,11/7/2019
SEWA_N07_RHF1,47.7406,-122.01764,Fall19,10/3/2019 23:02,Didelphis virginiana,9/24/2019,11/7/2019
SEWA_N07_RHF1,47.7406,-122.01764,Fall19,10/8/2019 14:47,Lynx rufus,9/24/2019,11/7/2019
SEWA_N07_RHF1,47.7406,-122.01764,Fall19,10/10/2019 23:46,Didelphis virginiana,9/24/2019,11/7/2019
SEWA_N07_RHF1,47.7406,-122.01764,Fall19,10/16/2019 6:37,Odocoileus hemionus,9/24/2019,11/7/2019
SEWA_N07_RHF1,47.7406,-122.01764,Fall19,10/24/2019 18:26,Odocoileus hemionus,9/24/2019,11/7/2019
SEWA_N07_RHF1,47.7406,-122.01764,Fall19,11/3/2019 11:18,Homo sapiens,9/24/2019,11/7/2019
SEWA_N08_DOS1,47.74577,-121.96749,Fall19,10/7/2019 15:31,Homo sapiens,9/24/2019,11/7/2019
SEWA_N08_DOS1,47.74577,-121.96749,Fall19,10/7/2019 15:34,Homo sapiens,9/24/2019,11/7/2019
SEWA_N08_DOS1,47.74577,-121.96749,Fall19,10/9/2019 0:00,Didelphis virginiana,9/24/2019,11/7/2019
SEWA_S01_PGP2,47.55669,-122.35852,Fall19,9/27/2019 9:47,Homo sapiens,9/24/2019,11/7/2019
SEWA_S01_PGP2,47.55669,-122.35852,Fall19,10/4/2019 0:56,Procyon lotor,9/24/2019,11/7/2019
SEWA_S01_PGP2,47.55669,-122.35852,Fall19,10/6/2019 18:59,Procyon lotor,9/24/2019,11/7/2019
SEWA_S01_PGP2,47.55669,-122.35852,Fall19,10/6/2019 23:50,Procyon lotor,9/24/2019,11/7/2019
SEWA_S01_PGP2,47.55669,-122.35852,Fall19,10/7/2019 2:13,Procyon lotor,9/24/2019,11/7/2019
SEWA_S01_PGP2,47.55669,-122.35852,Fall19,10/8/2019 1:28,Procyon lotor,9/24/2019,11/7/2019
SEWA_S01_PGP2,47.55669,-122.35852,Fall19,10/9/2019 19:48,Procyon lotor,9/24/2019,11/7/2019
SEWA_S01_PGP2,47.55669,-122.35852,Fall19,10/9/2019 19:49,Procyon lotor,9/24/2019,11/7/2019
SEWA_S01_PGP2,47.55669,-122.35852,Fall19,10/12/2019 1:36,Procyon lotor,9/24/2019,11/7/2019
SEWA_S01_PGP2,47.55669,-122.35852,Fall19,10/13/2019 1:23,Procyon lotor,9/24/2019,11/7/2019
SEWA_S01_PGP2,47.55669,-122.35852,Fall19,10/13/2019 20:51,Procyon lotor,9/24/2019,11/7/2019
SEWA_S01_PGP2,47.55669,-122.35852,Fall19,10/15/2019 20:18,Procyon lotor,9/24/2019,11/7/2019
SEWA_S01_PGP2,47.55669,-122.35852,Fall19,10/16/2019 0:40,Procyon lotor,9/24/2019,11/7/2019
SEWA_S01_PGP2,47.55669,-122.35852,Fall19,10/16/2019 2:33,Procyon lotor,9/24/2019,11/7/2019
SEWA_S01_PGP2,47.55669,-122.35852,Fall19,10/25/2019 1:40,Procyon lotor,9/24/2019,11/7/2019
SEWA_S01_PGP2,47.55669,-122.35852,Fall19,10/26/2019 20:13,Procyon lotor,9/24/2019,11/7/2019
SEWA_S01_PGP2,47.55669,-122.35852,Fall19,11/5/2019 21:52,Procyon lotor,9/24/2019,11/7/2019
SEWA_S01_PGP2,47.55669,-122.35852,Fall19,11/6/2019 16:17,Homo sapiens,9/24/2019,11/7/2019
SEWA_S01_PGP2,47.55669,-122.35852,Fall19,11/6/2019 16:22,Homo sapiens,9/24/2019,11/7/2019
SEWA_S01_PGP2,47.55669,-122.35852,Fall19,11/6/2019 16:27,Homo sapiens,9/24/2019,11/7/2019
SEWA_S01_TMP1,47.56718,-122.35082,Fall19,9/27/2019 9:07,Homo sapiens,9/24/2019,11/7/2019
SEWA_S01_TMP1,47.56718,-122.35082,Fall19,10/2/2019 7:03,Procyon lotor,9/24/2019,11/7/2019
SEWA_S01_TMP1,47.56718,-122.35082,Fall19,10/2/2019 7:06,Procyon lotor,9/24/2019,11/7/2019
SEWA_S01_TMP1,47.56718,-122.35082,Fall19,10/3/2019 21:12,Procyon lotor,9/24/2019,11/7/2019
SEWA_S01_TMP1,47.56718,-122.35082,Fall19,10/5/2019 9:35,Homo sapiens,9/24/2019,11/7/2019
SEWA_S01_TMP1,47.56718,-122.35082,Fall19,10/7/2019 8:04,Sciurus carolinensis,9/24/2019,11/7/2019
SEWA_S01_TMP1,47.56718,-122.35082,Fall19,10/8/2019 10:43,Homo sapiens,9/24/2019,11/7/2019
SEWA_S01_TMP1,47.56718,-122.35082,Fall19,10/18/2019 5:18,Procyon lotor,9/24/2019,11/7/2019
SEWA_S01_TMP1,47.56718,-122.35082,Fall19,10/18/2019 5:36,Procyon lotor,9/24/2019,11/7/2019
SEWA_S01_TMP1,47.56718,-122.35082,Fall19,10/20/2019 3:42,Procyon lotor,9/24/2019,11/7/2019
SEWA_S01_TMP1,47.56718,-122.35082,Fall19,10/20/2019 5:03,Procyon lotor,9/24/2019,11/7/2019
SEWA_S01_TMP1,47.56718,-122.35082,Fall19,10/20/2019 21:08,Procyon lotor,9/24/2019,11/7/2019
SEWA_S01_TMP1,47.56718,-122.35082,Fall19,10/20/2019 22:17,Procyon lotor,9/24/2019,11/7/2019
SEWA_S01_TMP1,47.56718,-122.35082,Fall19,10/21/2019 1:15,Procyon lotor,9/24/2019,11/7/2019
SEWA_S01_TMP1,47.56718,-122.35082,Fall19,10/26/2019 10:26,Homo sapiens,9/24/2019,11/7/2019
SEWA_S01_TMP1,47.56718,-122.35082,Fall19,10/28/2019 5:38,Procyon lotor,9/24/2019,11/7/2019
SEWA_S01_TMP1,47.56718,-122.35082,Fall19,10/28/2019 5:51,Procyon lotor,9/24/2019,11/7/2019
SEWA_S01_TMP1,47.56718,-122.35082,Fall19,11/5/2019 6:03,Procyon lotor,9/24/2019,11/7/2019
SEWA_S01_TMP1,47.56718,-122.35082,Fall19,11/6/2019 15:58,Homo sapiens,9/24/2019,11/7/2019
SEWA_S02_DWP1,47.53195,-122.32024,Fall19,9/25/2019 11:28,Homo sapiens,9/24/2019,11/7/2019
SEWA_S02_DWP1,47.53195,-122.32024,Fall19,9/25/2019 16:42,Felis catus,9/24/2019,11/7/2019
SEWA_S02_DWP1,47.53195,-122.32024,Fall19,9/25/2019 16:45,Felis catus,9/24/2019,11/7/2019
SEWA_S02_DWP1,47.53195,-122.32024,Fall19,9/25/2019 16:59,Felis catus,9/24/2019,11/7/2019
SEWA_S02_DWP1,47.53195,-122.32024,Fall19,9/26/2019 3:52,Felis catus,9/24/2019,11/7/2019
SEWA_S02_DWP1,47.53195,-122.32024,Fall19,9/26/2019 3:59,Felis catus,9/24/2019,11/7/2019
SEWA_S02_DWP1,47.53195,-122.32024,Fall19,9/26/2019 11:55,Felis catus,9/24/2019,11/7/2019
SEWA_S02_DWP1,47.53195,-122.32024,Fall19,9/26/2019 17:34,Felis catus,9/24/2019,11/7/2019
SEWA_S02_DWP1,47.53195,-122.32024,Fall19,9/26/2019 17:43,Felis catus,9/24/2019,11/7/2019
SEWA_S02_DWP1,47.53195,-122.32024,Fall19,9/26/2019 18:14,Felis catus,9/24/2019,11/7/2019
SEWA_S02_DWP1,47.53195,-122.32024,Fall19,9/27/2019 5:11,Felis catus,9/24/2019,11/7/2019
SEWA_S02_DWP1,47.53195,-122.32024,Fall19,9/27/2019 17:45,Felis catus,9/24/2019,11/7/2019
SEWA_S02_DWP1,47.53195,-122.32024,Fall19,9/27/2019 19:38,Felis catus,9/24/2019,11/7/2019
SEWA_S02_DWP1,47.53195,-122.32024,Fall19,9/27/2019 22:38,Felis catus,9/24/2019,11/7/2019
SEWA_S02_DWP1,47.53195,-122.32024,Fall19,9/28/2019 5:11,Felis catus,9/24/2019,11/7/2019
SEWA_S02_DWP1,47.53195,-122.32024,Fall19,9/28/2019 11:33,Felis catus,9/24/2019,11/7/2019
SEWA_S02_DWP1,47.53195,-122.32024,Fall19,9/28/2019 11:37,Felis catus,9/24/2019,11/7/2019
SEWA_S02_DWP1,47.53195,-122.32024,Fall19,9/28/2019 18:07,Felis catus,9/24/2019,11/7/2019
SEWA_S02_DWP1,47.53195,-122.32024,Fall19,9/28/2019 18:46,Felis catus,9/24/2019,11/7/2019
SEWA_S02_DWP1,47.53195,-122.32024,Fall19,9/28/2019 18:47,Felis catus,9/24/2019,11/7/2019
SEWA_S02_DWP1,47.53195,-122.32024,Fall19,9/28/2019 23:32,Felis catus,9/24/2019,11/7/2019
SEWA_S02_DWP1,47.53195,-122.32024,Fall19,9/29/2019 5:16,Felis catus,9/24/2019,11/7/2019
SEWA_S02_DWP1,47.53195,-122.32024,Fall19,9/29/2019 8:23,Sciurus carolinensis,9/24/2019,11/7/2019
SEWA_S02_DWP1,47.53195,-122.32024,Fall19,9/29/2019 8:30,Felis catus,9/24/2019,11/7/2019
SEWA_S02_DWP1,47.53195,-122.32024,Fall19,9/29/2019 8:31,Felis catus,9/24/2019,11/7/2019
SEWA_S02_DWP1,47.53195,-122.32024,Fall19,9/29/2019 8:34,Felis catus,9/24/2019,11/7/2019
SEWA_S02_DWP1,47.53195,-122.32024,Fall19,9/29/2019 8:36,Felis catus,9/24/2019,11/7/2019
SEWA_S02_DWP1,47.53195,-122.32024,Fall19,9/29/2019 8:37,Felis catus,9/24/2019,11/7/2019
SEWA_S02_DWP1,47.53195,-122.32024,Fall19,9/29/2019 8:56,Felis catus,9/24/2019,11/7/2019
SEWA_S02_DWP1,47.53195,-122.32024,Fall19,9/29/2019 9:20,Felis catus,9/24/2019,11/7/2019
SEWA_S02_DWP1,47.53195,-122.32024,Fall19,9/29/2019 15:25,Felis catus,9/24/2019,11/7/2019
SEWA_S02_DWP1,47.53195,-122.32024,Fall19,9/29/2019 15:33,Felis catus,9/24/2019,11/7/2019
SEWA_S02_DWP1,47.53195,-122.32024,Fall19,9/30/2019 9:16,Felis catus,9/24/2019,11/7/2019
SEWA_S02_DWP1,47.53195,-122.32024,Fall19,9/30/2019 9:17,Felis catus,9/24/2019,11/7/2019
SEWA_S02_DWP1,47.53195,-122.32024,Fall19,9/30/2019 10:24,Felis catus,9/24/2019,11/7/2019
SEWA_S02_DWP1,47.53195,-122.32024,Fall19,9/30/2019 13:56,Felis catus,9/24/2019,11/7/2019
SEWA_S02_DWP1,47.53195,-122.32024,Fall19,9/30/2019 18:44,Felis catus,9/24/2019,11/7/2019
SEWA_S02_DWP1,47.53195,-122.32024,Fall19,9/30/2019 19:00,Felis catus,9/24/2019,11/7/2019
SEWA_S02_DWP1,47.53195,-122.32024,Fall19,10/1/2019 8:03,Felis catus,9/24/2019,11/7/2019
SEWA_S02_DWP1,47.53195,-122.32024,Fall19,10/1/2019 8:09,Felis catus,9/24/2019,11/7/2019
SEWA_S02_DWP1,47.53195,-122.32024,Fall19,10/1/2019 8:38,Felis catus,9/24/2019,11/7/2019
SEWA_S02_DWP1,47.53195,-122.32024,Fall19,10/1/2019 8:40,Felis catus,9/24/2019,11/7/2019
SEWA_S02_DWP1,47.53195,-122.32024,Fall19,10/1/2019 8:44,Felis catus,9/24/2019,11/7/2019
SEWA_S02_DWP1,47.53195,-122.32024,Fall19,10/1/2019 9:17,Felis catus,9/24/2019,11/7/2019
SEWA_S02_DWP1,47.53195,-122.32024,Fall19,10/1/2019 12:31,Sciurus carolinensis,9/24/2019,11/7/2019
SEWA_S02_DWP1,47.53195,-122.32024,Fall19,10/1/2019 21:49,Felis catus,9/24/2019,11/7/2019
SEWA_S02_DWP1,47.53195,-122.32024,Fall19,10/2/2019 8:39,Felis catus,9/24/2019,11/7/2019
SEWA_S02_DWP1,47.53195,-122.32024,Fall19,10/2/2019 8:40,Felis catus,9/24/2019,11/7/2019
SEWA_S02_DWP1,47.53195,-122.32024,Fall19,10/2/2019 8:44,Felis catus,9/24/2019,11/7/2019
SEWA_S02_DWP1,47.53195,-122.32024,Fall19,10/2/2019 8:57,Felis catus,9/24/2019,11/7/2019
SEWA_S02_DWP1,47.53195,-122.32024,Fall19,10/2/2019 9:08,Felis catus,9/24/2019,11/7/2019
SEWA_S02_DWP1,47.53195,-122.32024,Fall19,10/2/2019 9:10,Felis catus,9/24/2019,11/7/2019
SEWA_S02_DWP1,47.53195,-122.32024,Fall19,10/2/2019 9:16,Felis catus,9/24/2019,11/7/2019
SEWA_S02_DWP1,47.53195,-122.32024,Fall19,10/2/2019 9:56,Felis catus,9/24/2019,11/7/2019
SEWA_S02_DWP1,47.53195,-122.32024,Fall19,10/2/2019 10:10,Felis catus,9/24/2019,11/7/2019
SEWA_S02_DWP1,47.53195,-122.32024,Fall19,10/2/2019 10:15,Felis catus,9/24/2019,11/7/2019
SEWA_S02_DWP1,47.53195,-122.32024,Fall19,10/2/2019 10:20,Felis catus,9/24/2019,11/7/2019
SEWA_S02_DWP1,47.53195,-122.32024,Fall19,10/2/2019 13:02,Sciurus carolinensis,9/24/2019,11/7/2019
SEWA_S02_DWP1,47.53195,-122.32024,Fall19,10/2/2019 15:13,Felis catus,9/24/2019,11/7/2019
SEWA_S02_DWP1,47.53195,-122.32024,Fall19,10/2/2019 16:36,Sciurus carolinensis,9/24/2019,11/7/2019
SEWA_S02_DWP1,47.53195,-122.32024,Fall19,10/2/2019 16:39,Sciurus carolinensis,9/24/2019,11/7/2019
SEWA_S02_DWP1,47.53195,-122.32024,Fall19,10/2/2019 16:43,Sciurus carolinensis,9/24/2019,11/7/2019
SEWA_S02_DWP1,47.53195,-122.32024,Fall19,10/2/2019 16:55,Felis catus,9/24/2019,11/7/2019
SEWA_S02_DWP1,47.53195,-122.32024,Fall19,10/2/2019 20:00,Procyon lotor,9/24/2019,11/7/2019
SEWA_S02_DWP1,47.53195,-122.32024,Fall19,10/3/2019 8:19,Felis catus,9/24/2019,11/7/2019
SEWA_S02_DWP1,47.53195,-122.32024,Fall19,10/3/2019 8:43,Felis catus,9/24/2019,11/7/2019
SEWA_S02_DWP1,47.53195,-122.32024,Fall19,10/3/2019 8:54,Felis catus,9/24/2019,11/7/2019
SEWA_S02_DWP1,47.53195,-122.32024,Fall19,10/3/2019 10:28,Felis catus,9/24/2019,11/7/2019
SEWA_S02_DWP1,47.53195,-122.32024,Fall19,10/3/2019 10:43,Felis catus,9/24/2019,11/7/2019
SEWA_S02_DWP1,47.53195,-122.32024,Fall19,10/3/2019 11:47,Felis catus,9/24/2019,11/7/2019
SEWA_S02_DWP1,47.53195,-122.32024,Fall19,10/4/2019 3:26,Felis catus,9/24/2019,11/7/2019
SEWA_S02_DWP1,47.53195,-122.32024,Fall19,10/4/2019 9:08,Felis catus,9/24/2019,11/7/2019
SEWA_S02_DWP1,47.53195,-122.32024,Fall19,10/4/2019 13:29,Felis catus,9/24/2019,11/7/2019
SEWA_S02_DWP1,47.53195,-122.32024,Fall19,10/4/2019 14:20,Felis catus,9/24/2019,11/7/2019
SEWA_S02_DWP1,47.53195,-122.32024,Fall19,10/4/2019 14:59,Felis catus,9/24/2019,11/7/2019
SEWA_S02_DWP1,47.53195,-122.32024,Fall19,10/5/2019 4:01,Felis catus,9/24/2019,11/7/2019
SEWA_S02_DWP1,47.53195,-122.32024,Fall19,10/5/2019 8:38,Felis catus,9/24/2019,11/7/2019
SEWA_S02_DWP1,47.53195,-122.32024,Fall19,10/5/2019 8:40,Felis catus,9/24/2019,11/7/2019
SEWA_S02_DWP1,47.53195,-122.32024,Fall19,10/5/2019 9:46,Felis catus,9/24/2019,11/7/2019
SEWA_S02_DWP1,47.53195,-122.32024,Fall19,10/5/2019 11:13,Felis catus,9/24/2019,11/7/2019
SEWA_S02_DWP1,47.53195,-122.32024,Fall19,10/5/2019 11:20,Felis catus,9/24/2019,11/7/2019
SEWA_S02_DWP1,47.53195,-122.32024,Fall19,10/5/2019 12:12,Felis catus,9/24/2019,11/7/2019
SEWA_S02_DWP1,47.53195,-122.32024,Fall19,10/5/2019 16:13,Felis catus,9/24/2019,11/7/2019
SEWA_S02_DWP1,47.53195,-122.32024,Fall19,10/5/2019 18:26,Felis catus,9/24/2019,11/7/2019
SEWA_S02_DWP1,47.53195,-122.32024,Fall19,10/5/2019 19:57,Felis catus,9/24/2019,11/7/2019
SEWA_S02_DWP1,47.53195,-122.32024,Fall19,10/6/2019 8:49,Felis catus,9/24/2019,11/7/2019
SEWA_S02_DWP1,47.53195,-122.32024,Fall19,10/6/2019 9:24,Felis catus,9/24/2019,11/7/2019
SEWA_S02_DWP1,47.53195,-122.32024,Fall19,10/6/2019 10:43,Felis catus,9/24/2019,11/7/2019
SEWA_S02_DWP1,47.53195,-122.32024,Fall19,10/6/2019 11:23,Sciurus carolinensis,9/24/2019,11/7/2019
SEWA_S02_DWP1,47.53195,-122.32024,Fall19,10/6/2019 12:55,Felis catus,9/24/2019,11/7/2019
SEWA_S02_DWP1,47.53195,-122.32024,Fall19,10/6/2019 16:55,Felis catus,9/24/2019,11/7/2019
SEWA_S02_DWP1,47.53195,-122.32024,Fall19,10/7/2019 8:59,Felis catus,9/24/2019,11/7/2019
SEWA_S02_DWP1,47.53195,-122.32024,Fall19,10/7/2019 12:29,Felis catus,9/24/2019,11/7/2019
SEWA_S02_DWP1,47.53195,-122.32024,Fall19,10/7/2019 12:37,Felis catus,9/24/2019,11/7/2019
SEWA_S02_DWP1,47.53195,-122.32024,Fall19,10/7/2019 13:30,Felis catus,9/24/2019,11/7/2019
SEWA_S02_DWP1,47.53195,-122.32024,Fall19,10/7/2019 20:06,Felis catus,9/24/2019,11/7/2019
SEWA_S02_DWP1,47.53195,-122.32024,Fall19,10/8/2019 6:22,Felis catus,9/24/2019,11/7/2019
SEWA_S02_DWP1,47.53195,-122.32024,Fall19,10/8/2019 8:16,Felis catus,9/24/2019,11/7/2019
SEWA_S02_DWP1,47.53195,-122.32024,Fall19,10/8/2019 8:27,Sciurus carolinensis,9/24/2019,11/7/2019
SEWA_S02_DWP1,47.53195,-122.32024,Fall19,10/8/2019 8:29,Sciurus carolinensis,9/24/2019,11/7/2019
SEWA_S02_DWP1,47.53195,-122.32024,Fall19,10/8/2019 8:34,Sciurus carolinensis,9/24/2019,11/7/2019
SEWA_S02_DWP1,47.53195,-122.32024,Fall19,10/8/2019 8:38,Sciurus carolinensis,9/24/2019,11/7/2019
SEWA_S02_DWP1,47.53195,-122.32024,Fall19,10/8/2019 8:41,Sciurus carolinensis,9/24/2019,11/7/2019
SEWA_S02_DWP1,47.53195,-122.32024,Fall19,10/8/2019 11:03,Felis catus,9/24/2019,11/7/2019
SEWA_S02_DWP1,47.53195,-122.32024,Fall19,10/8/2019 11:11,Felis catus,9/24/2019,11/7/2019
SEWA_S02_DWP1,47.53195,-122.32024,Fall19,10/8/2019 11:36,Felis catus,9/24/2019,11/7/2019
SEWA_S02_DWP1,47.53195,-122.32024,Fall19,10/8/2019 11:44,Felis catus,9/24/2019,11/7/2019
SEWA_S02_DWP1,47.53195,-122.32024,Fall19,10/8/2019 15:50,Sciurus carolinensis,9/24/2019,11/7/2019
SEWA_S02_DWP1,47.53195,-122.32024,Fall19,10/8/2019 16:30,Sciurus carolinensis,9/24/2019,11/7/2019
SEWA_S02_DWP1,47.53195,-122.32024,Fall19,10/8/2019 19:30,Procyon lotor,9/24/2019,11/7/2019
SEWA_S02_DWP1,47.53195,-122.32024,Fall19,10/8/2019 19:57,Procyon lotor,9/24/2019,11/7/2019
SEWA_S02_DWP1,47.53195,-122.32024,Fall19,10/9/2019 7:48,Felis catus,9/24/2019,11/7/2019
SEWA_S02_DWP1,47.53195,-122.32024,Fall19,10/9/2019 8:24,Felis catus,9/24/2019,11/7/2019
SEWA_S02_DWP1,47.53195,-122.32024,Fall19,10/9/2019 9:18,Felis catus,9/24/2019,11/7/2019
SEWA_S02_DWP1,47.53195,-122.32024,Fall19,10/9/2019 10:13,Felis catus,9/24/2019,11/7/2019
SEWA_S02_DWP1,47.53195,-122.32024,Fall19,10/9/2019 10:45,Felis catus,9/24/2019,11/7/2019
SEWA_S02_DWP1,47.53195,-122.32024,Fall19,10/9/2019 10:46,Felis catus,9/24/2019,11/7/2019
SEWA_S02_DWP1,47.53195,-122.32024,Fall19,10/9/2019 10:49,Felis catus,9/24/2019,11/7/2019
SEWA_S02_DWP1,47.53195,-122.32024,Fall19,10/9/2019 10:56,Felis catus,9/24/2019,11/7/2019
SEWA_S02_DWP1,47.53195,-122.32024,Fall19,10/9/2019 11:02,Felis catus,9/24/2019,11/7/2019
SEWA_S02_DWP1,47.53195,-122.32024,Fall19,10/9/2019 11:09,Felis catus,9/24/2019,11/7/2019
SEWA_S02_DWP1,47.53195,-122.32024,Fall19,10/9/2019 15:05,Felis catus,9/24/2019,11/7/2019
SEWA_S02_DWP1,47.53195,-122.32024,Fall19,10/9/2019 15:07,Felis catus,9/24/2019,11/7/2019
SEWA_S02_DWP1,47.53195,-122.32024,Fall19,10/9/2019 15:33,Felis catus,9/24/2019,11/7/2019
SEWA_S02_DWP1,47.53195,-122.32024,Fall19,10/9/2019 15:39,Felis catus,9/24/2019,11/7/2019
SEWA_S02_DWP1,47.53195,-122.32024,Fall19,10/9/2019 15:53,Felis catus,9/24/2019,11/7/2019
SEWA_S02_DWP1,47.53195,-122.32024,Fall19,10/9/2019 15:56,Felis catus,9/24/2019,11/7/2019
SEWA_S02_DWP1,47.53195,-122.32024,Fall19,10/9/2019 16:04,Felis catus,9/24/2019,11/7/2019
SEWA_S02_DWP1,47.53195,-122.32024,Fall19,10/9/2019 16:06,Felis catus,9/24/2019,11/7/2019
SEWA_S02_DWP1,47.53195,-122.32024,Fall19,10/9/2019 16:21,Felis catus,9/24/2019,11/7/2019
SEWA_S02_DWP1,47.53195,-122.32024,Fall19,10/9/2019 16:35,Felis catus,9/24/2019,11/7/2019
SEWA_S02_DWP1,47.53195,-122.32024,Fall19,10/9/2019 16:45,Felis catus,9/24/2019,11/7/2019
SEWA_S02_DWP1,47.53195,-122.32024,Fall19,10/9/2019 16:50,Felis catus,9/24/2019,11/7/2019
SEWA_S02_DWP1,47.53195,-122.32024,Fall19,10/9/2019 16:52,Felis catus,9/24/2019,11/7/2019
SEWA_S02_DWP1,47.53195,-122.32024,Fall19,10/9/2019 17:10,Felis catus,9/24/2019,11/7/2019
SEWA_S02_DWP1,47.53195,-122.32024,Fall19,10/9/2019 17:21,Felis catus,9/24/2019,11/7/2019
SEWA_S02_DWP1,47.53195,-122.32024,Fall19,10/9/2019 22:03,Felis catus,9/24/2019,11/7/2019
SEWA_S02_DWP1,47.53195,-122.32024,Fall19,10/10/2019 7:09,Felis catus,9/24/2019,11/7/2019
SEWA_S02_DWP1,47.53195,-122.32024,Fall19,10/10/2019 7:38,Felis catus,9/24/2019,11/7/2019
SEWA_S02_DWP1,47.53195,-122.32024,Fall19,10/10/2019 8:48,Felis catus,9/24/2019,11/7/2019
SEWA_S02_DWP1,47.53195,-122.32024,Fall19,10/10/2019 9:28,Felis catus,9/24/2019,11/7/2019
SEWA_S02_DWP1,47.53195,-122.32024,Fall19,10/10/2019 9:46,Felis catus,9/24/2019,11/7/2019
SEWA_S02_DWP1,47.53195,-122.32024,Fall19,10/10/2019 9:53,Felis catus,9/24/2019,11/7/2019
SEWA_S02_DWP1,47.53195,-122.32024,Fall19,10/10/2019 10:35,Felis catus,9/24/2019,11/7/2019
SEWA_S02_DWP1,47.53195,-122.32024,Fall19,10/10/2019 10:37,Felis catus,9/24/2019,11/7/2019
SEWA_S02_DWP1,47.53195,-122.32024,Fall19,10/10/2019 10:38,Felis catus,9/24/2019,11/7/2019
SEWA_S02_DWP1,47.53195,-122.32024,Fall19,10/10/2019 10:48,Felis catus,9/24/2019,11/7/2019
SEWA_S02_DWP1,47.53195,-122.32024,Fall19,10/10/2019 11:19,Felis catus,9/24/2019,11/7/2019
SEWA_S02_DWP1,47.53195,-122.32024,Fall19,10/10/2019 11:21,Felis catus,9/24/2019,11/7/2019
SEWA_S02_DWP1,47.53195,-122.32024,Fall19,10/10/2019 13:12,Sciurus carolinensis,9/24/2019,11/7/2019
SEWA_S02_DWP1,47.53195,-122.32024,Fall19,10/10/2019 13:27,Felis catus,9/24/2019,11/7/2019
SEWA_S02_DWP1,47.53195,-122.32024,Fall19,10/10/2019 13:43,Felis catus,9/24/2019,11/7/2019
SEWA_S02_DWP1,47.53195,-122.32024,Fall19,10/10/2019 14:30,Sciurus carolinensis,9/24/2019,11/7/2019
SEWA_S02_DWP1,47.53195,-122.32024,Fall19,10/10/2019 17:32,Felis catus,9/24/2019,11/7/2019
SEWA_S02_DWP1,47.53195,-122.32024,Fall19,10/10/2019 17:41,Felis catus,9/24/2019,11/7/2019
SEWA_S02_DWP1,47.53195,-122.32024,Fall19,10/10/2019 18:00,Felis catus,9/24/2019,11/7/2019
SEWA_S02_DWP1,47.53195,-122.32024,Fall19,10/10/2019 18:03,Felis catus,9/24/2019,11/7/2019
SEWA_S02_DWP1,47.53195,-122.32024,Fall19,10/10/2019 18:58,Felis catus,9/24/2019,11/7/2019
SEWA_S02_DWP1,47.53195,-122.32024,Fall19,10/10/2019 23:12,Felis catus,9/24/2019,11/7/2019
SEWA_S02_DWP1,47.53195,-122.32024,Fall19,10/11/2019 1:07,Felis catus,9/24/2019,11/7/2019
SEWA_S02_DWP1,47.53195,-122.32024,Fall19,10/11/2019 7:46,Felis catus,9/24/2019,11/7/2019
SEWA_S02_DWP1,47.53195,-122.32024,Fall19,10/11/2019 8:04,Felis catus,9/24/2019,11/7/2019
SEWA_S02_DWP1,47.53195,-122.32024,Fall19,10/11/2019 8:08,Felis catus,9/24/2019,11/7/2019
SEWA_S02_DWP1,47.53195,-122.32024,Fall19,10/11/2019 9:25,Felis catus,9/24/2019,11/7/2019
SEWA_S02_DWP1,47.53195,-122.32024,Fall19,10/11/2019 10:08,Felis catus,9/24/2019,11/7/2019
SEWA_S02_DWP1,47.53195,-122.32024,Fall19,10/11/2019 10:41,Felis catus,9/24/2019,11/7/2019
SEWA_S02_DWP1,47.53195,-122.32024,Fall19,10/11/2019 13:44,Felis catus,9/24/2019,11/7/2019
SEWA_S02_DWP1,47.53195,-122.32024,Fall19,10/11/2019 15:07,Felis catus,9/24/2019,11/7/2019
SEWA_S02_DWP1,47.53195,-122.32024,Fall19,10/11/2019 15:24,Sciurus carolinensis,9/24/2019,11/7/2019
SEWA_S02_DWP1,47.53195,-122.32024,Fall19,10/11/2019 17:21,Felis catus,9/24/2019,11/7/2019
SEWA_S02_DWP1,47.53195,-122.32024,Fall19,10/11/2019 17:24,Felis catus,9/24/2019,11/7/2019
SEWA_S02_DWP1,47.53195,-122.32024,Fall19,10/11/2019 17:35,Felis catus,9/24/2019,11/7/2019
SEWA_S02_DWP1,47.53195,-122.32024,Fall19,10/12/2019 8:49,Felis catus,9/24/2019,11/7/2019
SEWA_S02_DWP1,47.53195,-122.32024,Fall19,10/12/2019 11:08,Sciurus carolinensis,9/24/2019,11/7/2019
SEWA_S02_DWP1,47.53195,-122.32024,Fall19,10/12/2019 12:42,Felis catus,9/24/2019,11/7/2019
SEWA_S02_DWP1,47.53195,-122.32024,Fall19,10/12/2019 15:17,Felis catus,9/24/2019,11/7/2019
SEWA_S02_DWP1,47.53195,-122.32024,Fall19,10/12/2019 15:51,Felis catus,9/24/2019,11/7/2019
SEWA_S02_DWP1,47.53195,-122.32024,Fall19,10/12/2019 15:53,Felis catus,9/24/2019,11/7/2019
SEWA_S02_DWP1,47.53195,-122.32024,Fall19,10/12/2019 16:23,Felis catus,9/24/2019,11/7/2019
SEWA_S02_DWP1,47.53195,-122.32024,Fall19,10/12/2019 22:39,Felis catus,9/24/2019,11/7/2019
SEWA_S02_DWP1,47.53195,-122.32024,Fall19,10/13/2019 10:15,Sciurus carolinensis,9/24/2019,11/7/2019
SEWA_S02_DWP1,47.53195,-122.32024,Fall19,10/13/2019 11:07,Felis catus,9/24/2019,11/7/2019
SEWA_S02_DWP1,47.53195,-122.32024,Fall19,10/13/2019 11:44,Felis catus,9/24/2019,11/7/2019
SEWA_S02_DWP1,47.53195,-122.32024,Fall19,10/13/2019 14:02,Sciurus carolinensis,9/24/2019,11/7/2019
SEWA_S02_DWP1,47.53195,-122.32024,Fall19,10/13/2019 14:57,Felis catus,9/24/2019,11/7/2019
SEWA_S02_DWP1,47.53195,-122.32024,Fall19,10/13/2019 17:17,Felis catus,9/24/2019,11/7/2019
SEWA_S02_DWP1,47.53195,-122.32024,Fall19,10/13/2019 20:27,Procyon lotor,9/24/2019,11/7/2019
SEWA_S02_DWP1,47.53195,-122.32024,Fall19,10/14/2019 8:21,Felis catus,9/24/2019,11/7/2019
SEWA_S02_DWP1,47.53195,-122.32024,Fall19,10/14/2019 9:14,Felis catus,9/24/2019,11/7/2019
SEWA_S02_DWP1,47.53195,-122.32024,Fall19,10/14/2019 9:19,Felis catus,9/24/2019,11/7/2019
SEWA_S02_DWP1,47.53195,-122.32024,Fall19,10/14/2019 9:22,Felis catus,9/24/2019,11/7/2019
SEWA_S02_DWP1,47.53195,-122.32024,Fall19,10/14/2019 9:26,Felis catus,9/24/2019,11/7/2019
SEWA_S02_DWP1,47.53195,-122.32024,Fall19,10/14/2019 10:29,Felis catus,9/24/2019,11/7/2019
SEWA_S02_DWP1,47.53195,-122.32024,Fall19,10/14/2019 10:42,Felis catus,9/24/2019,11/7/2019
SEWA_S02_DWP1,47.53195,-122.32024,Fall19,10/14/2019 11:51,Felis catus,9/24/2019,11/7/2019
SEWA_S02_DWP1,47.53195,-122.32024,Fall19,10/14/2019 12:09,Felis catus,9/24/2019,11/7/2019
SEWA_S02_DWP1,47.53195,-122.32024,Fall19,10/14/2019 12:10,Felis catus,9/24/2019,11/7/2019
SEWA_S02_DWP1,47.53195,-122.32024,Fall19,10/14/2019 14:22,Felis catus,9/24/2019,11/7/2019
SEWA_S02_DWP1,47.53195,-122.32024,Fall19,10/14/2019 14:39,Felis catus,9/24/2019,11/7/2019
SEWA_S02_DWP1,47.53195,-122.32024,Fall19,10/14/2019 15:40,Felis catus,9/24/2019,11/7/2019
SEWA_S02_DWP1,47.53195,-122.32024,Fall19,10/14/2019 15:48,Felis catus,9/24/2019,11/7/2019
SEWA_S02_DWP1,47.53195,-122.32024,Fall19,10/14/2019 15:54,Felis catus,9/24/2019,11/7/2019
SEWA_S02_DWP1,47.53195,-122.32024,Fall19,10/14/2019 16:57,Felis catus,9/24/2019,11/7/2019
SEWA_S02_DWP1,47.53195,-122.32024,Fall19,10/14/2019 23:44,Felis catus,9/24/2019,11/7/2019
SEWA_S02_DWP1,47.53195,-122.32024,Fall19,10/15/2019 11:39,Felis catus,9/24/2019,11/7/2019
SEWA_S02_DWP1,47.53195,-122.32024,Fall19,10/15/2019 11:51,Felis catus,9/24/2019,11/7/2019
SEWA_S02_DWP1,47.53195,-122.32024,Fall19,10/15/2019 11:57,Felis catus,9/24/2019,11/7/2019
SEWA_S02_DWP1,47.53195,-122.32024,Fall19,10/15/2019 12:00,Felis catus,9/24/2019,11/7/2019
SEWA_S02_DWP1,47.53195,-122.32024,Fall19,10/15/2019 12:05,Felis catus,9/24/2019,11/7/2019
SEWA_S02_DWP1,47.53195,-122.32024,Fall19,10/15/2019 14:12,Sciurus carolinensis,9/24/2019,11/7/2019
SEWA_S02_DWP1,47.53195,-122.32024,Fall19,10/15/2019 15:26,Sciurus carolinensis,9/24/2019,11/7/2019
SEWA_S02_DWP1,47.53195,-122.32024,Fall19,10/15/2019 15:56,Sciurus carolinensis,9/24/2019,11/7/2019
SEWA_S02_DWP1,47.53195,-122.32024,Fall19,10/15/2019 16:23,Felis catus,9/24/2019,11/7/2019
SEWA_S02_DWP1,47.53195,-122.32024,Fall19,10/15/2019 20:25,Procyon lotor,9/24/2019,11/7/2019
SEWA_S02_DWP1,47.53195,-122.32024,Fall19,10/16/2019 6:45,Felis catus,9/24/2019,11/7/2019
SEWA_S02_DWP1,47.53195,-122.32024,Fall19,10/16/2019 19:19,Felis catus,9/24/2019,11/7/2019
SEWA_S02_DWP1,47.53195,-122.32024,Fall19,10/17/2019 8:23,Felis catus,9/24/2019,11/7/2019
SEWA_S02_DWP1,47.53195,-122.32024,Fall19,10/17/2019 11:53,Felis catus,9/24/2019,11/7/2019
SEWA_S02_DWP1,47.53195,-122.32024,Fall19,10/17/2019 12:32,Felis catus,9/24/2019,11/7/2019
SEWA_S02_DWP1,47.53195,-122.32024,Fall19,10/17/2019 12:38,Felis catus,9/24/2019,11/7/2019
SEWA_S02_DWP1,47.53195,-122.32024,Fall19,10/17/2019 12:40,Felis catus,9/24/2019,11/7/2019
SEWA_S02_DWP1,47.53195,-122.32024,Fall19,10/18/2019 10:10,Felis catus,9/24/2019,11/7/2019
SEWA_S02_DWP1,47.53195,-122.32024,Fall19,10/18/2019 10:16,Felis catus,9/24/2019,11/7/2019
SEWA_S02_DWP1,47.53195,-122.32024,Fall19,10/18/2019 15:10,Felis catus,9/24/2019,11/7/2019
SEWA_S02_DWP1,47.53195,-122.32024,Fall19,10/18/2019 15:29,Felis catus,9/24/2019,11/7/2019
SEWA_S02_DWP1,47.53195,-122.32024,Fall19,10/18/2019 15:34,Felis catus,9/24/2019,11/7/2019
SEWA_S02_DWP1,47.53195,-122.32024,Fall19,10/18/2019 19:38,Felis catus,9/24/2019,11/7/2019
SEWA_S02_DWP1,47.53195,-122.32024,Fall19,10/19/2019 3:46,Felis catus,9/24/2019,11/7/2019
SEWA_S02_DWP1,47.53195,-122.32024,Fall19,10/19/2019 13:56,Felis catus,9/24/2019,11/7/2019
SEWA_S02_DWP1,47.53195,-122.32024,Fall19,10/19/2019 14:04,Felis catus,9/24/2019,11/7/2019
SEWA_S02_DWP1,47.53195,-122.32024,Fall19,10/19/2019 15:11,Felis catus,9/24/2019,11/7/2019
SEWA_S02_DWP1,47.53195,-122.32024,Fall19,10/19/2019 15:18,Felis catus,9/24/2019,11/7/2019
SEWA_S02_DWP1,47.53195,-122.32024,Fall19,10/20/2019 5:16,Felis catus,9/24/2019,11/7/2019
SEWA_S02_DWP1,47.53195,-122.32024,Fall19,10/20/2019 21:15,Procyon lotor,9/24/2019,11/7/2019
SEWA_S02_DWP1,47.53195,-122.32024,Fall19,10/21/2019 0:05,Felis catus,9/24/2019,11/7/2019
SEWA_S02_DWP1,47.53195,-122.32024,Fall19,10/21/2019 5:48,Felis catus,9/24/2019,11/7/2019
SEWA_S02_DWP1,47.53195,-122.32024,Fall19,10/21/2019 22:01,Felis catus,9/24/2019,11/7/2019
SEWA_S02_DWP1,47.53195,-122.32024,Fall19,10/22/2019 8:16,Felis catus,9/24/2019,11/7/2019
SEWA_S02_DWP1,47.53195,-122.32024,Fall19,10/22/2019 15:34,Felis catus,9/24/2019,11/7/2019
SEWA_S02_DWP1,47.53195,-122.32024,Fall19,10/22/2019 15:42,Felis catus,9/24/2019,11/7/2019
SEWA_S02_DWP1,47.53195,-122.32024,Fall19,10/22/2019 15:44,Felis catus,9/24/2019,11/7/2019
SEWA_S02_DWP1,47.53195,-122.32024,Fall19,10/22/2019 19:13,Felis catus,9/24/2019,11/7/2019
SEWA_S02_DWP1,47.53195,-122.32024,Fall19,10/23/2019 6:54,Felis catus,9/24/2019,11/7/2019
SEWA_S02_DWP1,47.53195,-122.32024,Fall19,10/24/2019 1:14,Felis catus,9/24/2019,11/7/2019
SEWA_S02_DWP1,47.53195,-122.32024,Fall19,10/24/2019 10:27,Felis catus,9/24/2019,11/7/2019
SEWA_S02_DWP1,47.53195,-122.32024,Fall19,10/24/2019 16:46,Felis catus,9/24/2019,11/7/2019
SEWA_S02_DWP1,47.53195,-122.32024,Fall19,10/24/2019 17:26,Felis catus,9/24/2019,11/7/2019
SEWA_S02_DWP1,47.53195,-122.32024,Fall19,10/25/2019 6:57,Felis catus,9/24/2019,11/7/2019
SEWA_S02_DWP1,47.53195,-122.32024,Fall19,10/25/2019 7:01,Felis catus,9/24/2019,11/7/2019
SEWA_S02_DWP1,47.53195,-122.32024,Fall19,10/25/2019 7:26,Felis catus,9/24/2019,11/7/2019
SEWA_S02_DWP1,47.53195,-122.32024,Fall19,10/26/2019 18:19,Felis catus,9/24/2019,11/7/2019
SEWA_S02_DWP1,47.53195,-122.32024,Fall19,10/27/2019 9:50,Felis catus,9/24/2019,11/7/2019
SEWA_S02_DWP1,47.53195,-122.32024,Fall19,10/27/2019 11:39,Felis catus,9/24/2019,11/7/2019
SEWA_S02_DWP1,47.53195,-122.32024,Fall19,10/27/2019 13:47,Felis catus,9/24/2019,11/7/2019
SEWA_S02_DWP1,47.53195,-122.32024,Fall19,10/27/2019 16:23,Felis catus,9/24/2019,11/7/2019
SEWA_S02_DWP1,47.53195,-122.32024,Fall19,10/27/2019 16:47,Felis catus,9/24/2019,11/7/2019
SEWA_S02_DWP1,47.53195,-122.32024,Fall19,10/27/2019 17:52,Homo sapiens,9/24/2019,11/7/2019
SEWA_S02_DWP1,47.53195,-122.32024,Fall19,10/29/2019 9:27,Felis catus,9/24/2019,11/7/2019
SEWA_S02_DWP1,47.53195,-122.32024,Fall19,10/29/2019 14:05,Felis catus,9/24/2019,11/7/2019
SEWA_S02_DWP1,47.53195,-122.32024,Fall19,10/29/2019 16:19,Felis catus,9/24/2019,11/7/2019
SEWA_S02_DWP1,47.53195,-122.32024,Fall19,10/29/2019 17:22,Felis catus,9/24/2019,11/7/2019
SEWA_S02_DWP1,47.53195,-122.32024,Fall19,10/29/2019 18:04,Felis catus,9/24/2019,11/7/2019
SEWA_S02_DWP1,47.53195,-122.32024,Fall19,10/30/2019 11:09,Felis catus,9/24/2019,11/7/2019
SEWA_S02_DWP1,47.53195,-122.32024,Fall19,10/30/2019 18:20,Felis catus,9/24/2019,11/7/2019
SEWA_S02_DWP1,47.53195,-122.32024,Fall19,10/31/2019 8:15,Felis catus,9/24/2019,11/7/2019
SEWA_S02_DWP1,47.53195,-122.32024,Fall19,10/31/2019 16:19,Felis catus,9/24/2019,11/7/2019
SEWA_S02_DWP1,47.53195,-122.32024,Fall19,10/31/2019 16:42,Felis catus,9/24/2019,11/7/2019
SEWA_S02_DWP1,47.53195,-122.32024,Fall19,11/1/2019 8:59,Felis catus,9/24/2019,11/7/2019
SEWA_S02_DWP1,47.53195,-122.32024,Fall19,11/1/2019 13:57,Felis catus,9/24/2019,11/7/2019
SEWA_S02_DWP1,47.53195,-122.32024,Fall19,11/1/2019 15:44,Felis catus,9/24/2019,11/7/2019
SEWA_S02_DWP1,47.53195,-122.32024,Fall19,11/1/2019 20:42,Felis catus,9/24/2019,11/7/2019
SEWA_S02_DWP1,47.53195,-122.32024,Fall19,11/2/2019 8:25,Sciurus carolinensis,9/24/2019,11/7/2019
SEWA_S02_DWP1,47.53195,-122.32024,Fall19,11/2/2019 8:55,Felis catus,9/24/2019,11/7/2019
SEWA_S02_DWP1,47.53195,-122.32024,Fall19,11/2/2019 9:41,Felis catus,9/24/2019,11/7/2019
SEWA_S02_DWP1,47.53195,-122.32024,Fall19,11/2/2019 15:55,Felis catus,9/24/2019,11/7/2019
SEWA_S02_DWP1,47.53195,-122.32024,Fall19,11/2/2019 20:09,Felis catus,9/24/2019,11/7/2019
SEWA_S02_DWP1,47.53195,-122.32024,Fall19,11/3/2019 0:50,Felis catus,9/24/2019,11/7/2019
SEWA_S02_DWP1,47.53195,-122.32024,Fall19,11/4/2019 8:03,Felis catus,9/24/2019,11/7/2019
SEWA_S02_DWP1,47.53195,-122.32024,Fall19,11/4/2019 8:36,Felis catus,9/24/2019,11/7/2019
SEWA_S02_DWP1,47.53195,-122.32024,Fall19,11/4/2019 11:19,Sciurus carolinensis,9/24/2019,11/7/2019
SEWA_S02_DWP1,47.53195,-122.32024,Fall19,11/5/2019 9:12,Felis catus,9/24/2019,11/7/2019
SEWA_S02_DWP1,47.53195,-122.32024,Fall19,11/5/2019 12:43,Felis catus,9/24/2019,11/7/2019
SEWA_S02_DWP1,47.53195,-122.32024,Fall19,11/5/2019 19:26,Felis catus,9/24/2019,11/7/2019
SEWA_S02_DWP1,47.53195,-122.32024,Fall19,11/6/2019 1:04,Procyon lotor,9/24/2019,11/7/2019
SEWA_S02_DWP1,47.53195,-122.32024,Fall19,11/6/2019 11:29,Felis catus,9/24/2019,11/7/2019
SEWA_S02_DWP1,47.53195,-122.32024,Fall19,11/6/2019 11:54,Felis catus,9/24/2019,11/7/2019
SEWA_S02_DWP1,47.53195,-122.32024,Fall19,11/6/2019 14:31,Felis catus,9/24/2019,11/7/2019
SEWA_S02_DWP1,47.53195,-122.32024,Fall19,11/6/2019 14:33,Felis catus,9/24/2019,11/7/2019
SEWA_S02_DWP1,47.53195,-122.32024,Fall19,11/6/2019 14:40,Felis catus,9/24/2019,11/7/2019
SEWA_S02_DWP1,47.53195,-122.32024,Fall19,11/6/2019 17:31,Homo sapiens,9/24/2019,11/7/2019
SEWA_S02_MSR1,47.54984,-122.3086,Fall19,9/25/2019 15:28,Sciurus carolinensis,9/24/2019,11/7/2019
SEWA_S02_MSR1,47.54984,-122.3086,Fall19,9/26/2019 9:03,Sciurus carolinensis,9/24/2019,11/7/2019
SEWA_S02_MSR1,47.54984,-122.3086,Fall19,9/26/2019 18:00,Sciurus carolinensis,9/24/2019,11/7/2019
SEWA_S02_MSR1,47.54984,-122.3086,Fall19,9/27/2019 0:04,Rattus rattus,9/24/2019,11/7/2019
SEWA_S02_MSR1,47.54984,-122.3086,Fall19,9/27/2019 0:06,Rattus rattus,9/24/2019,11/7/2019
SEWA_S02_MSR1,47.54984,-122.3086,Fall19,9/27/2019 8:41,Sciurus carolinensis,9/24/2019,11/7/2019
SEWA_S02_MSR1,47.54984,-122.3086,Fall19,9/27/2019 17:07,Sciurus carolinensis,9/24/2019,11/7/2019
SEWA_S02_MSR1,47.54984,-122.3086,Fall19,9/27/2019 17:10,Sciurus carolinensis,9/24/2019,11/7/2019
SEWA_S02_MSR1,47.54984,-122.3086,Fall19,9/27/2019 20:33,Procyon lotor,9/24/2019,11/7/2019
SEWA_S02_MSR1,47.54984,-122.3086,Fall19,9/29/2019 12:27,Sciurus carolinensis,9/24/2019,11/7/2019
SEWA_S02_MSR1,47.54984,-122.3086,Fall19,9/29/2019 13:04,Sciurus carolinensis,9/24/2019,11/7/2019
SEWA_S02_MSR1,47.54984,-122.3086,Fall19,9/29/2019 16:32,Sciurus carolinensis,9/24/2019,11/7/2019
SEWA_S02_MSR1,47.54984,-122.3086,Fall19,9/30/2019 15:14,Sciurus carolinensis,9/24/2019,11/7/2019
SEWA_S02_MSR1,47.54984,-122.3086,Fall19,9/30/2019 15:20,Sciurus carolinensis,9/24/2019,11/7/2019
SEWA_S02_MSR1,47.54984,-122.3086,Fall19,9/30/2019 16:32,Sciurus carolinensis,9/24/2019,11/7/2019
SEWA_S02_MSR1,47.54984,-122.3086,Fall19,11/6/2019 17:03,Homo sapiens,9/24/2019,11/7/2019
SEWA_S02_MWP2,47.56093,-122.31849,Fall19,10/10/2019 12:42,Sciurus carolinensis,9/24/2019,11/7/2019
SEWA_S02_MWP2,47.56093,-122.31849,Fall19,10/10/2019 12:51,Sciurus carolinensis,9/24/2019,11/7/2019
SEWA_S02_MWP2,47.56093,-122.31849,Fall19,10/10/2019 13:05,Sciurus carolinensis,9/24/2019,11/7/2019
SEWA_S02_MWP2,47.56093,-122.31849,Fall19,10/10/2019 13:08,Sciurus carolinensis,9/24/2019,11/7/2019
SEWA_S02_MWP2,47.56093,-122.31849,Fall19,10/10/2019 14:27,Sciurus carolinensis,9/24/2019,11/7/2019
SEWA_S02_MWP2,47.56093,-122.31849,Fall19,10/10/2019 15:09,Sciurus carolinensis,9/24/2019,11/7/2019
SEWA_S02_MWP2,47.56093,-122.31849,Fall19,10/10/2019 15:34,Sciurus carolinensis,9/24/2019,11/7/2019
SEWA_S02_MWP2,47.56093,-122.31849,Fall19,10/10/2019 16:21,Sciurus carolinensis,9/24/2019,11/7/2019
SEWA_S02_MWP2,47.56093,-122.31849,Fall19,10/10/2019 16:33,Sciurus carolinensis,9/24/2019,11/7/2019
SEWA_S02_MWP2,47.56093,-122.31849,Fall19,10/10/2019 18:16,Sciurus carolinensis,9/24/2019,11/7/2019
SEWA_S02_MWP2,47.56093,-122.31849,Fall19,10/10/2019 18:42,Sciurus carolinensis,9/24/2019,11/7/2019
SEWA_S02_MWP2,47.56093,-122.31849,Fall19,10/11/2019 1:52,Canis latrans,9/24/2019,11/7/2019
SEWA_S02_MWP2,47.56093,-122.31849,Fall19,10/11/2019 8:07,Sciurus carolinensis,9/24/2019,11/7/2019
SEWA_S02_MWP2,47.56093,-122.31849,Fall19,10/11/2019 8:44,Sciurus carolinensis,9/24/2019,11/7/2019
SEWA_S02_MWP2,47.56093,-122.31849,Fall19,10/11/2019 8:46,Sciurus carolinensis,9/24/2019,11/7/2019
SEWA_S02_MWP2,47.56093,-122.31849,Fall19,10/11/2019 9:27,Sciurus carolinensis,9/24/2019,11/7/2019
SEWA_S02_MWP2,47.56093,-122.31849,Fall19,10/11/2019 11:48,Sciurus carolinensis,9/24/2019,11/7/2019
SEWA_S02_MWP2,47.56093,-122.31849,Fall19,10/11/2019 16:50,Sciurus carolinensis,9/24/2019,11/7/2019
SEWA_S02_MWP2,47.56093,-122.31849,Fall19,10/12/2019 9:50,Sciurus carolinensis,9/24/2019,11/7/2019
SEWA_S02_MWP2,47.56093,-122.31849,Fall19,10/12/2019 11:12,Sciurus carolinensis,9/24/2019,11/7/2019
SEWA_S02_MWP2,47.56093,-122.31849,Fall19,10/12/2019 14:18,Sciurus carolinensis,9/24/2019,11/7/2019
SEWA_S02_MWP2,47.56093,-122.31849,Fall19,10/12/2019 14:32,Sciurus carolinensis,9/24/2019,11/7/2019
SEWA_S02_MWP2,47.56093,-122.31849,Fall19,10/12/2019 14:36,Sciurus carolinensis,9/24/2019,11/7/2019
SEWA_S02_MWP2,47.56093,-122.31849,Fall19,10/12/2019 14:54,Sciurus carolinensis,9/24/2019,11/7/2019
SEWA_S02_MWP2,47.56093,-122.31849,Fall19,10/12/2019 15:06,Homo sapiens,9/24/2019,11/7/2019
SEWA_S02_MWP2,47.56093,-122.31849,Fall19,10/12/2019 15:37,Sciurus carolinensis,9/24/2019,11/7/2019
SEWA_S02_MWP2,47.56093,-122.31849,Fall19,10/13/2019 8:37,Sciurus carolinensis,9/24/2019,11/7/2019
SEWA_S02_MWP2,47.56093,-122.31849,Fall19,10/13/2019 10:38,Sciurus carolinensis,9/24/2019,11/7/2019
SEWA_S02_MWP2,47.56093,-122.31849,Fall19,10/13/2019 10:51,Sciurus carolinensis,9/24/2019,11/7/2019
SEWA_S02_MWP2,47.56093,-122.31849,Fall19,10/13/2019 11:00,Sciurus carolinensis,9/24/2019,11/7/2019
SEWA_S02_MWP2,47.56093,-122.31849,Fall19,10/13/2019 13:01,Sciurus carolinensis,9/24/2019,11/7/2019
SEWA_S02_MWP2,47.56093,-122.31849,Fall19,10/13/2019 14:11,Sciurus carolinensis,9/24/2019,11/7/2019
SEWA_S02_MWP2,47.56093,-122.31849,Fall19,10/13/2019 14:19,Sciurus carolinensis,9/24/2019,11/7/2019
SEWA_S02_MWP2,47.56093,-122.31849,Fall19,10/13/2019 16:52,Sciurus carolinensis,9/24/2019,11/7/2019
SEWA_S02_MWP2,47.56093,-122.31849,Fall19,10/13/2019 17:06,Sciurus carolinensis,9/24/2019,11/7/2019
SEWA_S02_MWP2,47.56093,-122.31849,Fall19,10/14/2019 8:23,Sciurus carolinensis,9/24/2019,11/7/2019
SEWA_S02_MWP2,47.56093,-122.31849,Fall19,10/14/2019 17:08,Sciurus carolinensis,9/24/2019,11/7/2019
SEWA_S02_MWP2,47.56093,-122.31849,Fall19,10/14/2019 17:21,Sciurus carolinensis,9/24/2019,11/7/2019
SEWA_S02_MWP2,47.56093,-122.31849,Fall19,10/15/2019 9:21,Sciurus carolinensis,9/24/2019,11/7/2019
SEWA_S02_MWP2,47.56093,-122.31849,Fall19,10/15/2019 12:51,Sciurus carolinensis,9/24/2019,11/7/2019
SEWA_S02_MWP2,47.56093,-122.31849,Fall19,10/15/2019 13:38,Sciurus carolinensis,9/24/2019,11/7/2019
SEWA_S02_MWP2,47.56093,-122.31849,Fall19,10/15/2019 16:19,Sciurus carolinensis,9/24/2019,11/7/2019
SEWA_S02_MWP2,47.56093,-122.31849,Fall19,10/16/2019 3:19,Procyon lotor,9/24/2019,11/7/2019
SEWA_S02_MWP2,47.56093,-122.31849,Fall19,10/16/2019 9:02,Sciurus carolinensis,9/24/2019,11/7/2019
SEWA_S02_MWP2,47.56093,-122.31849,Fall19,10/16/2019 9:11,Sciurus carolinensis,9/24/2019,11/7/2019
SEWA_S02_MWP2,47.56093,-122.31849,Fall19,10/16/2019 9:37,Sciurus carolinensis,9/24/2019,11/7/2019
SEWA_S02_MWP2,47.56093,-122.31849,Fall19,10/16/2019 11:45,Sciurus carolinensis,9/24/2019,11/7/2019
SEWA_S02_MWP2,47.56093,-122.31849,Fall19,10/16/2019 13:00,Sciurus carolinensis,9/24/2019,11/7/2019
SEWA_S02_MWP2,47.56093,-122.31849,Fall19,10/16/2019 13:23,Sciurus carolinensis,9/24/2019,11/7/2019
SEWA_S02_MWP2,47.56093,-122.31849,Fall19,10/16/2019 13:34,Sciurus carolinensis,9/24/2019,11/7/2019
SEWA_S02_MWP2,47.56093,-122.31849,Fall19,10/17/2019 9:12,Sciurus carolinensis,9/24/2019,11/7/2019
SEWA_S02_MWP2,47.56093,-122.31849,Fall19,10/17/2019 10:08,Sciurus carolinensis,9/24/2019,11/7/2019
SEWA_S02_MWP2,47.56093,-122.31849,Fall19,10/17/2019 11:19,Sciurus carolinensis,9/24/2019,11/7/2019
SEWA_S02_MWP2,47.56093,-122.31849,Fall19,10/17/2019 15:04,Sciurus carolinensis,9/24/2019,11/7/2019
SEWA_S02_MWP2,47.56093,-122.31849,Fall19,10/17/2019 16:31,Sciurus carolinensis,9/24/2019,11/7/2019
SEWA_S02_MWP2,47.56093,-122.31849,Fall19,10/18/2019 14:21,Sciurus carolinensis,9/24/2019,11/7/2019
SEWA_S02_MWP2,47.56093,-122.31849,Fall19,10/18/2019 15:00,Sciurus carolinensis,9/24/2019,11/7/2019
SEWA_S02_MWP2,47.56093,-122.31849,Fall19,10/19/2019 6:29,Sylvilagus floridanus,9/24/2019,11/7/2019
SEWA_S02_MWP2,47.56093,-122.31849,Fall19,10/19/2019 17:07,Sciurus carolinensis,9/24/2019,11/7/2019
SEWA_S02_MWP2,47.56093,-122.31849,Fall19,10/19/2019 18:05,Sciurus carolinensis,9/24/2019,11/7/2019
SEWA_S02_MWP2,47.56093,-122.31849,Fall19,10/20/2019 9:10,Sciurus carolinensis,9/24/2019,11/7/2019
SEWA_S02_MWP2,47.56093,-122.31849,Fall19,10/20/2019 12:29,Sciurus carolinensis,9/24/2019,11/7/2019
SEWA_S02_MWP2,47.56093,-122.31849,Fall19,10/20/2019 13:03,Sciurus carolinensis,9/24/2019,11/7/2019
SEWA_S02_MWP2,47.56093,-122.31849,Fall19,10/20/2019 14:03,Sciurus carolinensis,9/24/2019,11/7/2019
SEWA_S02_MWP2,47.56093,-122.31849,Fall19,10/20/2019 15:10,Sciurus carolinensis,9/24/2019,11/7/2019
SEWA_S02_MWP2,47.56093,-122.31849,Fall19,10/21/2019 12:11,Sciurus carolinensis,9/24/2019,11/7/2019
SEWA_S02_MWP2,47.56093,-122.31849,Fall19,10/21/2019 12:53,Sciurus carolinensis,9/24/2019,11/7/2019
SEWA_S02_MWP2,47.56093,-122.31849,Fall19,10/21/2019 14:16,Sciurus carolinensis,9/24/2019,11/7/2019
SEWA_S02_MWP2,47.56093,-122.31849,Fall19,10/22/2019 11:34,Sciurus carolinensis,9/24/2019,11/7/2019
SEWA_S02_MWP2,47.56093,-122.31849,Fall19,10/22/2019 14:41,Sciurus carolinensis,9/24/2019,11/7/2019
SEWA_S02_MWP2,47.56093,-122.31849,Fall19,10/22/2019 16:39,Sciurus carolinensis,9/24/2019,11/7/2019
SEWA_S02_MWP2,47.56093,-122.31849,Fall19,10/23/2019 8:45,Sciurus carolinensis,9/24/2019,11/7/2019
SEWA_S02_MWP2,47.56093,-122.31849,Fall19,10/23/2019 8:56,Sciurus carolinensis,9/24/2019,11/7/2019
SEWA_S02_MWP2,47.56093,-122.31849,Fall19,10/23/2019 11:24,Sciurus carolinensis,9/24/2019,11/7/2019
SEWA_S02_MWP2,47.56093,-122.31849,Fall19,10/23/2019 12:46,Sciurus carolinensis,9/24/2019,11/7/2019
SEWA_S02_MWP2,47.56093,-122.31849,Fall19,10/23/2019 14:43,Sciurus carolinensis,9/24/2019,11/7/2019
SEWA_S02_MWP2,47.56093,-122.31849,Fall19,10/23/2019 16:51,Sciurus carolinensis,9/24/2019,11/7/2019
SEWA_S02_MWP2,47.56093,-122.31849,Fall19,10/24/2019 13:16,Sciurus carolinensis,9/24/2019,11/7/2019
SEWA_S02_MWP2,47.56093,-122.31849,Fall19,10/24/2019 13:39,Sciurus carolinensis,9/24/2019,11/7/2019
SEWA_S02_MWP2,47.56093,-122.31849,Fall19,10/24/2019 13:43,Sciurus carolinensis,9/24/2019,11/7/2019
SEWA_S02_MWP2,47.56093,-122.31849,Fall19,10/25/2019 17:30,Sciurus carolinensis,9/24/2019,11/7/2019
SEWA_S02_MWP2,47.56093,-122.31849,Fall19,10/26/2019 1:28,Felis catus,9/24/2019,11/7/2019
SEWA_S02_MWP2,47.56093,-122.31849,Fall19,10/26/2019 10:17,Sciurus carolinensis,9/24/2019,11/7/2019
SEWA_S02_MWP2,47.56093,-122.31849,Fall19,10/26/2019 10:23,Sciurus carolinensis,9/24/2019,11/7/2019
SEWA_S02_MWP2,47.56093,-122.31849,Fall19,10/26/2019 13:33,Sciurus carolinensis,9/24/2019,11/7/2019
SEWA_S02_MWP2,47.56093,-122.31849,Fall19,10/26/2019 13:35,Sciurus carolinensis,9/24/2019,11/7/2019
SEWA_S02_MWP2,47.56093,-122.31849,Fall19,10/26/2019 14:22,Sciurus carolinensis,9/24/2019,11/7/2019
SEWA_S02_MWP2,47.56093,-122.31849,Fall19,10/27/2019 9:38,Sciurus carolinensis,9/24/2019,11/7/2019
SEWA_S02_MWP2,47.56093,-122.31849,Fall19,10/27/2019 12:07,Sciurus carolinensis,9/24/2019,11/7/2019
SEWA_S02_MWP2,47.56093,-122.31849,Fall19,10/27/2019 12:18,Sciurus carolinensis,9/24/2019,11/7/2019
SEWA_S02_MWP2,47.56093,-122.31849,Fall19,10/27/2019 13:23,Sciurus carolinensis,9/24/2019,11/7/2019
SEWA_S02_MWP2,47.56093,-122.31849,Fall19,10/27/2019 13:36,Sciurus carolinensis,9/24/2019,11/7/2019
SEWA_S02_MWP2,47.56093,-122.31849,Fall19,10/27/2019 14:02,Sciurus carolinensis,9/24/2019,11/7/2019
SEWA_S02_MWP2,47.56093,-122.31849,Fall19,10/27/2019 14:17,Sciurus carolinensis,9/24/2019,11/7/2019
SEWA_S02_MWP2,47.56093,-122.31849,Fall19,10/27/2019 15:19,Sciurus carolinensis,9/24/2019,11/7/2019
SEWA_S02_MWP2,47.56093,-122.31849,Fall19,10/28/2019 2:03,Procyon lotor,9/24/2019,11/7/2019
SEWA_S02_MWP2,47.56093,-122.31849,Fall19,10/28/2019 2:06,Procyon lotor,9/24/2019,11/7/2019
SEWA_S02_MWP2,47.56093,-122.31849,Fall19,10/28/2019 2:07,Procyon lotor,9/24/2019,11/7/2019
SEWA_S02_MWP2,47.56093,-122.31849,Fall19,10/28/2019 11:52,Sciurus carolinensis,9/24/2019,11/7/2019
SEWA_S02_MWP2,47.56093,-122.31849,Fall19,10/28/2019 12:34,Sciurus carolinensis,9/24/2019,11/7/2019
SEWA_S02_MWP2,47.56093,-122.31849,Fall19,10/28/2019 12:47,Sciurus carolinensis,9/24/2019,11/7/2019
SEWA_S02_MWP2,47.56093,-122.31849,Fall19,10/28/2019 12:54,Sciurus carolinensis,9/24/2019,11/7/2019
SEWA_S02_MWP2,47.56093,-122.31849,Fall19,10/28/2019 13:41,Sciurus carolinensis,9/24/2019,11/7/2019
SEWA_S02_MWP2,47.56093,-122.31849,Fall19,10/28/2019 16:31,Sciurus carolinensis,9/24/2019,11/7/2019
SEWA_S02_MWP2,47.56093,-122.31849,Fall19,10/29/2019 2:12,Procyon lotor,9/24/2019,11/7/2019
SEWA_S02_MWP2,47.56093,-122.31849,Fall19,10/29/2019 13:35,Sciurus carolinensis,9/24/2019,11/7/2019
SEWA_S02_MWP2,47.56093,-122.31849,Fall19,10/29/2019 13:45,Sciurus carolinensis,9/24/2019,11/7/2019
SEWA_S02_MWP2,47.56093,-122.31849,Fall19,10/29/2019 13:48,Sciurus carolinensis,9/24/2019,11/7/2019
SEWA_S02_MWP2,47.56093,-122.31849,Fall19,10/29/2019 13:50,Sciurus carolinensis,9/24/2019,11/7/2019
SEWA_S02_MWP2,47.56093,-122.31849,Fall19,10/29/2019 13:51,Sciurus carolinensis,9/24/2019,11/7/2019
SEWA_S02_MWP2,47.56093,-122.31849,Fall19,10/29/2019 16:01,Sciurus carolinensis,9/24/2019,11/7/2019
SEWA_S02_MWP2,47.56093,-122.31849,Fall19,10/29/2019 16:03,Sciurus carolinensis,9/24/2019,11/7/2019
SEWA_S02_MWP2,47.56093,-122.31849,Fall19,10/29/2019 16:06,Sciurus carolinensis,9/24/2019,11/7/2019
SEWA_S02_MWP2,47.56093,-122.31849,Fall19,10/29/2019 16:21,Sciurus carolinensis,9/24/2019,11/7/2019
SEWA_S02_MWP2,47.56093,-122.31849,Fall19,10/30/2019 9:15,Sciurus carolinensis,9/24/2019,11/7/2019
SEWA_S02_MWP2,47.56093,-122.31849,Fall19,10/30/2019 10:38,Sciurus carolinensis,9/24/2019,11/7/2019
SEWA_S02_MWP2,47.56093,-122.31849,Fall19,10/30/2019 10:41,Sciurus carolinensis,9/24/2019,11/7/2019
SEWA_S02_MWP2,47.56093,-122.31849,Fall19,10/30/2019 11:52,Sciurus carolinensis,9/24/2019,11/7/2019
SEWA_S02_MWP2,47.56093,-122.31849,Fall19,10/30/2019 12:49,Sciurus carolinensis,9/24/2019,11/7/2019
SEWA_S02_MWP2,47.56093,-122.31849,Fall19,10/30/2019 12:56,Sciurus carolinensis,9/24/2019,11/7/2019
SEWA_S02_MWP2,47.56093,-122.31849,Fall19,10/30/2019 12:56,Homo sapiens,9/24/2019,11/7/2019
SEWA_S02_MWP2,47.56093,-122.31849,Fall19,10/30/2019 15:58,Sciurus carolinensis,9/24/2019,11/7/2019
SEWA_S02_MWP2,47.56093,-122.31849,Fall19,10/30/2019 16:13,Sciurus carolinensis,9/24/2019,11/7/2019
SEWA_S02_MWP2,47.56093,-122.31849,Fall19,10/31/2019 10:58,Sciurus carolinensis,9/24/2019,11/7/2019
SEWA_S02_MWP2,47.56093,-122.31849,Fall19,10/31/2019 11:55,Sciurus carolinensis,9/24/2019,11/7/2019
SEWA_S02_MWP2,47.56093,-122.31849,Fall19,10/31/2019 12:07,Sciurus carolinensis,9/24/2019,11/7/2019
SEWA_S02_MWP2,47.56093,-122.31849,Fall19,10/31/2019 14:43,Sciurus carolinensis,9/24/2019,11/7/2019
SEWA_S02_MWP2,47.56093,-122.31849,Fall19,10/31/2019 16:35,Sciurus carolinensis,9/24/2019,11/7/2019
SEWA_S02_MWP2,47.56093,-122.31849,Fall19,10/31/2019 16:57,Sciurus carolinensis,9/24/2019,11/7/2019
SEWA_S02_MWP2,47.56093,-122.31849,Fall19,11/1/2019 13:10,Sciurus carolinensis,9/24/2019,11/7/2019
SEWA_S02_MWP2,47.56093,-122.31849,Fall19,11/1/2019 13:48,Sciurus carolinensis,9/24/2019,11/7/2019
SEWA_S02_MWP2,47.56093,-122.31849,Fall19,11/1/2019 14:33,Sciurus carolinensis,9/24/2019,11/7/2019
SEWA_S02_MWP2,47.56093,-122.31849,Fall19,11/1/2019 17:05,Sciurus carolinensis,9/24/2019,11/7/2019
SEWA_S02_MWP2,47.56093,-122.31849,Fall19,11/1/2019 17:13,Sciurus carolinensis,9/24/2019,11/7/2019
SEWA_S02_MWP2,47.56093,-122.31849,Fall19,11/1/2019 17:14,Sciurus carolinensis,9/24/2019,11/7/2019
SEWA_S02_MWP2,47.56093,-122.31849,Fall19,11/1/2019 17:55,Sylvilagus floridanus,9/24/2019,11/7/2019
SEWA_S02_MWP2,47.56093,-122.31849,Fall19,11/2/2019 15:14,Sciurus carolinensis,9/24/2019,11/7/2019
SEWA_S02_MWP2,47.56093,-122.31849,Fall19,11/2/2019 17:37,Sciurus carolinensis,9/24/2019,11/7/2019
SEWA_S02_MWP2,47.56093,-122.31849,Fall19,11/3/2019 3:11,Felis catus,9/24/2019,11/7/2019
SEWA_S02_MWP2,47.56093,-122.31849,Fall19,11/3/2019 6:03,Felis catus,9/24/2019,11/7/2019
SEWA_S02_MWP2,47.56093,-122.31849,Fall19,11/3/2019 6:07,Felis catus,9/24/2019,11/7/2019
SEWA_S02_MWP2,47.56093,-122.31849,Fall19,11/3/2019 6:51,Sylvilagus floridanus,9/24/2019,11/7/2019
SEWA_S02_MWP2,47.56093,-122.31849,Fall19,11/3/2019 10:55,Sciurus carolinensis,9/24/2019,11/7/2019
SEWA_S02_MWP2,47.56093,-122.31849,Fall19,11/3/2019 15:58,Sciurus carolinensis,9/24/2019,11/7/2019
SEWA_S02_MWP2,47.56093,-122.31849,Fall19,11/4/2019 12:22,Sciurus carolinensis,9/24/2019,11/7/2019
SEWA_S02_MWP2,47.56093,-122.31849,Fall19,11/4/2019 16:47,Sciurus carolinensis,9/24/2019,11/7/2019
SEWA_S02_MWP2,47.56093,-122.31849,Fall19,11/5/2019 9:12,Sciurus carolinensis,9/24/2019,11/7/2019
SEWA_S02_MWP2,47.56093,-122.31849,Fall19,11/5/2019 10:46,Sciurus carolinensis,9/24/2019,11/7/2019
SEWA_S02_MWP2,47.56093,-122.31849,Fall19,11/5/2019 15:47,Sciurus carolinensis,9/24/2019,11/7/2019
SEWA_S02_MWP2,47.56093,-122.31849,Fall19,11/5/2019 15:49,Sciurus carolinensis,9/24/2019,11/7/2019
SEWA_S02_MWP2,47.56093,-122.31849,Fall19,11/5/2019 23:52,Procyon lotor,9/24/2019,11/7/2019
SEWA_S02_MWP2,47.56093,-122.31849,Fall19,11/6/2019 1:04,Procyon lotor,9/24/2019,11/7/2019
SEWA_S02_MWP2,47.56093,-122.31849,Fall19,11/6/2019 1:06,Procyon lotor,9/24/2019,11/7/2019
SEWA_S02_MWP2,47.56093,-122.31849,Fall19,11/6/2019 1:10,Procyon lotor,9/24/2019,11/7/2019
SEWA_S02_MWP2,47.56093,-122.31849,Fall19,11/6/2019 11:48,Sciurus carolinensis,9/24/2019,11/7/2019
SEWA_S02_MWP2,47.56093,-122.31849,Fall19,11/6/2019 12:17,Sciurus carolinensis,9/24/2019,11/7/2019
SEWA_S02_MWP2,47.56093,-122.31849,Fall19,11/6/2019 12:24,Sciurus carolinensis,9/24/2019,11/7/2019
SEWA_S02_MWP2,47.56093,-122.31849,Fall19,11/6/2019 14:52,Homo sapiens,9/24/2019,11/7/2019
SEWA_S02_MWP2,47.56093,-122.31849,Fall19,11/6/2019 15:20,Homo sapiens,9/24/2019,11/7/2019
SEWA_S02_WCP2,47.52699,-122.33736,Fall19,9/27/2019 10:52,Homo sapiens,9/24/2019,11/7/2019
SEWA_S02_WCP2,47.52699,-122.33736,Fall19,11/6/2019 16:59,Homo sapiens,9/24/2019,11/7/2019
SEWA_S02_WCP2,47.52699,-122.33736,Fall19,11/6/2019 17:03,Homo sapiens,9/24/2019,11/7/2019
SEWA_S02_WDG1,47.54149,-122.34569,Fall19,9/25/2019 11:55,Homo sapiens,9/24/2019,11/7/2019
SEWA_S02_WDG1,47.54149,-122.34569,Fall19,10/7/2019 9:45,Sciurus carolinensis,9/24/2019,11/7/2019
SEWA_S02_WDG1,47.54149,-122.34569,Fall19,10/9/2019 12:34,Sciurus carolinensis,9/24/2019,11/7/2019
SEWA_S02_WDG1,47.54149,-122.34569,Fall19,10/29/2019 16:14,Homo sapiens,9/24/2019,11/7/2019
SEWA_S02_WDG1,47.54149,-122.34569,Fall19,10/29/2019 16:41,Homo sapiens,9/24/2019,11/7/2019
SEWA_S02_WDG1,47.54149,-122.34569,Fall19,11/6/2019 9:14,Homo sapiens,9/24/2019,11/7/2019
SEWA_S04_BRF1,47.47522,-122.24035,Fall19,9/25/2019 10:00,Homo sapiens,9/24/2019,11/7/2019
SEWA_S04_BRF1,47.47522,-122.24035,Fall19,10/1/2019 10:38,Canis familiaris,9/24/2019,11/7/2019
SEWA_S04_BRF1,47.47522,-122.24035,Fall19,10/29/2019 11:46,Homo sapiens,9/24/2019,11/7/2019
SEWA_S04_BRF1,47.47522,-122.24035,Fall19,10/29/2019 14:21,Homo sapiens,9/24/2019,11/7/2019
SEWA_S04_BRF1,47.47522,-122.24035,Fall19,10/29/2019 14:26,Homo sapiens,9/24/2019,11/7/2019
SEWA_S04_FGL1,47.48434,-122.26262,Fall19,10/3/2019 10:13,Homo sapiens,9/24/2019,11/7/2019
SEWA_S04_FGL1,47.48434,-122.26262,Fall19,10/7/2019 1:38,Procyon lotor,9/24/2019,11/7/2019
SEWA_S04_FGL1,47.48434,-122.26262,Fall19,10/26/2019 16:53,Canis familiaris,9/24/2019,11/7/2019
SEWA_S05_TCC1,47.46189,-122.17861,Fall19,9/26/2019 12:12,Homo sapiens,9/24/2019,11/7/2019
SEWA_S05_TCC1,47.46189,-122.17861,Fall19,9/26/2019 13:15,Sciurus carolinensis,9/24/2019,11/7/2019
SEWA_S05_TCC1,47.46189,-122.17861,Fall19,9/30/2019 10:59,Sciurus carolinensis,9/24/2019,11/7/2019
SEWA_S05_TCC1,47.46189,-122.17861,Fall19,10/23/2019 16:03,Canis latrans,9/24/2019,11/7/2019
SEWA_S05_TCC1,47.46189,-122.17861,Fall19,10/23/2019 16:05,Canis latrans,9/24/2019,11/7/2019
SEWA_S05_TCC1,47.46189,-122.17861,Fall19,10/23/2019 16:06,Canis latrans,9/24/2019,11/7/2019
SEWA_S05_TCC1,47.46189,-122.17861,Fall19,10/28/2019 14:47,Sciurus carolinensis,9/24/2019,11/7/2019
SEWA_S05_TCC1,47.46189,-122.17861,Fall19,10/31/2019 11:04,Homo sapiens,9/24/2019,11/7/2019
SEWA_S06_MPO1,47.44997,-122.11071,Fall19,9/26/2019 11:40,Homo sapiens,9/24/2019,11/7/2019
SEWA_S06_MPO1,47.44997,-122.11071,Fall19,9/27/2019 14:58,Sciurus carolinensis,9/24/2019,11/7/2019
SEWA_S06_MPO1,47.44997,-122.11071,Fall19,9/27/2019 15:43,Sciurus carolinensis,9/24/2019,11/7/2019
SEWA_S06_MPO1,47.44997,-122.11071,Fall19,10/1/2019 11:18,Sciurus carolinensis,9/24/2019,11/7/2019
SEWA_S06_MPO1,47.44997,-122.11071,Fall19,10/2/2019 8:44,Sciurus carolinensis,9/24/2019,11/7/2019
SEWA_S06_MPO1,47.44997,-122.11071,Fall19,10/11/2019 6:21,Didelphis virginiana,9/24/2019,11/7/2019
SEWA_S06_MPO1,47.44997,-122.11071,Fall19,10/16/2019 5:17,Didelphis virginiana,9/24/2019,11/7/2019
SEWA_S06_MPO1,47.44997,-122.11071,Fall19,10/16/2019 5:19,Didelphis virginiana,9/24/2019,11/7/2019
SEWA_S06_MPO1,47.44997,-122.11071,Fall19,10/20/2019 7:01,Odocoileus hemionus,9/24/2019,11/7/2019
SEWA_S06_MPO1,47.44997,-122.11071,Fall19,10/21/2019 4:00,Odocoileus hemionus,9/24/2019,11/7/2019
SEWA_S06_MPO1,47.44997,-122.11071,Fall19,10/29/2019 9:16,Odocoileus hemionus,9/24/2019,11/7/2019
SEWA_S06_MPO1,47.44997,-122.11071,Fall19,10/29/2019 9:39,Odocoileus hemionus,9/24/2019,11/7/2019
SEWA_S06_MPO1,47.44997,-122.11071,Fall19,10/29/2019 20:57,Didelphis virginiana,9/24/2019,11/7/2019
SEWA_S06_MPO1,47.44997,-122.11071,Fall19,10/30/2019 10:27,Sciurus carolinensis,9/24/2019,11/7/2019
SEWA_S06_MPO1,47.44997,-122.11071,Fall19,10/30/2019 11:40,Odocoileus hemionus,9/24/2019,11/7/2019
SEWA_S06_MPO1,47.44997,-122.11071,Fall19,10/31/2019 10:24,Homo sapiens,9/24/2019,11/7/2019
SEWA_S08_TMF1,47.42278,-121.94978,Fall19,9/26/2019 10:21,Homo sapiens,9/24/2019,11/7/2019
SEWA_S08_TMF1,47.42278,-121.94978,Fall19,9/30/2019 6:59,Cervus canadensis,9/24/2019,11/7/2019
SEWA_S08_TMF1,47.42278,-121.94978,Fall19,9/30/2019 20:27,Odocoileus hemionus,9/24/2019,11/7/2019
SEWA_S08_TMF1,47.42278,-121.94978,Fall19,10/2/2019 9:14,Sciurus carolinensis,9/24/2019,11/7/2019
SEWA_S08_TMF1,47.42278,-121.94978,Fall19,10/3/2019 6:11,Cervus canadensis,9/24/2019,11/7/2019
SEWA_S08_TMF1,47.42278,-121.94978,Fall19,10/3/2019 7:59,Tamiasciurus douglasii,9/24/2019,11/7/2019
SEWA_S08_TMF1,47.42278,-121.94978,Fall19,10/5/2019 14:41,Lynx rufus,9/24/2019,11/7/2019
SEWA_S08_TMF1,47.42278,-121.94978,Fall19,10/6/2019 12:33,Sciurus carolinensis,9/24/2019,11/7/2019
SEWA_S08_TMF1,47.42278,-121.94978,Fall19,10/22/2019 14:47,Odocoileus hemionus,9/24/2019,11/7/2019
SEWA_S08_TMF1,47.42278,-121.94978,Fall19,10/31/2019 8:48,Homo sapiens,9/24/2019,11/7/2019
SEWA_S08_TMF1,47.42278,-121.94978,Fall19,10/31/2019 8:49,Homo sapiens,9/24/2019,11/7/2019
SEWA_N01_DSP1,47.6598,-122.41942,Winter20,1/4/2020 12:18,Canis familiaris,12/25/2019,2/7/2020
SEWA_N01_DSP1,47.6598,-122.41942,Winter20,1/6/2020 20:46,Procyon lotor,12/25/2019,2/7/2020
SEWA_N01_DSP1,47.6598,-122.41942,Winter20,1/6/2020 22:17,Procyon lotor,12/25/2019,2/7/2020
SEWA_N01_DSP1,47.6598,-122.41942,Winter20,1/8/2020 11:06,Homo sapiens,12/25/2019,2/7/2020
SEWA_N02_LWP2,47.669,-122.34474,Winter20,1/10/2020 12:05,Homo sapiens,12/25/2019,2/7/2020
SEWA_N02_LWP2,47.669,-122.34474,Winter20,1/10/2020 12:07,Homo sapiens,12/25/2019,2/7/2020
SEWA_N02_LWP2,47.669,-122.34474,Winter20,1/11/2020 0:48,Homo sapiens,12/25/2019,2/7/2020
SEWA_N02_LWP2,47.669,-122.34474,Winter20,1/11/2020 6:25,Sylvilagus floridanus,12/25/2019,2/7/2020
SEWA_N02_LWP2,47.669,-122.34474,Winter20,1/11/2020 6:43,Sylvilagus floridanus,12/25/2019,2/7/2020
SEWA_N02_LWP2,47.669,-122.34474,Winter20,1/11/2020 6:46,Sylvilagus floridanus,12/25/2019,2/7/2020
SEWA_N02_LWP2,47.669,-122.34474,Winter20,1/11/2020 7:16,Sylvilagus floridanus,12/25/2019,2/7/2020
SEWA_N02_LWP2,47.669,-122.34474,Winter20,1/11/2020 7:28,Sylvilagus floridanus,12/25/2019,2/7/2020
SEWA_N02_LWP2,47.669,-122.34474,Winter20,1/11/2020 13:43,Sciurus carolinensis,12/25/2019,2/7/2020
SEWA_N02_LWP2,47.669,-122.34474,Winter20,1/13/2020 8:31,Canis familiaris,12/25/2019,2/7/2020
SEWA_N02_LWP2,47.669,-122.34474,Winter20,1/13/2020 9:39,Canis familiaris,12/25/2019,2/7/2020
SEWA_N02_LWP2,47.669,-122.34474,Winter20,1/14/2020 11:56,Canis familiaris,12/25/2019,2/7/2020
SEWA_N02_LWP2,47.669,-122.34474,Winter20,1/14/2020 12:13,Canis familiaris,12/25/2019,2/7/2020
SEWA_N02_LWP2,47.669,-122.34474,Winter20,1/14/2020 14:43,Canis familiaris,12/25/2019,2/7/2020
SEWA_N02_LWP2,47.669,-122.34474,Winter20,1/15/2020 11:17,Sciurus carolinensis,12/25/2019,2/7/2020
SEWA_N02_LWP2,47.669,-122.34474,Winter20,1/15/2020 12:32,Sciurus carolinensis,12/25/2019,2/7/2020
SEWA_N02_LWP2,47.669,-122.34474,Winter20,1/15/2020 12:35,Sciurus carolinensis,12/25/2019,2/7/2020
SEWA_N02_LWP2,47.669,-122.34474,Winter20,1/16/2020 8:27,Canis familiaris,12/25/2019,2/7/2020
SEWA_N02_LWP2,47.669,-122.34474,Winter20,1/16/2020 12:01,Sciurus carolinensis,12/25/2019,2/7/2020
SEWA_N02_LWP2,47.669,-122.34474,Winter20,1/16/2020 12:41,Canis familiaris,12/25/2019,2/7/2020
SEWA_N02_LWP2,47.669,-122.34474,Winter20,1/16/2020 13:00,Sciurus carolinensis,12/25/2019,2/7/2020
SEWA_N02_LWP2,47.669,-122.34474,Winter20,1/16/2020 16:43,Canis familiaris,12/25/2019,2/7/2020
SEWA_N02_LWP2,47.669,-122.34474,Winter20,1/17/2020 9:47,Homo sapiens,12/25/2019,2/7/2020
SEWA_N02_LWP2,47.669,-122.34474,Winter20,1/17/2020 13:24,Sciurus carolinensis,12/25/2019,2/7/2020
SEWA_N02_LWP2,47.669,-122.34474,Winter20,1/17/2020 13:28,Sciurus carolinensis,12/25/2019,2/7/2020
SEWA_N02_LWP2,47.669,-122.34474,Winter20,1/18/2020 13:15,Sciurus carolinensis,12/25/2019,2/7/2020
SEWA_N02_LWP2,47.669,-122.34474,Winter20,1/18/2020 19:34,Sylvilagus floridanus,12/25/2019,2/7/2020
SEWA_N02_LWP2,47.669,-122.34474,Winter20,1/18/2020 20:06,Sylvilagus floridanus,12/25/2019,2/7/2020
SEWA_N02_LWP2,47.669,-122.34474,Winter20,1/18/2020 20:09,Sylvilagus floridanus,12/25/2019,2/7/2020
SEWA_N02_LWP2,47.669,-122.34474,Winter20,1/18/2020 21:28,Sylvilagus floridanus,12/25/2019,2/7/2020
SEWA_N02_LWP2,47.669,-122.34474,Winter20,1/19/2020 3:46,Procyon lotor,12/25/2019,2/7/2020
SEWA_N02_LWP2,47.669,-122.34474,Winter20,1/19/2020 11:29,Sciurus carolinensis,12/25/2019,2/7/2020
SEWA_N02_LWP2,47.669,-122.34474,Winter20,1/19/2020 16:09,Homo sapiens,12/25/2019,2/7/2020
SEWA_N02_LWP2,47.669,-122.34474,Winter20,1/20/2020 18:36,Sylvilagus floridanus,12/25/2019,2/7/2020
SEWA_N02_LWP2,47.669,-122.34474,Winter20,1/20/2020 18:40,Sylvilagus floridanus,12/25/2019,2/7/2020
SEWA_N02_LWP2,47.669,-122.34474,Winter20,1/20/2020 18:45,Sylvilagus floridanus,12/25/2019,2/7/2020
SEWA_N02_LWP2,47.669,-122.34474,Winter20,1/20/2020 20:37,Sylvilagus floridanus,12/25/2019,2/7/2020
SEWA_N02_LWP2,47.669,-122.34474,Winter20,1/20/2020 20:52,Sylvilagus floridanus,12/25/2019,2/7/2020
SEWA_N02_LWP2,47.669,-122.34474,Winter20,1/20/2020 20:54,Sylvilagus floridanus,12/25/2019,2/7/2020
SEWA_N02_LWP2,47.669,-122.34474,Winter20,1/20/2020 22:39,Sylvilagus floridanus,12/25/2019,2/7/2020
SEWA_N02_LWP2,47.669,-122.34474,Winter20,1/20/2020 23:26,Sylvilagus floridanus,12/25/2019,2/7/2020
SEWA_N02_LWP2,47.669,-122.34474,Winter20,1/22/2020 16:10,Canis familiaris,12/25/2019,2/7/2020
SEWA_N02_LWP2,47.669,-122.34474,Winter20,1/23/2020 15:29,Homo sapiens,12/25/2019,2/7/2020
SEWA_N02_LWP2,47.669,-122.34474,Winter20,1/24/2020 11:35,Sciurus carolinensis,12/25/2019,2/7/2020
SEWA_N02_LWP2,47.669,-122.34474,Winter20,1/24/2020 23:01,Canis latrans,12/25/2019,2/7/2020
SEWA_N02_LWP2,47.669,-122.34474,Winter20,1/25/2020 11:29,Sciurus carolinensis,12/25/2019,2/7/2020
SEWA_N02_LWP2,47.669,-122.34474,Winter20,1/25/2020 13:29,Sciurus carolinensis,12/25/2019,2/7/2020
SEWA_N02_LWP2,47.669,-122.34474,Winter20,1/25/2020 14:08,Sciurus carolinensis,12/25/2019,2/7/2020
SEWA_N02_LWP2,47.669,-122.34474,Winter20,1/25/2020 15:17,Canis familiaris,12/25/2019,2/7/2020
SEWA_N02_LWP2,47.669,-122.34474,Winter20,1/26/2020 8:44,Sciurus carolinensis,12/25/2019,2/7/2020
SEWA_N02_LWP2,47.669,-122.34474,Winter20,1/26/2020 14:50,Sciurus carolinensis,12/25/2019,2/7/2020
SEWA_N02_LWP2,47.669,-122.34474,Winter20,1/27/2020 10:22,Sciurus carolinensis,12/25/2019,2/7/2020
SEWA_N02_LWP2,47.669,-122.34474,Winter20,1/27/2020 11:48,Sciurus carolinensis,12/25/2019,2/7/2020
SEWA_N02_LWP2,47.669,-122.34474,Winter20,1/27/2020 16:12,Canis familiaris,12/25/2019,2/7/2020
SEWA_N02_LWP2,47.669,-122.34474,Winter20,1/28/2020 13:19,Sciurus carolinensis,12/25/2019,2/7/2020
SEWA_N02_LWP2,47.669,-122.34474,Winter20,1/28/2020 14:19,Sciurus carolinensis,12/25/2019,2/7/2020
SEWA_N02_LWP2,47.669,-122.34474,Winter20,1/28/2020 19:44,Sylvilagus floridanus,12/25/2019,2/7/2020
SEWA_N02_LWP2,47.669,-122.34474,Winter20,1/28/2020 19:52,Sylvilagus floridanus,12/25/2019,2/7/2020
SEWA_N02_LWP2,47.669,-122.34474,Winter20,1/29/2020 15:01,Canis familiaris,12/25/2019,2/7/2020
SEWA_N02_LWP2,47.669,-122.34474,Winter20,1/30/2020 13:41,Sciurus carolinensis,12/25/2019,2/7/2020
SEWA_N02_LWP2,47.669,-122.34474,Winter20,1/30/2020 17:43,Sylvilagus floridanus,12/25/2019,2/7/2020
SEWA_N02_LWP2,47.669,-122.34474,Winter20,1/30/2020 18:21,Canis familiaris,12/25/2019,2/7/2020
SEWA_N02_LWP2,47.669,-122.34474,Winter20,1/31/2020 10:40,Homo sapiens,12/25/2019,2/7/2020
SEWA_N02_LWP2,47.669,-122.34474,Winter20,2/1/2020 13:36,Sciurus carolinensis,12/25/2019,2/7/2020
SEWA_N02_LWP2,47.669,-122.34474,Winter20,2/2/2020 9:56,Sciurus carolinensis,12/25/2019,2/7/2020
SEWA_N02_LWP2,47.669,-122.34474,Winter20,2/2/2020 14:57,Canis familiaris,12/25/2019,2/7/2020
SEWA_N02_LWP2,47.669,-122.34474,Winter20,2/3/2020 8:59,Sciurus carolinensis,12/25/2019,2/7/2020
SEWA_N02_LWP2,47.669,-122.34474,Winter20,2/3/2020 12:15,Sciurus carolinensis,12/25/2019,2/7/2020
SEWA_N02_LWP2,47.669,-122.34474,Winter20,2/3/2020 12:20,Sciurus carolinensis,12/25/2019,2/7/2020
SEWA_N02_LWP2,47.669,-122.34474,Winter20,2/3/2020 13:10,Sciurus carolinensis,12/25/2019,2/7/2020
SEWA_N02_LWP2,47.669,-122.34474,Winter20,2/3/2020 14:19,Canis familiaris,12/25/2019,2/7/2020
SEWA_N02_LWP2,47.669,-122.34474,Winter20,2/4/2020 9:06,Canis familiaris,12/25/2019,2/7/2020
SEWA_N02_LWP2,47.669,-122.34474,Winter20,2/4/2020 13:58,Homo sapiens,12/25/2019,2/7/2020
SEWA_N02_PHN1,47.6723,-122.3598,Winter20,1/1/2020 8:42,Homo sapiens,12/25/2019,2/7/2020
SEWA_N02_PHN1,47.6723,-122.3598,Winter20,1/1/2020 10:14,Homo sapiens,12/25/2019,2/7/2020
SEWA_N02_PHN1,47.6723,-122.3598,Winter20,1/1/2020 10:14,Canis familiaris,12/25/2019,2/7/2020
SEWA_N02_PHN1,47.6723,-122.3598,Winter20,1/1/2020 13:08,Homo sapiens,12/25/2019,2/7/2020
SEWA_N02_PHN1,47.6723,-122.3598,Winter20,1/1/2020 13:08,Canis familiaris,12/25/2019,2/7/2020
SEWA_N02_PHN1,47.6723,-122.3598,Winter20,1/1/2020 13:12,Canis familiaris,12/25/2019,2/7/2020
SEWA_N02_PHN1,47.6723,-122.3598,Winter20,1/1/2020 13:12,Homo sapiens,12/25/2019,2/7/2020
SEWA_N02_PHN1,47.6723,-122.3598,Winter20,1/1/2020 14:20,Homo sapiens,12/25/2019,2/7/2020
SEWA_N02_PHN1,47.6723,-122.3598,Winter20,1/1/2020 14:34,Sciurus carolinensis,12/25/2019,2/7/2020
SEWA_N02_PHN1,47.6723,-122.3598,Winter20,1/1/2020 15:36,Homo sapiens,12/25/2019,2/7/2020
SEWA_N02_PHN1,47.6723,-122.3598,Winter20,1/1/2020 16:10,Homo sapiens,12/25/2019,2/7/2020
SEWA_N02_PHN1,47.6723,-122.3598,Winter20,1/1/2020 19:09,Canis familiaris,12/25/2019,2/7/2020
SEWA_N02_PHN1,47.6723,-122.3598,Winter20,1/1/2020 19:09,Homo sapiens,12/25/2019,2/7/2020
SEWA_N02_PHN1,47.6723,-122.3598,Winter20,1/2/2020 6:34,Homo sapiens,12/25/2019,2/7/2020
SEWA_N02_PHN1,47.6723,-122.3598,Winter20,1/2/2020 12:28,Homo sapiens,12/25/2019,2/7/2020
SEWA_N02_PHN1,47.6723,-122.3598,Winter20,1/2/2020 12:30,Homo sapiens,12/25/2019,2/7/2020
SEWA_N02_PHN1,47.6723,-122.3598,Winter20,1/2/2020 17:21,Homo sapiens,12/25/2019,2/7/2020
SEWA_N02_PHN1,47.6723,-122.3598,Winter20,1/3/2020 7:27,Homo sapiens,12/25/2019,2/7/2020
SEWA_N02_PHN1,47.6723,-122.3598,Winter20,1/3/2020 8:39,Homo sapiens,12/25/2019,2/7/2020
SEWA_N02_PHN1,47.6723,-122.3598,Winter20,1/3/2020 9:30,Homo sapiens,12/25/2019,2/7/2020
SEWA_N02_PHN1,47.6723,-122.3598,Winter20,1/3/2020 13:47,Canis familiaris,12/25/2019,2/7/2020
SEWA_N02_PHN1,47.6723,-122.3598,Winter20,1/3/2020 14:13,Homo sapiens,12/25/2019,2/7/2020
SEWA_N02_PHN1,47.6723,-122.3598,Winter20,1/3/2020 14:13,Canis familiaris,12/25/2019,2/7/2020
SEWA_N02_PHN1,47.6723,-122.3598,Winter20,1/3/2020 14:26,Homo sapiens,12/25/2019,2/7/2020
SEWA_N02_PHN1,47.6723,-122.3598,Winter20,1/3/2020 14:26,Canis familiaris,12/25/2019,2/7/2020
SEWA_N02_PHN1,47.6723,-122.3598,Winter20,1/3/2020 17:56,Homo sapiens,12/25/2019,2/7/2020
SEWA_N02_PHN1,47.6723,-122.3598,Winter20,1/4/2020 6:35,Procyon lotor,12/25/2019,2/7/2020
SEWA_N02_PHN1,47.6723,-122.3598,Winter20,1/4/2020 6:47,Homo sapiens,12/25/2019,2/7/2020
SEWA_N02_PHN1,47.6723,-122.3598,Winter20,1/4/2020 9:18,Homo sapiens,12/25/2019,2/7/2020
SEWA_N02_PHN1,47.6723,-122.3598,Winter20,1/4/2020 10:34,Canis familiaris,12/25/2019,2/7/2020
SEWA_N02_PHN1,47.6723,-122.3598,Winter20,1/4/2020 10:34,Homo sapiens,12/25/2019,2/7/2020
SEWA_N02_PHN1,47.6723,-122.3598,Winter20,1/4/2020 11:14,Homo sapiens,12/25/2019,2/7/2020
SEWA_N02_PHN1,47.6723,-122.3598,Winter20,1/4/2020 12:44,Homo sapiens,12/25/2019,2/7/2020
SEWA_N02_PHN1,47.6723,-122.3598,Winter20,1/4/2020 12:44,Felis catus,12/25/2019,2/7/2020
SEWA_N02_PHN1,47.6723,-122.3598,Winter20,1/4/2020 13:46,Homo sapiens,12/25/2019,2/7/2020
SEWA_N02_PHN1,47.6723,-122.3598,Winter20,1/5/2020 7:04,Homo sapiens,12/25/2019,2/7/2020
SEWA_N02_PHN1,47.6723,-122.3598,Winter20,1/5/2020 11:40,Homo sapiens,12/25/2019,2/7/2020
SEWA_N02_PHN1,47.6723,-122.3598,Winter20,1/5/2020 13:11,Canis familiaris,12/25/2019,2/7/2020
SEWA_N02_PHN1,47.6723,-122.3598,Winter20,1/5/2020 13:11,Homo sapiens,12/25/2019,2/7/2020
SEWA_N02_PHN1,47.6723,-122.3598,Winter20,1/5/2020 15:28,Homo sapiens,12/25/2019,2/7/2020
SEWA_N02_PHN1,47.6723,-122.3598,Winter20,1/5/2020 15:51,Homo sapiens,12/25/2019,2/7/2020
SEWA_N02_PHN1,47.6723,-122.3598,Winter20,1/5/2020 15:51,Canis familiaris,12/25/2019,2/7/2020
SEWA_N02_PHN1,47.6723,-122.3598,Winter20,1/5/2020 16:26,Sciurus carolinensis,12/25/2019,2/7/2020
SEWA_N02_PHN1,47.6723,-122.3598,Winter20,1/6/2020 6:25,Homo sapiens,12/25/2019,2/7/2020
SEWA_N02_PHN1,47.6723,-122.3598,Winter20,1/6/2020 17:58,Canis familiaris,12/25/2019,2/7/2020
SEWA_N02_PHN1,47.6723,-122.3598,Winter20,1/6/2020 17:58,Homo sapiens,12/25/2019,2/7/2020
SEWA_N02_PHN1,47.6723,-122.3598,Winter20,1/7/2020 6:40,Homo sapiens,12/25/2019,2/7/2020
SEWA_N02_PHN1,47.6723,-122.3598,Winter20,1/8/2020 6:35,Homo sapiens,12/25/2019,2/7/2020
SEWA_N02_PHN1,47.6723,-122.3598,Winter20,1/8/2020 7:37,Homo sapiens,12/25/2019,2/7/2020
SEWA_N02_PHN1,47.6723,-122.3598,Winter20,1/8/2020 7:37,Canis familiaris,12/25/2019,2/7/2020
SEWA_N02_PHN1,47.6723,-122.3598,Winter20,1/8/2020 7:39,Homo sapiens,12/25/2019,2/7/2020
SEWA_N02_PHN1,47.6723,-122.3598,Winter20,1/8/2020 13:08,Homo sapiens,12/25/2019,2/7/2020
SEWA_N02_PHN1,47.6723,-122.3598,Winter20,1/8/2020 13:41,Homo sapiens,12/25/2019,2/7/2020
SEWA_N02_PHN1,47.6723,-122.3598,Winter20,1/8/2020 14:40,Canis familiaris,12/25/2019,2/7/2020
SEWA_N02_PHN1,47.6723,-122.3598,Winter20,1/9/2020 6:37,Homo sapiens,12/25/2019,2/7/2020
SEWA_N02_PHN1,47.6723,-122.3598,Winter20,1/9/2020 9:02,Corvus brachyrhynchos,12/25/2019,2/7/2020
SEWA_N02_PHN1,47.6723,-122.3598,Winter20,1/9/2020 10:29,Homo sapiens,12/25/2019,2/7/2020
SEWA_N02_PHN1,47.6723,-122.3598,Winter20,1/9/2020 11:14,Homo sapiens,12/25/2019,2/7/2020
SEWA_N02_PHN1,47.6723,-122.3598,Winter20,1/9/2020 11:17,Homo sapiens,12/25/2019,2/7/2020
SEWA_N02_PHN1,47.6723,-122.3598,Winter20,1/9/2020 11:28,Canis familiaris,12/25/2019,2/7/2020
SEWA_N02_PHN1,47.6723,-122.3598,Winter20,1/9/2020 11:34,Homo sapiens,12/25/2019,2/7/2020
SEWA_N02_PHN1,47.6723,-122.3598,Winter20,1/9/2020 12:38,Homo sapiens,12/25/2019,2/7/2020
SEWA_N02_PHN1,47.6723,-122.3598,Winter20,1/9/2020 12:38,Canis familiaris,12/25/2019,2/7/2020
SEWA_N02_PHN1,47.6723,-122.3598,Winter20,1/10/2020 3:36,Procyon lotor,12/25/2019,2/7/2020
SEWA_N02_PHN1,47.6723,-122.3598,Winter20,1/10/2020 6:29,Homo sapiens,12/25/2019,2/7/2020
SEWA_N02_PHN1,47.6723,-122.3598,Winter20,1/10/2020 10:35,Homo sapiens,12/25/2019,2/7/2020
SEWA_N02_PHN1,47.6723,-122.3598,Winter20,1/10/2020 16:11,Homo sapiens,12/25/2019,2/7/2020
SEWA_N02_PHN1,47.6723,-122.3598,Winter20,1/10/2020 16:39,Homo sapiens,12/25/2019,2/7/2020
SEWA_N02_PHN1,47.6723,-122.3598,Winter20,1/11/2020 6:44,Homo sapiens,12/25/2019,2/7/2020
SEWA_N02_PHN1,47.6723,-122.3598,Winter20,1/11/2020 11:35,Canis familiaris,12/25/2019,2/7/2020
SEWA_N02_PHN1,47.6723,-122.3598,Winter20,1/11/2020 11:35,Homo sapiens,12/25/2019,2/7/2020
SEWA_N02_PHN1,47.6723,-122.3598,Winter20,1/11/2020 15:00,Homo sapiens,12/25/2019,2/7/2020
SEWA_N02_PHN1,47.6723,-122.3598,Winter20,1/11/2020 23:17,Homo sapiens,12/25/2019,2/7/2020
SEWA_N02_PHN1,47.6723,-122.3598,Winter20,1/12/2020 7:46,Homo sapiens,12/25/2019,2/7/2020
SEWA_N02_PHN1,47.6723,-122.3598,Winter20,1/12/2020 10:43,Canis familiaris,12/25/2019,2/7/2020
SEWA_N02_PHN1,47.6723,-122.3598,Winter20,1/12/2020 15:23,Homo sapiens,12/25/2019,2/7/2020
SEWA_N02_PHN1,47.6723,-122.3598,Winter20,1/13/2020 6:44,Homo sapiens,12/25/2019,2/7/2020
SEWA_N02_PHN1,47.6723,-122.3598,Winter20,1/13/2020 8:40,Homo sapiens,12/25/2019,2/7/2020
SEWA_N02_PHN1,47.6723,-122.3598,Winter20,1/13/2020 9:09,Homo sapiens,12/25/2019,2/7/2020
SEWA_N02_PHN1,47.6723,-122.3598,Winter20,1/13/2020 10:05,Homo sapiens,12/25/2019,2/7/2020
SEWA_N02_PHN1,47.6723,-122.3598,Winter20,1/14/2020 2:10,Homo sapiens,12/25/2019,2/7/2020
SEWA_N02_PHN1,47.6723,-122.3598,Winter20,1/14/2020 6:13,Homo sapiens,12/25/2019,2/7/2020
SEWA_N02_PHN1,47.6723,-122.3598,Winter20,1/14/2020 8:38,Homo sapiens,12/25/2019,2/7/2020
SEWA_N02_PHN1,47.6723,-122.3598,Winter20,1/14/2020 8:38,Canis familiaris,12/25/2019,2/7/2020
SEWA_N02_PHN1,47.6723,-122.3598,Winter20,1/14/2020 8:49,Homo sapiens,12/25/2019,2/7/2020
SEWA_N02_PHN1,47.6723,-122.3598,Winter20,1/14/2020 8:59,Canis familiaris,12/25/2019,2/7/2020
SEWA_N02_PHN1,47.6723,-122.3598,Winter20,1/14/2020 9:10,Homo sapiens,12/25/2019,2/7/2020
SEWA_N02_PHN1,47.6723,-122.3598,Winter20,1/14/2020 10:07,Homo sapiens,12/25/2019,2/7/2020
SEWA_N02_PHN1,47.6723,-122.3598,Winter20,1/14/2020 10:12,Homo sapiens,12/25/2019,2/7/2020
SEWA_N02_PHN1,47.6723,-122.3598,Winter20,1/14/2020 11:22,Homo sapiens,12/25/2019,2/7/2020
SEWA_N02_PHN1,47.6723,-122.3598,Winter20,1/14/2020 11:24,Homo sapiens,12/25/2019,2/7/2020
SEWA_N02_PHN1,47.6723,-122.3598,Winter20,1/14/2020 11:33,Homo sapiens,12/25/2019,2/7/2020
SEWA_N02_PHN1,47.6723,-122.3598,Winter20,1/15/2020 2:26,Procyon lotor,12/25/2019,2/7/2020
SEWA_N02_PHN1,47.6723,-122.3598,Winter20,1/15/2020 6:13,Homo sapiens,12/25/2019,2/7/2020
SEWA_N02_PHN1,47.6723,-122.3598,Winter20,1/15/2020 12:38,Homo sapiens,12/25/2019,2/7/2020
SEWA_N02_PHN1,47.6723,-122.3598,Winter20,1/15/2020 13:09,Homo sapiens,12/25/2019,2/7/2020
SEWA_N02_PHN1,47.6723,-122.3598,Winter20,1/15/2020 14:30,Homo sapiens,12/25/2019,2/7/2020
SEWA_N02_PHN1,47.6723,-122.3598,Winter20,1/15/2020 14:53,Homo sapiens,12/25/2019,2/7/2020
SEWA_N02_PHN1,47.6723,-122.3598,Winter20,1/15/2020 14:56,Homo sapiens,12/25/2019,2/7/2020
SEWA_N02_PHN1,47.6723,-122.3598,Winter20,1/15/2020 15:04,Homo sapiens,12/25/2019,2/7/2020
SEWA_N02_PHN1,47.6723,-122.3598,Winter20,1/15/2020 15:09,Homo sapiens,12/25/2019,2/7/2020
SEWA_N02_PHN1,47.6723,-122.3598,Winter20,1/15/2020 15:16,Homo sapiens,12/25/2019,2/7/2020
SEWA_N02_PHN1,47.6723,-122.3598,Winter20,1/15/2020 16:34,Homo sapiens,12/25/2019,2/7/2020
SEWA_N02_PHN1,47.6723,-122.3598,Winter20,1/15/2020 16:39,Homo sapiens,12/25/2019,2/7/2020
SEWA_N02_PHN1,47.6723,-122.3598,Winter20,1/15/2020 16:44,Homo sapiens,12/25/2019,2/7/2020
SEWA_N02_PHN1,47.6723,-122.3598,Winter20,1/16/2020 7:35,Homo sapiens,12/25/2019,2/7/2020
SEWA_N02_PHN1,47.6723,-122.3598,Winter20,1/16/2020 7:35,Canis familiaris,12/25/2019,2/7/2020
SEWA_N02_PHN1,47.6723,-122.3598,Winter20,1/16/2020 9:10,Homo sapiens,12/25/2019,2/7/2020
SEWA_N02_PHN1,47.6723,-122.3598,Winter20,1/16/2020 11:03,Homo sapiens,12/25/2019,2/7/2020
SEWA_N02_PHN1,47.6723,-122.3598,Winter20,1/16/2020 13:08,Felis catus,12/25/2019,2/7/2020
SEWA_N02_PHN1,47.6723,-122.3598,Winter20,1/16/2020 14:13,Canis familiaris,12/25/2019,2/7/2020
SEWA_N02_PHN1,47.6723,-122.3598,Winter20,1/16/2020 14:13,Homo sapiens,12/25/2019,2/7/2020
SEWA_N02_PHN1,47.6723,-122.3598,Winter20,1/16/2020 18:17,Homo sapiens,12/25/2019,2/7/2020
SEWA_N02_PHN1,47.6723,-122.3598,Winter20,1/17/2020 7:49,Canis familiaris,12/25/2019,2/7/2020
SEWA_N02_PHN1,47.6723,-122.3598,Winter20,1/18/2020 7:34,Procyon lotor,12/25/2019,2/7/2020
SEWA_N02_PHN1,47.6723,-122.3598,Winter20,1/18/2020 9:01,Canis familiaris,12/25/2019,2/7/2020
SEWA_N02_PHN1,47.6723,-122.3598,Winter20,1/18/2020 9:01,Homo sapiens,12/25/2019,2/7/2020
SEWA_N02_PHN1,47.6723,-122.3598,Winter20,1/18/2020 11:39,Homo sapiens,12/25/2019,2/7/2020
SEWA_N02_PHN1,47.6723,-122.3598,Winter20,1/18/2020 13:12,Canis familiaris,12/25/2019,2/7/2020
SEWA_N02_PHN1,47.6723,-122.3598,Winter20,1/18/2020 13:12,Homo sapiens,12/25/2019,2/7/2020
SEWA_N02_PHN1,47.6723,-122.3598,Winter20,1/18/2020 13:49,Canis familiaris,12/25/2019,2/7/2020
SEWA_N02_PHN1,47.6723,-122.3598,Winter20,1/18/2020 13:49,Homo sapiens,12/25/2019,2/7/2020
SEWA_N02_PHN1,47.6723,-122.3598,Winter20,1/18/2020 15:27,Homo sapiens,12/25/2019,2/7/2020
SEWA_N02_PHN1,47.6723,-122.3598,Winter20,1/18/2020 15:27,Canis familiaris,12/25/2019,2/7/2020
SEWA_N02_PHN1,47.6723,-122.3598,Winter20,1/18/2020 15:30,Canis familiaris,12/25/2019,2/7/2020
SEWA_N02_PHN1,47.6723,-122.3598,Winter20,1/18/2020 15:31,Canis familiaris,12/25/2019,2/7/2020
SEWA_N02_PHN1,47.6723,-122.3598,Winter20,1/18/2020 16:00,Homo sapiens,12/25/2019,2/7/2020
SEWA_N02_PHN1,47.6723,-122.3598,Winter20,1/18/2020 16:00,Canis familiaris,12/25/2019,2/7/2020
SEWA_N02_PHN1,47.6723,-122.3598,Winter20,1/18/2020 16:04,Canis familiaris,12/25/2019,2/7/2020
SEWA_N02_PHN1,47.6723,-122.3598,Winter20,1/19/2020 11:00,Canis familiaris,12/25/2019,2/7/2020
SEWA_N02_PHN1,47.6723,-122.3598,Winter20,1/19/2020 12:37,Homo sapiens,12/25/2019,2/7/2020
SEWA_N02_PHN1,47.6723,-122.3598,Winter20,1/19/2020 13:53,Sciurus carolinensis,12/25/2019,2/7/2020
SEWA_N02_PHN1,47.6723,-122.3598,Winter20,1/19/2020 14:36,Homo sapiens,12/25/2019,2/7/2020
SEWA_N02_PHN1,47.6723,-122.3598,Winter20,1/19/2020 15:15,Homo sapiens,12/25/2019,2/7/2020
SEWA_N02_PHN1,47.6723,-122.3598,Winter20,1/19/2020 15:56,Canis familiaris,12/25/2019,2/7/2020
SEWA_N02_PHN1,47.6723,-122.3598,Winter20,1/19/2020 15:56,Homo sapiens,12/25/2019,2/7/2020
SEWA_N02_PHN1,47.6723,-122.3598,Winter20,1/19/2020 22:09,Homo sapiens,12/25/2019,2/7/2020
SEWA_N02_PHN1,47.6723,-122.3598,Winter20,1/20/2020 8:30,Corvus brachyrhynchos,12/25/2019,2/7/2020
SEWA_N02_PHN1,47.6723,-122.3598,Winter20,1/20/2020 10:19,Canis familiaris,12/25/2019,2/7/2020
SEWA_N02_PHN1,47.6723,-122.3598,Winter20,1/20/2020 13:09,Sciurus carolinensis,12/25/2019,2/7/2020
SEWA_N02_PHN1,47.6723,-122.3598,Winter20,1/20/2020 13:31,Corvus brachyrhynchos,12/25/2019,2/7/2020
SEWA_N02_PHN1,47.6723,-122.3598,Winter20,1/20/2020 14:49,Homo sapiens,12/25/2019,2/7/2020
SEWA_N02_PHN1,47.6723,-122.3598,Winter20,1/20/2020 15:00,Canis familiaris,12/25/2019,2/7/2020
SEWA_N02_PHN1,47.6723,-122.3598,Winter20,1/20/2020 15:00,Homo sapiens,12/25/2019,2/7/2020
SEWA_N02_PHN1,47.6723,-122.3598,Winter20,1/21/2020 7:09,Homo sapiens,12/25/2019,2/7/2020
SEWA_N02_PHN1,47.6723,-122.3598,Winter20,1/21/2020 11:58,Corvus brachyrhynchos,12/25/2019,2/7/2020
SEWA_N02_PHN1,47.6723,-122.3598,Winter20,1/21/2020 13:21,Corvus brachyrhynchos,12/25/2019,2/7/2020
SEWA_N02_PHN1,47.6723,-122.3598,Winter20,1/21/2020 17:03,Homo sapiens,12/25/2019,2/7/2020
SEWA_N02_PHN1,47.6723,-122.3598,Winter20,1/22/2020 7:27,Homo sapiens,12/25/2019,2/7/2020
SEWA_N02_PHN1,47.6723,-122.3598,Winter20,1/22/2020 7:27,Canis familiaris,12/25/2019,2/7/2020
SEWA_N02_PHN1,47.6723,-122.3598,Winter20,1/22/2020 9:34,Sciurus carolinensis,12/25/2019,2/7/2020
SEWA_N02_PHN1,47.6723,-122.3598,Winter20,1/22/2020 18:21,Homo sapiens,12/25/2019,2/7/2020
SEWA_N02_PHN1,47.6723,-122.3598,Winter20,1/23/2020 2:31,Procyon lotor,12/25/2019,2/7/2020
SEWA_N02_PHN1,47.6723,-122.3598,Winter20,1/23/2020 6:17,Homo sapiens,12/25/2019,2/7/2020
SEWA_N02_PHN1,47.6723,-122.3598,Winter20,1/23/2020 13:31,Homo sapiens,12/25/2019,2/7/2020
SEWA_N02_PHN1,47.6723,-122.3598,Winter20,1/23/2020 17:14,Homo sapiens,12/25/2019,2/7/2020
SEWA_N02_PHN1,47.6723,-122.3598,Winter20,1/24/2020 6:30,Homo sapiens,12/25/2019,2/7/2020
SEWA_N02_PHN1,47.6723,-122.3598,Winter20,1/24/2020 6:54,Homo sapiens,12/25/2019,2/7/2020
SEWA_N02_PHN1,47.6723,-122.3598,Winter20,1/24/2020 12:22,Homo sapiens,12/25/2019,2/7/2020
SEWA_N02_PHN1,47.6723,-122.3598,Winter20,1/24/2020 15:57,Homo sapiens,12/25/2019,2/7/2020
SEWA_N02_PHN1,47.6723,-122.3598,Winter20,1/25/2020 6:35,Homo sapiens,12/25/2019,2/7/2020
SEWA_N02_PHN1,47.6723,-122.3598,Winter20,1/25/2020 11:08,Homo sapiens,12/25/2019,2/7/2020
SEWA_N02_PHN1,47.6723,-122.3598,Winter20,1/25/2020 12:33,Homo sapiens,12/25/2019,2/7/2020
SEWA_N02_PHN1,47.6723,-122.3598,Winter20,1/25/2020 14:59,Homo sapiens,12/25/2019,2/7/2020
SEWA_N02_PHN1,47.6723,-122.3598,Winter20,1/25/2020 15:58,Homo sapiens,12/25/2019,2/7/2020
SEWA_N02_PHN1,47.6723,-122.3598,Winter20,1/26/2020 7:01,Homo sapiens,12/25/2019,2/7/2020
SEWA_N02_PHN1,47.6723,-122.3598,Winter20,1/26/2020 9:21,Sciurus carolinensis,12/25/2019,2/7/2020
SEWA_N02_PHN1,47.6723,-122.3598,Winter20,1/26/2020 10:09,Homo sapiens,12/25/2019,2/7/2020
SEWA_N02_PHN1,47.6723,-122.3598,Winter20,1/26/2020 10:46,Canis familiaris,12/25/2019,2/7/2020
SEWA_N02_PHN1,47.6723,-122.3598,Winter20,1/26/2020 10:46,Homo sapiens,12/25/2019,2/7/2020
SEWA_N02_PHN1,47.6723,-122.3598,Winter20,1/26/2020 10:58,Homo sapiens,12/25/2019,2/7/2020
SEWA_N02_PHN1,47.6723,-122.3598,Winter20,1/26/2020 11:23,Homo sapiens,12/25/2019,2/7/2020
SEWA_N02_PHN1,47.6723,-122.3598,Winter20,1/26/2020 11:34,Canis familiaris,12/25/2019,2/7/2020
SEWA_N02_PHN1,47.6723,-122.3598,Winter20,1/26/2020 11:34,Homo sapiens,12/25/2019,2/7/2020
SEWA_N02_PHN1,47.6723,-122.3598,Winter20,1/26/2020 11:36,Homo sapiens,12/25/2019,2/7/2020
SEWA_N02_PHN1,47.6723,-122.3598,Winter20,1/26/2020 15:13,Canis familiaris,12/25/2019,2/7/2020
SEWA_N02_PHN1,47.6723,-122.3598,Winter20,1/26/2020 16:46,Homo sapiens,12/25/2019,2/7/2020
SEWA_N02_PHN1,47.6723,-122.3598,Winter20,1/27/2020 6:21,Homo sapiens,12/25/2019,2/7/2020
SEWA_N02_PHN1,47.6723,-122.3598,Winter20,1/27/2020 9:29,Homo sapiens,12/25/2019,2/7/2020
SEWA_N02_PHN1,47.6723,-122.3598,Winter20,1/27/2020 18:02,Homo sapiens,12/25/2019,2/7/2020
SEWA_N02_PHN1,47.6723,-122.3598,Winter20,1/28/2020 6:39,Homo sapiens,12/25/2019,2/7/2020
SEWA_N02_PHN1,47.6723,-122.3598,Winter20,1/28/2020 9:46,Corvus brachyrhynchos,12/25/2019,2/7/2020
SEWA_N02_PHN1,47.6723,-122.3598,Winter20,1/28/2020 10:17,Homo sapiens,12/25/2019,2/7/2020
SEWA_N02_PHN1,47.6723,-122.3598,Winter20,1/28/2020 15:09,Homo sapiens,12/25/2019,2/7/2020
SEWA_N02_PHN1,47.6723,-122.3598,Winter20,1/29/2020 6:30,Homo sapiens,12/25/2019,2/7/2020
SEWA_N02_PHN1,47.6723,-122.3598,Winter20,1/29/2020 7:14,Homo sapiens,12/25/2019,2/7/2020
SEWA_N02_PHN1,47.6723,-122.3598,Winter20,1/29/2020 7:14,Canis familiaris,12/25/2019,2/7/2020
SEWA_N02_PHN1,47.6723,-122.3598,Winter20,1/29/2020 13:19,Homo sapiens,12/25/2019,2/7/2020
SEWA_N02_PHN1,47.6723,-122.3598,Winter20,1/29/2020 13:26,Homo sapiens,12/25/2019,2/7/2020
SEWA_N02_PHN1,47.6723,-122.3598,Winter20,1/29/2020 13:26,Canis familiaris,12/25/2019,2/7/2020
SEWA_N02_PHN1,47.6723,-122.3598,Winter20,1/29/2020 14:48,Homo sapiens,12/25/2019,2/7/2020
SEWA_N02_PHN1,47.6723,-122.3598,Winter20,1/29/2020 17:59,Homo sapiens,12/25/2019,2/7/2020
SEWA_N02_PHN1,47.6723,-122.3598,Winter20,1/30/2020 6:16,Homo sapiens,12/25/2019,2/7/2020
SEWA_N02_PHN1,47.6723,-122.3598,Winter20,1/30/2020 7:05,Homo sapiens,12/25/2019,2/7/2020
SEWA_N02_PHN1,47.6723,-122.3598,Winter20,1/30/2020 15:53,Homo sapiens,12/25/2019,2/7/2020
SEWA_N02_PHN1,47.6723,-122.3598,Winter20,1/31/2020 6:14,Homo sapiens,12/25/2019,2/7/2020
SEWA_N02_PHN1,47.6723,-122.3598,Winter20,1/31/2020 7:44,Homo sapiens,12/25/2019,2/7/2020
SEWA_N02_PHN1,47.6723,-122.3598,Winter20,1/31/2020 7:46,Homo sapiens,12/25/2019,2/7/2020
SEWA_N02_PHN1,47.6723,-122.3598,Winter20,1/31/2020 14:05,Homo sapiens,12/25/2019,2/7/2020
SEWA_N02_PHN1,47.6723,-122.3598,Winter20,1/31/2020 14:05,Canis familiaris,12/25/2019,2/7/2020
SEWA_N02_PHN1,47.6723,-122.3598,Winter20,2/1/2020 7:21,Homo sapiens,12/25/2019,2/7/2020
SEWA_N02_PHN1,47.6723,-122.3598,Winter20,2/1/2020 12:03,Homo sapiens,12/25/2019,2/7/2020
SEWA_N02_PHN1,47.6723,-122.3598,Winter20,2/1/2020 14:37,Canis familiaris,12/25/2019,2/7/2020
SEWA_N02_PHN1,47.6723,-122.3598,Winter20,2/1/2020 14:37,Homo sapiens,12/25/2019,2/7/2020
SEWA_N02_PHN1,47.6723,-122.3598,Winter20,2/1/2020 14:48,Homo sapiens,12/25/2019,2/7/2020
SEWA_N02_PHN1,47.6723,-122.3598,Winter20,2/1/2020 15:53,Homo sapiens,12/25/2019,2/7/2020
SEWA_N02_PHN1,47.6723,-122.3598,Winter20,2/1/2020 16:33,Homo sapiens,12/25/2019,2/7/2020
SEWA_N02_PHN1,47.6723,-122.3598,Winter20,2/1/2020 16:59,Canis familiaris,12/25/2019,2/7/2020
SEWA_N02_PHN1,47.6723,-122.3598,Winter20,2/1/2020 16:59,Homo sapiens,12/25/2019,2/7/2020
SEWA_N02_PHN1,47.6723,-122.3598,Winter20,2/2/2020 7:11,Homo sapiens,12/25/2019,2/7/2020
SEWA_N02_PHN1,47.6723,-122.3598,Winter20,2/2/2020 10:46,Homo sapiens,12/25/2019,2/7/2020
SEWA_N02_PHN1,47.6723,-122.3598,Winter20,2/2/2020 10:46,Canis familiaris,12/25/2019,2/7/2020
SEWA_N02_PHN1,47.6723,-122.3598,Winter20,2/2/2020 13:41,Homo sapiens,12/25/2019,2/7/2020
SEWA_N02_PHN1,47.6723,-122.3598,Winter20,2/2/2020 16:09,Homo sapiens,12/25/2019,2/7/2020
SEWA_N02_PHN1,47.6723,-122.3598,Winter20,2/2/2020 16:13,Homo sapiens,12/25/2019,2/7/2020
SEWA_N02_PHN1,47.6723,-122.3598,Winter20,2/3/2020 6:28,Homo sapiens,12/25/2019,2/7/2020
SEWA_N02_PHN1,47.6723,-122.3598,Winter20,2/3/2020 7:35,Homo sapiens,12/25/2019,2/7/2020
SEWA_N02_PHN1,47.6723,-122.3598,Winter20,2/3/2020 9:35,Homo sapiens,12/25/2019,2/7/2020
SEWA_N02_PHN1,47.6723,-122.3598,Winter20,2/3/2020 9:40,Homo sapiens,12/25/2019,2/7/2020
SEWA_N02_PHN1,47.6723,-122.3598,Winter20,2/3/2020 10:01,Homo sapiens,12/25/2019,2/7/2020
SEWA_N02_PHN1,47.6723,-122.3598,Winter20,2/3/2020 10:13,Homo sapiens,12/25/2019,2/7/2020
SEWA_N02_PHN1,47.6723,-122.3598,Winter20,2/3/2020 12:36,Homo sapiens,12/25/2019,2/7/2020
SEWA_N02_PHN1,47.6723,-122.3598,Winter20,2/3/2020 15:56,Homo sapiens,12/25/2019,2/7/2020
SEWA_N02_PHN1,47.6723,-122.3598,Winter20,2/3/2020 16:07,Homo sapiens,12/25/2019,2/7/2020
SEWA_N02_PHN1,47.6723,-122.3598,Winter20,2/3/2020 16:29,Homo sapiens,12/25/2019,2/7/2020
SEWA_N02_PHN1,47.6723,-122.3598,Winter20,2/3/2020 16:51,Homo sapiens,12/25/2019,2/7/2020
SEWA_N02_PHN1,47.6723,-122.3598,Winter20,2/3/2020 17:17,Homo sapiens,12/25/2019,2/7/2020
SEWA_N02_PHN1,47.6723,-122.3598,Winter20,2/3/2020 17:28,Homo sapiens,12/25/2019,2/7/2020
SEWA_N02_PHN1,47.6723,-122.3598,Winter20,2/4/2020 6:13,Homo sapiens,12/25/2019,2/7/2020
SEWA_N02_PHN1,47.6723,-122.3598,Winter20,2/4/2020 7:04,Homo sapiens,12/25/2019,2/7/2020
SEWA_N02_PHN1,47.6723,-122.3598,Winter20,2/4/2020 7:04,Canis familiaris,12/25/2019,2/7/2020
SEWA_N02_PHN1,47.6723,-122.3598,Winter20,2/4/2020 12:32,Homo sapiens,12/25/2019,2/7/2020
SEWA_N02_PHN1,47.6723,-122.3598,Winter20,2/4/2020 18:04,Homo sapiens,12/25/2019,2/7/2020
SEWA_N02_PHN1,47.6723,-122.3598,Winter20,2/5/2020 6:12,Homo sapiens,12/25/2019,2/7/2020
SEWA_N02_PHN1,47.6723,-122.3598,Winter20,2/5/2020 8:55,Homo sapiens,12/25/2019,2/7/2020
SEWA_N02_PHN1,47.6723,-122.3598,Winter20,2/5/2020 11:39,Homo sapiens,12/25/2019,2/7/2020
SEWA_N02_PHN1,47.6723,-122.3598,Winter20,2/5/2020 14:39,Homo sapiens,12/25/2019,2/7/2020
SEWA_N02_PHN1,47.6723,-122.3598,Winter20,2/5/2020 21:55,Homo sapiens,12/25/2019,2/7/2020
SEWA_N02_PHN1,47.6723,-122.3598,Winter20,2/6/2020 6:22,Homo sapiens,12/25/2019,2/7/2020
SEWA_N02_PHN1,47.6723,-122.3598,Winter20,2/6/2020 7:31,Homo sapiens,12/25/2019,2/7/2020
SEWA_N02_PHN1,47.6723,-122.3598,Winter20,2/6/2020 9:36,Homo sapiens,12/25/2019,2/7/2020
SEWA_N02_PHN1,47.6723,-122.3598,Winter20,2/6/2020 9:39,Homo sapiens,12/25/2019,2/7/2020
SEWA_N02_PHN1,47.6723,-122.3598,Winter20,2/6/2020 10:39,Homo sapiens,12/25/2019,2/7/2020
SEWA_N02_PHN1,47.6723,-122.3598,Winter20,2/6/2020 13:24,Homo sapiens,12/25/2019,2/7/2020
SEWA_N02_PHN1,47.6723,-122.3598,Winter20,2/6/2020 17:36,Homo sapiens,12/25/2019,2/7/2020
SEWA_N02_PHN1,47.6723,-122.3598,Winter20,2/6/2020 17:38,Homo sapiens,12/25/2019,2/7/2020
SEWA_N03_IRP1,47.69055,-122.28101,Winter20,12/25/2019 5:11,Sylvilagus floridanus,12/25/2019,2/7/2020
SEWA_N03_IRP1,47.69055,-122.28101,Winter20,12/25/2019 5:56,Sylvilagus floridanus,12/25/2019,2/7/2020
SEWA_N03_IRP1,47.69055,-122.28101,Winter20,12/25/2019 5:59,Sylvilagus floridanus,12/25/2019,2/7/2020
SEWA_N03_IRP1,47.69055,-122.28101,Winter20,12/25/2019 19:01,Rattus rattus,12/25/2019,2/7/2020
SEWA_N03_IRP1,47.69055,-122.28101,Winter20,12/26/2019 18:01,Sylvilagus floridanus,12/25/2019,2/7/2020
SEWA_N03_IRP1,47.69055,-122.28101,Winter20,12/29/2019 16:09,Sciurus carolinensis,12/25/2019,2/7/2020
SEWA_N03_IRP1,47.69055,-122.28101,Winter20,12/30/2019 12:27,Sciurus carolinensis,12/25/2019,2/7/2020
SEWA_N03_IRP1,47.69055,-122.28101,Winter20,12/30/2019 12:39,Sciurus carolinensis,12/25/2019,2/7/2020
SEWA_N03_IRP1,47.69055,-122.28101,Winter20,12/31/2019 5:23,Sylvilagus floridanus,12/25/2019,2/7/2020
SEWA_N03_IRP1,47.69055,-122.28101,Winter20,1/3/2020 11:38,Homo sapiens,12/25/2019,2/7/2020
SEWA_N03_IRP1,47.69055,-122.28101,Winter20,1/3/2020 11:50,Homo sapiens,12/25/2019,2/7/2020
SEWA_N03_IRP1,47.69055,-122.28101,Winter20,1/5/2020 15:11,Sciurus carolinensis,12/25/2019,2/7/2020
SEWA_N03_IRP1,47.69055,-122.28101,Winter20,1/5/2020 15:50,Sciurus carolinensis,12/25/2019,2/7/2020
SEWA_N03_IRP1,47.69055,-122.28101,Winter20,1/5/2020 15:56,Sciurus carolinensis,12/25/2019,2/7/2020
SEWA_N03_IRP1,47.69055,-122.28101,Winter20,1/7/2020 10:59,Sciurus carolinensis,12/25/2019,2/7/2020
SEWA_N03_IRP1,47.69055,-122.28101,Winter20,1/7/2020 20:47,Sylvilagus floridanus,12/25/2019,2/7/2020
SEWA_N03_IRP1,47.69055,-122.28101,Winter20,1/8/2020 22:54,Sylvilagus floridanus,12/25/2019,2/7/2020
SEWA_N03_IRP1,47.69055,-122.28101,Winter20,1/9/2020 2:01,Sylvilagus floridanus,12/25/2019,2/7/2020
SEWA_N03_IRP1,47.69055,-122.28101,Winter20,1/9/2020 18:14,Sylvilagus floridanus,12/25/2019,2/7/2020
SEWA_N03_IRP1,47.69055,-122.28101,Winter20,1/9/2020 22:53,Sylvilagus floridanus,12/25/2019,2/7/2020
SEWA_N03_IRP1,47.69055,-122.28101,Winter20,1/10/2020 6:30,Procyon lotor,12/25/2019,2/7/2020
SEWA_N03_IRP1,47.69055,-122.28101,Winter20,1/14/2020 0:14,Sylvilagus floridanus,12/25/2019,2/7/2020
SEWA_N03_IRP1,47.69055,-122.28101,Winter20,1/16/2020 19:19,Sylvilagus floridanus,12/25/2019,2/7/2020
SEWA_N03_IRP1,47.69055,-122.28101,Winter20,1/16/2020 19:21,Sylvilagus floridanus,12/25/2019,2/7/2020
SEWA_N03_IRP1,47.69055,-122.28101,Winter20,1/17/2020 0:08,Sylvilagus floridanus,12/25/2019,2/7/2020
SEWA_N03_IRP1,47.69055,-122.28101,Winter20,1/17/2020 0:09,Sylvilagus floridanus,12/25/2019,2/7/2020
SEWA_N03_IRP1,47.69055,-122.28101,Winter20,1/17/2020 8:20,Canis latrans,12/25/2019,2/7/2020
SEWA_N03_IRP1,47.69055,-122.28101,Winter20,1/17/2020 20:41,Sylvilagus floridanus,12/25/2019,2/7/2020
SEWA_N03_IRP1,47.69055,-122.28101,Winter20,1/17/2020 21:39,Sylvilagus floridanus,12/25/2019,2/7/2020
SEWA_N03_IRP1,47.69055,-122.28101,Winter20,1/17/2020 21:42,Sylvilagus floridanus,12/25/2019,2/7/2020
SEWA_N03_IRP1,47.69055,-122.28101,Winter20,1/18/2020 16:04,Sciurus carolinensis,12/25/2019,2/7/2020
SEWA_N03_IRP1,47.69055,-122.28101,Winter20,1/18/2020 16:07,Sciurus carolinensis,12/25/2019,2/7/2020
SEWA_N03_IRP1,47.69055,-122.28101,Winter20,1/18/2020 21:26,Rattus rattus,12/25/2019,2/7/2020
SEWA_N03_IRP1,47.69055,-122.28101,Winter20,1/19/2020 15:35,Homo sapiens,12/25/2019,2/7/2020
SEWA_N03_IRP1,47.69055,-122.28101,Winter20,1/19/2020 19:57,Rattus rattus,12/25/2019,2/7/2020
SEWA_N03_IRP1,47.69055,-122.28101,Winter20,1/20/2020 12:07,Sciurus carolinensis,12/25/2019,2/7/2020
SEWA_N03_IRP1,47.69055,-122.28101,Winter20,1/20/2020 12:16,Sciurus carolinensis,12/25/2019,2/7/2020
SEWA_N03_IRP1,47.69055,-122.28101,Winter20,1/23/2020 16:28,Sciurus carolinensis,12/25/2019,2/7/2020
SEWA_N03_IRP1,47.69055,-122.28101,Winter20,2/4/2020 11:13,Homo sapiens,12/25/2019,2/7/2020
SEWA_N03_IRP1,47.69055,-122.28101,Winter20,2/6/2020 20:50,Canis latrans,12/25/2019,2/7/2020
SEWA_N03_MGP1,47.68166,-122.25092,Winter20,1/3/2020 12:37,Homo sapiens,12/25/2019,2/7/2020
SEWA_N03_MGP1,47.68166,-122.25092,Winter20,1/3/2020 12:43,Homo sapiens,12/25/2019,2/7/2020
SEWA_N03_MGP1,47.68166,-122.25092,Winter20,1/5/2020 10:15,Canis familiaris,12/25/2019,2/7/2020
SEWA_N03_MGP1,47.68166,-122.25092,Winter20,1/7/2020 11:36,Canis familiaris,12/25/2019,2/7/2020
SEWA_N03_MGP1,47.68166,-122.25092,Winter20,1/15/2020 13:15,Sciurus carolinensis,12/25/2019,2/7/2020
SEWA_N03_MGP1,47.68166,-122.25092,Winter20,1/15/2020 13:16,Sciurus carolinensis,12/25/2019,2/7/2020
SEWA_N03_MGP1,47.68166,-122.25092,Winter20,1/24/2020 13:35,Sciurus carolinensis,12/25/2019,2/7/2020
SEWA_N03_MGP1,47.68166,-122.25092,Winter20,1/25/2020 11:42,Sciurus carolinensis,12/25/2019,2/7/2020
SEWA_N03_MGP1,47.68166,-122.25092,Winter20,1/26/2020 14:31,Sciurus carolinensis,12/25/2019,2/7/2020
SEWA_N03_MGP1,47.68166,-122.25092,Winter20,1/26/2020 15:18,Canis familiaris,12/25/2019,2/7/2020
SEWA_N03_MGP1,47.68166,-122.25092,Winter20,1/27/2020 9:52,Sciurus carolinensis,12/25/2019,2/7/2020
SEWA_N03_MGP1,47.68166,-122.25092,Winter20,1/28/2020 11:05,Sciurus carolinensis,12/25/2019,2/7/2020
SEWA_N03_MGP1,47.68166,-122.25092,Winter20,1/30/2020 7:01,Homo sapiens,12/25/2019,2/7/2020
SEWA_N03_MGP1,47.68166,-122.25092,Winter20,1/30/2020 14:26,Sciurus carolinensis,12/25/2019,2/7/2020
SEWA_N03_MGP1,47.68166,-122.25092,Winter20,2/3/2020 16:02,Canis familiaris,12/25/2019,2/7/2020
SEWA_N03_MGP1,47.68166,-122.25092,Winter20,2/4/2020 11:17,Canis familiaris,12/25/2019,2/7/2020
SEWA_N03_MGP1,47.68166,-122.25092,Winter20,2/4/2020 12:05,Homo sapiens,12/25/2019,2/7/2020
SEWA_N03_MGP1,47.68166,-122.25092,Winter20,2/4/2020 12:09,Homo sapiens,12/25/2019,2/7/2020
SEWA_N03_MGP1,47.68166,-122.25092,Winter20,2/4/2020 12:12,Homo sapiens,12/25/2019,2/7/2020
SEWA_N03_MGP1,47.68166,-122.25092,Winter20,2/4/2020 15:58,Canis familiaris,12/25/2019,2/7/2020
SEWA_N03_RVP1,47.67354,-122.31119,Winter20,12/25/2019 15:37,Sciurus carolinensis,12/25/2019,2/7/2020
SEWA_N03_RVP1,47.67354,-122.31119,Winter20,12/25/2019 15:40,Sciurus carolinensis,12/25/2019,2/7/2020
SEWA_N03_RVP1,47.67354,-122.31119,Winter20,12/25/2019 20:52,Procyon lotor,12/25/2019,2/7/2020
SEWA_N03_RVP1,47.67354,-122.31119,Winter20,12/25/2019 20:54,Procyon lotor,12/25/2019,2/7/2020
SEWA_N03_RVP1,47.67354,-122.31119,Winter20,12/25/2019 23:37,Procyon lotor,12/25/2019,2/7/2020
SEWA_N03_RVP1,47.67354,-122.31119,Winter20,12/26/2019 13:25,Sciurus carolinensis,12/25/2019,2/7/2020
SEWA_N03_RVP1,47.67354,-122.31119,Winter20,12/26/2019 13:45,Sciurus carolinensis,12/25/2019,2/7/2020
SEWA_N03_RVP1,47.67354,-122.31119,Winter20,12/27/2019 11:58,Sciurus carolinensis,12/25/2019,2/7/2020
SEWA_N03_RVP1,47.67354,-122.31119,Winter20,12/27/2019 14:46,Sciurus carolinensis,12/25/2019,2/7/2020
SEWA_N03_RVP1,47.67354,-122.31119,Winter20,12/27/2019 15:38,Sciurus carolinensis,12/25/2019,2/7/2020
SEWA_N03_RVP1,47.67354,-122.31119,Winter20,12/27/2019 15:39,Sciurus carolinensis,12/25/2019,2/7/2020
SEWA_N03_RVP1,47.67354,-122.31119,Winter20,12/27/2019 15:47,Sciurus carolinensis,12/25/2019,2/7/2020
SEWA_N03_RVP1,47.67354,-122.31119,Winter20,12/27/2019 16:07,Sciurus carolinensis,12/25/2019,2/7/2020
SEWA_N03_RVP1,47.67354,-122.31119,Winter20,12/27/2019 16:14,Sciurus carolinensis,12/25/2019,2/7/2020
SEWA_N03_RVP1,47.67354,-122.31119,Winter20,12/28/2019 1:51,Canis latrans,12/25/2019,2/7/2020
SEWA_N03_RVP1,47.67354,-122.31119,Winter20,12/28/2019 11:57,Sciurus carolinensis,12/25/2019,2/7/2020
SEWA_N03_RVP1,47.67354,-122.31119,Winter20,12/29/2019 10:59,Homo sapiens,12/25/2019,2/7/2020
SEWA_N03_RVP1,47.67354,-122.31119,Winter20,12/29/2019 11:00,Sciurus carolinensis,12/25/2019,2/7/2020
SEWA_N03_RVP1,47.67354,-122.31119,Winter20,12/30/2019 11:58,Homo sapiens,12/25/2019,2/7/2020
SEWA_N03_RVP1,47.67354,-122.31119,Winter20,12/30/2019 15:33,Sciurus carolinensis,12/25/2019,2/7/2020
SEWA_N03_RVP1,47.67354,-122.31119,Winter20,12/30/2019 15:39,Sciurus carolinensis,12/25/2019,2/7/2020
SEWA_N03_RVP1,47.67354,-122.31119,Winter20,12/30/2019 23:52,Procyon lotor,12/25/2019,2/7/2020
SEWA_N03_RVP1,47.67354,-122.31119,Winter20,12/30/2019 23:59,Procyon lotor,12/25/2019,2/7/2020
SEWA_N03_RVP1,47.67354,-122.31119,Winter20,12/31/2019 6:50,Procyon lotor,12/25/2019,2/7/2020
SEWA_N03_RVP1,47.67354,-122.31119,Winter20,12/31/2019 14:40,Sciurus carolinensis,12/25/2019,2/7/2020
SEWA_N03_RVP1,47.67354,-122.31119,Winter20,12/31/2019 14:46,Sciurus carolinensis,12/25/2019,2/7/2020
SEWA_N03_RVP1,47.67354,-122.31119,Winter20,12/31/2019 22:19,Canis latrans,12/25/2019,2/7/2020
SEWA_N03_RVP1,47.67354,-122.31119,Winter20,1/1/2020 8:05,Procyon lotor,12/25/2019,2/7/2020
SEWA_N03_RVP1,47.67354,-122.31119,Winter20,1/1/2020 12:35,Sciurus carolinensis,12/25/2019,2/7/2020
SEWA_N03_RVP1,47.67354,-122.31119,Winter20,1/1/2020 12:52,Sciurus carolinensis,12/25/2019,2/7/2020
SEWA_N03_RVP1,47.67354,-122.31119,Winter20,1/1/2020 13:19,Sciurus carolinensis,12/25/2019,2/7/2020
SEWA_N03_RVP1,47.67354,-122.31119,Winter20,1/1/2020 13:23,Sciurus carolinensis,12/25/2019,2/7/2020
SEWA_N03_RVP1,47.67354,-122.31119,Winter20,1/1/2020 15:15,Sciurus carolinensis,12/25/2019,2/7/2020
SEWA_N03_RVP1,47.67354,-122.31119,Winter20,1/1/2020 15:26,Sciurus carolinensis,12/25/2019,2/7/2020
SEWA_N03_RVP1,47.67354,-122.31119,Winter20,1/1/2020 15:32,Sciurus carolinensis,12/25/2019,2/7/2020
SEWA_N03_RVP1,47.67354,-122.31119,Winter20,1/2/2020 18:35,Procyon lotor,12/25/2019,2/7/2020
SEWA_N03_RVP1,47.67354,-122.31119,Winter20,1/3/2020 11:39,Sciurus carolinensis,12/25/2019,2/7/2020
SEWA_N03_RVP1,47.67354,-122.31119,Winter20,1/3/2020 13:39,Homo sapiens,12/25/2019,2/7/2020
SEWA_N03_RVP1,47.67354,-122.31119,Winter20,1/3/2020 13:49,Sciurus carolinensis,12/25/2019,2/7/2020
SEWA_N03_RVP1,47.67354,-122.31119,Winter20,1/3/2020 14:32,Homo sapiens,12/25/2019,2/7/2020
SEWA_N03_RVP1,47.67354,-122.31119,Winter20,1/3/2020 16:27,Canis familiaris,12/25/2019,2/7/2020
SEWA_N03_RVP1,47.67354,-122.31119,Winter20,1/3/2020 16:28,Canis familiaris,12/25/2019,2/7/2020
SEWA_N03_RVP1,47.67354,-122.31119,Winter20,1/4/2020 9:12,Canis familiaris,12/25/2019,2/7/2020
SEWA_N03_RVP1,47.67354,-122.31119,Winter20,1/4/2020 9:37,Sciurus carolinensis,12/25/2019,2/7/2020
SEWA_N03_RVP1,47.67354,-122.31119,Winter20,1/4/2020 20:50,Canis latrans,12/25/2019,2/7/2020
SEWA_N03_RVP1,47.67354,-122.31119,Winter20,1/5/2020 13:00,Sciurus carolinensis,12/25/2019,2/7/2020
SEWA_N03_RVP1,47.67354,-122.31119,Winter20,1/5/2020 13:03,Sciurus carolinensis,12/25/2019,2/7/2020
SEWA_N03_RVP1,47.67354,-122.31119,Winter20,1/5/2020 13:05,Sciurus carolinensis,12/25/2019,2/7/2020
SEWA_N03_RVP1,47.67354,-122.31119,Winter20,1/5/2020 13:16,Canis familiaris,12/25/2019,2/7/2020
SEWA_N03_RVP1,47.67354,-122.31119,Winter20,1/7/2020 8:48,Sciurus carolinensis,12/25/2019,2/7/2020
SEWA_N03_RVP1,47.67354,-122.31119,Winter20,1/7/2020 8:50,Sciurus carolinensis,12/25/2019,2/7/2020
SEWA_N03_RVP1,47.67354,-122.31119,Winter20,1/7/2020 13:03,Sciurus carolinensis,12/25/2019,2/7/2020
SEWA_N03_RVP1,47.67354,-122.31119,Winter20,1/7/2020 14:10,Sciurus carolinensis,12/25/2019,2/7/2020
SEWA_N03_RVP1,47.67354,-122.31119,Winter20,1/7/2020 14:15,Sciurus carolinensis,12/25/2019,2/7/2020
SEWA_N03_RVP1,47.67354,-122.31119,Winter20,1/7/2020 14:52,Canis familiaris,12/25/2019,2/7/2020
SEWA_N03_RVP1,47.67354,-122.31119,Winter20,1/7/2020 20:04,Procyon lotor,12/25/2019,2/7/2020
SEWA_N03_RVP1,47.67354,-122.31119,Winter20,1/8/2020 13:03,Sciurus carolinensis,12/25/2019,2/7/2020
SEWA_N03_RVP1,47.67354,-122.31119,Winter20,1/8/2020 13:16,Sciurus carolinensis,12/25/2019,2/7/2020
SEWA_N03_RVP1,47.67354,-122.31119,Winter20,1/8/2020 13:25,Sciurus carolinensis,12/25/2019,2/7/2020
SEWA_N03_RVP1,47.67354,-122.31119,Winter20,1/9/2020 15:07,Homo sapiens,12/25/2019,2/7/2020
SEWA_N03_RVP1,47.67354,-122.31119,Winter20,1/9/2020 15:24,Canis familiaris,12/25/2019,2/7/2020
SEWA_N03_RVP1,47.67354,-122.31119,Winter20,1/9/2020 15:24,Homo sapiens,12/25/2019,2/7/2020
SEWA_N03_RVP1,47.67354,-122.31119,Winter20,1/10/2020 5:59,Canis latrans,12/25/2019,2/7/2020
SEWA_N03_RVP1,47.67354,-122.31119,Winter20,1/10/2020 23:02,Canis latrans,12/25/2019,2/7/2020
SEWA_N03_RVP1,47.67354,-122.31119,Winter20,1/12/2020 8:32,Sciurus carolinensis,12/25/2019,2/7/2020
SEWA_N03_RVP1,47.67354,-122.31119,Winter20,1/12/2020 8:39,Sciurus carolinensis,12/25/2019,2/7/2020
SEWA_N03_RVP1,47.67354,-122.31119,Winter20,1/12/2020 8:54,Sciurus carolinensis,12/25/2019,2/7/2020
SEWA_N03_RVP1,47.67354,-122.31119,Winter20,1/12/2020 9:42,Sciurus carolinensis,12/25/2019,2/7/2020
SEWA_N03_RVP1,47.67354,-122.31119,Winter20,1/12/2020 10:25,Sciurus carolinensis,12/25/2019,2/7/2020
SEWA_N03_RVP1,47.67354,-122.31119,Winter20,1/13/2020 2:27,Procyon lotor,12/25/2019,2/7/2020
SEWA_N03_RVP1,47.67354,-122.31119,Winter20,1/13/2020 9:02,Sciurus carolinensis,12/25/2019,2/7/2020
SEWA_N03_RVP1,47.67354,-122.31119,Winter20,1/13/2020 12:23,Sciurus carolinensis,12/25/2019,2/7/2020
SEWA_N03_RVP1,47.67354,-122.31119,Winter20,1/13/2020 13:05,Sciurus carolinensis,12/25/2019,2/7/2020
SEWA_N03_RVP1,47.67354,-122.31119,Winter20,1/14/2020 3:46,Procyon lotor,12/25/2019,2/7/2020
SEWA_N03_RVP1,47.67354,-122.31119,Winter20,1/14/2020 3:52,Procyon lotor,12/25/2019,2/7/2020
SEWA_N03_RVP1,47.67354,-122.31119,Winter20,1/15/2020 7:55,Sciurus carolinensis,12/25/2019,2/7/2020
SEWA_N03_RVP1,47.67354,-122.31119,Winter20,1/16/2020 7:14,Homo sapiens,12/25/2019,2/7/2020
SEWA_N03_RVP1,47.67354,-122.31119,Winter20,1/16/2020 10:00,Sciurus carolinensis,12/25/2019,2/7/2020
SEWA_N03_RVP1,47.67354,-122.31119,Winter20,1/16/2020 14:33,Sciurus carolinensis,12/25/2019,2/7/2020
SEWA_N03_RVP1,47.67354,-122.31119,Winter20,1/16/2020 19:07,Rattus rattus,12/25/2019,2/7/2020
SEWA_N03_RVP1,47.67354,-122.31119,Winter20,1/17/2020 9:30,Sciurus carolinensis,12/25/2019,2/7/2020
SEWA_N03_RVP1,47.67354,-122.31119,Winter20,1/17/2020 10:36,Sciurus carolinensis,12/25/2019,2/7/2020
SEWA_N03_RVP1,47.67354,-122.31119,Winter20,1/17/2020 10:42,Sciurus carolinensis,12/25/2019,2/7/2020
SEWA_N03_RVP1,47.67354,-122.31119,Winter20,1/17/2020 11:30,Sciurus carolinensis,12/25/2019,2/7/2020
SEWA_N03_RVP1,47.67354,-122.31119,Winter20,1/18/2020 13:36,Sciurus carolinensis,12/25/2019,2/7/2020
SEWA_N03_RVP1,47.67354,-122.31119,Winter20,1/19/2020 12:34,Homo sapiens,12/25/2019,2/7/2020
SEWA_N03_RVP1,47.67354,-122.31119,Winter20,1/19/2020 16:15,Sciurus carolinensis,12/25/2019,2/7/2020
SEWA_N03_RVP1,47.67354,-122.31119,Winter20,1/21/2020 14:15,Sciurus carolinensis,12/25/2019,2/7/2020
SEWA_N03_RVP1,47.67354,-122.31119,Winter20,1/21/2020 14:16,Sciurus carolinensis,12/25/2019,2/7/2020
SEWA_N03_RVP1,47.67354,-122.31119,Winter20,1/21/2020 14:21,Sciurus carolinensis,12/25/2019,2/7/2020
SEWA_N03_RVP1,47.67354,-122.31119,Winter20,1/21/2020 14:43,Sciurus carolinensis,12/25/2019,2/7/2020
SEWA_N03_RVP1,47.67354,-122.31119,Winter20,1/21/2020 14:50,Sciurus carolinensis,12/25/2019,2/7/2020
SEWA_N03_RVP1,47.67354,-122.31119,Winter20,1/24/2020 9:37,Sciurus carolinensis,12/25/2019,2/7/2020
SEWA_N03_RVP1,47.67354,-122.31119,Winter20,1/26/2020 11:15,Sciurus carolinensis,12/25/2019,2/7/2020
SEWA_N03_RVP1,47.67354,-122.31119,Winter20,1/27/2020 10:53,Sciurus carolinensis,12/25/2019,2/7/2020
SEWA_N03_RVP1,47.67354,-122.31119,Winter20,1/27/2020 12:15,Canis latrans,12/25/2019,2/7/2020
SEWA_N03_RVP1,47.67354,-122.31119,Winter20,1/27/2020 15:35,Sciurus carolinensis,12/25/2019,2/7/2020
SEWA_N03_RVP1,47.67354,-122.31119,Winter20,1/31/2020 14:22,Sciurus carolinensis,12/25/2019,2/7/2020
SEWA_N03_RVP1,47.67354,-122.31119,Winter20,2/1/2020 6:05,Procyon lotor,12/25/2019,2/7/2020
SEWA_N03_RVP1,47.67354,-122.31119,Winter20,2/1/2020 14:10,Sciurus carolinensis,12/25/2019,2/7/2020
SEWA_N03_RVP1,47.67354,-122.31119,Winter20,2/2/2020 12:12,Sciurus carolinensis,12/25/2019,2/7/2020
SEWA_N03_RVP1,47.67354,-122.31119,Winter20,2/2/2020 14:35,Sciurus carolinensis,12/25/2019,2/7/2020
SEWA_N03_RVP1,47.67354,-122.31119,Winter20,2/4/2020 12:53,Homo sapiens,12/25/2019,2/7/2020
SEWA_N04_HFW1,47.70676,-122.19162,Winter20,1/1/2020 14:14,Homo sapiens,12/25/2019,2/7/2020
SEWA_N04_HFW1,47.70676,-122.19162,Winter20,1/5/2020 19:46,Procyon lotor,12/25/2019,2/7/2020
SEWA_N04_HFW1,47.70676,-122.19162,Winter20,1/10/2020 3:21,Procyon lotor,12/25/2019,2/7/2020
SEWA_N04_HFW1,47.70676,-122.19162,Winter20,1/13/2020 17:01,Canis latrans,12/25/2019,2/7/2020
SEWA_N04_HFW1,47.70676,-122.19162,Winter20,1/17/2020 12:13,Homo sapiens,12/25/2019,2/7/2020
SEWA_N04_HFW1,47.70676,-122.19162,Winter20,1/18/2020 6:40,Canis latrans,12/25/2019,2/7/2020
SEWA_N04_HFW1,47.70676,-122.19162,Winter20,1/18/2020 13:11,Canis latrans,12/25/2019,2/7/2020
SEWA_N04_HFW1,47.70676,-122.19162,Winter20,1/18/2020 13:18,Canis latrans,12/25/2019,2/7/2020
SEWA_N04_HFW1,47.70676,-122.19162,Winter20,1/26/2020 0:45,Procyon lotor,12/25/2019,2/7/2020
SEWA_N04_HFW1,47.70676,-122.19162,Winter20,1/28/2020 0:33,Procyon lotor,12/25/2019,2/7/2020
SEWA_N04_HFW1,47.70676,-122.19162,Winter20,1/30/2020 23:20,Procyon lotor,12/25/2019,2/7/2020
SEWA_N04_HFW1,47.70676,-122.19162,Winter20,2/2/2020 13:53,Homo sapiens,12/25/2019,2/7/2020
SEWA_N05_SVP1,47.70675,-122.15123,Winter20,1/3/2020 10:09,Homo sapiens,12/25/2019,2/7/2020
SEWA_N05_SVP1,47.70675,-122.15123,Winter20,1/14/2020 20:14,Canis latrans,12/25/2019,2/7/2020
SEWA_N05_SVP1,47.70675,-122.15123,Winter20,2/4/2020 10:18,Homo sapiens,12/25/2019,2/7/2020
SEWA_N06_MBC1,47.70461,-122.08888,Winter20,1/2/2020 16:22,Lynx rufus,12/25/2019,2/7/2020
SEWA_N06_MBC1,47.70461,-122.08888,Winter20,1/4/2020 20:51,Lynx rufus,12/25/2019,2/7/2020
SEWA_N07_FRD1,47.75103,-122.00792,Winter20,12/31/2019 10:38,Homo sapiens,12/25/2019,2/7/2020
SEWA_N07_FRD1,47.75103,-122.00792,Winter20,12/31/2019 17:05,Lynx rufus,12/25/2019,2/7/2020
SEWA_N07_FRD1,47.75103,-122.00792,Winter20,1/1/2020 9:01,Sciurus carolinensis,12/25/2019,2/7/2020
SEWA_N07_FRD1,47.75103,-122.00792,Winter20,1/4/2020 17:27,Odocoileus hemionus,12/25/2019,2/7/2020
SEWA_N07_FRD1,47.75103,-122.00792,Winter20,1/7/2020 17:37,Procyon lotor,12/25/2019,2/7/2020
SEWA_N07_FRD1,47.75103,-122.00792,Winter20,1/8/2020 10:09,Odocoileus hemionus,12/25/2019,2/7/2020
SEWA_N07_FRD1,47.75103,-122.00792,Winter20,1/8/2020 14:58,Odocoileus hemionus,12/25/2019,2/7/2020
SEWA_N07_FRD1,47.75103,-122.00792,Winter20,1/9/2020 5:19,Odocoileus hemionus,12/25/2019,2/7/2020
SEWA_N07_FRD1,47.75103,-122.00792,Winter20,1/12/2020 15:42,Canis latrans,12/25/2019,2/7/2020
SEWA_N07_FRD1,47.75103,-122.00792,Winter20,1/13/2020 9:21,Odocoileus hemionus,12/25/2019,2/7/2020
SEWA_N07_FRD1,47.75103,-122.00792,Winter20,1/13/2020 13:37,Odocoileus hemionus,12/25/2019,2/7/2020
SEWA_N07_FRD1,47.75103,-122.00792,Winter20,1/13/2020 16:47,Odocoileus hemionus,12/25/2019,2/7/2020
SEWA_N07_FRD1,47.75103,-122.00792,Winter20,1/15/2020 15:30,Odocoileus hemionus,12/25/2019,2/7/2020
SEWA_N07_FRD1,47.75103,-122.00792,Winter20,1/16/2020 0:56,Odocoileus hemionus,12/25/2019,2/7/2020
SEWA_N07_FRD1,47.75103,-122.00792,Winter20,1/21/2020 9:11,Sciurus carolinensis,12/25/2019,2/7/2020
SEWA_N07_FRD1,47.75103,-122.00792,Winter20,1/24/2020 10:53,Sciurus carolinensis,12/25/2019,2/7/2020
SEWA_N07_FRD1,47.75103,-122.00792,Winter20,1/27/2020 9:11,Odocoileus hemionus,12/25/2019,2/7/2020
SEWA_N07_FRD1,47.75103,-122.00792,Winter20,1/29/2020 2:36,Lynx rufus,12/25/2019,2/7/2020
SEWA_N07_FRD1,47.75103,-122.00792,Winter20,1/29/2020 10:35,Canis latrans,12/25/2019,2/7/2020
SEWA_N07_FRD1,47.75103,-122.00792,Winter20,2/1/2020 12:02,Homo sapiens,12/25/2019,2/7/2020
SEWA_N07_RHF1,47.7406,-122.01764,Winter20,12/31/2019 12:03,Homo sapiens,12/25/2019,2/7/2020
SEWA_N07_RHF1,47.7406,-122.01764,Winter20,12/31/2019 12:04,Homo sapiens,12/25/2019,2/7/2020
SEWA_N07_RHF1,47.7406,-122.01764,Winter20,1/9/2020 15:29,Odocoileus hemionus,12/25/2019,2/7/2020
SEWA_N07_RHF1,47.7406,-122.01764,Winter20,1/9/2020 15:41,Odocoileus hemionus,12/25/2019,2/7/2020
SEWA_N07_RHF1,47.7406,-122.01764,Winter20,1/29/2020 16:43,Odocoileus hemionus,12/25/2019,2/7/2020
SEWA_N07_RHF1,47.7406,-122.01764,Winter20,2/2/2020 10:58,Homo sapiens,12/25/2019,2/7/2020
SEWA_N08_DOS1,47.74577,-121.96749,Winter20,1/6/2020 13:49,Homo sapiens,12/25/2019,2/7/2020
SEWA_S01_PGP2,47.55669,-122.35852,Winter20,1/4/2020 22:40,Procyon lotor,12/25/2019,2/7/2020
SEWA_S01_PGP2,47.55669,-122.35852,Winter20,1/8/2020 23:43,Procyon lotor,12/25/2019,2/7/2020
SEWA_S01_PGP2,47.55669,-122.35852,Winter20,1/9/2020 0:12,Procyon lotor,12/25/2019,2/7/2020
SEWA_S01_PGP2,47.55669,-122.35852,Winter20,1/10/2020 5:26,Procyon lotor,12/25/2019,2/7/2020
SEWA_S01_PGP2,47.55669,-122.35852,Winter20,1/16/2020 21:22,Procyon lotor,12/25/2019,2/7/2020
SEWA_S01_PGP2,47.55669,-122.35852,Winter20,1/19/2020 4:50,Procyon lotor,12/25/2019,2/7/2020
SEWA_S01_PGP2,47.55669,-122.35852,Winter20,1/20/2020 20:37,Procyon lotor,12/25/2019,2/7/2020
SEWA_S01_PGP2,47.55669,-122.35852,Winter20,1/25/2020 19:38,Procyon lotor,12/25/2019,2/7/2020
SEWA_S01_PGP2,47.55669,-122.35852,Winter20,2/4/2020 15:30,Homo sapiens,12/25/2019,2/7/2020
SEWA_S01_PGP2,47.55669,-122.35852,Winter20,2/4/2020 15:35,Homo sapiens,12/25/2019,2/7/2020
SEWA_S01_TMP1,47.56718,-122.35082,Winter20,1/4/2020 14:41,Homo sapiens,12/25/2019,2/7/2020
SEWA_S01_TMP1,47.56718,-122.35082,Winter20,1/20/2020 2:22,Procyon lotor,12/25/2019,2/7/2020
SEWA_S01_TMP1,47.56718,-122.35082,Winter20,1/21/2020 19:07,Procyon lotor,12/25/2019,2/7/2020
SEWA_S01_TMP1,47.56718,-122.35082,Winter20,1/29/2020 23:23,Procyon lotor,12/25/2019,2/7/2020
SEWA_S01_TMP1,47.56718,-122.35082,Winter20,2/1/2020 15:52,Homo sapiens,12/25/2019,2/7/2020
SEWA_S01_TMP1,47.56718,-122.35082,Winter20,2/2/2020 2:04,Homo sapiens,12/25/2019,2/7/2020
SEWA_S01_TMP1,47.56718,-122.35082,Winter20,2/2/2020 2:22,Homo sapiens,12/25/2019,2/7/2020
SEWA_S01_TMP1,47.56718,-122.35082,Winter20,2/3/2020 0:06,Homo sapiens,12/25/2019,2/7/2020
SEWA_S01_TMP1,47.56718,-122.35082,Winter20,2/4/2020 15:57,Homo sapiens,12/25/2019,2/7/2020
SEWA_S02_MSR1,47.54984,-122.3086,Winter20,1/3/2020 11:15,Homo sapiens,12/25/2019,2/7/2020
SEWA_S02_MSR1,47.54984,-122.3086,Winter20,1/3/2020 20:35,Procyon lotor,12/25/2019,2/7/2020
SEWA_S02_MSR1,47.54984,-122.3086,Winter20,1/4/2020 22:22,Rattus rattus,12/25/2019,2/7/2020
SEWA_S02_MSR1,47.54984,-122.3086,Winter20,1/6/2020 3:41,Rattus rattus,12/25/2019,2/7/2020
SEWA_S02_MSR1,47.54984,-122.3086,Winter20,1/7/2020 9:10,Sciurus carolinensis,12/25/2019,2/7/2020
SEWA_S02_MSR1,47.54984,-122.3086,Winter20,1/8/2020 20:45,Rattus rattus,12/25/2019,2/7/2020
SEWA_S02_MSR1,47.54984,-122.3086,Winter20,1/8/2020 23:50,Rattus rattus,12/25/2019,2/7/2020
SEWA_S02_MSR1,47.54984,-122.3086,Winter20,1/8/2020 23:53,Rattus rattus,12/25/2019,2/7/2020
SEWA_S02_MSR1,47.54984,-122.3086,Winter20,1/10/2020 4:02,Rattus rattus,12/25/2019,2/7/2020
SEWA_S02_MSR1,47.54984,-122.3086,Winter20,1/10/2020 18:14,Procyon lotor,12/25/2019,2/7/2020
SEWA_S02_MSR1,47.54984,-122.3086,Winter20,1/11/2020 5:14,Rattus rattus,12/25/2019,2/7/2020
SEWA_S02_MSR1,47.54984,-122.3086,Winter20,1/11/2020 5:15,Rattus rattus,12/25/2019,2/7/2020
SEWA_S02_MSR1,47.54984,-122.3086,Winter20,1/11/2020 9:59,Sciurus carolinensis,12/25/2019,2/7/2020
SEWA_S02_MSR1,47.54984,-122.3086,Winter20,1/13/2020 0:06,Rattus rattus,12/25/2019,2/7/2020
SEWA_S02_MSR1,47.54984,-122.3086,Winter20,1/13/2020 9:42,Cyanocitta stelleri,12/25/2019,2/7/2020
SEWA_S02_MSR1,47.54984,-122.3086,Winter20,1/13/2020 23:16,Rattus rattus,12/25/2019,2/7/2020
SEWA_S02_MSR1,47.54984,-122.3086,Winter20,1/14/2020 0:10,Rattus rattus,12/25/2019,2/7/2020
SEWA_S02_MSR1,47.54984,-122.3086,Winter20,1/14/2020 8:39,Sciurus carolinensis,12/25/2019,2/7/2020
SEWA_S02_MSR1,47.54984,-122.3086,Winter20,1/14/2020 10:21,Cyanocitta stelleri,12/25/2019,2/7/2020
SEWA_S02_MSR1,47.54984,-122.3086,Winter20,1/15/2020 5:05,Rattus rattus,12/25/2019,2/7/2020
SEWA_S02_MSR1,47.54984,-122.3086,Winter20,1/15/2020 8:23,Sciurus carolinensis,12/25/2019,2/7/2020
SEWA_S02_MSR1,47.54984,-122.3086,Winter20,1/15/2020 8:42,Sciurus carolinensis,12/25/2019,2/7/2020
SEWA_S02_MSR1,47.54984,-122.3086,Winter20,1/15/2020 8:47,Sciurus carolinensis,12/25/2019,2/7/2020
SEWA_S02_MSR1,47.54984,-122.3086,Winter20,1/15/2020 9:38,Sciurus carolinensis,12/25/2019,2/7/2020
SEWA_S02_MSR1,47.54984,-122.3086,Winter20,1/15/2020 12:22,Cyanocitta stelleri,12/25/2019,2/7/2020
SEWA_S02_MSR1,47.54984,-122.3086,Winter20,1/15/2020 18:44,Procyon lotor,12/25/2019,2/7/2020
SEWA_S02_MSR1,47.54984,-122.3086,Winter20,1/16/2020 6:15,Rattus rattus,12/25/2019,2/7/2020
SEWA_S02_MSR1,47.54984,-122.3086,Winter20,1/16/2020 11:07,Sciurus carolinensis,12/25/2019,2/7/2020
SEWA_S02_MSR1,47.54984,-122.3086,Winter20,1/17/2020 6:13,Rattus rattus,12/25/2019,2/7/2020
SEWA_S02_MSR1,47.54984,-122.3086,Winter20,1/17/2020 8:04,Sciurus carolinensis,12/25/2019,2/7/2020
SEWA_S02_MSR1,47.54984,-122.3086,Winter20,1/17/2020 11:31,Sciurus carolinensis,12/25/2019,2/7/2020
SEWA_S02_MSR1,47.54984,-122.3086,Winter20,1/18/2020 22:28,Rattus rattus,12/25/2019,2/7/2020
SEWA_S02_MSR1,47.54984,-122.3086,Winter20,1/19/2020 9:25,Cyanocitta stelleri,12/25/2019,2/7/2020
SEWA_S02_MSR1,47.54984,-122.3086,Winter20,1/19/2020 10:48,Cyanocitta stelleri,12/25/2019,2/7/2020
SEWA_S02_MSR1,47.54984,-122.3086,Winter20,1/19/2020 12:46,Sciurus carolinensis,12/25/2019,2/7/2020
SEWA_S02_MSR1,47.54984,-122.3086,Winter20,1/19/2020 13:14,Cyanocitta stelleri,12/25/2019,2/7/2020
SEWA_S02_MSR1,47.54984,-122.3086,Winter20,1/19/2020 18:09,Rattus rattus,12/25/2019,2/7/2020
SEWA_S02_MSR1,47.54984,-122.3086,Winter20,1/19/2020 23:03,Rattus rattus,12/25/2019,2/7/2020
SEWA_S02_MSR1,47.54984,-122.3086,Winter20,1/20/2020 8:48,Sciurus carolinensis,12/25/2019,2/7/2020
SEWA_S02_MSR1,47.54984,-122.3086,Winter20,1/20/2020 8:52,Sciurus carolinensis,12/25/2019,2/7/2020
SEWA_S02_MSR1,47.54984,-122.3086,Winter20,1/20/2020 20:27,Rattus rattus,12/25/2019,2/7/2020
SEWA_S02_MSR1,47.54984,-122.3086,Winter20,1/20/2020 22:57,Rattus rattus,12/25/2019,2/7/2020
SEWA_S02_MSR1,47.54984,-122.3086,Winter20,1/22/2020 9:06,Sciurus carolinensis,12/25/2019,2/7/2020
SEWA_S02_MSR1,47.54984,-122.3086,Winter20,1/23/2020 9:00,Sciurus carolinensis,12/25/2019,2/7/2020
SEWA_S02_MSR1,47.54984,-122.3086,Winter20,1/23/2020 9:48,Sciurus carolinensis,12/25/2019,2/7/2020
SEWA_S02_MSR1,47.54984,-122.3086,Winter20,1/24/2020 7:32,Sciurus carolinensis,12/25/2019,2/7/2020
SEWA_S02_MSR1,47.54984,-122.3086,Winter20,1/24/2020 9:29,Sciurus carolinensis,12/25/2019,2/7/2020
SEWA_S02_MSR1,47.54984,-122.3086,Winter20,1/24/2020 10:22,Sciurus carolinensis,12/25/2019,2/7/2020
SEWA_S02_MSR1,47.54984,-122.3086,Winter20,1/25/2020 22:31,Rattus rattus,12/25/2019,2/7/2020
SEWA_S02_MSR1,47.54984,-122.3086,Winter20,1/26/2020 7:40,Sciurus carolinensis,12/25/2019,2/7/2020
SEWA_S02_MSR1,47.54984,-122.3086,Winter20,1/26/2020 9:03,Sciurus carolinensis,12/25/2019,2/7/2020
SEWA_S02_MSR1,47.54984,-122.3086,Winter20,1/26/2020 23:49,Rattus rattus,12/25/2019,2/7/2020
SEWA_S02_MSR1,47.54984,-122.3086,Winter20,1/27/2020 3:12,Procyon lotor,12/25/2019,2/7/2020
SEWA_S02_MSR1,47.54984,-122.3086,Winter20,1/27/2020 3:17,Procyon lotor,12/25/2019,2/7/2020
SEWA_S02_MSR1,47.54984,-122.3086,Winter20,1/27/2020 3:40,Procyon lotor,12/25/2019,2/7/2020
SEWA_S02_MSR1,47.54984,-122.3086,Winter20,1/27/2020 9:08,Cyanocitta stelleri,12/25/2019,2/7/2020
SEWA_S02_MSR1,47.54984,-122.3086,Winter20,1/30/2020 7:33,Sciurus carolinensis,12/25/2019,2/7/2020
SEWA_S02_MSR1,47.54984,-122.3086,Winter20,1/30/2020 10:11,Sciurus carolinensis,12/25/2019,2/7/2020
SEWA_S02_MSR1,47.54984,-122.3086,Winter20,1/31/2020 7:39,Sciurus carolinensis,12/25/2019,2/7/2020
SEWA_S02_MSR1,47.54984,-122.3086,Winter20,2/2/2020 0:42,Rattus rattus,12/25/2019,2/7/2020
SEWA_S02_MSR1,47.54984,-122.3086,Winter20,2/2/2020 9:29,Sciurus carolinensis,12/25/2019,2/7/2020
SEWA_S02_MSR1,47.54984,-122.3086,Winter20,2/3/2020 18:02,Rattus rattus,12/25/2019,2/7/2020
SEWA_S02_MSR1,47.54984,-122.3086,Winter20,2/3/2020 20:06,Rattus rattus,12/25/2019,2/7/2020
SEWA_S02_MSR1,47.54984,-122.3086,Winter20,2/4/2020 8:02,Sciurus carolinensis,12/25/2019,2/7/2020
SEWA_S02_MSR1,47.54984,-122.3086,Winter20,2/4/2020 13:59,Homo sapiens,12/25/2019,2/7/2020
SEWA_S02_MSR1,47.54984,-122.3086,Winter20,2/4/2020 14:06,Homo sapiens,12/25/2019,2/7/2020
SEWA_S02_MSR1,47.54984,-122.3086,Winter20,2/4/2020 18:39,Procyon lotor,12/25/2019,2/7/2020
SEWA_S02_MSR1,47.54984,-122.3086,Winter20,2/4/2020 23:23,Rattus rattus,12/25/2019,2/7/2020
SEWA_S02_MSR1,47.54984,-122.3086,Winter20,2/5/2020 21:33,Procyon lotor,12/25/2019,2/7/2020
SEWA_S02_MWP2,47.56093,-122.31849,Winter20,1/2/2020 14:17,Homo sapiens,12/25/2019,2/7/2020
SEWA_S02_MWP2,47.56093,-122.31849,Winter20,1/3/2020 11:02,Sciurus carolinensis,12/25/2019,2/7/2020
SEWA_S02_MWP2,47.56093,-122.31849,Winter20,1/8/2020 3:33,Felis catus,12/25/2019,2/7/2020
SEWA_S02_MWP2,47.56093,-122.31849,Winter20,1/9/2020 14:03,Sciurus carolinensis,12/25/2019,2/7/2020
SEWA_S02_MWP2,47.56093,-122.31849,Winter20,1/11/2020 8:54,Canis familiaris,12/25/2019,2/7/2020
SEWA_S02_MWP2,47.56093,-122.31849,Winter20,1/11/2020 8:54,Homo sapiens,12/25/2019,2/7/2020
SEWA_S02_MWP2,47.56093,-122.31849,Winter20,1/23/2020 1:00,Procyon lotor,12/25/2019,2/7/2020
SEWA_S02_MWP2,47.56093,-122.31849,Winter20,1/25/2020 17:58,Procyon lotor,12/25/2019,2/7/2020
SEWA_S02_WDG1,47.54149,-122.34569,Winter20,1/4/2020 12:48,Homo sapiens,12/25/2019,2/7/2020
SEWA_S02_WDG1,47.54149,-122.34569,Winter20,2/4/2020 15:07,Homo sapiens,12/25/2019,2/7/2020
SEWA_S04_FGL1,47.48434,-122.26262,Winter20,1/3/2020 10:41,Homo sapiens,12/25/2019,2/7/2020
SEWA_S04_FGL1,47.48434,-122.26262,Winter20,1/9/2020 8:11,Cyanocitta stelleri,12/25/2019,2/7/2020
SEWA_S04_FGL1,47.48434,-122.26262,Winter20,1/9/2020 8:13,Cyanocitta stelleri,12/25/2019,2/7/2020
SEWA_S04_FGL1,47.48434,-122.26262,Winter20,1/9/2020 8:17,Cyanocitta stelleri,12/25/2019,2/7/2020
SEWA_S04_FGL1,47.48434,-122.26262,Winter20,1/10/2020 1:24,Rattus rattus,12/25/2019,2/7/2020
SEWA_S04_FGL1,47.48434,-122.26262,Winter20,1/10/2020 5:48,Rattus rattus,12/25/2019,2/7/2020
SEWA_S04_FGL1,47.48434,-122.26262,Winter20,1/10/2020 14:41,Cyanocitta stelleri,12/25/2019,2/7/2020
SEWA_S04_FGL1,47.48434,-122.26262,Winter20,1/11/2020 8:47,Sciurus carolinensis,12/25/2019,2/7/2020
SEWA_S04_FGL1,47.48434,-122.26262,Winter20,1/11/2020 12:18,Sciurus carolinensis,12/25/2019,2/7/2020
SEWA_S04_FGL1,47.48434,-122.26262,Winter20,1/13/2020 13:40,Sciurus carolinensis,12/25/2019,2/7/2020
SEWA_S04_FGL1,47.48434,-122.26262,Winter20,1/16/2020 2:09,Sylvilagus floridanus,12/25/2019,2/7/2020
SEWA_S04_FGL1,47.48434,-122.26262,Winter20,1/17/2020 16:58,Sylvilagus floridanus,12/25/2019,2/7/2020
SEWA_S04_FGL1,47.48434,-122.26262,Winter20,1/17/2020 17:04,Sylvilagus floridanus,12/25/2019,2/7/2020
SEWA_S04_FGL1,47.48434,-122.26262,Winter20,1/22/2020 7:57,Cyanocitta stelleri,12/25/2019,2/7/2020
SEWA_S04_FGL1,47.48434,-122.26262,Winter20,1/22/2020 18:50,Sylvilagus floridanus,12/25/2019,2/7/2020
SEWA_S04_FGL1,47.48434,-122.26262,Winter20,1/24/2020 12:12,Sciurus carolinensis,12/25/2019,2/7/2020
SEWA_S04_FGL1,47.48434,-122.26262,Winter20,1/25/2020 7:38,Procyon lotor,12/25/2019,2/7/2020
SEWA_S06_MPO1,47.44997,-122.11071,Winter20,1/2/2020 12:39,Homo sapiens,12/25/2019,2/7/2020
SEWA_S06_MPO1,47.44997,-122.11071,Winter20,1/2/2020 22:05,Odocoileus hemionus,12/25/2019,2/7/2020
SEWA_S06_MPO1,47.44997,-122.11071,Winter20,1/5/2020 3:06,Didelphis virginiana,12/25/2019,2/7/2020
SEWA_S06_MPO1,47.44997,-122.11071,Winter20,1/6/2020 20:51,Didelphis virginiana,12/25/2019,2/7/2020
SEWA_S06_MPO1,47.44997,-122.11071,Winter20,1/6/2020 22:13,Didelphis virginiana,12/25/2019,2/7/2020
SEWA_S06_MPO1,47.44997,-122.11071,Winter20,1/10/2020 0:59,Canis latrans,12/25/2019,2/7/2020
SEWA_S06_MPO1,47.44997,-122.11071,Winter20,1/15/2020 6:48,Odocoileus hemionus,12/25/2019,2/7/2020
SEWA_S06_MPO1,47.44997,-122.11071,Winter20,1/19/2020 0:23,Didelphis virginiana,12/25/2019,2/7/2020
SEWA_S06_MPO1,47.44997,-122.11071,Winter20,1/20/2020 23:48,Didelphis virginiana,12/25/2019,2/7/2020
SEWA_S06_MPO1,47.44997,-122.11071,Winter20,1/22/2020 1:39,Canis latrans,12/25/2019,2/7/2020
SEWA_S06_MPO1,47.44997,-122.11071,Winter20,1/24/2020 23:29,Didelphis virginiana,12/25/2019,2/7/2020
SEWA_S06_MPO1,47.44997,-122.11071,Winter20,2/1/2020 10:28,Odocoileus hemionus,12/25/2019,2/7/2020
SEWA_S06_MPO1,47.44997,-122.11071,Winter20,2/6/2020 10:44,Homo sapiens,12/25/2019,2/7/2020
SEWA_S08_TMF1,47.42278,-121.94978,Winter20,1/2/2020 11:00,Homo sapiens,12/25/2019,2/7/2020
SEWA_S08_TMF1,47.42278,-121.94978,Winter20,1/30/2020 9:12,Cervus canadensis,12/25/2019,2/7/2020
SEWA_S08_TMF1,47.42278,-121.94978,Winter20,1/30/2020 9:14,Cervus canadensis,12/25/2019,2/7/2020
SEWA_N01_DSP1,47.6598,-122.41942,Spring20,3/28/2020 11:10,Canis familiaris,3/25/2020,5/7/2020
SEWA_N01_DSP1,47.6598,-122.41942,Spring20,3/28/2020 11:10,Homo sapiens,3/25/2020,5/7/2020
SEWA_N01_DSP1,47.6598,-122.41942,Spring20,3/29/2020 21:48,Procyon lotor,3/25/2020,5/7/2020
SEWA_N01_DSP1,47.6598,-122.41942,Spring20,3/31/2020 1:16,Procyon lotor,3/25/2020,5/7/2020
SEWA_N01_DSP1,47.6598,-122.41942,Spring20,3/31/2020 3:50,Procyon lotor,3/25/2020,5/7/2020
SEWA_N01_DSP1,47.6598,-122.41942,Spring20,3/31/2020 9:13,Canis familiaris,3/25/2020,5/7/2020
SEWA_N01_DSP1,47.6598,-122.41942,Spring20,4/1/2020 16:39,Canis familiaris,3/25/2020,5/7/2020
SEWA_N01_DSP1,47.6598,-122.41942,Spring20,4/1/2020 23:15,Sylvilagus floridanus,3/25/2020,5/7/2020
SEWA_N01_DSP1,47.6598,-122.41942,Spring20,4/9/2020 17:51,Canis familiaris,3/25/2020,5/7/2020
SEWA_N01_DSP1,47.6598,-122.41942,Spring20,4/12/2020 17:10,Canis familiaris,3/25/2020,5/7/2020
SEWA_N01_DSP1,47.6598,-122.41942,Spring20,4/13/2020 9:10,Canis familiaris,3/25/2020,5/7/2020
SEWA_N01_DSP1,47.6598,-122.41942,Spring20,4/14/2020 14:10,Felis catus,3/25/2020,5/7/2020
SEWA_N01_DSP1,47.6598,-122.41942,Spring20,4/16/2020 5:23,Sylvilagus floridanus,3/25/2020,5/7/2020
SEWA_N01_DSP1,47.6598,-122.41942,Spring20,4/16/2020 5:32,Sylvilagus floridanus,3/25/2020,5/7/2020
SEWA_N01_DSP1,47.6598,-122.41942,Spring20,4/16/2020 5:54,Sylvilagus floridanus,3/25/2020,5/7/2020
SEWA_N01_DSP1,47.6598,-122.41942,Spring20,4/16/2020 6:00,Sylvilagus floridanus,3/25/2020,5/7/2020
SEWA_N01_DSP1,47.6598,-122.41942,Spring20,4/19/2020 4:23,Procyon lotor,3/25/2020,5/7/2020
SEWA_N01_DSP1,47.6598,-122.41942,Spring20,4/20/2020 18:25,Canis familiaris,3/25/2020,5/7/2020
SEWA_N01_DSP1,47.6598,-122.41942,Spring20,4/25/2020 3:12,Procyon lotor,3/25/2020,5/7/2020
SEWA_N01_DSP1,47.6598,-122.41942,Spring20,4/26/2020 14:32,Canis familiaris,3/25/2020,5/7/2020
SEWA_N01_DSP1,47.6598,-122.41942,Spring20,4/26/2020 16:50,Canis familiaris,3/25/2020,5/7/2020
SEWA_N01_DSP1,47.6598,-122.41942,Spring20,5/3/2020 23:30,Sylvilagus floridanus,3/25/2020,5/7/2020
SEWA_N01_DSP1,47.6598,-122.41942,Spring20,5/4/2020 18:19,Canis familiaris,3/25/2020,5/7/2020
SEWA_N01_DSP1,47.6598,-122.41942,Spring20,5/6/2020 16:04,Sciurus carolinensis,3/25/2020,5/7/2020
SEWA_N03_IRP1,47.69055,-122.28101,Spring20,3/26/2020 21:58,Sylvilagus floridanus,3/25/2020,5/7/2020
SEWA_N03_IRP1,47.69055,-122.28101,Spring20,3/29/2020 7:30,Sciurus carolinensis,3/25/2020,5/7/2020
SEWA_N03_IRP1,47.69055,-122.28101,Spring20,3/31/2020 11:16,Sciurus carolinensis,3/25/2020,5/7/2020
SEWA_N03_IRP1,47.69055,-122.28101,Spring20,4/5/2020 22:04,Procyon lotor,3/25/2020,5/7/2020
SEWA_N03_IRP1,47.69055,-122.28101,Spring20,4/8/2020 10:20,Sciurus carolinensis,3/25/2020,5/7/2020
SEWA_N03_IRP1,47.69055,-122.28101,Spring20,4/8/2020 10:22,Sciurus carolinensis,3/25/2020,5/7/2020
SEWA_N03_IRP1,47.69055,-122.28101,Spring20,4/8/2020 10:32,Sciurus carolinensis,3/25/2020,5/7/2020
SEWA_N03_IRP1,47.69055,-122.28101,Spring20,4/9/2020 9:21,Sciurus carolinensis,3/25/2020,5/7/2020
SEWA_N03_IRP1,47.69055,-122.28101,Spring20,4/9/2020 21:51,Canis latrans,3/25/2020,5/7/2020
SEWA_N03_IRP1,47.69055,-122.28101,Spring20,4/10/2020 8:10,Sciurus carolinensis,3/25/2020,5/7/2020
SEWA_N03_IRP1,47.69055,-122.28101,Spring20,4/10/2020 16:25,Sciurus carolinensis,3/25/2020,5/7/2020
SEWA_N03_IRP1,47.69055,-122.28101,Spring20,4/12/2020 4:18,Procyon lotor,3/25/2020,5/7/2020
SEWA_N03_IRP1,47.69055,-122.28101,Spring20,4/12/2020 15:27,Homo sapiens,3/25/2020,5/7/2020
SEWA_N03_IRP1,47.69055,-122.28101,Spring20,4/14/2020 18:25,Homo sapiens,3/25/2020,5/7/2020
SEWA_N03_IRP1,47.69055,-122.28101,Spring20,4/14/2020 18:29,Homo sapiens,3/25/2020,5/7/2020
SEWA_N03_IRP1,47.69055,-122.28101,Spring20,4/15/2020 1:38,Procyon lotor,3/25/2020,5/7/2020
SEWA_N03_IRP1,47.69055,-122.28101,Spring20,4/15/2020 16:39,Homo sapiens,3/25/2020,5/7/2020
SEWA_N03_IRP1,47.69055,-122.28101,Spring20,4/16/2020 8:50,Sciurus carolinensis,3/25/2020,5/7/2020
SEWA_N03_IRP1,47.69055,-122.28101,Spring20,4/16/2020 8:56,Sciurus carolinensis,3/25/2020,5/7/2020
SEWA_N03_IRP1,47.69055,-122.28101,Spring20,4/16/2020 9:32,Sciurus carolinensis,3/25/2020,5/7/2020
SEWA_N03_IRP1,47.69055,-122.28101,Spring20,4/16/2020 9:40,Sciurus carolinensis,3/25/2020,5/7/2020
SEWA_N03_IRP1,47.69055,-122.28101,Spring20,4/16/2020 9:46,Sciurus carolinensis,3/25/2020,5/7/2020
SEWA_N03_IRP1,47.69055,-122.28101,Spring20,4/17/2020 3:32,Procyon lotor,3/25/2020,5/7/2020
SEWA_N03_IRP1,47.69055,-122.28101,Spring20,4/17/2020 5:33,Cyanocitta stelleri,3/25/2020,5/7/2020
SEWA_N03_IRP1,47.69055,-122.28101,Spring20,4/17/2020 13:21,Sciurus carolinensis,3/25/2020,5/7/2020
SEWA_N03_IRP1,47.69055,-122.28101,Spring20,4/18/2020 17:55,Sciurus carolinensis,3/25/2020,5/7/2020
SEWA_N03_IRP1,47.69055,-122.28101,Spring20,4/19/2020 3:58,Procyon lotor,3/25/2020,5/7/2020
SEWA_N03_IRP1,47.69055,-122.28101,Spring20,4/19/2020 8:07,Sciurus carolinensis,3/25/2020,5/7/2020
SEWA_N03_IRP1,47.69055,-122.28101,Spring20,4/19/2020 9:38,Sciurus carolinensis,3/25/2020,5/7/2020
SEWA_N03_IRP1,47.69055,-122.28101,Spring20,4/19/2020 19:14,Homo sapiens,3/25/2020,5/7/2020
SEWA_N03_IRP1,47.69055,-122.28101,Spring20,4/20/2020 10:42,Sciurus carolinensis,3/25/2020,5/7/2020
SEWA_N03_IRP1,47.69055,-122.28101,Spring20,4/21/2020 13:53,Sciurus carolinensis,3/25/2020,5/7/2020
SEWA_N03_IRP1,47.69055,-122.28101,Spring20,4/22/2020 15:45,Sciurus carolinensis,3/25/2020,5/7/2020
SEWA_N03_IRP1,47.69055,-122.28101,Spring20,4/23/2020 8:13,Sciurus carolinensis,3/25/2020,5/7/2020
SEWA_N03_IRP1,47.69055,-122.28101,Spring20,4/23/2020 12:36,Sciurus carolinensis,3/25/2020,5/7/2020
SEWA_N03_IRP1,47.69055,-122.28101,Spring20,4/24/2020 9:20,Sciurus carolinensis,3/25/2020,5/7/2020
SEWA_N03_IRP1,47.69055,-122.28101,Spring20,4/24/2020 15:28,Sciurus carolinensis,3/25/2020,5/7/2020
SEWA_N03_IRP1,47.69055,-122.28101,Spring20,4/25/2020 9:12,Sciurus carolinensis,3/25/2020,5/7/2020
SEWA_N03_IRP1,47.69055,-122.28101,Spring20,4/26/2020 12:56,Sciurus carolinensis,3/25/2020,5/7/2020
SEWA_N03_IRP1,47.69055,-122.28101,Spring20,4/27/2020 8:38,Sciurus carolinensis,3/25/2020,5/7/2020
SEWA_N03_IRP1,47.69055,-122.28101,Spring20,4/27/2020 12:46,Sciurus carolinensis,3/25/2020,5/7/2020
SEWA_N03_IRP1,47.69055,-122.28101,Spring20,4/27/2020 13:07,Homo sapiens,3/25/2020,5/7/2020
SEWA_N03_IRP1,47.69055,-122.28101,Spring20,4/27/2020 14:56,Sciurus carolinensis,3/25/2020,5/7/2020
SEWA_N03_IRP1,47.69055,-122.28101,Spring20,4/28/2020 9:14,Sciurus carolinensis,3/25/2020,5/7/2020
SEWA_N03_IRP1,47.69055,-122.28101,Spring20,4/28/2020 13:08,Sciurus carolinensis,3/25/2020,5/7/2020
SEWA_N03_IRP1,47.69055,-122.28101,Spring20,4/29/2020 8:14,Sciurus carolinensis,3/25/2020,5/7/2020
SEWA_N03_IRP1,47.69055,-122.28101,Spring20,4/30/2020 20:39,Rattus rattus,3/25/2020,5/7/2020
SEWA_N03_IRP1,47.69055,-122.28101,Spring20,4/30/2020 22:24,Procyon lotor,3/25/2020,5/7/2020
SEWA_N03_IRP1,47.69055,-122.28101,Spring20,5/1/2020 10:09,Sciurus carolinensis,3/25/2020,5/7/2020
SEWA_N03_IRP1,47.69055,-122.28101,Spring20,5/1/2020 10:28,Sciurus carolinensis,3/25/2020,5/7/2020
SEWA_N03_IRP1,47.69055,-122.28101,Spring20,5/2/2020 18:14,Sciurus carolinensis,3/25/2020,5/7/2020
SEWA_N03_IRP1,47.69055,-122.28101,Spring20,5/2/2020 22:13,Rattus rattus,3/25/2020,5/7/2020
SEWA_N03_IRP1,47.69055,-122.28101,Spring20,5/3/2020 11:07,Cyanocitta stelleri,3/25/2020,5/7/2020
SEWA_N03_IRP1,47.69055,-122.28101,Spring20,5/4/2020 0:06,Rattus rattus,3/25/2020,5/7/2020
SEWA_N03_IRP1,47.69055,-122.28101,Spring20,5/6/2020 5:53,Procyon lotor,3/25/2020,5/7/2020
SEWA_N03_IRP1,47.69055,-122.28101,Spring20,5/6/2020 11:57,Sciurus carolinensis,3/25/2020,5/7/2020
SEWA_N03_IRP1,47.69055,-122.28101,Spring20,5/6/2020 13:53,Procyon lotor,3/25/2020,5/7/2020
SEWA_N03_IRP1,47.69055,-122.28101,Spring20,5/6/2020 20:30,Procyon lotor,3/25/2020,5/7/2020
SEWA_N03_IRP1,47.69055,-122.28101,Spring20,5/6/2020 20:32,Procyon lotor,3/25/2020,5/7/2020
SEWA_N03_IRP1,47.69055,-122.28101,Spring20,5/6/2020 20:48,Procyon lotor,3/25/2020,5/7/2020
SEWA_N03_MGP1,47.68166,-122.25092,Spring20,3/25/2020 16:22,Canis familiaris,3/25/2020,5/7/2020
SEWA_N03_MGP1,47.68166,-122.25092,Spring20,3/25/2020 20:40,Sylvilagus floridanus,3/25/2020,5/7/2020
SEWA_N03_MGP1,47.68166,-122.25092,Spring20,3/26/2020 16:52,Sciurus carolinensis,3/25/2020,5/7/2020
SEWA_N03_MGP1,47.68166,-122.25092,Spring20,3/29/2020 5:51,Sciurus carolinensis,3/25/2020,5/7/2020
SEWA_N03_MGP1,47.68166,-122.25092,Spring20,3/29/2020 5:53,Sciurus carolinensis,3/25/2020,5/7/2020
SEWA_N03_MGP1,47.68166,-122.25092,Spring20,3/31/2020 12:02,Sciurus carolinensis,3/25/2020,5/7/2020
SEWA_N03_MGP1,47.68166,-122.25092,Spring20,4/2/2020 9:40,Sciurus carolinensis,3/25/2020,5/7/2020
SEWA_N03_MGP1,47.68166,-122.25092,Spring20,4/4/2020 1:02,Sylvilagus floridanus,3/25/2020,5/7/2020
SEWA_N03_MGP1,47.68166,-122.25092,Spring20,4/4/2020 5:36,Sciurus carolinensis,3/25/2020,5/7/2020
SEWA_N03_MGP1,47.68166,-122.25092,Spring20,4/6/2020 4:59,Sylvilagus floridanus,3/25/2020,5/7/2020
SEWA_N03_MGP1,47.68166,-122.25092,Spring20,4/6/2020 6:00,Sciurus carolinensis,3/25/2020,5/7/2020
SEWA_N03_MGP1,47.68166,-122.25092,Spring20,4/6/2020 8:59,Sciurus carolinensis,3/25/2020,5/7/2020
SEWA_N03_MGP1,47.68166,-122.25092,Spring20,4/7/2020 5:54,Sciurus carolinensis,3/25/2020,5/7/2020
SEWA_N03_MGP1,47.68166,-122.25092,Spring20,4/9/2020 5:46,Sciurus carolinensis,3/25/2020,5/7/2020
SEWA_N03_MGP1,47.68166,-122.25092,Spring20,4/20/2020 9:20,Canis familiaris,3/25/2020,5/7/2020
SEWA_N03_MGP1,47.68166,-122.25092,Spring20,4/22/2020 13:37,Sciurus carolinensis,3/25/2020,5/7/2020
SEWA_N03_MGP1,47.68166,-122.25092,Spring20,4/24/2020 6:49,Sciurus carolinensis,3/25/2020,5/7/2020
SEWA_N03_MGP1,47.68166,-122.25092,Spring20,4/29/2020 5:46,Canis familiaris,3/25/2020,5/7/2020
SEWA_N03_MGP1,47.68166,-122.25092,Spring20,5/1/2020 4:48,Sciurus carolinensis,3/25/2020,5/7/2020
SEWA_N03_MGP1,47.68166,-122.25092,Spring20,5/1/2020 15:27,Canis familiaris,3/25/2020,5/7/2020
SEWA_N08_DOS1,47.74577,-121.96749,Spring20,4/4/2020 11:15,Odocoileus hemionus,3/25/2020,5/7/2020
SEWA_N08_DOS1,47.74577,-121.96749,Spring20,4/22/2020 4:48,Didelphis virginiana,3/25/2020,5/7/2020
SEWA_N08_DOS1,47.74577,-121.96749,Spring20,5/4/2020 12:29,Odocoileus hemionus,3/25/2020,5/7/2020
SEWA_N08_DOS1,47.74577,-121.96749,Spring20,5/4/2020 12:31,Odocoileus hemionus,3/25/2020,5/7/2020
SEWA_N08_DOS1,47.74577,-121.96749,Spring20,5/4/2020 12:33,Odocoileus hemionus,3/25/2020,5/7/2020
SEWA_S02_MSR1,47.54984,-122.3086,Spring20,3/25/2020 20:11,Rattus rattus,3/25/2020,5/7/2020
SEWA_S02_MSR1,47.54984,-122.3086,Spring20,3/25/2020 20:25,Rattus rattus,3/25/2020,5/7/2020
SEWA_S02_MSR1,47.54984,-122.3086,Spring20,3/25/2020 20:27,Rattus rattus,3/25/2020,5/7/2020
SEWA_S02_MSR1,47.54984,-122.3086,Spring20,3/26/2020 19:27,Rattus rattus,3/25/2020,5/7/2020
SEWA_S02_MSR1,47.54984,-122.3086,Spring20,3/26/2020 20:38,Rattus rattus,3/25/2020,5/7/2020
SEWA_S02_MSR1,47.54984,-122.3086,Spring20,3/26/2020 20:43,Rattus rattus,3/25/2020,5/7/2020
SEWA_S02_MSR1,47.54984,-122.3086,Spring20,3/26/2020 20:46,Rattus rattus,3/25/2020,5/7/2020
SEWA_S02_MSR1,47.54984,-122.3086,Spring20,3/26/2020 20:50,Rattus rattus,3/25/2020,5/7/2020
SEWA_S02_MSR1,47.54984,-122.3086,Spring20,3/26/2020 20:53,Rattus rattus,3/25/2020,5/7/2020
SEWA_S02_MSR1,47.54984,-122.3086,Spring20,3/26/2020 20:54,Rattus rattus,3/25/2020,5/7/2020
SEWA_S02_MSR1,47.54984,-122.3086,Spring20,3/26/2020 20:56,Rattus rattus,3/25/2020,5/7/2020
SEWA_S02_MSR1,47.54984,-122.3086,Spring20,3/26/2020 20:59,Rattus rattus,3/25/2020,5/7/2020
SEWA_S02_MSR1,47.54984,-122.3086,Spring20,3/26/2020 21:04,Rattus rattus,3/25/2020,5/7/2020
SEWA_S02_MSR1,47.54984,-122.3086,Spring20,3/26/2020 21:09,Rattus rattus,3/25/2020,5/7/2020
SEWA_S02_MSR1,47.54984,-122.3086,Spring20,3/26/2020 21:20,Rattus rattus,3/25/2020,5/7/2020
SEWA_S02_MSR1,47.54984,-122.3086,Spring20,3/26/2020 21:25,Rattus rattus,3/25/2020,5/7/2020
SEWA_S02_MSR1,47.54984,-122.3086,Spring20,3/26/2020 21:31,Rattus rattus,3/25/2020,5/7/2020
SEWA_S02_MSR1,47.54984,-122.3086,Spring20,3/26/2020 21:53,Rattus rattus,3/25/2020,5/7/2020
SEWA_S02_MSR1,47.54984,-122.3086,Spring20,3/27/2020 23:14,Rattus rattus,3/25/2020,5/7/2020
SEWA_S02_MSR1,47.54984,-122.3086,Spring20,3/28/2020 8:30,Cyanocitta stelleri,3/25/2020,5/7/2020
SEWA_S02_MSR1,47.54984,-122.3086,Spring20,3/28/2020 9:18,Sciurus carolinensis,3/25/2020,5/7/2020
SEWA_S02_MSR1,47.54984,-122.3086,Spring20,3/30/2020 19:22,Rattus rattus,3/25/2020,5/7/2020
SEWA_S02_MSR1,47.54984,-122.3086,Spring20,3/30/2020 20:22,Rattus rattus,3/25/2020,5/7/2020
SEWA_S02_MSR1,47.54984,-122.3086,Spring20,3/30/2020 20:24,Rattus rattus,3/25/2020,5/7/2020
SEWA_S02_MSR1,47.54984,-122.3086,Spring20,3/30/2020 20:26,Rattus rattus,3/25/2020,5/7/2020
SEWA_S02_MSR1,47.54984,-122.3086,Spring20,3/30/2020 20:41,Rattus rattus,3/25/2020,5/7/2020
SEWA_S02_MSR1,47.54984,-122.3086,Spring20,3/30/2020 20:43,Rattus rattus,3/25/2020,5/7/2020
SEWA_S02_MSR1,47.54984,-122.3086,Spring20,3/30/2020 20:44,Rattus rattus,3/25/2020,5/7/2020
SEWA_S02_MSR1,47.54984,-122.3086,Spring20,3/30/2020 20:46,Rattus rattus,3/25/2020,5/7/2020
SEWA_S02_MSR1,47.54984,-122.3086,Spring20,3/30/2020 22:23,Rattus rattus,3/25/2020,5/7/2020
SEWA_S02_MSR1,47.54984,-122.3086,Spring20,3/31/2020 3:21,Rattus rattus,3/25/2020,5/7/2020
SEWA_S02_MSR1,47.54984,-122.3086,Spring20,3/31/2020 11:48,Sciurus carolinensis,3/25/2020,5/7/2020
SEWA_S02_MSR1,47.54984,-122.3086,Spring20,3/31/2020 20:15,Rattus rattus,3/25/2020,5/7/2020
SEWA_S02_MSR1,47.54984,-122.3086,Spring20,3/31/2020 20:18,Rattus rattus,3/25/2020,5/7/2020
SEWA_S02_MSR1,47.54984,-122.3086,Spring20,3/31/2020 22:40,Rattus rattus,3/25/2020,5/7/2020
SEWA_S02_MSR1,47.54984,-122.3086,Spring20,4/1/2020 4:55,Rattus rattus,3/25/2020,5/7/2020
SEWA_S02_MSR1,47.54984,-122.3086,Spring20,4/1/2020 20:49,Rattus rattus,3/25/2020,5/7/2020
SEWA_S02_MSR1,47.54984,-122.3086,Spring20,4/1/2020 20:52,Rattus rattus,3/25/2020,5/7/2020
SEWA_S02_MSR1,47.54984,-122.3086,Spring20,4/2/2020 4:17,Rattus rattus,3/25/2020,5/7/2020
SEWA_S02_MSR1,47.54984,-122.3086,Spring20,4/2/2020 4:19,Rattus rattus,3/25/2020,5/7/2020
SEWA_S02_MSR1,47.54984,-122.3086,Spring20,4/2/2020 4:56,Rattus rattus,3/25/2020,5/7/2020
SEWA_S02_MSR1,47.54984,-122.3086,Spring20,4/2/2020 9:54,Sciurus carolinensis,3/25/2020,5/7/2020
SEWA_S02_MSR1,47.54984,-122.3086,Spring20,4/2/2020 10:52,Sciurus carolinensis,3/25/2020,5/7/2020
SEWA_S02_MSR1,47.54984,-122.3086,Spring20,4/3/2020 8:25,Sciurus carolinensis,3/25/2020,5/7/2020
SEWA_S02_MSR1,47.54984,-122.3086,Spring20,4/3/2020 19:26,Rattus rattus,3/25/2020,5/7/2020
SEWA_S02_MSR1,47.54984,-122.3086,Spring20,4/3/2020 19:30,Rattus rattus,3/25/2020,5/7/2020
SEWA_S02_MSR1,47.54984,-122.3086,Spring20,4/3/2020 19:32,Rattus rattus,3/25/2020,5/7/2020
SEWA_S02_MSR1,47.54984,-122.3086,Spring20,4/3/2020 19:36,Rattus rattus,3/25/2020,5/7/2020
SEWA_S02_MSR1,47.54984,-122.3086,Spring20,4/3/2020 19:39,Rattus rattus,3/25/2020,5/7/2020
SEWA_S02_MSR1,47.54984,-122.3086,Spring20,4/3/2020 19:43,Rattus rattus,3/25/2020,5/7/2020
SEWA_S02_MSR1,47.54984,-122.3086,Spring20,4/3/2020 19:54,Rattus rattus,3/25/2020,5/7/2020
SEWA_S02_MSR1,47.54984,-122.3086,Spring20,4/3/2020 19:58,Rattus rattus,3/25/2020,5/7/2020
SEWA_S02_MSR1,47.54984,-122.3086,Spring20,4/3/2020 19:59,Rattus rattus,3/25/2020,5/7/2020
SEWA_S02_MSR1,47.54984,-122.3086,Spring20,4/3/2020 20:03,Rattus rattus,3/25/2020,5/7/2020
SEWA_S02_MSR1,47.54984,-122.3086,Spring20,4/3/2020 20:07,Rattus rattus,3/25/2020,5/7/2020
SEWA_S02_MSR1,47.54984,-122.3086,Spring20,4/3/2020 20:18,Rattus rattus,3/25/2020,5/7/2020
SEWA_S02_MSR1,47.54984,-122.3086,Spring20,4/3/2020 20:39,Rattus rattus,3/25/2020,5/7/2020
SEWA_S02_MSR1,47.54984,-122.3086,Spring20,4/3/2020 20:42,Rattus rattus,3/25/2020,5/7/2020
SEWA_S02_MSR1,47.54984,-122.3086,Spring20,4/3/2020 20:48,Felis catus,3/25/2020,5/7/2020
SEWA_S02_MSR1,47.54984,-122.3086,Spring20,4/3/2020 21:22,Felis catus,3/25/2020,5/7/2020
SEWA_S02_MSR1,47.54984,-122.3086,Spring20,4/4/2020 10:47,Sciurus carolinensis,3/25/2020,5/7/2020
SEWA_S02_MSR1,47.54984,-122.3086,Spring20,4/4/2020 13:50,Sciurus carolinensis,3/25/2020,5/7/2020
SEWA_S02_MSR1,47.54984,-122.3086,Spring20,4/4/2020 22:32,Rattus rattus,3/25/2020,5/7/2020
SEWA_S02_MSR1,47.54984,-122.3086,Spring20,4/4/2020 22:35,Rattus rattus,3/25/2020,5/7/2020
SEWA_S02_MSR1,47.54984,-122.3086,Spring20,4/5/2020 11:59,Sciurus carolinensis,3/25/2020,5/7/2020
SEWA_S02_MSR1,47.54984,-122.3086,Spring20,4/6/2020 21:51,Rattus rattus,3/25/2020,5/7/2020
SEWA_S02_MSR1,47.54984,-122.3086,Spring20,4/7/2020 9:53,Sciurus carolinensis,3/25/2020,5/7/2020
SEWA_S02_MSR1,47.54984,-122.3086,Spring20,4/7/2020 21:06,Rattus rattus,3/25/2020,5/7/2020
SEWA_S02_MSR1,47.54984,-122.3086,Spring20,4/7/2020 21:35,Rattus rattus,3/25/2020,5/7/2020
SEWA_S02_MSR1,47.54984,-122.3086,Spring20,4/8/2020 14:22,Felis catus,3/25/2020,5/7/2020
SEWA_S02_MSR1,47.54984,-122.3086,Spring20,4/9/2020 10:23,Sciurus carolinensis,3/25/2020,5/7/2020
SEWA_S02_MSR1,47.54984,-122.3086,Spring20,4/9/2020 10:27,Sciurus carolinensis,3/25/2020,5/7/2020
SEWA_S02_MSR1,47.54984,-122.3086,Spring20,4/9/2020 17:18,Sciurus carolinensis,3/25/2020,5/7/2020
SEWA_S02_MSR1,47.54984,-122.3086,Spring20,4/10/2020 10:57,Sciurus carolinensis,3/25/2020,5/7/2020
SEWA_S02_MSR1,47.54984,-122.3086,Spring20,4/11/2020 11:32,Sciurus carolinensis,3/25/2020,5/7/2020
SEWA_S02_MSR1,47.54984,-122.3086,Spring20,4/11/2020 13:10,Sciurus carolinensis,3/25/2020,5/7/2020
SEWA_S02_MSR1,47.54984,-122.3086,Spring20,4/11/2020 22:16,Rattus rattus,3/25/2020,5/7/2020
SEWA_S02_MSR1,47.54984,-122.3086,Spring20,4/12/2020 9:55,Sciurus carolinensis,3/25/2020,5/7/2020
SEWA_S02_MSR1,47.54984,-122.3086,Spring20,4/13/2020 9:08,Sciurus carolinensis,3/25/2020,5/7/2020
SEWA_S02_MSR1,47.54984,-122.3086,Spring20,4/13/2020 9:25,Sciurus carolinensis,3/25/2020,5/7/2020
SEWA_S02_MSR1,47.54984,-122.3086,Spring20,4/16/2020 8:02,Sciurus carolinensis,3/25/2020,5/7/2020
SEWA_S02_MSR1,47.54984,-122.3086,Spring20,4/16/2020 8:29,Sciurus carolinensis,3/25/2020,5/7/2020
SEWA_S02_MSR1,47.54984,-122.3086,Spring20,4/16/2020 23:47,Rattus rattus,3/25/2020,5/7/2020
SEWA_S02_MSR1,47.54984,-122.3086,Spring20,4/17/2020 10:50,Sciurus carolinensis,3/25/2020,5/7/2020
SEWA_S02_MSR1,47.54984,-122.3086,Spring20,4/18/2020 10:36,Sciurus carolinensis,3/25/2020,5/7/2020
SEWA_S02_MSR1,47.54984,-122.3086,Spring20,4/18/2020 11:31,Sciurus carolinensis,3/25/2020,5/7/2020
SEWA_S02_MSR1,47.54984,-122.3086,Spring20,4/18/2020 22:20,Rattus rattus,3/25/2020,5/7/2020
SEWA_S02_MSR1,47.54984,-122.3086,Spring20,4/19/2020 9:11,Sciurus carolinensis,3/25/2020,5/7/2020
SEWA_S02_MSR1,47.54984,-122.3086,Spring20,4/19/2020 11:16,Sciurus carolinensis,3/25/2020,5/7/2020
SEWA_S02_MSR1,47.54984,-122.3086,Spring20,4/19/2020 22:31,Rattus rattus,3/25/2020,5/7/2020
SEWA_S02_MSR1,47.54984,-122.3086,Spring20,4/20/2020 9:39,Sciurus carolinensis,3/25/2020,5/7/2020
SEWA_S02_MSR1,47.54984,-122.3086,Spring20,4/20/2020 10:51,Sciurus carolinensis,3/25/2020,5/7/2020
SEWA_S02_MSR1,47.54984,-122.3086,Spring20,4/21/2020 17:12,Felis catus,3/25/2020,5/7/2020
SEWA_S02_MSR1,47.54984,-122.3086,Spring20,4/21/2020 19:19,Felis catus,3/25/2020,5/7/2020
SEWA_S02_MSR1,47.54984,-122.3086,Spring20,4/21/2020 22:30,Rattus rattus,3/25/2020,5/7/2020
SEWA_S02_MSR1,47.54984,-122.3086,Spring20,4/22/2020 2:52,Procyon lotor,3/25/2020,5/7/2020
SEWA_S02_MSR1,47.54984,-122.3086,Spring20,4/22/2020 5:07,Procyon lotor,3/25/2020,5/7/2020
SEWA_S02_MSR1,47.54984,-122.3086,Spring20,4/22/2020 17:06,Sciurus carolinensis,3/25/2020,5/7/2020
SEWA_S02_MSR1,47.54984,-122.3086,Spring20,4/23/2020 8:02,Sciurus carolinensis,3/25/2020,5/7/2020
SEWA_S02_MSR1,47.54984,-122.3086,Spring20,4/23/2020 15:14,Sciurus carolinensis,3/25/2020,5/7/2020
SEWA_S02_MSR1,47.54984,-122.3086,Spring20,4/25/2020 10:48,Sciurus carolinensis,3/25/2020,5/7/2020
SEWA_S02_MSR1,47.54984,-122.3086,Spring20,4/26/2020 2:10,Rattus rattus,3/25/2020,5/7/2020
SEWA_S02_MSR1,47.54984,-122.3086,Spring20,4/26/2020 2:12,Rattus rattus,3/25/2020,5/7/2020
SEWA_S02_MSR1,47.54984,-122.3086,Spring20,4/26/2020 4:03,Rattus rattus,3/25/2020,5/7/2020
SEWA_S02_MSR1,47.54984,-122.3086,Spring20,4/26/2020 4:04,Rattus rattus,3/25/2020,5/7/2020
SEWA_S02_MSR1,47.54984,-122.3086,Spring20,4/26/2020 4:06,Rattus rattus,3/25/2020,5/7/2020
SEWA_S02_MSR1,47.54984,-122.3086,Spring20,4/26/2020 10:59,Sciurus carolinensis,3/25/2020,5/7/2020
SEWA_S02_MSR1,47.54984,-122.3086,Spring20,4/26/2020 11:56,Corvus brachyrhynchos,3/25/2020,5/7/2020
SEWA_S02_MSR1,47.54984,-122.3086,Spring20,4/27/2020 21:59,Rattus rattus,3/25/2020,5/7/2020
SEWA_S02_MSR1,47.54984,-122.3086,Spring20,4/27/2020 22:00,Rattus rattus,3/25/2020,5/7/2020
SEWA_S02_MSR1,47.54984,-122.3086,Spring20,4/28/2020 23:06,Rattus rattus,3/25/2020,5/7/2020
SEWA_S02_MSR1,47.54984,-122.3086,Spring20,4/28/2020 23:08,Rattus rattus,3/25/2020,5/7/2020
SEWA_S02_MSR1,47.54984,-122.3086,Spring20,4/30/2020 9:21,Sciurus carolinensis,3/25/2020,5/7/2020
SEWA_S02_MSR1,47.54984,-122.3086,Spring20,4/30/2020 13:14,Sciurus carolinensis,3/25/2020,5/7/2020
SEWA_S02_MSR1,47.54984,-122.3086,Spring20,4/30/2020 21:13,Rattus rattus,3/25/2020,5/7/2020
SEWA_S02_MSR1,47.54984,-122.3086,Spring20,4/30/2020 22:37,Rattus rattus,3/25/2020,5/7/2020
SEWA_S02_MSR1,47.54984,-122.3086,Spring20,4/30/2020 22:50,Rattus rattus,3/25/2020,5/7/2020
SEWA_S02_MSR1,47.54984,-122.3086,Spring20,4/30/2020 23:17,Rattus rattus,3/25/2020,5/7/2020
SEWA_S02_MSR1,47.54984,-122.3086,Spring20,5/1/2020 1:51,Rattus rattus,3/25/2020,5/7/2020
SEWA_S02_MSR1,47.54984,-122.3086,Spring20,5/1/2020 3:49,Rattus rattus,3/25/2020,5/7/2020
SEWA_S02_MSR1,47.54984,-122.3086,Spring20,5/1/2020 10:42,Sciurus carolinensis,3/25/2020,5/7/2020
SEWA_S02_MSR1,47.54984,-122.3086,Spring20,5/1/2020 10:56,Sciurus carolinensis,3/25/2020,5/7/2020
SEWA_S02_MSR1,47.54984,-122.3086,Spring20,5/2/2020 3:54,Rattus rattus,3/25/2020,5/7/2020
SEWA_S02_MSR1,47.54984,-122.3086,Spring20,5/2/2020 6:45,Sciurus carolinensis,3/25/2020,5/7/2020
SEWA_S02_MSR1,47.54984,-122.3086,Spring20,5/3/2020 4:06,Rattus rattus,3/25/2020,5/7/2020
SEWA_S02_MSR1,47.54984,-122.3086,Spring20,5/3/2020 9:26,Sciurus carolinensis,3/25/2020,5/7/2020
SEWA_S02_MSR1,47.54984,-122.3086,Spring20,5/3/2020 21:46,Rattus rattus,3/25/2020,5/7/2020
SEWA_S02_MSR1,47.54984,-122.3086,Spring20,5/4/2020 10:00,Sciurus carolinensis,3/25/2020,5/7/2020
SEWA_S02_MSR1,47.54984,-122.3086,Spring20,5/5/2020 1:01,Rattus rattus,3/25/2020,5/7/2020
SEWA_S02_MSR1,47.54984,-122.3086,Spring20,5/5/2020 8:42,Sciurus carolinensis,3/25/2020,5/7/2020
SEWA_S02_WCP2,47.52699,-122.33736,Spring20,4/2/2020 17:14,Homo sapiens,3/25/2020,5/7/2020
SEWA_S02_WCP2,47.52699,-122.33736,Spring20,4/2/2020 17:17,Homo sapiens,3/25/2020,5/7/2020
SEWA_S02_WCP2,47.52699,-122.33736,Spring20,4/19/2020 23:48,Procyon lotor,3/25/2020,5/7/2020
SEWA_S02_WDG1,47.54149,-122.34569,Spring20,4/18/2020 0:08,Didelphis virginiana,3/25/2020,5/7/2020
SEWA_S02_WDG1,47.54149,-122.34569,Spring20,5/1/2020 6:47,Sciurus carolinensis,3/25/2020,5/7/2020
SEWA_S04_FGL1,47.48434,-122.26262,Spring20,3/26/2020 8:08,Sylvilagus floridanus,3/25/2020,5/7/2020
SEWA_S04_FGL1,47.48434,-122.26262,Spring20,3/26/2020 11:22,Cyanocitta stelleri,3/25/2020,5/7/2020
SEWA_S04_FGL1,47.48434,-122.26262,Spring20,3/27/2020 17:30,Cyanocitta stelleri,3/25/2020,5/7/2020
SEWA_S04_FGL1,47.48434,-122.26262,Spring20,3/31/2020 18:35,Sylvilagus floridanus,3/25/2020,5/7/2020
SEWA_S04_FGL1,47.48434,-122.26262,Spring20,4/5/2020 13:47,Sylvilagus floridanus,3/25/2020,5/7/2020
SEWA_S04_FGL1,47.48434,-122.26262,Spring20,4/5/2020 17:21,Sylvilagus floridanus,3/25/2020,5/7/2020
SEWA_S04_FGL1,47.48434,-122.26262,Spring20,4/6/2020 8:37,Sciurus carolinensis,3/25/2020,5/7/2020
SEWA_S04_FGL1,47.48434,-122.26262,Spring20,4/6/2020 13:18,Sylvilagus floridanus,3/25/2020,5/7/2020
SEWA_S04_FGL1,47.48434,-122.26262,Spring20,4/25/2020 14:29,Cyanocitta stelleri,3/25/2020,5/7/2020
SEWA_S04_FGL1,47.48434,-122.26262,Spring20,4/30/2020 10:53,Sylvilagus floridanus,3/25/2020,5/7/2020
SEWA_S04_FGL1,47.48434,-122.26262,Spring20,5/4/2020 7:08,Sciurus carolinensis,3/25/2020,5/7/2020
SEWA_S04_FGL1,47.48434,-122.26262,Spring20,5/4/2020 7:10,Sciurus carolinensis,3/25/2020,5/7/2020
SEWA_S04_FGL1,47.48434,-122.26262,Spring20,5/4/2020 7:29,Sylvilagus floridanus,3/25/2020,5/7/2020
SEWA_N01_DSP1,47.6598,-122.41942,Summer20,6/25/2020 15:06,Canis familiaris,6/24/2020,8/7/2020
SEWA_N01_DSP1,47.6598,-122.41942,Summer20,6/28/2020 21:27,Procyon lotor,6/24/2020,8/7/2020
SEWA_N01_DSP1,47.6598,-122.41942,Summer20,7/4/2020 19:36,Sylvilagus floridanus,6/24/2020,8/7/2020
SEWA_N01_DSP1,47.6598,-122.41942,Summer20,7/11/2020 2:34,Procyon lotor,6/24/2020,8/7/2020
SEWA_N01_DSP1,47.6598,-122.41942,Summer20,7/11/2020 11:48,Homo sapiens,6/24/2020,8/7/2020
SEWA_N01_DSP1,47.6598,-122.41942,Summer20,7/11/2020 11:54,Homo sapiens,6/24/2020,8/7/2020
SEWA_N01_DSP1,47.6598,-122.41942,Summer20,7/13/2020 12:35,Homo sapiens,6/24/2020,8/7/2020
SEWA_N01_DSP1,47.6598,-122.41942,Summer20,7/13/2020 19:51,Canis latrans,6/24/2020,8/7/2020
SEWA_N01_DSP1,47.6598,-122.41942,Summer20,7/15/2020 18:42,Sylvilagus floridanus,6/24/2020,8/7/2020
SEWA_N01_DSP1,47.6598,-122.41942,Summer20,7/17/2020 1:20,Sylvilagus floridanus,6/24/2020,8/7/2020
SEWA_N01_DSP1,47.6598,-122.41942,Summer20,7/17/2020 7:33,Sylvilagus floridanus,6/24/2020,8/7/2020
SEWA_N01_DSP1,47.6598,-122.41942,Summer20,7/17/2020 7:36,Sylvilagus floridanus,6/24/2020,8/7/2020
SEWA_N01_DSP1,47.6598,-122.41942,Summer20,7/17/2020 22:14,Sylvilagus floridanus,6/24/2020,8/7/2020
SEWA_N01_DSP1,47.6598,-122.41942,Summer20,7/18/2020 7:14,Sylvilagus floridanus,6/24/2020,8/7/2020
SEWA_N01_DSP1,47.6598,-122.41942,Summer20,7/18/2020 7:32,Sylvilagus floridanus,6/24/2020,8/7/2020
SEWA_N01_DSP1,47.6598,-122.41942,Summer20,7/18/2020 8:59,Sylvilagus floridanus,6/24/2020,8/7/2020
SEWA_N01_DSP1,47.6598,-122.41942,Summer20,7/19/2020 8:10,Procyon lotor,6/24/2020,8/7/2020
SEWA_N01_DSP1,47.6598,-122.41942,Summer20,7/20/2020 23:14,Sylvilagus floridanus,6/24/2020,8/7/2020
SEWA_N01_DSP1,47.6598,-122.41942,Summer20,7/20/2020 23:16,Sylvilagus floridanus,6/24/2020,8/7/2020
SEWA_N01_DSP1,47.6598,-122.41942,Summer20,7/21/2020 1:08,Procyon lotor,6/24/2020,8/7/2020
SEWA_N01_DSP1,47.6598,-122.41942,Summer20,7/22/2020 22:10,Procyon lotor,6/24/2020,8/7/2020
SEWA_N01_DSP1,47.6598,-122.41942,Summer20,7/27/2020 10:04,Sylvilagus floridanus,6/24/2020,8/7/2020
SEWA_N01_DSP1,47.6598,-122.41942,Summer20,7/28/2020 13:24,Homo sapiens,6/24/2020,8/7/2020
SEWA_N01_DSP1,47.6598,-122.41942,Summer20,7/31/2020 6:29,Homo sapiens,6/24/2020,8/7/2020
SEWA_N01_DSP1,47.6598,-122.41942,Summer20,7/31/2020 6:34,Homo sapiens,6/24/2020,8/7/2020
SEWA_N01_DSP1,47.6598,-122.41942,Summer20,8/2/2020 7:27,Homo sapiens,6/24/2020,8/7/2020
SEWA_N01_DSP1,47.6598,-122.41942,Summer20,8/6/2020 17:35,Sylvilagus floridanus,6/24/2020,8/7/2020
SEWA_N02_LWP3,47.66901,-122.34405,Summer20,6/26/2020 16:06,Homo sapiens,6/24/2020,8/7/2020
SEWA_N02_LWP3,47.66901,-122.34405,Summer20,6/26/2020 16:07,Homo sapiens,6/24/2020,8/7/2020
SEWA_N02_LWP3,47.66901,-122.34405,Summer20,6/27/2020 14:40,Homo sapiens,6/24/2020,8/7/2020
SEWA_N02_LWP3,47.66901,-122.34405,Summer20,6/28/2020 12:00,Sciurus carolinensis,6/24/2020,8/7/2020
SEWA_N02_LWP3,47.66901,-122.34405,Summer20,6/28/2020 17:27,Sciurus carolinensis,6/24/2020,8/7/2020
SEWA_N02_LWP3,47.66901,-122.34405,Summer20,6/28/2020 17:29,Sciurus carolinensis,6/24/2020,8/7/2020
SEWA_N02_LWP3,47.66901,-122.34405,Summer20,6/29/2020 9:29,Sciurus carolinensis,6/24/2020,8/7/2020
SEWA_N02_LWP3,47.66901,-122.34405,Summer20,6/30/2020 11:47,Sciurus carolinensis,6/24/2020,8/7/2020
SEWA_N02_LWP3,47.66901,-122.34405,Summer20,6/30/2020 12:09,Canis familiaris,6/24/2020,8/7/2020
SEWA_N02_LWP3,47.66901,-122.34405,Summer20,6/30/2020 14:15,Sciurus carolinensis,6/24/2020,8/7/2020
SEWA_N02_LWP3,47.66901,-122.34405,Summer20,7/1/2020 11:54,Sciurus carolinensis,6/24/2020,8/7/2020
SEWA_N02_LWP3,47.66901,-122.34405,Summer20,7/1/2020 14:18,Sciurus carolinensis,6/24/2020,8/7/2020
SEWA_N02_LWP3,47.66901,-122.34405,Summer20,7/3/2020 4:28,Procyon lotor,6/24/2020,8/7/2020
SEWA_N02_LWP3,47.66901,-122.34405,Summer20,7/8/2020 6:45,Sciurus carolinensis,6/24/2020,8/7/2020
SEWA_N02_LWP3,47.66901,-122.34405,Summer20,7/8/2020 17:25,Canis familiaris,6/24/2020,8/7/2020
SEWA_N02_LWP3,47.66901,-122.34405,Summer20,7/8/2020 17:25,Homo sapiens,6/24/2020,8/7/2020
SEWA_N02_LWP3,47.66901,-122.34405,Summer20,7/13/2020 17:29,Homo sapiens,6/24/2020,8/7/2020
SEWA_N02_LWP3,47.66901,-122.34405,Summer20,7/17/2020 16:50,Homo sapiens,6/24/2020,8/7/2020
SEWA_N02_LWP3,47.66901,-122.34405,Summer20,7/18/2020 8:29,Sciurus carolinensis,6/24/2020,8/7/2020
SEWA_N02_LWP3,47.66901,-122.34405,Summer20,7/19/2020 12:26,Sciurus carolinensis,6/24/2020,8/7/2020
SEWA_N02_LWP3,47.66901,-122.34405,Summer20,7/22/2020 12:27,Sciurus carolinensis,6/24/2020,8/7/2020
SEWA_N02_LWP3,47.66901,-122.34405,Summer20,7/25/2020 10:34,Homo sapiens,6/24/2020,8/7/2020
SEWA_N02_LWP3,47.66901,-122.34405,Summer20,7/30/2020 16:57,Homo sapiens,6/24/2020,8/7/2020
SEWA_N02_LWP3,47.66901,-122.34405,Summer20,7/31/2020 11:37,Sciurus carolinensis,6/24/2020,8/7/2020
SEWA_N02_LWP3,47.66901,-122.34405,Summer20,7/31/2020 14:54,Homo sapiens,6/24/2020,8/7/2020
SEWA_N02_LWP3,47.66901,-122.34405,Summer20,7/31/2020 14:55,Homo sapiens,6/24/2020,8/7/2020
SEWA_N02_PHN1,47.6723,-122.3598,Summer20,6/26/2020 15:51,Homo sapiens,6/24/2020,8/7/2020
SEWA_N02_PHN1,47.6723,-122.3598,Summer20,6/26/2020 15:58,Homo sapiens,6/24/2020,8/7/2020
SEWA_N02_PHN1,47.6723,-122.3598,Summer20,6/26/2020 17:46,Homo sapiens,6/24/2020,8/7/2020
SEWA_N02_PHN1,47.6723,-122.3598,Summer20,6/26/2020 19:04,Homo sapiens,6/24/2020,8/7/2020
SEWA_N02_PHN1,47.6723,-122.3598,Summer20,6/26/2020 19:08,Homo sapiens,6/24/2020,8/7/2020
SEWA_N02_PHN1,47.6723,-122.3598,Summer20,6/26/2020 19:18,Homo sapiens,6/24/2020,8/7/2020
SEWA_N02_PHN1,47.6723,-122.3598,Summer20,6/26/2020 19:30,Homo sapiens,6/24/2020,8/7/2020
SEWA_N02_PHN1,47.6723,-122.3598,Summer20,6/26/2020 20:03,Homo sapiens,6/24/2020,8/7/2020
SEWA_N02_PHN1,47.6723,-122.3598,Summer20,6/26/2020 20:15,Canis familiaris,6/24/2020,8/7/2020
SEWA_N02_PHN1,47.6723,-122.3598,Summer20,6/26/2020 20:15,Homo sapiens,6/24/2020,8/7/2020
SEWA_N02_PHN1,47.6723,-122.3598,Summer20,6/26/2020 21:19,Homo sapiens,6/24/2020,8/7/2020
SEWA_N02_PHN1,47.6723,-122.3598,Summer20,6/26/2020 21:33,Homo sapiens,6/24/2020,8/7/2020
SEWA_N02_PHN1,47.6723,-122.3598,Summer20,6/26/2020 22:54,Homo sapiens,6/24/2020,8/7/2020
SEWA_N02_PHN1,47.6723,-122.3598,Summer20,6/27/2020 2:59,Procyon lotor,6/24/2020,8/7/2020
SEWA_N02_PHN1,47.6723,-122.3598,Summer20,6/27/2020 7:11,Homo sapiens,6/24/2020,8/7/2020
SEWA_N02_PHN1,47.6723,-122.3598,Summer20,6/27/2020 7:11,Canis familiaris,6/24/2020,8/7/2020
SEWA_N02_PHN1,47.6723,-122.3598,Summer20,6/27/2020 9:40,Homo sapiens,6/24/2020,8/7/2020
SEWA_N02_PHN1,47.6723,-122.3598,Summer20,6/27/2020 9:40,Canis familiaris,6/24/2020,8/7/2020
SEWA_N02_PHN1,47.6723,-122.3598,Summer20,6/27/2020 10:58,Homo sapiens,6/24/2020,8/7/2020
SEWA_N02_PHN1,47.6723,-122.3598,Summer20,6/27/2020 11:20,Homo sapiens,6/24/2020,8/7/2020
SEWA_N02_PHN1,47.6723,-122.3598,Summer20,6/27/2020 11:48,Homo sapiens,6/24/2020,8/7/2020
SEWA_N02_PHN1,47.6723,-122.3598,Summer20,6/27/2020 14:43,Homo sapiens,6/24/2020,8/7/2020
SEWA_N02_PHN1,47.6723,-122.3598,Summer20,6/27/2020 15:45,Homo sapiens,6/24/2020,8/7/2020
SEWA_N02_PHN1,47.6723,-122.3598,Summer20,6/27/2020 16:19,Canis familiaris,6/24/2020,8/7/2020
SEWA_N02_PHN1,47.6723,-122.3598,Summer20,6/27/2020 16:20,Homo sapiens,6/24/2020,8/7/2020
SEWA_N02_PHN1,47.6723,-122.3598,Summer20,6/27/2020 16:21,Canis familiaris,6/24/2020,8/7/2020
SEWA_N02_PHN1,47.6723,-122.3598,Summer20,6/27/2020 16:23,Canis familiaris,6/24/2020,8/7/2020
SEWA_N02_PHN1,47.6723,-122.3598,Summer20,6/27/2020 16:25,Canis familiaris,6/24/2020,8/7/2020
SEWA_N02_PHN1,47.6723,-122.3598,Summer20,6/27/2020 16:30,Canis familiaris,6/24/2020,8/7/2020
SEWA_N02_PHN1,47.6723,-122.3598,Summer20,6/27/2020 17:10,Homo sapiens,6/24/2020,8/7/2020
SEWA_N02_PHN1,47.6723,-122.3598,Summer20,6/28/2020 7:03,Homo sapiens,6/24/2020,8/7/2020
SEWA_N02_PHN1,47.6723,-122.3598,Summer20,6/28/2020 11:49,Homo sapiens,6/24/2020,8/7/2020
SEWA_N02_PHN1,47.6723,-122.3598,Summer20,6/28/2020 11:55,Homo sapiens,6/24/2020,8/7/2020
SEWA_N02_PHN1,47.6723,-122.3598,Summer20,6/28/2020 12:23,Homo sapiens,6/24/2020,8/7/2020
SEWA_N02_PHN1,47.6723,-122.3598,Summer20,6/28/2020 12:24,Homo sapiens,6/24/2020,8/7/2020
SEWA_N02_PHN1,47.6723,-122.3598,Summer20,6/28/2020 12:52,Homo sapiens,6/24/2020,8/7/2020
SEWA_N02_PHN1,47.6723,-122.3598,Summer20,6/28/2020 13:00,Homo sapiens,6/24/2020,8/7/2020
SEWA_N02_PHN1,47.6723,-122.3598,Summer20,6/28/2020 13:15,Homo sapiens,6/24/2020,8/7/2020
SEWA_N02_PHN1,47.6723,-122.3598,Summer20,6/28/2020 13:15,Canis familiaris,6/24/2020,8/7/2020
SEWA_N02_PHN1,47.6723,-122.3598,Summer20,6/28/2020 13:19,Homo sapiens,6/24/2020,8/7/2020
SEWA_N02_PHN1,47.6723,-122.3598,Summer20,6/28/2020 13:38,Homo sapiens,6/24/2020,8/7/2020
SEWA_N02_PHN1,47.6723,-122.3598,Summer20,6/28/2020 13:42,Homo sapiens,6/24/2020,8/7/2020
SEWA_N02_PHN1,47.6723,-122.3598,Summer20,6/28/2020 14:21,Homo sapiens,6/24/2020,8/7/2020
SEWA_N02_PHN1,47.6723,-122.3598,Summer20,6/28/2020 15:20,Homo sapiens,6/24/2020,8/7/2020
SEWA_N02_PHN1,47.6723,-122.3598,Summer20,6/28/2020 16:38,Homo sapiens,6/24/2020,8/7/2020
SEWA_N02_PHN1,47.6723,-122.3598,Summer20,6/28/2020 17:28,Homo sapiens,6/24/2020,8/7/2020
SEWA_N02_PHN1,47.6723,-122.3598,Summer20,6/28/2020 17:49,Homo sapiens,6/24/2020,8/7/2020
SEWA_N02_PHN1,47.6723,-122.3598,Summer20,6/28/2020 19:08,Corvus brachyrhynchos,6/24/2020,8/7/2020
SEWA_N02_PHN1,47.6723,-122.3598,Summer20,6/28/2020 19:16,Homo sapiens,6/24/2020,8/7/2020
SEWA_N02_PHN1,47.6723,-122.3598,Summer20,6/28/2020 19:22,Homo sapiens,6/24/2020,8/7/2020
SEWA_N02_PHN1,47.6723,-122.3598,Summer20,6/28/2020 20:56,Homo sapiens,6/24/2020,8/7/2020
SEWA_N02_PHN1,47.6723,-122.3598,Summer20,6/29/2020 7:09,Homo sapiens,6/24/2020,8/7/2020
SEWA_N02_PHN1,47.6723,-122.3598,Summer20,6/29/2020 8:46,Corvus brachyrhynchos,6/24/2020,8/7/2020
SEWA_N02_PHN1,47.6723,-122.3598,Summer20,6/29/2020 9:31,Homo sapiens,6/24/2020,8/7/2020
SEWA_N02_PHN1,47.6723,-122.3598,Summer20,6/29/2020 9:31,Canis familiaris,6/24/2020,8/7/2020
SEWA_N02_PHN1,47.6723,-122.3598,Summer20,6/29/2020 9:44,Canis familiaris,6/24/2020,8/7/2020
SEWA_N02_PHN1,47.6723,-122.3598,Summer20,6/29/2020 9:44,Homo sapiens,6/24/2020,8/7/2020
SEWA_N02_PHN1,47.6723,-122.3598,Summer20,6/29/2020 10:05,Homo sapiens,6/24/2020,8/7/2020
SEWA_N02_PHN1,47.6723,-122.3598,Summer20,6/29/2020 10:05,Canis familiaris,6/24/2020,8/7/2020
SEWA_N02_PHN1,47.6723,-122.3598,Summer20,6/29/2020 11:28,Homo sapiens,6/24/2020,8/7/2020
SEWA_N02_PHN1,47.6723,-122.3598,Summer20,6/29/2020 11:30,Homo sapiens,6/24/2020,8/7/2020
SEWA_N02_PHN1,47.6723,-122.3598,Summer20,6/29/2020 11:35,Homo sapiens,6/24/2020,8/7/2020
SEWA_N02_PHN1,47.6723,-122.3598,Summer20,6/29/2020 11:36,Homo sapiens,6/24/2020,8/7/2020
SEWA_N02_PHN1,47.6723,-122.3598,Summer20,6/29/2020 11:38,Homo sapiens,6/24/2020,8/7/2020
SEWA_N02_PHN1,47.6723,-122.3598,Summer20,6/29/2020 14:27,Homo sapiens,6/24/2020,8/7/2020
SEWA_N02_PHN1,47.6723,-122.3598,Summer20,6/29/2020 15:17,Homo sapiens,6/24/2020,8/7/2020
SEWA_N02_PHN1,47.6723,-122.3598,Summer20,6/29/2020 15:19,Homo sapiens,6/24/2020,8/7/2020
SEWA_N02_PHN1,47.6723,-122.3598,Summer20,6/29/2020 15:21,Homo sapiens,6/24/2020,8/7/2020
SEWA_N02_PHN1,47.6723,-122.3598,Summer20,6/29/2020 16:19,Homo sapiens,6/24/2020,8/7/2020
SEWA_N02_PHN1,47.6723,-122.3598,Summer20,6/29/2020 20:36,Canis familiaris,6/24/2020,8/7/2020
SEWA_N02_PHN1,47.6723,-122.3598,Summer20,6/29/2020 21:36,Homo sapiens,6/24/2020,8/7/2020
SEWA_N02_PHN1,47.6723,-122.3598,Summer20,6/30/2020 6:44,Homo sapiens,6/24/2020,8/7/2020
SEWA_N02_PHN1,47.6723,-122.3598,Summer20,6/30/2020 7:45,Canis familiaris,6/24/2020,8/7/2020
SEWA_N02_PHN1,47.6723,-122.3598,Summer20,6/30/2020 16:26,Homo sapiens,6/24/2020,8/7/2020
SEWA_N02_PHN1,47.6723,-122.3598,Summer20,6/30/2020 17:59,Homo sapiens,6/24/2020,8/7/2020
SEWA_N02_PHN1,47.6723,-122.3598,Summer20,6/30/2020 18:44,Homo sapiens,6/24/2020,8/7/2020
SEWA_N02_PHN1,47.6723,-122.3598,Summer20,6/30/2020 19:17,Canis familiaris,6/24/2020,8/7/2020
SEWA_N02_PHN1,47.6723,-122.3598,Summer20,6/30/2020 19:17,Homo sapiens,6/24/2020,8/7/2020
SEWA_N02_PHN1,47.6723,-122.3598,Summer20,6/30/2020 19:57,Homo sapiens,6/24/2020,8/7/2020
SEWA_N02_PHN1,47.6723,-122.3598,Summer20,6/30/2020 19:57,Canis familiaris,6/24/2020,8/7/2020
SEWA_N02_PHN1,47.6723,-122.3598,Summer20,7/1/2020 3:25,Procyon lotor,6/24/2020,8/7/2020
SEWA_N02_PHN1,47.6723,-122.3598,Summer20,7/1/2020 6:59,Sciurus carolinensis,6/24/2020,8/7/2020
SEWA_N02_PHN1,47.6723,-122.3598,Summer20,7/1/2020 7:15,Corvus brachyrhynchos,6/24/2020,8/7/2020
SEWA_N02_PHN1,47.6723,-122.3598,Summer20,7/1/2020 7:18,Corvus brachyrhynchos,6/24/2020,8/7/2020
SEWA_N02_PHN1,47.6723,-122.3598,Summer20,7/1/2020 8:37,Corvus brachyrhynchos,6/24/2020,8/7/2020
SEWA_N02_PHN1,47.6723,-122.3598,Summer20,7/1/2020 9:30,Homo sapiens,6/24/2020,8/7/2020
SEWA_N02_PHN1,47.6723,-122.3598,Summer20,7/1/2020 9:50,Homo sapiens,6/24/2020,8/7/2020
SEWA_N02_PHN1,47.6723,-122.3598,Summer20,7/1/2020 11:51,Homo sapiens,6/24/2020,8/7/2020
SEWA_N02_PHN1,47.6723,-122.3598,Summer20,7/1/2020 12:08,Corvus brachyrhynchos,6/24/2020,8/7/2020
SEWA_N02_PHN1,47.6723,-122.3598,Summer20,7/1/2020 12:36,Homo sapiens,6/24/2020,8/7/2020
SEWA_N02_PHN1,47.6723,-122.3598,Summer20,7/1/2020 13:26,Homo sapiens,6/24/2020,8/7/2020
SEWA_N02_PHN1,47.6723,-122.3598,Summer20,7/1/2020 13:32,Homo sapiens,6/24/2020,8/7/2020
SEWA_N02_PHN1,47.6723,-122.3598,Summer20,7/1/2020 15:00,Homo sapiens,6/24/2020,8/7/2020
SEWA_N02_PHN1,47.6723,-122.3598,Summer20,7/1/2020 15:03,Homo sapiens,6/24/2020,8/7/2020
SEWA_N02_PHN1,47.6723,-122.3598,Summer20,7/1/2020 15:39,Homo sapiens,6/24/2020,8/7/2020
SEWA_N02_PHN1,47.6723,-122.3598,Summer20,7/1/2020 17:10,Homo sapiens,6/24/2020,8/7/2020
SEWA_N02_PHN1,47.6723,-122.3598,Summer20,7/1/2020 17:10,Canis familiaris,6/24/2020,8/7/2020
SEWA_N02_PHN1,47.6723,-122.3598,Summer20,7/2/2020 1:05,Canis latrans,6/24/2020,8/7/2020
SEWA_N02_PHN1,47.6723,-122.3598,Summer20,7/2/2020 9:05,Corvus brachyrhynchos,6/24/2020,8/7/2020
SEWA_N02_PHN1,47.6723,-122.3598,Summer20,7/2/2020 9:11,Corvus brachyrhynchos,6/24/2020,8/7/2020
SEWA_N02_PHN1,47.6723,-122.3598,Summer20,7/2/2020 9:21,Corvus brachyrhynchos,6/24/2020,8/7/2020
SEWA_N02_PHN1,47.6723,-122.3598,Summer20,7/2/2020 10:05,Homo sapiens,6/24/2020,8/7/2020
SEWA_N02_PHN1,47.6723,-122.3598,Summer20,7/2/2020 12:51,Corvus brachyrhynchos,6/24/2020,8/7/2020
SEWA_N02_PHN1,47.6723,-122.3598,Summer20,7/2/2020 12:58,Corvus brachyrhynchos,6/24/2020,8/7/2020
SEWA_N02_PHN1,47.6723,-122.3598,Summer20,7/2/2020 13:25,Homo sapiens,6/24/2020,8/7/2020
SEWA_N02_PHN1,47.6723,-122.3598,Summer20,7/2/2020 14:08,Homo sapiens,6/24/2020,8/7/2020
SEWA_N02_PHN1,47.6723,-122.3598,Summer20,7/2/2020 16:32,Homo sapiens,6/24/2020,8/7/2020
SEWA_N02_PHN1,47.6723,-122.3598,Summer20,7/2/2020 16:59,Homo sapiens,6/24/2020,8/7/2020
SEWA_N02_PHN1,47.6723,-122.3598,Summer20,7/2/2020 16:59,Canis familiaris,6/24/2020,8/7/2020
SEWA_N02_PHN1,47.6723,-122.3598,Summer20,7/2/2020 17:03,Homo sapiens,6/24/2020,8/7/2020
SEWA_N02_PHN1,47.6723,-122.3598,Summer20,7/2/2020 17:26,Homo sapiens,6/24/2020,8/7/2020
SEWA_N02_PHN1,47.6723,-122.3598,Summer20,7/2/2020 17:53,Homo sapiens,6/24/2020,8/7/2020
SEWA_N02_PHN1,47.6723,-122.3598,Summer20,7/2/2020 19:09,Homo sapiens,6/24/2020,8/7/2020
SEWA_N02_PHN1,47.6723,-122.3598,Summer20,7/2/2020 19:21,Homo sapiens,6/24/2020,8/7/2020
SEWA_N02_PHN1,47.6723,-122.3598,Summer20,7/2/2020 19:33,Canis familiaris,6/24/2020,8/7/2020
SEWA_N02_PHN1,47.6723,-122.3598,Summer20,7/2/2020 19:33,Homo sapiens,6/24/2020,8/7/2020
SEWA_N02_PHN1,47.6723,-122.3598,Summer20,7/2/2020 20:13,Homo sapiens,6/24/2020,8/7/2020
SEWA_N02_PHN1,47.6723,-122.3598,Summer20,7/2/2020 20:55,Homo sapiens,6/24/2020,8/7/2020
SEWA_N02_PHN1,47.6723,-122.3598,Summer20,7/3/2020 5:48,Sciurus carolinensis,6/24/2020,8/7/2020
SEWA_N02_PHN1,47.6723,-122.3598,Summer20,7/3/2020 6:39,Homo sapiens,6/24/2020,8/7/2020
SEWA_N02_PHN1,47.6723,-122.3598,Summer20,7/3/2020 6:41,Homo sapiens,6/24/2020,8/7/2020
SEWA_N02_PHN1,47.6723,-122.3598,Summer20,7/3/2020 6:52,Homo sapiens,6/24/2020,8/7/2020
SEWA_N02_PHN1,47.6723,-122.3598,Summer20,7/3/2020 6:56,Canis familiaris,6/24/2020,8/7/2020
SEWA_N02_PHN1,47.6723,-122.3598,Summer20,7/3/2020 6:56,Homo sapiens,6/24/2020,8/7/2020
SEWA_N02_PHN1,47.6723,-122.3598,Summer20,7/3/2020 7:19,Sciurus carolinensis,6/24/2020,8/7/2020
SEWA_N02_PHN1,47.6723,-122.3598,Summer20,7/3/2020 8:56,Homo sapiens,6/24/2020,8/7/2020
SEWA_N02_PHN1,47.6723,-122.3598,Summer20,7/3/2020 9:44,Homo sapiens,6/24/2020,8/7/2020
SEWA_N02_PHN1,47.6723,-122.3598,Summer20,7/3/2020 9:44,Canis familiaris,6/24/2020,8/7/2020
SEWA_N02_PHN1,47.6723,-122.3598,Summer20,7/3/2020 10:00,Corvus brachyrhynchos,6/24/2020,8/7/2020
SEWA_N02_PHN1,47.6723,-122.3598,Summer20,7/3/2020 10:02,Corvus brachyrhynchos,6/24/2020,8/7/2020
SEWA_N02_PHN1,47.6723,-122.3598,Summer20,7/3/2020 10:33,Homo sapiens,6/24/2020,8/7/2020
SEWA_N02_PHN1,47.6723,-122.3598,Summer20,7/3/2020 11:01,Canis familiaris,6/24/2020,8/7/2020
SEWA_N02_PHN1,47.6723,-122.3598,Summer20,7/3/2020 11:01,Homo sapiens,6/24/2020,8/7/2020
SEWA_N02_PHN1,47.6723,-122.3598,Summer20,7/3/2020 11:25,Homo sapiens,6/24/2020,8/7/2020
SEWA_N02_PHN1,47.6723,-122.3598,Summer20,7/3/2020 12:23,Homo sapiens,6/24/2020,8/7/2020
SEWA_N02_PHN1,47.6723,-122.3598,Summer20,7/3/2020 12:28,Corvus brachyrhynchos,6/24/2020,8/7/2020
SEWA_N02_PHN1,47.6723,-122.3598,Summer20,7/3/2020 12:41,Homo sapiens,6/24/2020,8/7/2020
SEWA_N02_PHN1,47.6723,-122.3598,Summer20,7/3/2020 13:01,Homo sapiens,6/24/2020,8/7/2020
SEWA_N02_PHN1,47.6723,-122.3598,Summer20,7/3/2020 15:37,Homo sapiens,6/24/2020,8/7/2020
SEWA_N02_PHN1,47.6723,-122.3598,Summer20,7/3/2020 16:29,Canis familiaris,6/24/2020,8/7/2020
SEWA_N02_PHN1,47.6723,-122.3598,Summer20,7/3/2020 16:29,Homo sapiens,6/24/2020,8/7/2020
SEWA_N02_PHN1,47.6723,-122.3598,Summer20,7/3/2020 16:31,Canis familiaris,6/24/2020,8/7/2020
SEWA_N02_PHN1,47.6723,-122.3598,Summer20,7/3/2020 16:31,Homo sapiens,6/24/2020,8/7/2020
SEWA_N02_PHN1,47.6723,-122.3598,Summer20,7/3/2020 17:40,Homo sapiens,6/24/2020,8/7/2020
SEWA_N02_PHN1,47.6723,-122.3598,Summer20,7/3/2020 18:25,Homo sapiens,6/24/2020,8/7/2020
SEWA_N02_PHN1,47.6723,-122.3598,Summer20,7/3/2020 18:52,Homo sapiens,6/24/2020,8/7/2020
SEWA_N02_PHN1,47.6723,-122.3598,Summer20,7/3/2020 19:21,Corvus brachyrhynchos,6/24/2020,8/7/2020
SEWA_N02_PHN1,47.6723,-122.3598,Summer20,7/3/2020 19:23,Corvus brachyrhynchos,6/24/2020,8/7/2020
SEWA_N02_PHN1,47.6723,-122.3598,Summer20,7/3/2020 20:35,Homo sapiens,6/24/2020,8/7/2020
SEWA_N02_PHN1,47.6723,-122.3598,Summer20,7/3/2020 21:08,Homo sapiens,6/24/2020,8/7/2020
SEWA_N02_PHN1,47.6723,-122.3598,Summer20,7/3/2020 23:51,Canis latrans,6/24/2020,8/7/2020
SEWA_N02_PHN1,47.6723,-122.3598,Summer20,7/4/2020 7:50,Corvus brachyrhynchos,6/24/2020,8/7/2020
SEWA_N02_PHN1,47.6723,-122.3598,Summer20,7/4/2020 9:14,Homo sapiens,6/24/2020,8/7/2020
SEWA_N02_PHN1,47.6723,-122.3598,Summer20,7/4/2020 10:19,Homo sapiens,6/24/2020,8/7/2020
SEWA_N02_PHN1,47.6723,-122.3598,Summer20,7/4/2020 11:43,Homo sapiens,6/24/2020,8/7/2020
SEWA_N02_PHN1,47.6723,-122.3598,Summer20,7/4/2020 13:11,Homo sapiens,6/24/2020,8/7/2020
SEWA_N02_PHN1,47.6723,-122.3598,Summer20,7/4/2020 14:03,Homo sapiens,6/24/2020,8/7/2020
SEWA_N02_PHN1,47.6723,-122.3598,Summer20,7/4/2020 14:07,Homo sapiens,6/24/2020,8/7/2020
SEWA_N02_PHN1,47.6723,-122.3598,Summer20,7/4/2020 15:42,Homo sapiens,6/24/2020,8/7/2020
SEWA_N02_PHN1,47.6723,-122.3598,Summer20,7/4/2020 18:23,Homo sapiens,6/24/2020,8/7/2020
SEWA_N02_PHN1,47.6723,-122.3598,Summer20,7/4/2020 21:49,Homo sapiens,6/24/2020,8/7/2020
SEWA_N02_PHN1,47.6723,-122.3598,Summer20,7/4/2020 22:06,Homo sapiens,6/24/2020,8/7/2020
SEWA_N02_PHN1,47.6723,-122.3598,Summer20,7/4/2020 22:08,Homo sapiens,6/24/2020,8/7/2020
SEWA_N02_PHN1,47.6723,-122.3598,Summer20,7/4/2020 22:12,Homo sapiens,6/24/2020,8/7/2020
SEWA_N02_PHN1,47.6723,-122.3598,Summer20,7/5/2020 8:52,Corvus brachyrhynchos,6/24/2020,8/7/2020
SEWA_N02_PHN1,47.6723,-122.3598,Summer20,7/5/2020 8:55,Corvus brachyrhynchos,6/24/2020,8/7/2020
SEWA_N02_PHN1,47.6723,-122.3598,Summer20,7/5/2020 9:42,Corvus brachyrhynchos,6/24/2020,8/7/2020
SEWA_N02_PHN1,47.6723,-122.3598,Summer20,7/5/2020 11:51,Sciurus carolinensis,6/24/2020,8/7/2020
SEWA_N02_PHN1,47.6723,-122.3598,Summer20,7/5/2020 13:37,Homo sapiens,6/24/2020,8/7/2020
SEWA_N02_PHN1,47.6723,-122.3598,Summer20,7/5/2020 13:37,Canis familiaris,6/24/2020,8/7/2020
SEWA_N02_PHN1,47.6723,-122.3598,Summer20,7/5/2020 13:41,Homo sapiens,6/24/2020,8/7/2020
SEWA_N02_PHN1,47.6723,-122.3598,Summer20,7/5/2020 16:49,Homo sapiens,6/24/2020,8/7/2020
SEWA_N02_PHN1,47.6723,-122.3598,Summer20,7/5/2020 17:21,Canis familiaris,6/24/2020,8/7/2020
SEWA_N02_PHN1,47.6723,-122.3598,Summer20,7/5/2020 21:01,Homo sapiens,6/24/2020,8/7/2020
SEWA_N02_PHN1,47.6723,-122.3598,Summer20,7/6/2020 6:01,Sciurus carolinensis,6/24/2020,8/7/2020
SEWA_N02_PHN1,47.6723,-122.3598,Summer20,7/6/2020 6:28,Homo sapiens,6/24/2020,8/7/2020
SEWA_N02_PHN1,47.6723,-122.3598,Summer20,7/6/2020 7:50,Canis familiaris,6/24/2020,8/7/2020
SEWA_N02_PHN1,47.6723,-122.3598,Summer20,7/6/2020 7:50,Homo sapiens,6/24/2020,8/7/2020
SEWA_N02_PHN1,47.6723,-122.3598,Summer20,7/6/2020 8:10,Sciurus carolinensis,6/24/2020,8/7/2020
SEWA_N02_PHN1,47.6723,-122.3598,Summer20,7/6/2020 9:31,Corvus brachyrhynchos,6/24/2020,8/7/2020
SEWA_N02_PHN1,47.6723,-122.3598,Summer20,7/6/2020 9:52,Homo sapiens,6/24/2020,8/7/2020
SEWA_N02_PHN1,47.6723,-122.3598,Summer20,7/6/2020 9:54,Homo sapiens,6/24/2020,8/7/2020
SEWA_N02_PHN1,47.6723,-122.3598,Summer20,7/6/2020 10:01,Homo sapiens,6/24/2020,8/7/2020
SEWA_N02_PHN1,47.6723,-122.3598,Summer20,7/6/2020 10:02,Homo sapiens,6/24/2020,8/7/2020
SEWA_N02_PHN1,47.6723,-122.3598,Summer20,7/6/2020 10:03,Homo sapiens,6/24/2020,8/7/2020
SEWA_N02_PHN1,47.6723,-122.3598,Summer20,7/6/2020 10:05,Homo sapiens,6/24/2020,8/7/2020
SEWA_N02_PHN1,47.6723,-122.3598,Summer20,7/6/2020 10:31,Sciurus carolinensis,6/24/2020,8/7/2020
SEWA_N02_PHN1,47.6723,-122.3598,Summer20,7/6/2020 12:43,Homo sapiens,6/24/2020,8/7/2020
SEWA_N02_PHN1,47.6723,-122.3598,Summer20,7/6/2020 14:50,Homo sapiens,6/24/2020,8/7/2020
SEWA_N02_PHN1,47.6723,-122.3598,Summer20,7/6/2020 14:56,Homo sapiens,6/24/2020,8/7/2020
SEWA_N02_PHN1,47.6723,-122.3598,Summer20,7/6/2020 15:27,Homo sapiens,6/24/2020,8/7/2020
SEWA_N02_PHN1,47.6723,-122.3598,Summer20,7/6/2020 17:40,Homo sapiens,6/24/2020,8/7/2020
SEWA_N02_PHN1,47.6723,-122.3598,Summer20,7/6/2020 18:45,Homo sapiens,6/24/2020,8/7/2020
SEWA_N02_PHN1,47.6723,-122.3598,Summer20,7/6/2020 19:08,Homo sapiens,6/24/2020,8/7/2020
SEWA_N02_PHN1,47.6723,-122.3598,Summer20,7/6/2020 19:54,Homo sapiens,6/24/2020,8/7/2020
SEWA_N02_PHN1,47.6723,-122.3598,Summer20,7/6/2020 19:57,Homo sapiens,6/24/2020,8/7/2020
SEWA_N02_PHN1,47.6723,-122.3598,Summer20,7/6/2020 20:12,Homo sapiens,6/24/2020,8/7/2020
SEWA_N02_PHN1,47.6723,-122.3598,Summer20,7/6/2020 20:39,Homo sapiens,6/24/2020,8/7/2020
SEWA_N02_PHN1,47.6723,-122.3598,Summer20,7/6/2020 20:46,Homo sapiens,6/24/2020,8/7/2020
SEWA_N02_PHN1,47.6723,-122.3598,Summer20,7/6/2020 20:59,Homo sapiens,6/24/2020,8/7/2020
SEWA_N02_PHN1,47.6723,-122.3598,Summer20,7/6/2020 21:01,Homo sapiens,6/24/2020,8/7/2020
SEWA_N02_PHN1,47.6723,-122.3598,Summer20,7/6/2020 21:04,Homo sapiens,6/24/2020,8/7/2020
SEWA_N02_PHN1,47.6723,-122.3598,Summer20,7/6/2020 21:12,Homo sapiens,6/24/2020,8/7/2020
SEWA_N02_PHN1,47.6723,-122.3598,Summer20,7/7/2020 6:36,Homo sapiens,6/24/2020,8/7/2020
SEWA_N02_PHN1,47.6723,-122.3598,Summer20,7/7/2020 7:55,Homo sapiens,6/24/2020,8/7/2020
SEWA_N02_PHN1,47.6723,-122.3598,Summer20,7/7/2020 7:55,Canis familiaris,6/24/2020,8/7/2020
SEWA_N02_PHN1,47.6723,-122.3598,Summer20,7/7/2020 8:37,Corvus brachyrhynchos,6/24/2020,8/7/2020
SEWA_N02_PHN1,47.6723,-122.3598,Summer20,7/7/2020 10:23,Homo sapiens,6/24/2020,8/7/2020
SEWA_N02_PHN1,47.6723,-122.3598,Summer20,7/7/2020 10:23,Canis familiaris,6/24/2020,8/7/2020
SEWA_N02_PHN1,47.6723,-122.3598,Summer20,7/7/2020 10:54,Homo sapiens,6/24/2020,8/7/2020
SEWA_N02_PHN1,47.6723,-122.3598,Summer20,7/7/2020 11:06,Homo sapiens,6/24/2020,8/7/2020
SEWA_N02_PHN1,47.6723,-122.3598,Summer20,7/7/2020 12:55,Homo sapiens,6/24/2020,8/7/2020
SEWA_N02_PHN1,47.6723,-122.3598,Summer20,7/7/2020 13:25,Homo sapiens,6/24/2020,8/7/2020
SEWA_N02_PHN1,47.6723,-122.3598,Summer20,7/7/2020 13:42,Homo sapiens,6/24/2020,8/7/2020
SEWA_N02_PHN1,47.6723,-122.3598,Summer20,7/7/2020 14:03,Homo sapiens,6/24/2020,8/7/2020
SEWA_N02_PHN1,47.6723,-122.3598,Summer20,7/7/2020 14:05,Homo sapiens,6/24/2020,8/7/2020
SEWA_N02_PHN1,47.6723,-122.3598,Summer20,7/7/2020 15:11,Corvus brachyrhynchos,6/24/2020,8/7/2020
SEWA_N02_PHN1,47.6723,-122.3598,Summer20,7/7/2020 16:14,Homo sapiens,6/24/2020,8/7/2020
SEWA_N02_PHN1,47.6723,-122.3598,Summer20,7/7/2020 16:14,Canis familiaris,6/24/2020,8/7/2020
SEWA_N02_PHN1,47.6723,-122.3598,Summer20,7/7/2020 17:57,Homo sapiens,6/24/2020,8/7/2020
SEWA_N02_PHN1,47.6723,-122.3598,Summer20,7/7/2020 17:57,Canis familiaris,6/24/2020,8/7/2020
SEWA_N02_PHN1,47.6723,-122.3598,Summer20,7/7/2020 18:10,Homo sapiens,6/24/2020,8/7/2020
SEWA_N02_PHN1,47.6723,-122.3598,Summer20,7/7/2020 18:16,Homo sapiens,6/24/2020,8/7/2020
SEWA_N02_PHN1,47.6723,-122.3598,Summer20,7/7/2020 18:16,Canis familiaris,6/24/2020,8/7/2020
SEWA_N02_PHN1,47.6723,-122.3598,Summer20,7/7/2020 18:25,Homo sapiens,6/24/2020,8/7/2020
SEWA_N02_PHN1,47.6723,-122.3598,Summer20,7/7/2020 18:28,Homo sapiens,6/24/2020,8/7/2020
SEWA_N02_PHN1,47.6723,-122.3598,Summer20,7/7/2020 18:40,Homo sapiens,6/24/2020,8/7/2020
SEWA_N02_PHN1,47.6723,-122.3598,Summer20,7/7/2020 18:40,Canis familiaris,6/24/2020,8/7/2020
SEWA_N02_PHN1,47.6723,-122.3598,Summer20,7/7/2020 19:32,Homo sapiens,6/24/2020,8/7/2020
SEWA_N02_PHN1,47.6723,-122.3598,Summer20,7/7/2020 19:34,Homo sapiens,6/24/2020,8/7/2020
SEWA_N02_PHN1,47.6723,-122.3598,Summer20,7/7/2020 20:37,Homo sapiens,6/24/2020,8/7/2020
SEWA_N02_PHN1,47.6723,-122.3598,Summer20,7/7/2020 23:31,Canis latrans,6/24/2020,8/7/2020
SEWA_N02_PHN1,47.6723,-122.3598,Summer20,7/8/2020 6:09,Sciurus carolinensis,6/24/2020,8/7/2020
SEWA_N02_PHN1,47.6723,-122.3598,Summer20,7/8/2020 6:27,Homo sapiens,6/24/2020,8/7/2020
SEWA_N02_PHN1,47.6723,-122.3598,Summer20,7/8/2020 7:26,Homo sapiens,6/24/2020,8/7/2020
SEWA_N02_PHN1,47.6723,-122.3598,Summer20,7/8/2020 8:06,Canis familiaris,6/24/2020,8/7/2020
SEWA_N02_PHN1,47.6723,-122.3598,Summer20,7/8/2020 9:37,Corvus brachyrhynchos,6/24/2020,8/7/2020
SEWA_N02_PHN1,47.6723,-122.3598,Summer20,7/8/2020 9:40,Sciurus carolinensis,6/24/2020,8/7/2020
SEWA_N02_PHN1,47.6723,-122.3598,Summer20,7/8/2020 9:40,Homo sapiens,6/24/2020,8/7/2020
SEWA_N02_PHN1,47.6723,-122.3598,Summer20,7/8/2020 10:43,Corvus brachyrhynchos,6/24/2020,8/7/2020
SEWA_N02_PHN1,47.6723,-122.3598,Summer20,7/8/2020 10:44,Sciurus carolinensis,6/24/2020,8/7/2020
SEWA_N02_PHN1,47.6723,-122.3598,Summer20,7/8/2020 11:07,Corvus brachyrhynchos,6/24/2020,8/7/2020
SEWA_N02_PHN1,47.6723,-122.3598,Summer20,7/8/2020 13:58,Corvus brachyrhynchos,6/24/2020,8/7/2020
SEWA_N02_PHN1,47.6723,-122.3598,Summer20,7/8/2020 14:31,Homo sapiens,6/24/2020,8/7/2020
SEWA_N02_PHN1,47.6723,-122.3598,Summer20,7/8/2020 15:36,Homo sapiens,6/24/2020,8/7/2020
SEWA_N02_PHN1,47.6723,-122.3598,Summer20,7/8/2020 16:14,Homo sapiens,6/24/2020,8/7/2020
SEWA_N02_PHN1,47.6723,-122.3598,Summer20,7/8/2020 17:14,Canis familiaris,6/24/2020,8/7/2020
SEWA_N02_PHN1,47.6723,-122.3598,Summer20,7/8/2020 17:20,Canis familiaris,6/24/2020,8/7/2020
SEWA_N02_PHN1,47.6723,-122.3598,Summer20,7/8/2020 17:22,Canis familiaris,6/24/2020,8/7/2020
SEWA_N02_PHN1,47.6723,-122.3598,Summer20,7/8/2020 18:25,Homo sapiens,6/24/2020,8/7/2020
SEWA_N02_PHN1,47.6723,-122.3598,Summer20,7/8/2020 18:49,Homo sapiens,6/24/2020,8/7/2020
SEWA_N02_PHN1,47.6723,-122.3598,Summer20,7/8/2020 20:53,Homo sapiens,6/24/2020,8/7/2020
SEWA_N02_PHN1,47.6723,-122.3598,Summer20,7/9/2020 0:09,Procyon lotor,6/24/2020,8/7/2020
SEWA_N02_PHN1,47.6723,-122.3598,Summer20,7/9/2020 0:53,Homo sapiens,6/24/2020,8/7/2020
SEWA_N02_PHN1,47.6723,-122.3598,Summer20,7/9/2020 4:52,Sylvilagus floridanus,6/24/2020,8/7/2020
SEWA_N02_PHN1,47.6723,-122.3598,Summer20,7/9/2020 6:40,Sciurus carolinensis,6/24/2020,8/7/2020
SEWA_N02_PHN1,47.6723,-122.3598,Summer20,7/9/2020 8:27,Corvus brachyrhynchos,6/24/2020,8/7/2020
SEWA_N02_PHN1,47.6723,-122.3598,Summer20,7/9/2020 8:58,Homo sapiens,6/24/2020,8/7/2020
SEWA_N02_PHN1,47.6723,-122.3598,Summer20,7/9/2020 9:40,Corvus brachyrhynchos,6/24/2020,8/7/2020
SEWA_N02_PHN1,47.6723,-122.3598,Summer20,7/9/2020 10:21,Homo sapiens,6/24/2020,8/7/2020
SEWA_N02_PHN1,47.6723,-122.3598,Summer20,7/9/2020 10:52,Homo sapiens,6/24/2020,8/7/2020
SEWA_N02_PHN1,47.6723,-122.3598,Summer20,7/9/2020 11:29,Sciurus carolinensis,6/24/2020,8/7/2020
SEWA_N02_PHN1,47.6723,-122.3598,Summer20,7/9/2020 11:58,Homo sapiens,6/24/2020,8/7/2020
SEWA_N02_PHN1,47.6723,-122.3598,Summer20,7/9/2020 12:17,Homo sapiens,6/24/2020,8/7/2020
SEWA_N02_PHN1,47.6723,-122.3598,Summer20,7/9/2020 12:21,Homo sapiens,6/24/2020,8/7/2020
SEWA_N02_PHN1,47.6723,-122.3598,Summer20,7/9/2020 12:23,Homo sapiens,6/24/2020,8/7/2020
SEWA_N02_PHN1,47.6723,-122.3598,Summer20,7/9/2020 14:19,Homo sapiens,6/24/2020,8/7/2020
SEWA_N02_PHN1,47.6723,-122.3598,Summer20,7/9/2020 14:27,Homo sapiens,6/24/2020,8/7/2020
SEWA_N02_PHN1,47.6723,-122.3598,Summer20,7/9/2020 14:32,Homo sapiens,6/24/2020,8/7/2020
SEWA_N02_PHN1,47.6723,-122.3598,Summer20,7/9/2020 14:41,Homo sapiens,6/24/2020,8/7/2020
SEWA_N02_PHN1,47.6723,-122.3598,Summer20,7/9/2020 14:43,Homo sapiens,6/24/2020,8/7/2020
SEWA_N02_PHN1,47.6723,-122.3598,Summer20,7/9/2020 14:51,Homo sapiens,6/24/2020,8/7/2020
SEWA_N02_PHN1,47.6723,-122.3598,Summer20,7/9/2020 15:06,Homo sapiens,6/24/2020,8/7/2020
SEWA_N02_PHN1,47.6723,-122.3598,Summer20,7/9/2020 16:12,Homo sapiens,6/24/2020,8/7/2020
SEWA_N02_PHN1,47.6723,-122.3598,Summer20,7/9/2020 19:22,Homo sapiens,6/24/2020,8/7/2020
SEWA_N02_PHN1,47.6723,-122.3598,Summer20,7/9/2020 19:42,Homo sapiens,6/24/2020,8/7/2020
SEWA_N02_PHN1,47.6723,-122.3598,Summer20,7/9/2020 20:36,Canis familiaris,6/24/2020,8/7/2020
SEWA_N02_PHN1,47.6723,-122.3598,Summer20,7/9/2020 20:36,Homo sapiens,6/24/2020,8/7/2020
SEWA_N02_PHN1,47.6723,-122.3598,Summer20,7/9/2020 20:54,Homo sapiens,6/24/2020,8/7/2020
SEWA_N02_PHN1,47.6723,-122.3598,Summer20,7/9/2020 21:29,Homo sapiens,6/24/2020,8/7/2020
SEWA_N02_PHN1,47.6723,-122.3598,Summer20,7/10/2020 4:37,Canis latrans,6/24/2020,8/7/2020
SEWA_N02_PHN1,47.6723,-122.3598,Summer20,7/10/2020 7:32,Homo sapiens,6/24/2020,8/7/2020
SEWA_N02_PHN1,47.6723,-122.3598,Summer20,7/10/2020 8:11,Homo sapiens,6/24/2020,8/7/2020
SEWA_N02_PHN1,47.6723,-122.3598,Summer20,7/10/2020 8:11,Canis familiaris,6/24/2020,8/7/2020
SEWA_N02_PHN1,47.6723,-122.3598,Summer20,7/10/2020 8:48,Corvus brachyrhynchos,6/24/2020,8/7/2020
SEWA_N02_PHN1,47.6723,-122.3598,Summer20,7/10/2020 14:07,Homo sapiens,6/24/2020,8/7/2020
SEWA_N02_PHN1,47.6723,-122.3598,Summer20,7/10/2020 14:11,Corvus brachyrhynchos,6/24/2020,8/7/2020
SEWA_N02_PHN1,47.6723,-122.3598,Summer20,7/10/2020 16:27,Canis familiaris,6/24/2020,8/7/2020
SEWA_N02_PHN1,47.6723,-122.3598,Summer20,7/10/2020 16:27,Homo sapiens,6/24/2020,8/7/2020
SEWA_N02_PHN1,47.6723,-122.3598,Summer20,7/10/2020 17:10,Homo sapiens,6/24/2020,8/7/2020
SEWA_N02_PHN1,47.6723,-122.3598,Summer20,7/10/2020 17:57,Homo sapiens,6/24/2020,8/7/2020
SEWA_N02_PHN1,47.6723,-122.3598,Summer20,7/10/2020 18:03,Homo sapiens,6/24/2020,8/7/2020
SEWA_N02_PHN1,47.6723,-122.3598,Summer20,7/10/2020 18:05,Homo sapiens,6/24/2020,8/7/2020
SEWA_N02_PHN1,47.6723,-122.3598,Summer20,7/10/2020 19:19,Homo sapiens,6/24/2020,8/7/2020
SEWA_N02_PHN1,47.6723,-122.3598,Summer20,7/10/2020 19:19,Canis familiaris,6/24/2020,8/7/2020
SEWA_N02_PHN1,47.6723,-122.3598,Summer20,7/10/2020 19:24,Corvus brachyrhynchos,6/24/2020,8/7/2020
SEWA_N02_PHN1,47.6723,-122.3598,Summer20,7/10/2020 19:46,Homo sapiens,6/24/2020,8/7/2020
SEWA_N02_PHN1,47.6723,-122.3598,Summer20,7/10/2020 20:01,Homo sapiens,6/24/2020,8/7/2020
SEWA_N02_PHN1,47.6723,-122.3598,Summer20,7/10/2020 20:11,Homo sapiens,6/24/2020,8/7/2020
SEWA_N02_PHN1,47.6723,-122.3598,Summer20,7/10/2020 20:13,Homo sapiens,6/24/2020,8/7/2020
SEWA_N02_PHN1,47.6723,-122.3598,Summer20,7/10/2020 20:16,Homo sapiens,6/24/2020,8/7/2020
SEWA_N02_PHN1,47.6723,-122.3598,Summer20,7/10/2020 20:17,Homo sapiens,6/24/2020,8/7/2020
SEWA_N02_PHN1,47.6723,-122.3598,Summer20,7/10/2020 20:21,Homo sapiens,6/24/2020,8/7/2020
SEWA_N02_PHN1,47.6723,-122.3598,Summer20,7/10/2020 20:24,Homo sapiens,6/24/2020,8/7/2020
SEWA_N02_PHN1,47.6723,-122.3598,Summer20,7/10/2020 20:34,Homo sapiens,6/24/2020,8/7/2020
SEWA_N02_PHN1,47.6723,-122.3598,Summer20,7/10/2020 20:42,Homo sapiens,6/24/2020,8/7/2020
SEWA_N02_PHN1,47.6723,-122.3598,Summer20,7/10/2020 20:51,Homo sapiens,6/24/2020,8/7/2020
SEWA_N02_PHN1,47.6723,-122.3598,Summer20,7/10/2020 21:08,Homo sapiens,6/24/2020,8/7/2020
SEWA_N02_PHN1,47.6723,-122.3598,Summer20,7/10/2020 21:10,Homo sapiens,6/24/2020,8/7/2020
SEWA_N02_PHN1,47.6723,-122.3598,Summer20,7/10/2020 21:12,Homo sapiens,6/24/2020,8/7/2020
SEWA_N02_PHN1,47.6723,-122.3598,Summer20,7/10/2020 21:18,Homo sapiens,6/24/2020,8/7/2020
SEWA_N02_PHN1,47.6723,-122.3598,Summer20,7/10/2020 21:25,Homo sapiens,6/24/2020,8/7/2020
SEWA_N02_PHN1,47.6723,-122.3598,Summer20,7/11/2020 5:50,Homo sapiens,6/24/2020,8/7/2020
SEWA_N02_PHN1,47.6723,-122.3598,Summer20,7/11/2020 6:33,Corvus brachyrhynchos,6/24/2020,8/7/2020
SEWA_N02_PHN1,47.6723,-122.3598,Summer20,7/11/2020 7:58,Corvus brachyrhynchos,6/24/2020,8/7/2020
SEWA_N02_PHN1,47.6723,-122.3598,Summer20,7/11/2020 7:58,Homo sapiens,6/24/2020,8/7/2020
SEWA_N02_PHN1,47.6723,-122.3598,Summer20,7/11/2020 8:00,Corvus brachyrhynchos,6/24/2020,8/7/2020
SEWA_N02_PHN1,47.6723,-122.3598,Summer20,7/11/2020 8:07,Corvus brachyrhynchos,6/24/2020,8/7/2020
SEWA_N02_PHN1,47.6723,-122.3598,Summer20,7/11/2020 8:15,Corvus brachyrhynchos,6/24/2020,8/7/2020
SEWA_N02_PHN1,47.6723,-122.3598,Summer20,7/11/2020 10:28,Homo sapiens,6/24/2020,8/7/2020
SEWA_N02_PHN1,47.6723,-122.3598,Summer20,7/11/2020 10:28,Canis familiaris,6/24/2020,8/7/2020
SEWA_N02_PHN1,47.6723,-122.3598,Summer20,7/11/2020 12:43,Homo sapiens,6/24/2020,8/7/2020
SEWA_N02_PHN1,47.6723,-122.3598,Summer20,7/11/2020 12:43,Canis familiaris,6/24/2020,8/7/2020
SEWA_N02_PHN1,47.6723,-122.3598,Summer20,7/11/2020 12:49,Canis familiaris,6/24/2020,8/7/2020
SEWA_N02_PHN1,47.6723,-122.3598,Summer20,7/11/2020 12:49,Homo sapiens,6/24/2020,8/7/2020
SEWA_N02_PHN1,47.6723,-122.3598,Summer20,7/11/2020 13:00,Homo sapiens,6/24/2020,8/7/2020
SEWA_N02_PHN1,47.6723,-122.3598,Summer20,7/11/2020 13:09,Homo sapiens,6/24/2020,8/7/2020
SEWA_N02_PHN1,47.6723,-122.3598,Summer20,7/11/2020 13:22,Homo sapiens,6/24/2020,8/7/2020
SEWA_N02_PHN1,47.6723,-122.3598,Summer20,7/11/2020 16:15,Homo sapiens,6/24/2020,8/7/2020
SEWA_N02_PHN1,47.6723,-122.3598,Summer20,7/11/2020 16:18,Homo sapiens,6/24/2020,8/7/2020
SEWA_N02_PHN1,47.6723,-122.3598,Summer20,7/11/2020 16:43,Corvus brachyrhynchos,6/24/2020,8/7/2020
SEWA_N02_PHN1,47.6723,-122.3598,Summer20,7/11/2020 16:54,Corvus brachyrhynchos,6/24/2020,8/7/2020
SEWA_N02_PHN1,47.6723,-122.3598,Summer20,7/11/2020 17:04,Corvus brachyrhynchos,6/24/2020,8/7/2020
SEWA_N02_PHN1,47.6723,-122.3598,Summer20,7/11/2020 17:22,Homo sapiens,6/24/2020,8/7/2020
SEWA_N02_PHN1,47.6723,-122.3598,Summer20,7/11/2020 17:31,Canis familiaris,6/24/2020,8/7/2020
SEWA_N02_PHN1,47.6723,-122.3598,Summer20,7/11/2020 17:34,Canis familiaris,6/24/2020,8/7/2020
SEWA_N02_PHN1,47.6723,-122.3598,Summer20,7/11/2020 17:36,Canis familiaris,6/24/2020,8/7/2020
SEWA_N02_PHN1,47.6723,-122.3598,Summer20,7/11/2020 18:46,Homo sapiens,6/24/2020,8/7/2020
SEWA_N02_PHN1,47.6723,-122.3598,Summer20,7/12/2020 1:54,Canis latrans,6/24/2020,8/7/2020
SEWA_N02_PHN1,47.6723,-122.3598,Summer20,7/12/2020 1:56,Canis latrans,6/24/2020,8/7/2020
SEWA_N02_PHN1,47.6723,-122.3598,Summer20,7/12/2020 11:53,Homo sapiens,6/24/2020,8/7/2020
SEWA_N02_PHN1,47.6723,-122.3598,Summer20,7/12/2020 11:53,Canis familiaris,6/24/2020,8/7/2020
SEWA_N02_PHN1,47.6723,-122.3598,Summer20,7/12/2020 12:05,Homo sapiens,6/24/2020,8/7/2020
SEWA_N02_PHN1,47.6723,-122.3598,Summer20,7/12/2020 13:13,Homo sapiens,6/24/2020,8/7/2020
SEWA_N02_PHN1,47.6723,-122.3598,Summer20,7/12/2020 13:34,Canis familiaris,6/24/2020,8/7/2020
SEWA_N02_PHN1,47.6723,-122.3598,Summer20,7/12/2020 13:34,Homo sapiens,6/24/2020,8/7/2020
SEWA_N02_PHN1,47.6723,-122.3598,Summer20,7/12/2020 13:37,Canis familiaris,6/24/2020,8/7/2020
SEWA_N02_PHN1,47.6723,-122.3598,Summer20,7/12/2020 13:40,Canis familiaris,6/24/2020,8/7/2020
SEWA_N02_PHN1,47.6723,-122.3598,Summer20,7/12/2020 13:44,Canis familiaris,6/24/2020,8/7/2020
SEWA_N02_PHN1,47.6723,-122.3598,Summer20,7/12/2020 14:58,Homo sapiens,6/24/2020,8/7/2020
SEWA_N02_PHN1,47.6723,-122.3598,Summer20,7/12/2020 16:46,Homo sapiens,6/24/2020,8/7/2020
SEWA_N02_PHN1,47.6723,-122.3598,Summer20,7/12/2020 17:01,Homo sapiens,6/24/2020,8/7/2020
SEWA_N02_PHN1,47.6723,-122.3598,Summer20,7/12/2020 17:01,Corvus brachyrhynchos,6/24/2020,8/7/2020
SEWA_N02_PHN1,47.6723,-122.3598,Summer20,7/12/2020 17:08,Homo sapiens,6/24/2020,8/7/2020
SEWA_N02_PHN1,47.6723,-122.3598,Summer20,7/12/2020 17:26,Homo sapiens,6/24/2020,8/7/2020
SEWA_N02_PHN1,47.6723,-122.3598,Summer20,7/12/2020 17:49,Homo sapiens,6/24/2020,8/7/2020
SEWA_N02_PHN1,47.6723,-122.3598,Summer20,7/12/2020 19:09,Homo sapiens,6/24/2020,8/7/2020
SEWA_N02_PHN1,47.6723,-122.3598,Summer20,7/12/2020 20:27,Homo sapiens,6/24/2020,8/7/2020
SEWA_N02_PHN1,47.6723,-122.3598,Summer20,7/13/2020 6:23,Homo sapiens,6/24/2020,8/7/2020
SEWA_N02_PHN1,47.6723,-122.3598,Summer20,7/13/2020 6:44,Homo sapiens,6/24/2020,8/7/2020
SEWA_N02_PHN1,47.6723,-122.3598,Summer20,7/13/2020 7:26,Homo sapiens,6/24/2020,8/7/2020
SEWA_N02_PHN1,47.6723,-122.3598,Summer20,7/13/2020 10:39,Corvus brachyrhynchos,6/24/2020,8/7/2020
SEWA_N02_PHN1,47.6723,-122.3598,Summer20,7/13/2020 12:12,Homo sapiens,6/24/2020,8/7/2020
SEWA_N02_PHN1,47.6723,-122.3598,Summer20,7/13/2020 13:46,Corvus brachyrhynchos,6/24/2020,8/7/2020
SEWA_N02_PHN1,47.6723,-122.3598,Summer20,7/13/2020 14:10,Homo sapiens,6/24/2020,8/7/2020
SEWA_N02_PHN1,47.6723,-122.3598,Summer20,7/13/2020 14:40,Homo sapiens,6/24/2020,8/7/2020
SEWA_N02_PHN1,47.6723,-122.3598,Summer20,7/13/2020 14:48,Canis familiaris,6/24/2020,8/7/2020
SEWA_N02_PHN1,47.6723,-122.3598,Summer20,7/13/2020 14:48,Homo sapiens,6/24/2020,8/7/2020
SEWA_N02_PHN1,47.6723,-122.3598,Summer20,7/13/2020 15:20,Homo sapiens,6/24/2020,8/7/2020
SEWA_N02_PHN1,47.6723,-122.3598,Summer20,7/13/2020 15:54,Homo sapiens,6/24/2020,8/7/2020
SEWA_N02_PHN1,47.6723,-122.3598,Summer20,7/13/2020 16:02,Homo sapiens,6/24/2020,8/7/2020
SEWA_N02_PHN1,47.6723,-122.3598,Summer20,7/13/2020 16:24,Homo sapiens,6/24/2020,8/7/2020
SEWA_N02_PHN1,47.6723,-122.3598,Summer20,7/13/2020 17:25,Canis familiaris,6/24/2020,8/7/2020
SEWA_N02_PHN1,47.6723,-122.3598,Summer20,7/13/2020 17:32,Homo sapiens,6/24/2020,8/7/2020
SEWA_N02_PHN1,47.6723,-122.3598,Summer20,7/13/2020 17:32,Canis familiaris,6/24/2020,8/7/2020
SEWA_N02_PHN1,47.6723,-122.3598,Summer20,7/13/2020 18:02,Corvus brachyrhynchos,6/24/2020,8/7/2020
SEWA_N02_PHN1,47.6723,-122.3598,Summer20,7/13/2020 18:12,Homo sapiens,6/24/2020,8/7/2020
SEWA_N02_PHN1,47.6723,-122.3598,Summer20,7/13/2020 18:28,Homo sapiens,6/24/2020,8/7/2020
SEWA_N02_PHN1,47.6723,-122.3598,Summer20,7/13/2020 18:57,Homo sapiens,6/24/2020,8/7/2020
SEWA_N02_PHN1,47.6723,-122.3598,Summer20,7/13/2020 19:16,Homo sapiens,6/24/2020,8/7/2020
SEWA_N02_PHN1,47.6723,-122.3598,Summer20,7/13/2020 20:14,Homo sapiens,6/24/2020,8/7/2020
SEWA_N02_PHN1,47.6723,-122.3598,Summer20,7/13/2020 21:13,Homo sapiens,6/24/2020,8/7/2020
SEWA_N02_PHN1,47.6723,-122.3598,Summer20,7/14/2020 8:37,Homo sapiens,6/24/2020,8/7/2020
SEWA_N02_PHN1,47.6723,-122.3598,Summer20,7/14/2020 8:52,Homo sapiens,6/24/2020,8/7/2020
SEWA_N02_PHN1,47.6723,-122.3598,Summer20,7/14/2020 9:22,Corvus brachyrhynchos,6/24/2020,8/7/2020
SEWA_N02_PHN1,47.6723,-122.3598,Summer20,7/14/2020 10:09,Homo sapiens,6/24/2020,8/7/2020
SEWA_N02_PHN1,47.6723,-122.3598,Summer20,7/14/2020 11:47,Homo sapiens,6/24/2020,8/7/2020
SEWA_N02_PHN1,47.6723,-122.3598,Summer20,7/14/2020 12:19,Homo sapiens,6/24/2020,8/7/2020
SEWA_N02_PHN1,47.6723,-122.3598,Summer20,7/14/2020 12:40,Homo sapiens,6/24/2020,8/7/2020
SEWA_N02_PHN1,47.6723,-122.3598,Summer20,7/14/2020 13:55,Homo sapiens,6/24/2020,8/7/2020
SEWA_N02_PHN1,47.6723,-122.3598,Summer20,7/14/2020 13:55,Corvus brachyrhynchos,6/24/2020,8/7/2020
SEWA_N02_PHN1,47.6723,-122.3598,Summer20,7/14/2020 13:58,Homo sapiens,6/24/2020,8/7/2020
SEWA_N02_PHN1,47.6723,-122.3598,Summer20,7/14/2020 14:00,Homo sapiens,6/24/2020,8/7/2020
SEWA_N02_PHN1,47.6723,-122.3598,Summer20,7/14/2020 14:03,Homo sapiens,6/24/2020,8/7/2020
SEWA_N02_PHN1,47.6723,-122.3598,Summer20,7/14/2020 14:07,Homo sapiens,6/24/2020,8/7/2020
SEWA_N02_PHN1,47.6723,-122.3598,Summer20,7/14/2020 14:10,Homo sapiens,6/24/2020,8/7/2020
SEWA_N02_PHN1,47.6723,-122.3598,Summer20,7/14/2020 14:14,Homo sapiens,6/24/2020,8/7/2020
SEWA_N02_PHN1,47.6723,-122.3598,Summer20,7/14/2020 14:26,Homo sapiens,6/24/2020,8/7/2020
SEWA_N02_PHN1,47.6723,-122.3598,Summer20,7/14/2020 14:51,Homo sapiens,6/24/2020,8/7/2020
SEWA_N02_PHN1,47.6723,-122.3598,Summer20,7/14/2020 15:04,Homo sapiens,6/24/2020,8/7/2020
SEWA_N02_PHN1,47.6723,-122.3598,Summer20,7/14/2020 15:06,Homo sapiens,6/24/2020,8/7/2020
SEWA_N02_PHN1,47.6723,-122.3598,Summer20,7/14/2020 15:19,Homo sapiens,6/24/2020,8/7/2020
SEWA_N02_PHN1,47.6723,-122.3598,Summer20,7/14/2020 17:08,Homo sapiens,6/24/2020,8/7/2020
SEWA_N02_PHN1,47.6723,-122.3598,Summer20,7/14/2020 17:24,Homo sapiens,6/24/2020,8/7/2020
SEWA_N02_PHN1,47.6723,-122.3598,Summer20,7/14/2020 17:51,Homo sapiens,6/24/2020,8/7/2020
SEWA_N02_PHN1,47.6723,-122.3598,Summer20,7/14/2020 18:41,Homo sapiens,6/24/2020,8/7/2020
SEWA_N02_PHN1,47.6723,-122.3598,Summer20,7/14/2020 18:43,Homo sapiens,6/24/2020,8/7/2020
SEWA_N02_PHN1,47.6723,-122.3598,Summer20,7/14/2020 18:51,Homo sapiens,6/24/2020,8/7/2020
SEWA_N02_PHN1,47.6723,-122.3598,Summer20,7/14/2020 19:01,Homo sapiens,6/24/2020,8/7/2020
SEWA_N02_PHN1,47.6723,-122.3598,Summer20,7/14/2020 19:07,Homo sapiens,6/24/2020,8/7/2020
SEWA_N02_PHN1,47.6723,-122.3598,Summer20,7/14/2020 19:23,Homo sapiens,6/24/2020,8/7/2020
SEWA_N02_PHN1,47.6723,-122.3598,Summer20,7/14/2020 19:26,Homo sapiens,6/24/2020,8/7/2020
SEWA_N02_PHN1,47.6723,-122.3598,Summer20,7/14/2020 19:38,Homo sapiens,6/24/2020,8/7/2020
SEWA_N02_PHN1,47.6723,-122.3598,Summer20,7/14/2020 20:28,Homo sapiens,6/24/2020,8/7/2020
SEWA_N02_PHN1,47.6723,-122.3598,Summer20,7/14/2020 20:42,Homo sapiens,6/24/2020,8/7/2020
SEWA_N02_PHN1,47.6723,-122.3598,Summer20,7/15/2020 6:36,Homo sapiens,6/24/2020,8/7/2020
SEWA_N02_PHN1,47.6723,-122.3598,Summer20,7/15/2020 7:23,Cyanocitta stelleri,6/24/2020,8/7/2020
SEWA_N02_PHN1,47.6723,-122.3598,Summer20,7/15/2020 8:05,Canis familiaris,6/24/2020,8/7/2020
SEWA_N02_PHN1,47.6723,-122.3598,Summer20,7/15/2020 8:09,Homo sapiens,6/24/2020,8/7/2020
SEWA_N02_PHN1,47.6723,-122.3598,Summer20,7/15/2020 8:22,Homo sapiens,6/24/2020,8/7/2020
SEWA_N02_PHN1,47.6723,-122.3598,Summer20,7/15/2020 8:32,Homo sapiens,6/24/2020,8/7/2020
SEWA_N02_PHN1,47.6723,-122.3598,Summer20,7/15/2020 9:33,Corvus brachyrhynchos,6/24/2020,8/7/2020
SEWA_N02_PHN1,47.6723,-122.3598,Summer20,7/15/2020 11:00,Homo sapiens,6/24/2020,8/7/2020
SEWA_N02_PHN1,47.6723,-122.3598,Summer20,7/15/2020 11:00,Canis familiaris,6/24/2020,8/7/2020
SEWA_N02_PHN1,47.6723,-122.3598,Summer20,7/15/2020 12:28,Canis familiaris,6/24/2020,8/7/2020
SEWA_N02_PHN1,47.6723,-122.3598,Summer20,7/15/2020 12:41,Canis familiaris,6/24/2020,8/7/2020
SEWA_N02_PHN1,47.6723,-122.3598,Summer20,7/15/2020 12:41,Homo sapiens,6/24/2020,8/7/2020
SEWA_N02_PHN1,47.6723,-122.3598,Summer20,7/15/2020 12:52,Corvus brachyrhynchos,6/24/2020,8/7/2020
SEWA_N02_PHN1,47.6723,-122.3598,Summer20,7/15/2020 14:17,Homo sapiens,6/24/2020,8/7/2020
SEWA_N02_PHN1,47.6723,-122.3598,Summer20,7/15/2020 18:17,Homo sapiens,6/24/2020,8/7/2020
SEWA_N02_PHN1,47.6723,-122.3598,Summer20,7/15/2020 18:17,Canis familiaris,6/24/2020,8/7/2020
SEWA_N02_PHN1,47.6723,-122.3598,Summer20,7/15/2020 20:41,Homo sapiens,6/24/2020,8/7/2020
SEWA_N02_PHN1,47.6723,-122.3598,Summer20,7/15/2020 20:47,Homo sapiens,6/24/2020,8/7/2020
SEWA_N02_PHN1,47.6723,-122.3598,Summer20,7/15/2020 21:00,Homo sapiens,6/24/2020,8/7/2020
SEWA_N02_PHN1,47.6723,-122.3598,Summer20,7/15/2020 21:02,Homo sapiens,6/24/2020,8/7/2020
SEWA_N02_PHN1,47.6723,-122.3598,Summer20,7/15/2020 21:38,Homo sapiens,6/24/2020,8/7/2020
SEWA_N02_PHN1,47.6723,-122.3598,Summer20,7/15/2020 21:41,Homo sapiens,6/24/2020,8/7/2020
SEWA_N02_PHN1,47.6723,-122.3598,Summer20,7/15/2020 23:32,Homo sapiens,6/24/2020,8/7/2020
SEWA_N02_PHN1,47.6723,-122.3598,Summer20,7/16/2020 3:08,Canis latrans,6/24/2020,8/7/2020
SEWA_N02_PHN1,47.6723,-122.3598,Summer20,7/16/2020 6:16,Sciurus carolinensis,6/24/2020,8/7/2020
SEWA_N02_PHN1,47.6723,-122.3598,Summer20,7/16/2020 7:13,Sciurus carolinensis,6/24/2020,8/7/2020
SEWA_N02_PHN1,47.6723,-122.3598,Summer20,7/16/2020 7:33,Homo sapiens,6/24/2020,8/7/2020
SEWA_N02_PHN1,47.6723,-122.3598,Summer20,7/16/2020 9:18,Corvus brachyrhynchos,6/24/2020,8/7/2020
SEWA_N02_PHN1,47.6723,-122.3598,Summer20,7/16/2020 9:18,Homo sapiens,6/24/2020,8/7/2020
SEWA_N02_PHN1,47.6723,-122.3598,Summer20,7/16/2020 10:48,Canis familiaris,6/24/2020,8/7/2020
SEWA_N02_PHN1,47.6723,-122.3598,Summer20,7/16/2020 10:48,Homo sapiens,6/24/2020,8/7/2020
SEWA_N02_PHN1,47.6723,-122.3598,Summer20,7/16/2020 10:55,Homo sapiens,6/24/2020,8/7/2020
SEWA_N02_PHN1,47.6723,-122.3598,Summer20,7/16/2020 14:50,Corvus brachyrhynchos,6/24/2020,8/7/2020
SEWA_N02_PHN1,47.6723,-122.3598,Summer20,7/16/2020 15:57,Homo sapiens,6/24/2020,8/7/2020
SEWA_N02_PHN1,47.6723,-122.3598,Summer20,7/16/2020 16:01,Homo sapiens,6/24/2020,8/7/2020
SEWA_N02_PHN1,47.6723,-122.3598,Summer20,7/16/2020 16:04,Homo sapiens,6/24/2020,8/7/2020
SEWA_N02_PHN1,47.6723,-122.3598,Summer20,7/16/2020 16:07,Homo sapiens,6/24/2020,8/7/2020
SEWA_N02_PHN1,47.6723,-122.3598,Summer20,7/16/2020 16:09,Homo sapiens,6/24/2020,8/7/2020
SEWA_N02_PHN1,47.6723,-122.3598,Summer20,7/16/2020 16:23,Homo sapiens,6/24/2020,8/7/2020
SEWA_N02_PHN1,47.6723,-122.3598,Summer20,7/16/2020 18:07,Canis familiaris,6/24/2020,8/7/2020
SEWA_N02_PHN1,47.6723,-122.3598,Summer20,7/16/2020 18:07,Homo sapiens,6/24/2020,8/7/2020
SEWA_N02_PHN1,47.6723,-122.3598,Summer20,7/16/2020 19:11,Homo sapiens,6/24/2020,8/7/2020
SEWA_N02_PHN1,47.6723,-122.3598,Summer20,7/17/2020 8:09,Homo sapiens,6/24/2020,8/7/2020
SEWA_N02_PHN1,47.6723,-122.3598,Summer20,7/17/2020 10:47,Homo sapiens,6/24/2020,8/7/2020
SEWA_N02_PHN1,47.6723,-122.3598,Summer20,7/17/2020 10:51,Homo sapiens,6/24/2020,8/7/2020
SEWA_N02_PHN1,47.6723,-122.3598,Summer20,7/17/2020 10:56,Homo sapiens,6/24/2020,8/7/2020
SEWA_N02_PHN1,47.6723,-122.3598,Summer20,7/17/2020 12:42,Homo sapiens,6/24/2020,8/7/2020
SEWA_N02_PHN1,47.6723,-122.3598,Summer20,7/17/2020 15:14,Homo sapiens,6/24/2020,8/7/2020
SEWA_N02_PHN1,47.6723,-122.3598,Summer20,7/17/2020 16:33,Homo sapiens,6/24/2020,8/7/2020
SEWA_N02_PHN1,47.6723,-122.3598,Summer20,7/17/2020 16:44,Homo sapiens,6/24/2020,8/7/2020
SEWA_N02_PHN1,47.6723,-122.3598,Summer20,7/17/2020 16:47,Canis familiaris,6/24/2020,8/7/2020
SEWA_N02_PHN1,47.6723,-122.3598,Summer20,7/17/2020 16:50,Canis familiaris,6/24/2020,8/7/2020
SEWA_N02_PHN1,47.6723,-122.3598,Summer20,7/17/2020 16:52,Canis familiaris,6/24/2020,8/7/2020
SEWA_N02_PHN1,47.6723,-122.3598,Summer20,7/17/2020 17:01,Homo sapiens,6/24/2020,8/7/2020
SEWA_N02_PHN1,47.6723,-122.3598,Summer20,7/17/2020 17:20,Canis familiaris,6/24/2020,8/7/2020
SEWA_N02_PHN1,47.6723,-122.3598,Summer20,7/17/2020 17:20,Homo sapiens,6/24/2020,8/7/2020
SEWA_N02_PHN1,47.6723,-122.3598,Summer20,7/17/2020 17:28,Homo sapiens,6/24/2020,8/7/2020
SEWA_N02_PHN1,47.6723,-122.3598,Summer20,7/17/2020 17:28,Canis familiaris,6/24/2020,8/7/2020
SEWA_N02_PHN1,47.6723,-122.3598,Summer20,7/17/2020 17:31,Homo sapiens,6/24/2020,8/7/2020
SEWA_N02_PHN1,47.6723,-122.3598,Summer20,7/17/2020 17:31,Canis familiaris,6/24/2020,8/7/2020
SEWA_N02_PHN1,47.6723,-122.3598,Summer20,7/17/2020 17:43,Homo sapiens,6/24/2020,8/7/2020
SEWA_N02_PHN1,47.6723,-122.3598,Summer20,7/17/2020 18:33,Homo sapiens,6/24/2020,8/7/2020
SEWA_N02_PHN1,47.6723,-122.3598,Summer20,7/17/2020 18:35,Homo sapiens,6/24/2020,8/7/2020
SEWA_N02_PHN1,47.6723,-122.3598,Summer20,7/17/2020 18:38,Homo sapiens,6/24/2020,8/7/2020
SEWA_N02_PHN1,47.6723,-122.3598,Summer20,7/17/2020 18:40,Homo sapiens,6/24/2020,8/7/2020
SEWA_N02_PHN1,47.6723,-122.3598,Summer20,7/17/2020 18:48,Homo sapiens,6/24/2020,8/7/2020
SEWA_N02_PHN1,47.6723,-122.3598,Summer20,7/17/2020 18:59,Homo sapiens,6/24/2020,8/7/2020
SEWA_N02_PHN1,47.6723,-122.3598,Summer20,7/17/2020 20:13,Homo sapiens,6/24/2020,8/7/2020
SEWA_N02_PHN1,47.6723,-122.3598,Summer20,7/17/2020 21:09,Homo sapiens,6/24/2020,8/7/2020
SEWA_N02_PHN1,47.6723,-122.3598,Summer20,7/17/2020 22:05,Homo sapiens,6/24/2020,8/7/2020
SEWA_N02_PHN1,47.6723,-122.3598,Summer20,7/18/2020 6:18,Sciurus carolinensis,6/24/2020,8/7/2020
SEWA_N02_PHN1,47.6723,-122.3598,Summer20,7/18/2020 6:56,Homo sapiens,6/24/2020,8/7/2020
SEWA_N02_PHN1,47.6723,-122.3598,Summer20,7/18/2020 8:26,Homo sapiens,6/24/2020,8/7/2020
SEWA_N02_PHN1,47.6723,-122.3598,Summer20,7/18/2020 8:26,Corvus brachyrhynchos,6/24/2020,8/7/2020
SEWA_N02_PHN1,47.6723,-122.3598,Summer20,7/18/2020 9:56,Homo sapiens,6/24/2020,8/7/2020
SEWA_N02_PHN1,47.6723,-122.3598,Summer20,7/18/2020 11:05,Homo sapiens,6/24/2020,8/7/2020
SEWA_N02_PHN1,47.6723,-122.3598,Summer20,7/18/2020 11:24,Homo sapiens,6/24/2020,8/7/2020
SEWA_N02_PHN1,47.6723,-122.3598,Summer20,7/18/2020 11:33,Homo sapiens,6/24/2020,8/7/2020
SEWA_N02_PHN1,47.6723,-122.3598,Summer20,7/18/2020 11:50,Canis familiaris,6/24/2020,8/7/2020
SEWA_N02_PHN1,47.6723,-122.3598,Summer20,7/18/2020 11:50,Homo sapiens,6/24/2020,8/7/2020
SEWA_N02_PHN1,47.6723,-122.3598,Summer20,7/18/2020 12:26,Homo sapiens,6/24/2020,8/7/2020
SEWA_N02_PHN1,47.6723,-122.3598,Summer20,7/18/2020 15:54,Homo sapiens,6/24/2020,8/7/2020
SEWA_N02_PHN1,47.6723,-122.3598,Summer20,7/18/2020 18:40,Homo sapiens,6/24/2020,8/7/2020
SEWA_N02_PHN1,47.6723,-122.3598,Summer20,7/18/2020 19:37,Canis familiaris,6/24/2020,8/7/2020
SEWA_N02_PHN1,47.6723,-122.3598,Summer20,7/18/2020 19:37,Homo sapiens,6/24/2020,8/7/2020
SEWA_N02_PHN1,47.6723,-122.3598,Summer20,7/18/2020 21:06,Homo sapiens,6/24/2020,8/7/2020
SEWA_N02_PHN1,47.6723,-122.3598,Summer20,7/18/2020 21:25,Homo sapiens,6/24/2020,8/7/2020
SEWA_N02_PHN1,47.6723,-122.3598,Summer20,7/18/2020 21:28,Homo sapiens,6/24/2020,8/7/2020
SEWA_N02_PHN1,47.6723,-122.3598,Summer20,7/19/2020 6:10,Corvus brachyrhynchos,6/24/2020,8/7/2020
SEWA_N02_PHN1,47.6723,-122.3598,Summer20,7/19/2020 6:59,Homo sapiens,6/24/2020,8/7/2020
SEWA_N02_PHN1,47.6723,-122.3598,Summer20,7/19/2020 9:01,Corvus brachyrhynchos,6/24/2020,8/7/2020
SEWA_N02_PHN1,47.6723,-122.3598,Summer20,7/19/2020 10:07,Homo sapiens,6/24/2020,8/7/2020
SEWA_N02_PHN1,47.6723,-122.3598,Summer20,7/19/2020 11:20,Homo sapiens,6/24/2020,8/7/2020
SEWA_N02_PHN1,47.6723,-122.3598,Summer20,7/19/2020 11:20,Canis familiaris,6/24/2020,8/7/2020
SEWA_N02_PHN1,47.6723,-122.3598,Summer20,7/19/2020 11:49,Homo sapiens,6/24/2020,8/7/2020
SEWA_N02_PHN1,47.6723,-122.3598,Summer20,7/19/2020 14:02,Corvus brachyrhynchos,6/24/2020,8/7/2020
SEWA_N02_PHN1,47.6723,-122.3598,Summer20,7/19/2020 14:44,Homo sapiens,6/24/2020,8/7/2020
SEWA_N02_PHN1,47.6723,-122.3598,Summer20,7/19/2020 16:04,Homo sapiens,6/24/2020,8/7/2020
SEWA_N02_PHN1,47.6723,-122.3598,Summer20,7/19/2020 16:04,Canis familiaris,6/24/2020,8/7/2020
SEWA_N02_PHN1,47.6723,-122.3598,Summer20,7/19/2020 16:29,Canis familiaris,6/24/2020,8/7/2020
SEWA_N02_PHN1,47.6723,-122.3598,Summer20,7/19/2020 16:29,Homo sapiens,6/24/2020,8/7/2020
SEWA_N02_PHN1,47.6723,-122.3598,Summer20,7/19/2020 16:38,Homo sapiens,6/24/2020,8/7/2020
SEWA_N02_PHN1,47.6723,-122.3598,Summer20,7/19/2020 21:19,Homo sapiens,6/24/2020,8/7/2020
SEWA_N02_PHN1,47.6723,-122.3598,Summer20,7/19/2020 23:49,Procyon lotor,6/24/2020,8/7/2020
SEWA_N02_PHN1,47.6723,-122.3598,Summer20,7/20/2020 6:47,Homo sapiens,6/24/2020,8/7/2020
SEWA_N02_PHN1,47.6723,-122.3598,Summer20,7/20/2020 9:29,Canis familiaris,6/24/2020,8/7/2020
SEWA_N02_PHN1,47.6723,-122.3598,Summer20,7/20/2020 9:29,Homo sapiens,6/24/2020,8/7/2020
SEWA_N02_PHN1,47.6723,-122.3598,Summer20,7/20/2020 10:01,Corvus brachyrhynchos,6/24/2020,8/7/2020
SEWA_N02_PHN1,47.6723,-122.3598,Summer20,7/20/2020 11:14,Homo sapiens,6/24/2020,8/7/2020
SEWA_N02_PHN1,47.6723,-122.3598,Summer20,7/20/2020 11:15,Homo sapiens,6/24/2020,8/7/2020
SEWA_N02_PHN1,47.6723,-122.3598,Summer20,7/20/2020 11:19,Homo sapiens,6/24/2020,8/7/2020
SEWA_N02_PHN1,47.6723,-122.3598,Summer20,7/20/2020 13:13,Homo sapiens,6/24/2020,8/7/2020
SEWA_N02_PHN1,47.6723,-122.3598,Summer20,7/20/2020 13:38,Homo sapiens,6/24/2020,8/7/2020
SEWA_N02_PHN1,47.6723,-122.3598,Summer20,7/20/2020 17:01,Homo sapiens,6/24/2020,8/7/2020
SEWA_N02_PHN1,47.6723,-122.3598,Summer20,7/20/2020 18:20,Homo sapiens,6/24/2020,8/7/2020
SEWA_N02_PHN1,47.6723,-122.3598,Summer20,7/20/2020 18:56,Homo sapiens,6/24/2020,8/7/2020
SEWA_N02_PHN1,47.6723,-122.3598,Summer20,7/20/2020 20:55,Homo sapiens,6/24/2020,8/7/2020
SEWA_N02_PHN1,47.6723,-122.3598,Summer20,7/21/2020 5:36,Homo sapiens,6/24/2020,8/7/2020
SEWA_N02_PHN1,47.6723,-122.3598,Summer20,7/21/2020 5:44,Sciurus carolinensis,6/24/2020,8/7/2020
SEWA_N02_PHN1,47.6723,-122.3598,Summer20,7/21/2020 6:57,Corvus brachyrhynchos,6/24/2020,8/7/2020
SEWA_N02_PHN1,47.6723,-122.3598,Summer20,7/21/2020 8:25,Homo sapiens,6/24/2020,8/7/2020
SEWA_N02_PHN1,47.6723,-122.3598,Summer20,7/21/2020 9:45,Corvus brachyrhynchos,6/24/2020,8/7/2020
SEWA_N02_PHN1,47.6723,-122.3598,Summer20,7/21/2020 19:13,Homo sapiens,6/24/2020,8/7/2020
SEWA_N02_PHN1,47.6723,-122.3598,Summer20,7/21/2020 20:04,Homo sapiens,6/24/2020,8/7/2020
SEWA_N02_PHN1,47.6723,-122.3598,Summer20,7/21/2020 20:04,Canis familiaris,6/24/2020,8/7/2020
SEWA_N02_PHN1,47.6723,-122.3598,Summer20,7/21/2020 20:44,Homo sapiens,6/24/2020,8/7/2020
SEWA_N02_PHN1,47.6723,-122.3598,Summer20,7/21/2020 22:28,Homo sapiens,6/24/2020,8/7/2020
SEWA_N02_PHN1,47.6723,-122.3598,Summer20,7/22/2020 3:59,Canis latrans,6/24/2020,8/7/2020
SEWA_N02_PHN1,47.6723,-122.3598,Summer20,7/22/2020 6:43,Homo sapiens,6/24/2020,8/7/2020
SEWA_N02_PHN1,47.6723,-122.3598,Summer20,7/22/2020 9:15,Corvus brachyrhynchos,6/24/2020,8/7/2020
SEWA_N02_PHN1,47.6723,-122.3598,Summer20,7/22/2020 9:20,Homo sapiens,6/24/2020,8/7/2020
SEWA_N02_PHN1,47.6723,-122.3598,Summer20,7/22/2020 9:58,Homo sapiens,6/24/2020,8/7/2020
SEWA_N02_PHN1,47.6723,-122.3598,Summer20,7/22/2020 11:29,Homo sapiens,6/24/2020,8/7/2020
SEWA_N02_PHN1,47.6723,-122.3598,Summer20,7/22/2020 12:50,Homo sapiens,6/24/2020,8/7/2020
SEWA_N02_PHN1,47.6723,-122.3598,Summer20,7/22/2020 13:05,Homo sapiens,6/24/2020,8/7/2020
SEWA_N02_PHN1,47.6723,-122.3598,Summer20,7/22/2020 15:54,Homo sapiens,6/24/2020,8/7/2020
SEWA_N02_PHN1,47.6723,-122.3598,Summer20,7/22/2020 15:54,Canis familiaris,6/24/2020,8/7/2020
SEWA_N02_PHN1,47.6723,-122.3598,Summer20,7/22/2020 16:30,Homo sapiens,6/24/2020,8/7/2020
SEWA_N02_PHN1,47.6723,-122.3598,Summer20,7/22/2020 16:32,Homo sapiens,6/24/2020,8/7/2020
SEWA_N02_PHN1,47.6723,-122.3598,Summer20,7/22/2020 16:59,Homo sapiens,6/24/2020,8/7/2020
SEWA_N02_PHN1,47.6723,-122.3598,Summer20,7/22/2020 17:06,Homo sapiens,6/24/2020,8/7/2020
SEWA_N02_PHN1,47.6723,-122.3598,Summer20,7/22/2020 17:58,Canis familiaris,6/24/2020,8/7/2020
SEWA_N02_PHN1,47.6723,-122.3598,Summer20,7/22/2020 17:58,Homo sapiens,6/24/2020,8/7/2020
SEWA_N02_PHN1,47.6723,-122.3598,Summer20,7/22/2020 18:07,Homo sapiens,6/24/2020,8/7/2020
SEWA_N02_PHN1,47.6723,-122.3598,Summer20,7/22/2020 18:52,Canis familiaris,6/24/2020,8/7/2020
SEWA_N02_PHN1,47.6723,-122.3598,Summer20,7/22/2020 18:56,Canis familiaris,6/24/2020,8/7/2020
SEWA_N02_PHN1,47.6723,-122.3598,Summer20,7/22/2020 18:56,Homo sapiens,6/24/2020,8/7/2020
SEWA_N02_PHN1,47.6723,-122.3598,Summer20,7/22/2020 18:59,Canis familiaris,6/24/2020,8/7/2020
SEWA_N02_PHN1,47.6723,-122.3598,Summer20,7/22/2020 19:00,Canis familiaris,6/24/2020,8/7/2020
SEWA_N02_PHN1,47.6723,-122.3598,Summer20,7/22/2020 19:06,Homo sapiens,6/24/2020,8/7/2020
SEWA_N02_PHN1,47.6723,-122.3598,Summer20,7/22/2020 19:09,Homo sapiens,6/24/2020,8/7/2020
SEWA_N02_PHN1,47.6723,-122.3598,Summer20,7/22/2020 20:03,Homo sapiens,6/24/2020,8/7/2020
SEWA_N02_PHN1,47.6723,-122.3598,Summer20,7/23/2020 6:47,Sciurus carolinensis,6/24/2020,8/7/2020
SEWA_N02_PHN1,47.6723,-122.3598,Summer20,7/23/2020 8:44,Corvus brachyrhynchos,6/24/2020,8/7/2020
SEWA_N02_PHN1,47.6723,-122.3598,Summer20,7/23/2020 8:48,Corvus brachyrhynchos,6/24/2020,8/7/2020
SEWA_N02_PHN1,47.6723,-122.3598,Summer20,7/23/2020 9:04,Corvus brachyrhynchos,6/24/2020,8/7/2020
SEWA_N02_PHN1,47.6723,-122.3598,Summer20,7/23/2020 12:01,Homo sapiens,6/24/2020,8/7/2020
SEWA_N02_PHN1,47.6723,-122.3598,Summer20,7/23/2020 12:48,Homo sapiens,6/24/2020,8/7/2020
SEWA_N02_PHN1,47.6723,-122.3598,Summer20,7/23/2020 13:42,Canis familiaris,6/24/2020,8/7/2020
SEWA_N02_PHN1,47.6723,-122.3598,Summer20,7/23/2020 15:29,Homo sapiens,6/24/2020,8/7/2020
SEWA_N02_PHN1,47.6723,-122.3598,Summer20,7/23/2020 15:40,Homo sapiens,6/24/2020,8/7/2020
SEWA_N02_PHN1,47.6723,-122.3598,Summer20,7/23/2020 15:53,Homo sapiens,6/24/2020,8/7/2020
SEWA_N02_PHN1,47.6723,-122.3598,Summer20,7/23/2020 17:44,Canis familiaris,6/24/2020,8/7/2020
SEWA_N02_PHN1,47.6723,-122.3598,Summer20,7/24/2020 6:24,Homo sapiens,6/24/2020,8/7/2020
SEWA_N02_PHN1,47.6723,-122.3598,Summer20,7/24/2020 8:55,Corvus brachyrhynchos,6/24/2020,8/7/2020
SEWA_N02_PHN1,47.6723,-122.3598,Summer20,7/24/2020 11:03,Corvus brachyrhynchos,6/24/2020,8/7/2020
SEWA_N02_PHN1,47.6723,-122.3598,Summer20,7/24/2020 13:03,Homo sapiens,6/24/2020,8/7/2020
SEWA_N02_PHN1,47.6723,-122.3598,Summer20,7/24/2020 15:16,Canis familiaris,6/24/2020,8/7/2020
SEWA_N02_PHN1,47.6723,-122.3598,Summer20,7/24/2020 15:24,Homo sapiens,6/24/2020,8/7/2020
SEWA_N02_PHN1,47.6723,-122.3598,Summer20,7/24/2020 16:21,Corvus brachyrhynchos,6/24/2020,8/7/2020
SEWA_N02_PHN1,47.6723,-122.3598,Summer20,7/24/2020 17:15,Homo sapiens,6/24/2020,8/7/2020
SEWA_N02_PHN1,47.6723,-122.3598,Summer20,7/24/2020 18:49,Homo sapiens,6/24/2020,8/7/2020
SEWA_N02_PHN1,47.6723,-122.3598,Summer20,7/24/2020 19:51,Homo sapiens,6/24/2020,8/7/2020
SEWA_N02_PHN1,47.6723,-122.3598,Summer20,7/25/2020 7:06,Homo sapiens,6/24/2020,8/7/2020
SEWA_N02_PHN1,47.6723,-122.3598,Summer20,7/25/2020 7:33,Homo sapiens,6/24/2020,8/7/2020
SEWA_N02_PHN1,47.6723,-122.3598,Summer20,7/25/2020 9:12,Homo sapiens,6/24/2020,8/7/2020
SEWA_N02_PHN1,47.6723,-122.3598,Summer20,7/25/2020 10:10,Homo sapiens,6/24/2020,8/7/2020
SEWA_N02_PHN1,47.6723,-122.3598,Summer20,7/25/2020 10:48,Homo sapiens,6/24/2020,8/7/2020
SEWA_N02_PHN1,47.6723,-122.3598,Summer20,7/25/2020 10:50,Homo sapiens,6/24/2020,8/7/2020
SEWA_N02_PHN1,47.6723,-122.3598,Summer20,7/25/2020 11:03,Homo sapiens,6/24/2020,8/7/2020
SEWA_N02_PHN1,47.6723,-122.3598,Summer20,7/25/2020 15:00,Homo sapiens,6/24/2020,8/7/2020
SEWA_N02_PHN1,47.6723,-122.3598,Summer20,7/25/2020 15:07,Homo sapiens,6/24/2020,8/7/2020
SEWA_N02_PHN1,47.6723,-122.3598,Summer20,7/25/2020 17:20,Homo sapiens,6/24/2020,8/7/2020
SEWA_N02_PHN1,47.6723,-122.3598,Summer20,7/25/2020 17:24,Homo sapiens,6/24/2020,8/7/2020
SEWA_N02_PHN1,47.6723,-122.3598,Summer20,7/25/2020 17:25,Homo sapiens,6/24/2020,8/7/2020
SEWA_N02_PHN1,47.6723,-122.3598,Summer20,7/25/2020 17:31,Homo sapiens,6/24/2020,8/7/2020
SEWA_N02_PHN1,47.6723,-122.3598,Summer20,7/25/2020 18:29,Homo sapiens,6/24/2020,8/7/2020
SEWA_N02_PHN1,47.6723,-122.3598,Summer20,7/25/2020 18:32,Homo sapiens,6/24/2020,8/7/2020
SEWA_N02_PHN1,47.6723,-122.3598,Summer20,7/25/2020 20:12,Homo sapiens,6/24/2020,8/7/2020
SEWA_N02_PHN1,47.6723,-122.3598,Summer20,7/25/2020 23:46,Canis latrans,6/24/2020,8/7/2020
SEWA_N02_PHN1,47.6723,-122.3598,Summer20,7/26/2020 8:58,Homo sapiens,6/24/2020,8/7/2020
SEWA_N02_PHN1,47.6723,-122.3598,Summer20,7/26/2020 9:09,Homo sapiens,6/24/2020,8/7/2020
SEWA_N02_PHN1,47.6723,-122.3598,Summer20,7/26/2020 9:18,Corvus brachyrhynchos,6/24/2020,8/7/2020
SEWA_N02_PHN1,47.6723,-122.3598,Summer20,7/26/2020 9:20,Corvus brachyrhynchos,6/24/2020,8/7/2020
SEWA_N02_PHN1,47.6723,-122.3598,Summer20,7/26/2020 10:12,Corvus brachyrhynchos,6/24/2020,8/7/2020
SEWA_N02_PHN1,47.6723,-122.3598,Summer20,7/26/2020 10:19,Homo sapiens,6/24/2020,8/7/2020
SEWA_N02_PHN1,47.6723,-122.3598,Summer20,7/26/2020 10:48,Homo sapiens,6/24/2020,8/7/2020
SEWA_N02_PHN1,47.6723,-122.3598,Summer20,7/26/2020 11:08,Homo sapiens,6/24/2020,8/7/2020
SEWA_N02_PHN1,47.6723,-122.3598,Summer20,7/26/2020 12:03,Homo sapiens,6/24/2020,8/7/2020
SEWA_N02_PHN1,47.6723,-122.3598,Summer20,7/26/2020 12:03,Canis familiaris,6/24/2020,8/7/2020
SEWA_N02_PHN1,47.6723,-122.3598,Summer20,7/26/2020 12:04,Homo sapiens,6/24/2020,8/7/2020
SEWA_N02_PHN1,47.6723,-122.3598,Summer20,7/26/2020 12:07,Canis familiaris,6/24/2020,8/7/2020
SEWA_N02_PHN1,47.6723,-122.3598,Summer20,7/26/2020 12:07,Homo sapiens,6/24/2020,8/7/2020
SEWA_N02_PHN1,47.6723,-122.3598,Summer20,7/26/2020 12:23,Homo sapiens,6/24/2020,8/7/2020
SEWA_N02_PHN1,47.6723,-122.3598,Summer20,7/26/2020 13:02,Homo sapiens,6/24/2020,8/7/2020
SEWA_N02_PHN1,47.6723,-122.3598,Summer20,7/26/2020 14:33,Homo sapiens,6/24/2020,8/7/2020
SEWA_N02_PHN1,47.6723,-122.3598,Summer20,7/26/2020 16:15,Homo sapiens,6/24/2020,8/7/2020
SEWA_N02_PHN1,47.6723,-122.3598,Summer20,7/26/2020 16:16,Homo sapiens,6/24/2020,8/7/2020
SEWA_N02_PHN1,47.6723,-122.3598,Summer20,7/26/2020 16:29,Homo sapiens,6/24/2020,8/7/2020
SEWA_N02_PHN1,47.6723,-122.3598,Summer20,7/26/2020 16:39,Homo sapiens,6/24/2020,8/7/2020
SEWA_N02_PHN1,47.6723,-122.3598,Summer20,7/26/2020 16:50,Homo sapiens,6/24/2020,8/7/2020
SEWA_N02_PHN1,47.6723,-122.3598,Summer20,7/26/2020 16:52,Homo sapiens,6/24/2020,8/7/2020
SEWA_N02_PHN1,47.6723,-122.3598,Summer20,7/26/2020 16:56,Homo sapiens,6/24/2020,8/7/2020
SEWA_N02_PHN1,47.6723,-122.3598,Summer20,7/26/2020 17:12,Homo sapiens,6/24/2020,8/7/2020
SEWA_N02_PHN1,47.6723,-122.3598,Summer20,7/26/2020 18:36,Homo sapiens,6/24/2020,8/7/2020
SEWA_N02_PHN1,47.6723,-122.3598,Summer20,7/27/2020 7:03,Homo sapiens,6/24/2020,8/7/2020
SEWA_N02_PHN1,47.6723,-122.3598,Summer20,7/27/2020 8:53,Homo sapiens,6/24/2020,8/7/2020
SEWA_N02_PHN1,47.6723,-122.3598,Summer20,7/27/2020 10:41,Homo sapiens,6/24/2020,8/7/2020
SEWA_N02_PHN1,47.6723,-122.3598,Summer20,7/27/2020 11:07,Corvus brachyrhynchos,6/24/2020,8/7/2020
SEWA_N02_PHN1,47.6723,-122.3598,Summer20,7/27/2020 12:15,Homo sapiens,6/24/2020,8/7/2020
SEWA_N02_PHN1,47.6723,-122.3598,Summer20,7/27/2020 15:27,Homo sapiens,6/24/2020,8/7/2020
SEWA_N02_PHN1,47.6723,-122.3598,Summer20,7/27/2020 16:01,Corvus brachyrhynchos,6/24/2020,8/7/2020
SEWA_N02_PHN1,47.6723,-122.3598,Summer20,7/27/2020 17:09,Homo sapiens,6/24/2020,8/7/2020
SEWA_N02_PHN1,47.6723,-122.3598,Summer20,7/27/2020 18:16,Homo sapiens,6/24/2020,8/7/2020
SEWA_N02_PHN1,47.6723,-122.3598,Summer20,7/27/2020 20:21,Homo sapiens,6/24/2020,8/7/2020
SEWA_N02_PHN1,47.6723,-122.3598,Summer20,7/27/2020 21:01,Homo sapiens,6/24/2020,8/7/2020
SEWA_N02_PHN1,47.6723,-122.3598,Summer20,7/27/2020 21:07,Homo sapiens,6/24/2020,8/7/2020
SEWA_N02_PHN1,47.6723,-122.3598,Summer20,7/27/2020 21:11,Homo sapiens,6/24/2020,8/7/2020
SEWA_N02_PHN1,47.6723,-122.3598,Summer20,7/27/2020 21:37,Homo sapiens,6/24/2020,8/7/2020
SEWA_N02_PHN1,47.6723,-122.3598,Summer20,7/28/2020 6:42,Homo sapiens,6/24/2020,8/7/2020
SEWA_N02_PHN1,47.6723,-122.3598,Summer20,7/28/2020 7:08,Homo sapiens,6/24/2020,8/7/2020
SEWA_N02_PHN1,47.6723,-122.3598,Summer20,7/28/2020 9:51,Corvus brachyrhynchos,6/24/2020,8/7/2020
SEWA_N02_PHN1,47.6723,-122.3598,Summer20,7/28/2020 9:53,Corvus brachyrhynchos,6/24/2020,8/7/2020
SEWA_N02_PHN1,47.6723,-122.3598,Summer20,7/28/2020 9:54,Corvus brachyrhynchos,6/24/2020,8/7/2020
SEWA_N02_PHN1,47.6723,-122.3598,Summer20,7/28/2020 10:23,Homo sapiens,6/24/2020,8/7/2020
SEWA_N02_PHN1,47.6723,-122.3598,Summer20,7/28/2020 10:27,Homo sapiens,6/24/2020,8/7/2020
SEWA_N02_PHN1,47.6723,-122.3598,Summer20,7/28/2020 11:51,Homo sapiens,6/24/2020,8/7/2020
SEWA_N02_PHN1,47.6723,-122.3598,Summer20,7/28/2020 13:33,Canis familiaris,6/24/2020,8/7/2020
SEWA_N02_PHN1,47.6723,-122.3598,Summer20,7/28/2020 13:33,Homo sapiens,6/24/2020,8/7/2020
SEWA_N02_PHN1,47.6723,-122.3598,Summer20,7/28/2020 13:47,Homo sapiens,6/24/2020,8/7/2020
SEWA_N02_PHN1,47.6723,-122.3598,Summer20,7/28/2020 14:55,Homo sapiens,6/24/2020,8/7/2020
SEWA_N02_PHN1,47.6723,-122.3598,Summer20,7/28/2020 14:57,Homo sapiens,6/24/2020,8/7/2020
SEWA_N02_PHN1,47.6723,-122.3598,Summer20,7/28/2020 20:33,Canis familiaris,6/24/2020,8/7/2020
SEWA_N02_PHN1,47.6723,-122.3598,Summer20,7/28/2020 20:33,Homo sapiens,6/24/2020,8/7/2020
SEWA_N02_PHN1,47.6723,-122.3598,Summer20,7/28/2020 20:42,Homo sapiens,6/24/2020,8/7/2020
SEWA_N02_PHN1,47.6723,-122.3598,Summer20,7/29/2020 6:52,Homo sapiens,6/24/2020,8/7/2020
SEWA_N02_PHN1,47.6723,-122.3598,Summer20,7/29/2020 7:27,Corvus brachyrhynchos,6/24/2020,8/7/2020
SEWA_N02_PHN1,47.6723,-122.3598,Summer20,7/29/2020 9:49,Homo sapiens,6/24/2020,8/7/2020
SEWA_N02_PHN1,47.6723,-122.3598,Summer20,7/29/2020 10:00,Homo sapiens,6/24/2020,8/7/2020
SEWA_N02_PHN1,47.6723,-122.3598,Summer20,7/29/2020 11:08,Homo sapiens,6/24/2020,8/7/2020
SEWA_N02_PHN1,47.6723,-122.3598,Summer20,7/29/2020 11:08,Corvus brachyrhynchos,6/24/2020,8/7/2020
SEWA_N02_PHN1,47.6723,-122.3598,Summer20,7/29/2020 13:37,Homo sapiens,6/24/2020,8/7/2020
SEWA_N02_PHN1,47.6723,-122.3598,Summer20,7/29/2020 17:37,Homo sapiens,6/24/2020,8/7/2020
SEWA_N02_PHN1,47.6723,-122.3598,Summer20,7/29/2020 20:53,Homo sapiens,6/24/2020,8/7/2020
SEWA_N02_PHN1,47.6723,-122.3598,Summer20,7/29/2020 20:58,Homo sapiens,6/24/2020,8/7/2020
SEWA_N02_PHN1,47.6723,-122.3598,Summer20,7/30/2020 6:01,Homo sapiens,6/24/2020,8/7/2020
SEWA_N02_PHN1,47.6723,-122.3598,Summer20,7/30/2020 6:23,Sciurus carolinensis,6/24/2020,8/7/2020
SEWA_N02_PHN1,47.6723,-122.3598,Summer20,7/30/2020 8:25,Corvus brachyrhynchos,6/24/2020,8/7/2020
SEWA_N02_PHN1,47.6723,-122.3598,Summer20,7/30/2020 8:52,Homo sapiens,6/24/2020,8/7/2020
SEWA_N02_PHN1,47.6723,-122.3598,Summer20,7/30/2020 16:00,Homo sapiens,6/24/2020,8/7/2020
SEWA_N02_PHN1,47.6723,-122.3598,Summer20,7/30/2020 17:01,Homo sapiens,6/24/2020,8/7/2020
SEWA_N02_PHN1,47.6723,-122.3598,Summer20,7/30/2020 17:01,Canis familiaris,6/24/2020,8/7/2020
SEWA_N02_PHN1,47.6723,-122.3598,Summer20,7/30/2020 17:05,Canis familiaris,6/24/2020,8/7/2020
SEWA_N02_PHN1,47.6723,-122.3598,Summer20,7/30/2020 17:05,Homo sapiens,6/24/2020,8/7/2020
SEWA_N02_PHN1,47.6723,-122.3598,Summer20,7/30/2020 19:57,Homo sapiens,6/24/2020,8/7/2020
SEWA_N02_PHN1,47.6723,-122.3598,Summer20,7/30/2020 20:03,Homo sapiens,6/24/2020,8/7/2020
SEWA_N02_PHN1,47.6723,-122.3598,Summer20,7/30/2020 20:22,Homo sapiens,6/24/2020,8/7/2020
SEWA_N02_PHN1,47.6723,-122.3598,Summer20,7/30/2020 20:26,Homo sapiens,6/24/2020,8/7/2020
SEWA_N02_PHN1,47.6723,-122.3598,Summer20,7/30/2020 20:28,Homo sapiens,6/24/2020,8/7/2020
SEWA_N02_PHN1,47.6723,-122.3598,Summer20,7/31/2020 8:25,Homo sapiens,6/24/2020,8/7/2020
SEWA_N02_PHN1,47.6723,-122.3598,Summer20,7/31/2020 8:45,Corvus brachyrhynchos,6/24/2020,8/7/2020
SEWA_N02_PHN1,47.6723,-122.3598,Summer20,7/31/2020 8:45,Homo sapiens,6/24/2020,8/7/2020
SEWA_N02_PHN1,47.6723,-122.3598,Summer20,7/31/2020 13:46,Homo sapiens,6/24/2020,8/7/2020
SEWA_N02_PHN1,47.6723,-122.3598,Summer20,7/31/2020 15:37,Homo sapiens,6/24/2020,8/7/2020
SEWA_N02_PHN1,47.6723,-122.3598,Summer20,7/31/2020 16:43,Homo sapiens,6/24/2020,8/7/2020
SEWA_N02_PHN1,47.6723,-122.3598,Summer20,7/31/2020 19:15,Homo sapiens,6/24/2020,8/7/2020
SEWA_N02_PHN1,47.6723,-122.3598,Summer20,7/31/2020 19:52,Homo sapiens,6/24/2020,8/7/2020
SEWA_N02_PHN1,47.6723,-122.3598,Summer20,7/31/2020 19:54,Homo sapiens,6/24/2020,8/7/2020
SEWA_N02_PHN1,47.6723,-122.3598,Summer20,8/1/2020 7:22,Sciurus carolinensis,6/24/2020,8/7/2020
SEWA_N02_PHN1,47.6723,-122.3598,Summer20,8/1/2020 7:22,Homo sapiens,6/24/2020,8/7/2020
SEWA_N02_PHN1,47.6723,-122.3598,Summer20,8/1/2020 12:52,Homo sapiens,6/24/2020,8/7/2020
SEWA_N02_PHN1,47.6723,-122.3598,Summer20,8/1/2020 12:53,Homo sapiens,6/24/2020,8/7/2020
SEWA_N02_PHN1,47.6723,-122.3598,Summer20,8/1/2020 14:44,Homo sapiens,6/24/2020,8/7/2020
SEWA_N02_PHN1,47.6723,-122.3598,Summer20,8/1/2020 15:09,Homo sapiens,6/24/2020,8/7/2020
SEWA_N02_PHN1,47.6723,-122.3598,Summer20,8/1/2020 16:21,Homo sapiens,6/24/2020,8/7/2020
SEWA_N02_PHN1,47.6723,-122.3598,Summer20,8/1/2020 18:37,Homo sapiens,6/24/2020,8/7/2020
SEWA_N02_PHN1,47.6723,-122.3598,Summer20,8/1/2020 18:37,Canis familiaris,6/24/2020,8/7/2020
SEWA_N02_PHN1,47.6723,-122.3598,Summer20,8/1/2020 18:40,Corvus brachyrhynchos,6/24/2020,8/7/2020
SEWA_N02_PHN1,47.6723,-122.3598,Summer20,8/1/2020 21:01,Canis familiaris,6/24/2020,8/7/2020
SEWA_N02_PHN1,47.6723,-122.3598,Summer20,8/1/2020 21:07,Canis familiaris,6/24/2020,8/7/2020
SEWA_N02_PHN1,47.6723,-122.3598,Summer20,8/1/2020 21:09,Canis familiaris,6/24/2020,8/7/2020
SEWA_N02_PHN1,47.6723,-122.3598,Summer20,8/2/2020 8:39,Corvus brachyrhynchos,6/24/2020,8/7/2020
SEWA_N02_PHN1,47.6723,-122.3598,Summer20,8/2/2020 8:39,Homo sapiens,6/24/2020,8/7/2020
SEWA_N02_PHN1,47.6723,-122.3598,Summer20,8/2/2020 8:40,Corvus brachyrhynchos,6/24/2020,8/7/2020
SEWA_N02_PHN1,47.6723,-122.3598,Summer20,8/2/2020 9:24,Corvus brachyrhynchos,6/24/2020,8/7/2020
SEWA_N02_PHN1,47.6723,-122.3598,Summer20,8/2/2020 9:24,Homo sapiens,6/24/2020,8/7/2020
SEWA_N02_PHN1,47.6723,-122.3598,Summer20,8/2/2020 10:19,Homo sapiens,6/24/2020,8/7/2020
SEWA_N02_PHN1,47.6723,-122.3598,Summer20,8/2/2020 10:49,Homo sapiens,6/24/2020,8/7/2020
SEWA_N02_PHN1,47.6723,-122.3598,Summer20,8/2/2020 10:55,Homo sapiens,6/24/2020,8/7/2020
SEWA_N02_PHN1,47.6723,-122.3598,Summer20,8/2/2020 14:59,Corvus brachyrhynchos,6/24/2020,8/7/2020
SEWA_N02_PHN1,47.6723,-122.3598,Summer20,8/2/2020 17:10,Homo sapiens,6/24/2020,8/7/2020
SEWA_N02_PHN1,47.6723,-122.3598,Summer20,8/2/2020 17:10,Canis familiaris,6/24/2020,8/7/2020
SEWA_N02_PHN1,47.6723,-122.3598,Summer20,8/2/2020 17:13,Homo sapiens,6/24/2020,8/7/2020
SEWA_N02_PHN1,47.6723,-122.3598,Summer20,8/2/2020 17:13,Canis familiaris,6/24/2020,8/7/2020
SEWA_N02_PHN1,47.6723,-122.3598,Summer20,8/2/2020 17:17,Corvus brachyrhynchos,6/24/2020,8/7/2020
SEWA_N02_PHN1,47.6723,-122.3598,Summer20,8/2/2020 17:48,Homo sapiens,6/24/2020,8/7/2020
SEWA_N02_PHN1,47.6723,-122.3598,Summer20,8/2/2020 20:33,Homo sapiens,6/24/2020,8/7/2020
SEWA_N02_PHN1,47.6723,-122.3598,Summer20,8/3/2020 6:31,Homo sapiens,6/24/2020,8/7/2020
SEWA_N02_PHN1,47.6723,-122.3598,Summer20,8/3/2020 8:08,Homo sapiens,6/24/2020,8/7/2020
SEWA_N02_PHN1,47.6723,-122.3598,Summer20,8/3/2020 8:26,Homo sapiens,6/24/2020,8/7/2020
SEWA_N02_PHN1,47.6723,-122.3598,Summer20,8/3/2020 9:42,Corvus brachyrhynchos,6/24/2020,8/7/2020
SEWA_N02_PHN1,47.6723,-122.3598,Summer20,8/3/2020 9:43,Corvus brachyrhynchos,6/24/2020,8/7/2020
SEWA_N02_PHN1,47.6723,-122.3598,Summer20,8/3/2020 10:32,Homo sapiens,6/24/2020,8/7/2020
SEWA_N02_PHN1,47.6723,-122.3598,Summer20,8/3/2020 10:45,Homo sapiens,6/24/2020,8/7/2020
SEWA_N02_PHN1,47.6723,-122.3598,Summer20,8/3/2020 12:44,Homo sapiens,6/24/2020,8/7/2020
SEWA_N02_PHN1,47.6723,-122.3598,Summer20,8/3/2020 13:16,Homo sapiens,6/24/2020,8/7/2020
SEWA_N02_PHN1,47.6723,-122.3598,Summer20,8/3/2020 13:50,Homo sapiens,6/24/2020,8/7/2020
SEWA_N02_PHN1,47.6723,-122.3598,Summer20,8/3/2020 14:05,Homo sapiens,6/24/2020,8/7/2020
SEWA_N02_PHN1,47.6723,-122.3598,Summer20,8/3/2020 14:26,Homo sapiens,6/24/2020,8/7/2020
SEWA_N02_PHN1,47.6723,-122.3598,Summer20,8/3/2020 16:38,Canis familiaris,6/24/2020,8/7/2020
SEWA_N02_PHN1,47.6723,-122.3598,Summer20,8/3/2020 16:38,Homo sapiens,6/24/2020,8/7/2020
SEWA_N02_PHN1,47.6723,-122.3598,Summer20,8/3/2020 16:45,Corvus brachyrhynchos,6/24/2020,8/7/2020
SEWA_N02_PHN1,47.6723,-122.3598,Summer20,8/3/2020 16:50,Homo sapiens,6/24/2020,8/7/2020
SEWA_N02_PHN1,47.6723,-122.3598,Summer20,8/3/2020 17:21,Homo sapiens,6/24/2020,8/7/2020
SEWA_N02_PHN1,47.6723,-122.3598,Summer20,8/3/2020 17:21,Canis familiaris,6/24/2020,8/7/2020
SEWA_N02_PHN1,47.6723,-122.3598,Summer20,8/3/2020 18:40,Homo sapiens,6/24/2020,8/7/2020
SEWA_N02_PHN1,47.6723,-122.3598,Summer20,8/3/2020 18:53,Homo sapiens,6/24/2020,8/7/2020
SEWA_N02_PHN1,47.6723,-122.3598,Summer20,8/3/2020 19:02,Homo sapiens,6/24/2020,8/7/2020
SEWA_N02_PHN1,47.6723,-122.3598,Summer20,8/3/2020 19:10,Homo sapiens,6/24/2020,8/7/2020
SEWA_N02_PHN1,47.6723,-122.3598,Summer20,8/3/2020 19:38,Canis familiaris,6/24/2020,8/7/2020
SEWA_N02_PHN1,47.6723,-122.3598,Summer20,8/3/2020 19:38,Homo sapiens,6/24/2020,8/7/2020
SEWA_N02_PHN1,47.6723,-122.3598,Summer20,8/3/2020 20:57,Homo sapiens,6/24/2020,8/7/2020
SEWA_N02_PHN1,47.6723,-122.3598,Summer20,8/4/2020 0:19,Canis familiaris,6/24/2020,8/7/2020
SEWA_N02_PHN1,47.6723,-122.3598,Summer20,8/4/2020 0:19,Homo sapiens,6/24/2020,8/7/2020
SEWA_N02_PHN1,47.6723,-122.3598,Summer20,8/4/2020 0:33,Canis familiaris,6/24/2020,8/7/2020
SEWA_N02_PHN1,47.6723,-122.3598,Summer20,8/4/2020 0:33,Homo sapiens,6/24/2020,8/7/2020
SEWA_N02_PHN1,47.6723,-122.3598,Summer20,8/4/2020 4:21,Procyon lotor,6/24/2020,8/7/2020
SEWA_N02_PHN1,47.6723,-122.3598,Summer20,8/4/2020 6:41,Homo sapiens,6/24/2020,8/7/2020
SEWA_N02_PHN1,47.6723,-122.3598,Summer20,8/4/2020 8:16,Homo sapiens,6/24/2020,8/7/2020
SEWA_N02_PHN1,47.6723,-122.3598,Summer20,8/4/2020 8:18,Homo sapiens,6/24/2020,8/7/2020
SEWA_N02_PHN1,47.6723,-122.3598,Summer20,8/4/2020 8:41,Homo sapiens,6/24/2020,8/7/2020
SEWA_N02_PHN1,47.6723,-122.3598,Summer20,8/4/2020 12:45,Homo sapiens,6/24/2020,8/7/2020
SEWA_N02_PHN1,47.6723,-122.3598,Summer20,8/4/2020 12:45,Corvus brachyrhynchos,6/24/2020,8/7/2020
SEWA_N02_PHN1,47.6723,-122.3598,Summer20,8/4/2020 12:45,Canis familiaris,6/24/2020,8/7/2020
SEWA_N02_PHN1,47.6723,-122.3598,Summer20,8/4/2020 13:39,Sciurus carolinensis,6/24/2020,8/7/2020
SEWA_N02_PHN1,47.6723,-122.3598,Summer20,8/4/2020 17:58,Homo sapiens,6/24/2020,8/7/2020
SEWA_N02_PHN1,47.6723,-122.3598,Summer20,8/4/2020 18:22,Homo sapiens,6/24/2020,8/7/2020
SEWA_N02_PHN1,47.6723,-122.3598,Summer20,8/4/2020 18:54,Homo sapiens,6/24/2020,8/7/2020
SEWA_N02_PHN1,47.6723,-122.3598,Summer20,8/4/2020 20:06,Homo sapiens,6/24/2020,8/7/2020
SEWA_N02_PHN1,47.6723,-122.3598,Summer20,8/4/2020 20:06,Canis familiaris,6/24/2020,8/7/2020
SEWA_N02_PHN1,47.6723,-122.3598,Summer20,8/5/2020 6:35,Homo sapiens,6/24/2020,8/7/2020
SEWA_N02_PHN1,47.6723,-122.3598,Summer20,8/5/2020 6:38,Homo sapiens,6/24/2020,8/7/2020
SEWA_N02_PHN1,47.6723,-122.3598,Summer20,8/5/2020 7:15,Sciurus carolinensis,6/24/2020,8/7/2020
SEWA_N02_PHN1,47.6723,-122.3598,Summer20,8/5/2020 7:42,Homo sapiens,6/24/2020,8/7/2020
SEWA_N02_PHN1,47.6723,-122.3598,Summer20,8/5/2020 7:45,Homo sapiens,6/24/2020,8/7/2020
SEWA_N02_PHN1,47.6723,-122.3598,Summer20,8/5/2020 7:45,Corvus brachyrhynchos,6/24/2020,8/7/2020
SEWA_N02_PHN1,47.6723,-122.3598,Summer20,8/5/2020 8:15,Homo sapiens,6/24/2020,8/7/2020
SEWA_N02_PHN1,47.6723,-122.3598,Summer20,8/5/2020 9:48,Homo sapiens,6/24/2020,8/7/2020
SEWA_N02_PHN1,47.6723,-122.3598,Summer20,8/5/2020 10:08,Corvus brachyrhynchos,6/24/2020,8/7/2020
SEWA_N02_PHN1,47.6723,-122.3598,Summer20,8/5/2020 10:23,Homo sapiens,6/24/2020,8/7/2020
SEWA_N02_PHN1,47.6723,-122.3598,Summer20,8/5/2020 14:12,Corvus brachyrhynchos,6/24/2020,8/7/2020
SEWA_N02_PHN1,47.6723,-122.3598,Summer20,8/5/2020 14:55,Homo sapiens,6/24/2020,8/7/2020
SEWA_N02_PHN1,47.6723,-122.3598,Summer20,8/5/2020 16:12,Homo sapiens,6/24/2020,8/7/2020
SEWA_N02_PHN1,47.6723,-122.3598,Summer20,8/5/2020 16:22,Homo sapiens,6/24/2020,8/7/2020
SEWA_N02_PHN1,47.6723,-122.3598,Summer20,8/5/2020 18:49,Homo sapiens,6/24/2020,8/7/2020
SEWA_N02_PHN1,47.6723,-122.3598,Summer20,8/5/2020 18:59,Homo sapiens,6/24/2020,8/7/2020
SEWA_N02_PHN1,47.6723,-122.3598,Summer20,8/5/2020 20:10,Homo sapiens,6/24/2020,8/7/2020
SEWA_N02_PHN1,47.6723,-122.3598,Summer20,8/5/2020 20:10,Canis familiaris,6/24/2020,8/7/2020
SEWA_N02_PHN1,47.6723,-122.3598,Summer20,8/5/2020 20:12,Homo sapiens,6/24/2020,8/7/2020
SEWA_N02_PHN1,47.6723,-122.3598,Summer20,8/5/2020 20:14,Homo sapiens,6/24/2020,8/7/2020
SEWA_N02_PHN1,47.6723,-122.3598,Summer20,8/5/2020 20:20,Homo sapiens,6/24/2020,8/7/2020
SEWA_N02_PHN1,47.6723,-122.3598,Summer20,8/5/2020 20:24,Homo sapiens,6/24/2020,8/7/2020
SEWA_N02_PHN1,47.6723,-122.3598,Summer20,8/5/2020 20:46,Homo sapiens,6/24/2020,8/7/2020
SEWA_N02_PHN1,47.6723,-122.3598,Summer20,8/5/2020 20:47,Canis familiaris,6/24/2020,8/7/2020
SEWA_N02_PHN1,47.6723,-122.3598,Summer20,8/5/2020 20:47,Homo sapiens,6/24/2020,8/7/2020
SEWA_N02_PHN1,47.6723,-122.3598,Summer20,8/5/2020 21:13,Homo sapiens,6/24/2020,8/7/2020
SEWA_N02_PHN1,47.6723,-122.3598,Summer20,8/6/2020 9:00,Homo sapiens,6/24/2020,8/7/2020
SEWA_N02_PHN1,47.6723,-122.3598,Summer20,8/6/2020 11:48,Canis familiaris,6/24/2020,8/7/2020
SEWA_N02_PHN1,47.6723,-122.3598,Summer20,8/6/2020 11:48,Homo sapiens,6/24/2020,8/7/2020
SEWA_N02_PHN1,47.6723,-122.3598,Summer20,8/6/2020 15:32,Homo sapiens,6/24/2020,8/7/2020
SEWA_N02_PHN1,47.6723,-122.3598,Summer20,8/6/2020 18:16,Homo sapiens,6/24/2020,8/7/2020
SEWA_N02_PHN1,47.6723,-122.3598,Summer20,8/6/2020 19:11,Homo sapiens,6/24/2020,8/7/2020
SEWA_N02_PHN1,47.6723,-122.3598,Summer20,8/6/2020 19:19,Canis familiaris,6/24/2020,8/7/2020
SEWA_N02_PHN1,47.6723,-122.3598,Summer20,8/6/2020 19:19,Homo sapiens,6/24/2020,8/7/2020
SEWA_N02_PHN1,47.6723,-122.3598,Summer20,8/6/2020 19:34,Homo sapiens,6/24/2020,8/7/2020
SEWA_N02_PHN1,47.6723,-122.3598,Summer20,8/6/2020 20:01,Homo sapiens,6/24/2020,8/7/2020
SEWA_N02_PHN1,47.6723,-122.3598,Summer20,8/6/2020 20:17,Homo sapiens,6/24/2020,8/7/2020
SEWA_N02_PHN1,47.6723,-122.3598,Summer20,8/6/2020 20:19,Homo sapiens,6/24/2020,8/7/2020
SEWA_N02_PHN1,47.6723,-122.3598,Summer20,8/6/2020 20:22,Homo sapiens,6/24/2020,8/7/2020
SEWA_N02_PHN1,47.6723,-122.3598,Summer20,8/6/2020 20:24,Homo sapiens,6/24/2020,8/7/2020
SEWA_N02_PHY1,47.6708,-122.3596,Summer20,8/1/2020 0:38,Procyon lotor,6/24/2020,8/7/2020
SEWA_N02_PHY1,47.6708,-122.3596,Summer20,8/1/2020 10:00,Homo sapiens,6/24/2020,8/7/2020
SEWA_N02_PHY1,47.6708,-122.3596,Summer20,8/1/2020 10:07,Homo sapiens,6/24/2020,8/7/2020
SEWA_N02_PHY1,47.6708,-122.3596,Summer20,8/1/2020 13:39,Homo sapiens,6/24/2020,8/7/2020
SEWA_N02_PHY1,47.6708,-122.3596,Summer20,8/1/2020 16:56,Homo sapiens,6/24/2020,8/7/2020
SEWA_N02_PHY1,47.6708,-122.3596,Summer20,8/1/2020 19:04,Homo sapiens,6/24/2020,8/7/2020
SEWA_N02_PHY1,47.6708,-122.3596,Summer20,8/1/2020 20:29,Homo sapiens,6/24/2020,8/7/2020
SEWA_N02_PHY1,47.6708,-122.3596,Summer20,8/1/2020 20:29,Canis familiaris,6/24/2020,8/7/2020
SEWA_N02_PHY1,47.6708,-122.3596,Summer20,8/2/2020 10:26,Homo sapiens,6/24/2020,8/7/2020
SEWA_N02_PHY1,47.6708,-122.3596,Summer20,8/2/2020 10:30,Homo sapiens,6/24/2020,8/7/2020
SEWA_N02_PHY1,47.6708,-122.3596,Summer20,8/2/2020 10:33,Homo sapiens,6/24/2020,8/7/2020
SEWA_N02_PHY1,47.6708,-122.3596,Summer20,8/2/2020 12:55,Homo sapiens,6/24/2020,8/7/2020
SEWA_N02_PHY1,47.6708,-122.3596,Summer20,8/2/2020 12:57,Homo sapiens,6/24/2020,8/7/2020
SEWA_N02_PHY1,47.6708,-122.3596,Summer20,8/2/2020 17:41,Homo sapiens,6/24/2020,8/7/2020
SEWA_N02_PHY1,47.6708,-122.3596,Summer20,8/2/2020 18:56,Homo sapiens,6/24/2020,8/7/2020
SEWA_N02_PHY1,47.6708,-122.3596,Summer20,8/2/2020 18:56,Canis familiaris,6/24/2020,8/7/2020
SEWA_N02_PHY1,47.6708,-122.3596,Summer20,8/2/2020 19:27,Homo sapiens,6/24/2020,8/7/2020
SEWA_N02_PHY1,47.6708,-122.3596,Summer20,8/2/2020 20:41,Homo sapiens,6/24/2020,8/7/2020
SEWA_N02_PHY1,47.6708,-122.3596,Summer20,8/2/2020 21:30,Homo sapiens,6/24/2020,8/7/2020
SEWA_N02_PHY1,47.6708,-122.3596,Summer20,8/2/2020 21:30,Canis familiaris,6/24/2020,8/7/2020
SEWA_N02_PHY1,47.6708,-122.3596,Summer20,8/3/2020 12:14,Homo sapiens,6/24/2020,8/7/2020
SEWA_N02_PHY1,47.6708,-122.3596,Summer20,8/3/2020 13:41,Homo sapiens,6/24/2020,8/7/2020
SEWA_N02_PHY1,47.6708,-122.3596,Summer20,8/3/2020 18:18,Homo sapiens,6/24/2020,8/7/2020
SEWA_N02_PHY1,47.6708,-122.3596,Summer20,8/3/2020 18:32,Canis familiaris,6/24/2020,8/7/2020
SEWA_N02_PHY1,47.6708,-122.3596,Summer20,8/3/2020 18:32,Homo sapiens,6/24/2020,8/7/2020
SEWA_N02_PHY1,47.6708,-122.3596,Summer20,8/3/2020 20:24,Homo sapiens,6/24/2020,8/7/2020
SEWA_N02_PHY1,47.6708,-122.3596,Summer20,8/3/2020 20:46,Homo sapiens,6/24/2020,8/7/2020
SEWA_N02_PHY1,47.6708,-122.3596,Summer20,8/3/2020 23:05,Canis latrans,6/24/2020,8/7/2020
SEWA_N02_PHY1,47.6708,-122.3596,Summer20,8/4/2020 4:12,Homo sapiens,6/24/2020,8/7/2020
SEWA_N02_PHY1,47.6708,-122.3596,Summer20,8/4/2020 4:14,Homo sapiens,6/24/2020,8/7/2020
SEWA_N02_PHY1,47.6708,-122.3596,Summer20,8/4/2020 4:20,Homo sapiens,6/24/2020,8/7/2020
SEWA_N02_PHY1,47.6708,-122.3596,Summer20,8/4/2020 4:20,Canis familiaris,6/24/2020,8/7/2020
SEWA_N02_PHY1,47.6708,-122.3596,Summer20,8/4/2020 5:19,Canis familiaris,6/24/2020,8/7/2020
SEWA_N02_PHY1,47.6708,-122.3596,Summer20,8/4/2020 5:19,Homo sapiens,6/24/2020,8/7/2020
SEWA_N02_PHY1,47.6708,-122.3596,Summer20,8/4/2020 11:30,Homo sapiens,6/24/2020,8/7/2020
SEWA_N02_PHY1,47.6708,-122.3596,Summer20,8/4/2020 11:30,Canis familiaris,6/24/2020,8/7/2020
SEWA_N02_PHY1,47.6708,-122.3596,Summer20,8/4/2020 12:26,Canis familiaris,6/24/2020,8/7/2020
SEWA_N02_PHY1,47.6708,-122.3596,Summer20,8/4/2020 12:26,Homo sapiens,6/24/2020,8/7/2020
SEWA_N02_PHY1,47.6708,-122.3596,Summer20,8/4/2020 19:52,Felis catus,6/24/2020,8/7/2020
SEWA_N02_PHY1,47.6708,-122.3596,Summer20,8/4/2020 20:01,Homo sapiens,6/24/2020,8/7/2020
SEWA_N02_PHY1,47.6708,-122.3596,Summer20,8/4/2020 20:01,Canis familiaris,6/24/2020,8/7/2020
SEWA_N02_PHY1,47.6708,-122.3596,Summer20,8/4/2020 20:04,Felis catus,6/24/2020,8/7/2020
SEWA_N02_PHY1,47.6708,-122.3596,Summer20,8/4/2020 20:29,Homo sapiens,6/24/2020,8/7/2020
SEWA_N02_PHY1,47.6708,-122.3596,Summer20,8/4/2020 20:29,Canis familiaris,6/24/2020,8/7/2020
SEWA_N02_PHY1,47.6708,-122.3596,Summer20,8/5/2020 7:55,Canis familiaris,6/24/2020,8/7/2020
SEWA_N02_PHY1,47.6708,-122.3596,Summer20,8/5/2020 7:55,Homo sapiens,6/24/2020,8/7/2020
SEWA_N02_PHY1,47.6708,-122.3596,Summer20,8/5/2020 8:48,Homo sapiens,6/24/2020,8/7/2020
SEWA_N02_PHY1,47.6708,-122.3596,Summer20,8/5/2020 18:42,Homo sapiens,6/24/2020,8/7/2020
SEWA_N02_PHY1,47.6708,-122.3596,Summer20,8/5/2020 18:42,Canis familiaris,6/24/2020,8/7/2020
SEWA_N02_PHY1,47.6708,-122.3596,Summer20,8/5/2020 23:01,Canis familiaris,6/24/2020,8/7/2020
SEWA_N02_PHY1,47.6708,-122.3596,Summer20,8/5/2020 23:01,Homo sapiens,6/24/2020,8/7/2020
SEWA_N02_PHY1,47.6708,-122.3596,Summer20,8/5/2020 23:03,Canis familiaris,6/24/2020,8/7/2020
SEWA_N02_PHY1,47.6708,-122.3596,Summer20,8/5/2020 23:03,Homo sapiens,6/24/2020,8/7/2020
SEWA_N02_PHY1,47.6708,-122.3596,Summer20,8/6/2020 19:58,Canis familiaris,6/24/2020,8/7/2020
SEWA_N02_PHY1,47.6708,-122.3596,Summer20,8/6/2020 19:58,Homo sapiens,6/24/2020,8/7/2020
SEWA_N03_IRP1,47.69055,-122.28101,Summer20,6/27/2020 15:01,Homo sapiens,6/24/2020,8/7/2020
SEWA_N03_IRP1,47.69055,-122.28101,Summer20,6/27/2020 15:03,Homo sapiens,6/24/2020,8/7/2020
SEWA_N03_IRP1,47.69055,-122.28101,Summer20,6/27/2020 19:28,Canis latrans,6/24/2020,8/7/2020
SEWA_N03_IRP1,47.69055,-122.28101,Summer20,6/27/2020 19:32,Canis latrans,6/24/2020,8/7/2020
SEWA_N03_IRP1,47.69055,-122.28101,Summer20,6/27/2020 23:41,Canis latrans,6/24/2020,8/7/2020
SEWA_N03_IRP1,47.69055,-122.28101,Summer20,6/28/2020 5:59,Canis latrans,6/24/2020,8/7/2020
SEWA_N03_IRP1,47.69055,-122.28101,Summer20,6/28/2020 6:00,Canis latrans,6/24/2020,8/7/2020
SEWA_N03_IRP1,47.69055,-122.28101,Summer20,6/28/2020 11:09,Canis latrans,6/24/2020,8/7/2020
SEWA_N03_IRP1,47.69055,-122.28101,Summer20,6/28/2020 20:16,Canis latrans,6/24/2020,8/7/2020
SEWA_N03_IRP1,47.69055,-122.28101,Summer20,6/28/2020 21:36,Canis latrans,6/24/2020,8/7/2020
SEWA_N03_IRP1,47.69055,-122.28101,Summer20,6/28/2020 21:47,Canis latrans,6/24/2020,8/7/2020
SEWA_N03_IRP1,47.69055,-122.28101,Summer20,6/28/2020 23:18,Canis latrans,6/24/2020,8/7/2020
SEWA_N03_IRP1,47.69055,-122.28101,Summer20,6/29/2020 17:00,Canis latrans,6/24/2020,8/7/2020
SEWA_N03_IRP1,47.69055,-122.28101,Summer20,6/29/2020 17:04,Canis latrans,6/24/2020,8/7/2020
SEWA_N03_IRP1,47.69055,-122.28101,Summer20,6/29/2020 21:40,Canis latrans,6/24/2020,8/7/2020
SEWA_N03_IRP1,47.69055,-122.28101,Summer20,6/29/2020 21:52,Canis latrans,6/24/2020,8/7/2020
SEWA_N03_IRP1,47.69055,-122.28101,Summer20,6/29/2020 23:19,Canis latrans,6/24/2020,8/7/2020
SEWA_N03_IRP1,47.69055,-122.28101,Summer20,6/30/2020 0:22,Canis latrans,6/24/2020,8/7/2020
SEWA_N03_IRP1,47.69055,-122.28101,Summer20,6/30/2020 9:45,Sciurus carolinensis,6/24/2020,8/7/2020
SEWA_N03_IRP1,47.69055,-122.28101,Summer20,6/30/2020 14:03,Canis latrans,6/24/2020,8/7/2020
SEWA_N03_IRP1,47.69055,-122.28101,Summer20,6/30/2020 20:57,Canis latrans,6/24/2020,8/7/2020
SEWA_N03_IRP1,47.69055,-122.28101,Summer20,6/30/2020 23:00,Canis latrans,6/24/2020,8/7/2020
SEWA_N03_IRP1,47.69055,-122.28101,Summer20,7/1/2020 9:52,Procyon lotor,6/24/2020,8/7/2020
SEWA_N03_IRP1,47.69055,-122.28101,Summer20,7/1/2020 9:54,Procyon lotor,6/24/2020,8/7/2020
SEWA_N03_IRP1,47.69055,-122.28101,Summer20,7/1/2020 14:43,Sciurus carolinensis,6/24/2020,8/7/2020
SEWA_N03_IRP1,47.69055,-122.28101,Summer20,7/1/2020 21:37,Canis latrans,6/24/2020,8/7/2020
SEWA_N03_IRP1,47.69055,-122.28101,Summer20,7/1/2020 23:40,Canis latrans,6/24/2020,8/7/2020
SEWA_N03_IRP1,47.69055,-122.28101,Summer20,7/2/2020 17:10,Canis latrans,6/24/2020,8/7/2020
SEWA_N03_IRP1,47.69055,-122.28101,Summer20,7/3/2020 10:22,Sciurus carolinensis,6/24/2020,8/7/2020
SEWA_N03_IRP1,47.69055,-122.28101,Summer20,7/3/2020 18:21,Sciurus carolinensis,6/24/2020,8/7/2020
SEWA_N03_IRP1,47.69055,-122.28101,Summer20,7/4/2020 15:35,Sciurus carolinensis,6/24/2020,8/7/2020
SEWA_N03_IRP1,47.69055,-122.28101,Summer20,7/5/2020 9:11,Sciurus carolinensis,6/24/2020,8/7/2020
SEWA_N03_IRP1,47.69055,-122.28101,Summer20,7/5/2020 22:30,Rattus rattus,6/24/2020,8/7/2020
SEWA_N03_IRP1,47.69055,-122.28101,Summer20,7/6/2020 2:59,Canis latrans,6/24/2020,8/7/2020
SEWA_N03_IRP1,47.69055,-122.28101,Summer20,7/6/2020 7:16,Sciurus carolinensis,6/24/2020,8/7/2020
SEWA_N03_IRP1,47.69055,-122.28101,Summer20,7/6/2020 8:06,Sciurus carolinensis,6/24/2020,8/7/2020
SEWA_N03_IRP1,47.69055,-122.28101,Summer20,7/6/2020 10:16,Sciurus carolinensis,6/24/2020,8/7/2020
SEWA_N03_IRP1,47.69055,-122.28101,Summer20,7/6/2020 15:13,Sciurus carolinensis,6/24/2020,8/7/2020
SEWA_N03_IRP1,47.69055,-122.28101,Summer20,7/6/2020 21:41,Rattus rattus,6/24/2020,8/7/2020
SEWA_N03_IRP1,47.69055,-122.28101,Summer20,7/7/2020 0:40,Rattus rattus,6/24/2020,8/7/2020
SEWA_N03_IRP1,47.69055,-122.28101,Summer20,7/7/2020 0:49,Rattus rattus,6/24/2020,8/7/2020
SEWA_N03_IRP1,47.69055,-122.28101,Summer20,7/7/2020 6:05,Canis latrans,6/24/2020,8/7/2020
SEWA_N03_IRP1,47.69055,-122.28101,Summer20,7/7/2020 7:45,Sciurus carolinensis,6/24/2020,8/7/2020
SEWA_N03_IRP1,47.69055,-122.28101,Summer20,7/7/2020 10:41,Sciurus carolinensis,6/24/2020,8/7/2020
SEWA_N03_IRP1,47.69055,-122.28101,Summer20,7/7/2020 10:51,Sciurus carolinensis,6/24/2020,8/7/2020
SEWA_N03_IRP1,47.69055,-122.28101,Summer20,7/7/2020 10:55,Sciurus carolinensis,6/24/2020,8/7/2020
SEWA_N03_IRP1,47.69055,-122.28101,Summer20,7/7/2020 11:10,Sciurus carolinensis,6/24/2020,8/7/2020
SEWA_N03_IRP1,47.69055,-122.28101,Summer20,7/7/2020 11:11,Sciurus carolinensis,6/24/2020,8/7/2020
SEWA_N03_IRP1,47.69055,-122.28101,Summer20,7/7/2020 16:09,Sciurus carolinensis,6/24/2020,8/7/2020
SEWA_N03_IRP1,47.69055,-122.28101,Summer20,7/8/2020 1:08,Rattus rattus,6/24/2020,8/7/2020
SEWA_N03_IRP1,47.69055,-122.28101,Summer20,7/8/2020 3:00,Rattus rattus,6/24/2020,8/7/2020
SEWA_N03_IRP1,47.69055,-122.28101,Summer20,7/8/2020 3:10,Canis latrans,6/24/2020,8/7/2020
SEWA_N03_IRP1,47.69055,-122.28101,Summer20,7/8/2020 6:10,Canis latrans,6/24/2020,8/7/2020
SEWA_N03_IRP1,47.69055,-122.28101,Summer20,7/8/2020 8:18,Sciurus carolinensis,6/24/2020,8/7/2020
SEWA_N03_IRP1,47.69055,-122.28101,Summer20,7/8/2020 11:15,Sciurus carolinensis,6/24/2020,8/7/2020
SEWA_N03_IRP1,47.69055,-122.28101,Summer20,7/8/2020 22:41,Rattus rattus,6/24/2020,8/7/2020
SEWA_N03_IRP1,47.69055,-122.28101,Summer20,7/9/2020 1:08,Rattus rattus,6/24/2020,8/7/2020
SEWA_N03_IRP1,47.69055,-122.28101,Summer20,7/9/2020 6:34,Canis latrans,6/24/2020,8/7/2020
SEWA_N03_IRP1,47.69055,-122.28101,Summer20,7/10/2020 1:57,Rattus rattus,6/24/2020,8/7/2020
SEWA_N03_IRP1,47.69055,-122.28101,Summer20,7/10/2020 8:17,Sciurus carolinensis,6/24/2020,8/7/2020
SEWA_N03_IRP1,47.69055,-122.28101,Summer20,7/10/2020 8:46,Sciurus carolinensis,6/24/2020,8/7/2020
SEWA_N03_IRP1,47.69055,-122.28101,Summer20,7/10/2020 9:05,Canis latrans,6/24/2020,8/7/2020
SEWA_N03_IRP1,47.69055,-122.28101,Summer20,7/10/2020 9:16,Canis latrans,6/24/2020,8/7/2020
SEWA_N03_IRP1,47.69055,-122.28101,Summer20,7/10/2020 11:06,Sciurus carolinensis,6/24/2020,8/7/2020
SEWA_N03_IRP1,47.69055,-122.28101,Summer20,7/10/2020 14:25,Sciurus carolinensis,6/24/2020,8/7/2020
SEWA_N03_IRP1,47.69055,-122.28101,Summer20,7/10/2020 15:30,Sciurus carolinensis,6/24/2020,8/7/2020
SEWA_N03_IRP1,47.69055,-122.28101,Summer20,7/10/2020 16:38,Sciurus carolinensis,6/24/2020,8/7/2020
SEWA_N03_IRP1,47.69055,-122.28101,Summer20,7/11/2020 3:09,Rattus rattus,6/24/2020,8/7/2020
SEWA_N03_IRP1,47.69055,-122.28101,Summer20,7/11/2020 10:06,Sciurus carolinensis,6/24/2020,8/7/2020
SEWA_N03_IRP1,47.69055,-122.28101,Summer20,7/11/2020 10:12,Sciurus carolinensis,6/24/2020,8/7/2020
SEWA_N03_IRP1,47.69055,-122.28101,Summer20,7/11/2020 12:47,Sciurus carolinensis,6/24/2020,8/7/2020
SEWA_N03_IRP1,47.69055,-122.28101,Summer20,7/11/2020 13:20,Sciurus carolinensis,6/24/2020,8/7/2020
SEWA_N03_IRP1,47.69055,-122.28101,Summer20,7/11/2020 23:00,Rattus rattus,6/24/2020,8/7/2020
SEWA_N03_IRP1,47.69055,-122.28101,Summer20,7/11/2020 23:01,Rattus rattus,6/24/2020,8/7/2020
SEWA_N03_IRP1,47.69055,-122.28101,Summer20,7/11/2020 23:09,Rattus rattus,6/24/2020,8/7/2020
SEWA_N03_IRP1,47.69055,-122.28101,Summer20,7/12/2020 14:44,Sciurus carolinensis,6/24/2020,8/7/2020
SEWA_N03_IRP1,47.69055,-122.28101,Summer20,7/12/2020 21:30,Rattus rattus,6/24/2020,8/7/2020
SEWA_N03_IRP1,47.69055,-122.28101,Summer20,7/12/2020 22:30,Rattus rattus,6/24/2020,8/7/2020
SEWA_N03_IRP1,47.69055,-122.28101,Summer20,7/13/2020 6:58,Sciurus carolinensis,6/24/2020,8/7/2020
SEWA_N03_IRP1,47.69055,-122.28101,Summer20,7/13/2020 9:26,Sciurus carolinensis,6/24/2020,8/7/2020
SEWA_N03_IRP1,47.69055,-122.28101,Summer20,7/14/2020 0:01,Rattus rattus,6/24/2020,8/7/2020
SEWA_N03_IRP1,47.69055,-122.28101,Summer20,7/14/2020 15:22,Sciurus carolinensis,6/24/2020,8/7/2020
SEWA_N03_IRP1,47.69055,-122.28101,Summer20,7/14/2020 15:25,Sciurus carolinensis,6/24/2020,8/7/2020
SEWA_N03_IRP1,47.69055,-122.28101,Summer20,7/14/2020 15:28,Sciurus carolinensis,6/24/2020,8/7/2020
SEWA_N03_IRP1,47.69055,-122.28101,Summer20,7/14/2020 23:42,Rattus rattus,6/24/2020,8/7/2020
SEWA_N03_IRP1,47.69055,-122.28101,Summer20,7/15/2020 9:00,Sciurus carolinensis,6/24/2020,8/7/2020
SEWA_N03_IRP1,47.69055,-122.28101,Summer20,7/16/2020 9:12,Sciurus carolinensis,6/24/2020,8/7/2020
SEWA_N03_IRP1,47.69055,-122.28101,Summer20,7/16/2020 22:28,Rattus rattus,6/24/2020,8/7/2020
SEWA_N03_IRP1,47.69055,-122.28101,Summer20,7/17/2020 1:15,Rattus rattus,6/24/2020,8/7/2020
SEWA_N03_IRP1,47.69055,-122.28101,Summer20,7/17/2020 10:44,Sciurus carolinensis,6/24/2020,8/7/2020
SEWA_N03_IRP1,47.69055,-122.28101,Summer20,7/17/2020 11:08,Sciurus carolinensis,6/24/2020,8/7/2020
SEWA_N03_IRP1,47.69055,-122.28101,Summer20,7/17/2020 13:44,Sciurus carolinensis,6/24/2020,8/7/2020
SEWA_N03_IRP1,47.69055,-122.28101,Summer20,7/17/2020 22:29,Rattus rattus,6/24/2020,8/7/2020
SEWA_N03_IRP1,47.69055,-122.28101,Summer20,7/17/2020 22:42,Rattus rattus,6/24/2020,8/7/2020
SEWA_N03_IRP1,47.69055,-122.28101,Summer20,7/19/2020 21:47,Procyon lotor,6/24/2020,8/7/2020
SEWA_N03_IRP1,47.69055,-122.28101,Summer20,7/21/2020 3:26,Rattus rattus,6/24/2020,8/7/2020
SEWA_N03_IRP1,47.69055,-122.28101,Summer20,7/22/2020 1:58,Rattus rattus,6/24/2020,8/7/2020
SEWA_N03_IRP1,47.69055,-122.28101,Summer20,7/22/2020 21:00,Rattus rattus,6/24/2020,8/7/2020
SEWA_N03_IRP1,47.69055,-122.28101,Summer20,7/22/2020 23:22,Rattus rattus,6/24/2020,8/7/2020
SEWA_N03_IRP1,47.69055,-122.28101,Summer20,7/23/2020 16:54,Sylvilagus floridanus,6/24/2020,8/7/2020
SEWA_N03_IRP1,47.69055,-122.28101,Summer20,7/23/2020 17:01,Sylvilagus floridanus,6/24/2020,8/7/2020
SEWA_N03_IRP1,47.69055,-122.28101,Summer20,7/23/2020 17:45,Sylvilagus floridanus,6/24/2020,8/7/2020
SEWA_N03_IRP1,47.69055,-122.28101,Summer20,7/23/2020 22:46,Rattus rattus,6/24/2020,8/7/2020
SEWA_N03_IRP1,47.69055,-122.28101,Summer20,7/24/2020 13:09,Sciurus carolinensis,6/24/2020,8/7/2020
SEWA_N03_IRP1,47.69055,-122.28101,Summer20,7/25/2020 0:41,Rattus rattus,6/24/2020,8/7/2020
SEWA_N03_IRP1,47.69055,-122.28101,Summer20,7/25/2020 0:42,Rattus rattus,6/24/2020,8/7/2020
SEWA_N03_IRP1,47.69055,-122.28101,Summer20,7/25/2020 1:11,Rattus rattus,6/24/2020,8/7/2020
SEWA_N03_IRP1,47.69055,-122.28101,Summer20,7/25/2020 2:05,Rattus rattus,6/24/2020,8/7/2020
SEWA_N03_IRP1,47.69055,-122.28101,Summer20,7/25/2020 14:12,Sylvilagus floridanus,6/24/2020,8/7/2020
SEWA_N03_IRP1,47.69055,-122.28101,Summer20,7/26/2020 3:32,Rattus rattus,6/24/2020,8/7/2020
SEWA_N03_IRP1,47.69055,-122.28101,Summer20,7/26/2020 7:53,Homo sapiens,6/24/2020,8/7/2020
SEWA_N03_IRP1,47.69055,-122.28101,Summer20,7/26/2020 7:58,Homo sapiens,6/24/2020,8/7/2020
SEWA_N03_IRP1,47.69055,-122.28101,Summer20,7/26/2020 7:59,Homo sapiens,6/24/2020,8/7/2020
SEWA_N03_IRP1,47.69055,-122.28101,Summer20,7/26/2020 8:00,Homo sapiens,6/24/2020,8/7/2020
SEWA_N03_IRP1,47.69055,-122.28101,Summer20,7/26/2020 8:16,Homo sapiens,6/24/2020,8/7/2020
SEWA_N03_IRP1,47.69055,-122.28101,Summer20,7/26/2020 8:47,Sciurus carolinensis,6/24/2020,8/7/2020
SEWA_N03_IRP1,47.69055,-122.28101,Summer20,7/27/2020 8:38,Homo sapiens,6/24/2020,8/7/2020
SEWA_N03_IRP1,47.69055,-122.28101,Summer20,7/27/2020 8:47,Homo sapiens,6/24/2020,8/7/2020
SEWA_N03_IRP1,47.69055,-122.28101,Summer20,7/28/2020 0:13,Procyon lotor,6/24/2020,8/7/2020
SEWA_N03_IRP1,47.69055,-122.28101,Summer20,7/29/2020 1:18,Rattus rattus,6/24/2020,8/7/2020
SEWA_N03_IRP1,47.69055,-122.28101,Summer20,7/29/2020 12:23,Homo sapiens,6/24/2020,8/7/2020
SEWA_N03_IRP1,47.69055,-122.28101,Summer20,7/29/2020 12:39,Homo sapiens,6/24/2020,8/7/2020
SEWA_N03_IRP1,47.69055,-122.28101,Summer20,7/29/2020 14:23,Sciurus carolinensis,6/24/2020,8/7/2020
SEWA_N03_IRP1,47.69055,-122.28101,Summer20,7/29/2020 14:27,Sciurus carolinensis,6/24/2020,8/7/2020
SEWA_N03_IRP1,47.69055,-122.28101,Summer20,7/30/2020 2:45,Rattus rattus,6/24/2020,8/7/2020
SEWA_N03_IRP1,47.69055,-122.28101,Summer20,7/30/2020 2:49,Rattus rattus,6/24/2020,8/7/2020
SEWA_N03_IRP1,47.69055,-122.28101,Summer20,7/30/2020 12:29,Sciurus carolinensis,6/24/2020,8/7/2020
SEWA_N03_IRP1,47.69055,-122.28101,Summer20,7/30/2020 16:37,Sciurus carolinensis,6/24/2020,8/7/2020
SEWA_N03_IRP1,47.69055,-122.28101,Summer20,7/30/2020 16:49,Sylvilagus floridanus,6/24/2020,8/7/2020
SEWA_N03_IRP1,47.69055,-122.28101,Summer20,7/31/2020 22:23,Rattus rattus,6/24/2020,8/7/2020
SEWA_N03_IRP1,47.69055,-122.28101,Summer20,8/1/2020 9:15,Sciurus carolinensis,6/24/2020,8/7/2020
SEWA_N03_IRP1,47.69055,-122.28101,Summer20,8/1/2020 13:26,Sciurus carolinensis,6/24/2020,8/7/2020
SEWA_N03_IRP1,47.69055,-122.28101,Summer20,8/2/2020 8:08,Procyon lotor,6/24/2020,8/7/2020
SEWA_N03_IRP1,47.69055,-122.28101,Summer20,8/2/2020 23:27,Rattus rattus,6/24/2020,8/7/2020
SEWA_N03_IRP1,47.69055,-122.28101,Summer20,8/3/2020 1:09,Procyon lotor,6/24/2020,8/7/2020
SEWA_N03_IRP1,47.69055,-122.28101,Summer20,8/4/2020 3:15,Rattus rattus,6/24/2020,8/7/2020
SEWA_N03_IRP1,47.69055,-122.28101,Summer20,8/4/2020 21:55,Rattus rattus,6/24/2020,8/7/2020
SEWA_N03_IRP1,47.69055,-122.28101,Summer20,8/5/2020 5:43,Cyanocitta stelleri,6/24/2020,8/7/2020
SEWA_N03_IRP1,47.69055,-122.28101,Summer20,8/5/2020 6:20,Canis latrans,6/24/2020,8/7/2020
SEWA_N03_IRP1,47.69055,-122.28101,Summer20,8/5/2020 6:21,Canis latrans,6/24/2020,8/7/2020
SEWA_N03_IRP1,47.69055,-122.28101,Summer20,8/5/2020 20:25,Canis latrans,6/24/2020,8/7/2020
SEWA_N03_IRP1,47.69055,-122.28101,Summer20,8/6/2020 3:45,Rattus rattus,6/24/2020,8/7/2020
SEWA_N03_IRP1,47.69055,-122.28101,Summer20,8/6/2020 13:33,Sciurus carolinensis,6/24/2020,8/7/2020
SEWA_N03_IRP1,47.69055,-122.28101,Summer20,8/6/2020 15:01,Sciurus carolinensis,6/24/2020,8/7/2020
SEWA_N03_MGP1,47.68166,-122.25092,Summer20,6/28/2020 18:22,Homo sapiens,6/24/2020,8/7/2020
SEWA_N03_RVP1,47.67354,-122.31119,Summer20,6/26/2020 18:00,Homo sapiens,6/24/2020,8/7/2020
SEWA_N03_RVP1,47.67354,-122.31119,Summer20,6/26/2020 18:06,Homo sapiens,6/24/2020,8/7/2020
SEWA_N03_RVP1,47.67354,-122.31119,Summer20,6/27/2020 5:30,Sciurus carolinensis,6/24/2020,8/7/2020
SEWA_N03_RVP1,47.67354,-122.31119,Summer20,6/27/2020 7:20,Sciurus carolinensis,6/24/2020,8/7/2020
SEWA_N03_RVP1,47.67354,-122.31119,Summer20,6/27/2020 7:22,Sciurus carolinensis,6/24/2020,8/7/2020
SEWA_N03_RVP1,47.67354,-122.31119,Summer20,6/27/2020 8:03,Sciurus carolinensis,6/24/2020,8/7/2020
SEWA_N03_RVP1,47.67354,-122.31119,Summer20,6/27/2020 8:05,Sciurus carolinensis,6/24/2020,8/7/2020
SEWA_N03_RVP1,47.67354,-122.31119,Summer20,6/27/2020 8:08,Sciurus carolinensis,6/24/2020,8/7/2020
SEWA_N03_RVP1,47.67354,-122.31119,Summer20,6/27/2020 8:10,Sciurus carolinensis,6/24/2020,8/7/2020
SEWA_N03_RVP1,47.67354,-122.31119,Summer20,6/27/2020 8:18,Sciurus carolinensis,6/24/2020,8/7/2020
SEWA_N03_RVP1,47.67354,-122.31119,Summer20,6/27/2020 19:08,Procyon lotor,6/24/2020,8/7/2020
SEWA_N03_RVP1,47.67354,-122.31119,Summer20,6/28/2020 12:36,Sciurus carolinensis,6/24/2020,8/7/2020
SEWA_N03_RVP1,47.67354,-122.31119,Summer20,6/28/2020 20:25,Procyon lotor,6/24/2020,8/7/2020
SEWA_N03_RVP1,47.67354,-122.31119,Summer20,6/29/2020 0:26,Procyon lotor,6/24/2020,8/7/2020
SEWA_N03_RVP1,47.67354,-122.31119,Summer20,6/29/2020 6:14,Sciurus carolinensis,6/24/2020,8/7/2020
SEWA_N03_RVP1,47.67354,-122.31119,Summer20,6/29/2020 15:32,Sciurus carolinensis,6/24/2020,8/7/2020
SEWA_N03_RVP1,47.67354,-122.31119,Summer20,6/29/2020 15:32,Homo sapiens,6/24/2020,8/7/2020
SEWA_N03_RVP1,47.67354,-122.31119,Summer20,6/29/2020 19:30,Procyon lotor,6/24/2020,8/7/2020
SEWA_N03_RVP1,47.67354,-122.31119,Summer20,6/29/2020 20:32,Procyon lotor,6/24/2020,8/7/2020
SEWA_N03_RVP1,47.67354,-122.31119,Summer20,6/30/2020 9:48,Sciurus carolinensis,6/24/2020,8/7/2020
SEWA_N03_RVP1,47.67354,-122.31119,Summer20,6/30/2020 10:03,Sciurus carolinensis,6/24/2020,8/7/2020
SEWA_N03_RVP1,47.67354,-122.31119,Summer20,7/1/2020 6:43,Sciurus carolinensis,6/24/2020,8/7/2020
SEWA_N03_RVP1,47.67354,-122.31119,Summer20,7/1/2020 10:52,Sciurus carolinensis,6/24/2020,8/7/2020
SEWA_N03_RVP1,47.67354,-122.31119,Summer20,7/1/2020 10:54,Sciurus carolinensis,6/24/2020,8/7/2020
SEWA_N03_RVP1,47.67354,-122.31119,Summer20,7/1/2020 10:55,Sciurus carolinensis,6/24/2020,8/7/2020
SEWA_N03_RVP1,47.67354,-122.31119,Summer20,7/1/2020 10:58,Sciurus carolinensis,6/24/2020,8/7/2020
SEWA_N03_RVP1,47.67354,-122.31119,Summer20,7/2/2020 5:59,Sciurus carolinensis,6/24/2020,8/7/2020
SEWA_N03_RVP1,47.67354,-122.31119,Summer20,7/2/2020 7:02,Sciurus carolinensis,6/24/2020,8/7/2020
SEWA_N03_RVP1,47.67354,-122.31119,Summer20,7/2/2020 7:05,Sciurus carolinensis,6/24/2020,8/7/2020
SEWA_N03_RVP1,47.67354,-122.31119,Summer20,7/2/2020 9:01,Sciurus carolinensis,6/24/2020,8/7/2020
SEWA_N03_RVP1,47.67354,-122.31119,Summer20,7/2/2020 13:48,Sciurus carolinensis,6/24/2020,8/7/2020
SEWA_N03_RVP1,47.67354,-122.31119,Summer20,7/2/2020 15:57,Homo sapiens,6/24/2020,8/7/2020
SEWA_N03_RVP1,47.67354,-122.31119,Summer20,7/2/2020 16:07,Homo sapiens,6/24/2020,8/7/2020
SEWA_N03_RVP1,47.67354,-122.31119,Summer20,7/3/2020 11:30,Sciurus carolinensis,6/24/2020,8/7/2020
SEWA_N03_RVP1,47.67354,-122.31119,Summer20,7/3/2020 16:14,Sciurus carolinensis,6/24/2020,8/7/2020
SEWA_N03_RVP1,47.67354,-122.31119,Summer20,7/3/2020 17:08,Sciurus carolinensis,6/24/2020,8/7/2020
SEWA_N03_RVP1,47.67354,-122.31119,Summer20,7/4/2020 1:35,Procyon lotor,6/24/2020,8/7/2020
SEWA_N03_RVP1,47.67354,-122.31119,Summer20,7/4/2020 1:51,Procyon lotor,6/24/2020,8/7/2020
SEWA_N03_RVP1,47.67354,-122.31119,Summer20,7/4/2020 8:16,Sciurus carolinensis,6/24/2020,8/7/2020
SEWA_N03_RVP1,47.67354,-122.31119,Summer20,7/4/2020 10:51,Sciurus carolinensis,6/24/2020,8/7/2020
SEWA_N03_RVP1,47.67354,-122.31119,Summer20,7/4/2020 11:03,Sciurus carolinensis,6/24/2020,8/7/2020
SEWA_N03_RVP1,47.67354,-122.31119,Summer20,7/4/2020 16:10,Procyon lotor,6/24/2020,8/7/2020
SEWA_N03_RVP1,47.67354,-122.31119,Summer20,7/5/2020 14:40,Sciurus carolinensis,6/24/2020,8/7/2020
SEWA_N03_RVP1,47.67354,-122.31119,Summer20,7/5/2020 19:57,Procyon lotor,6/24/2020,8/7/2020
SEWA_N03_RVP1,47.67354,-122.31119,Summer20,7/6/2020 2:57,Rattus rattus,6/24/2020,8/7/2020
SEWA_N03_RVP1,47.67354,-122.31119,Summer20,7/6/2020 6:40,Sciurus carolinensis,6/24/2020,8/7/2020
SEWA_N03_RVP1,47.67354,-122.31119,Summer20,7/6/2020 8:08,Sciurus carolinensis,6/24/2020,8/7/2020
SEWA_N03_RVP1,47.67354,-122.31119,Summer20,7/6/2020 8:18,Sciurus carolinensis,6/24/2020,8/7/2020
SEWA_N03_RVP1,47.67354,-122.31119,Summer20,7/6/2020 8:39,Sciurus carolinensis,6/24/2020,8/7/2020
SEWA_N03_RVP1,47.67354,-122.31119,Summer20,7/6/2020 9:21,Sciurus carolinensis,6/24/2020,8/7/2020
SEWA_N03_RVP1,47.67354,-122.31119,Summer20,7/6/2020 9:25,Sciurus carolinensis,6/24/2020,8/7/2020
SEWA_N03_RVP1,47.67354,-122.31119,Summer20,7/6/2020 9:44,Sciurus carolinensis,6/24/2020,8/7/2020
SEWA_N03_RVP1,47.67354,-122.31119,Summer20,7/6/2020 10:17,Sylvilagus floridanus,6/24/2020,8/7/2020
SEWA_N03_RVP1,47.67354,-122.31119,Summer20,7/6/2020 10:28,Sciurus carolinensis,6/24/2020,8/7/2020
SEWA_N03_RVP1,47.67354,-122.31119,Summer20,7/6/2020 18:08,Sciurus carolinensis,6/24/2020,8/7/2020
SEWA_N03_RVP1,47.67354,-122.31119,Summer20,7/7/2020 4:09,Sylvilagus floridanus,6/24/2020,8/7/2020
SEWA_N03_RVP1,47.67354,-122.31119,Summer20,7/7/2020 13:38,Sylvilagus floridanus,6/24/2020,8/7/2020
SEWA_N03_RVP1,47.67354,-122.31119,Summer20,7/7/2020 14:00,Sciurus carolinensis,6/24/2020,8/7/2020
SEWA_N03_RVP1,47.67354,-122.31119,Summer20,7/7/2020 14:14,Sciurus carolinensis,6/24/2020,8/7/2020
SEWA_N03_RVP1,47.67354,-122.31119,Summer20,7/9/2020 5:28,Sciurus carolinensis,6/24/2020,8/7/2020
SEWA_N03_RVP1,47.67354,-122.31119,Summer20,7/9/2020 5:44,Sciurus carolinensis,6/24/2020,8/7/2020
SEWA_N03_RVP1,47.67354,-122.31119,Summer20,7/9/2020 6:44,Canis familiaris,6/24/2020,8/7/2020
SEWA_N03_RVP1,47.67354,-122.31119,Summer20,7/9/2020 7:46,Sciurus carolinensis,6/24/2020,8/7/2020
SEWA_N03_RVP1,47.67354,-122.31119,Summer20,7/9/2020 9:10,Sciurus carolinensis,6/24/2020,8/7/2020
SEWA_N03_RVP1,47.67354,-122.31119,Summer20,7/9/2020 16:14,Sciurus carolinensis,6/24/2020,8/7/2020
SEWA_N03_RVP1,47.67354,-122.31119,Summer20,7/9/2020 16:18,Sciurus carolinensis,6/24/2020,8/7/2020
SEWA_N03_RVP1,47.67354,-122.31119,Summer20,7/10/2020 6:53,Sciurus carolinensis,6/24/2020,8/7/2020
SEWA_N03_RVP1,47.67354,-122.31119,Summer20,7/10/2020 7:45,Sciurus carolinensis,6/24/2020,8/7/2020
SEWA_N03_RVP1,47.67354,-122.31119,Summer20,7/10/2020 10:08,Sciurus carolinensis,6/24/2020,8/7/2020
SEWA_N03_RVP1,47.67354,-122.31119,Summer20,7/10/2020 10:29,Sciurus carolinensis,6/24/2020,8/7/2020
SEWA_N03_RVP1,47.67354,-122.31119,Summer20,7/10/2020 11:59,Sciurus carolinensis,6/24/2020,8/7/2020
SEWA_N03_RVP1,47.67354,-122.31119,Summer20,7/10/2020 12:20,Sciurus carolinensis,6/24/2020,8/7/2020
SEWA_N03_RVP1,47.67354,-122.31119,Summer20,7/10/2020 13:33,Sciurus carolinensis,6/24/2020,8/7/2020
SEWA_N03_RVP1,47.67354,-122.31119,Summer20,7/10/2020 13:37,Sciurus carolinensis,6/24/2020,8/7/2020
SEWA_N03_RVP1,47.67354,-122.31119,Summer20,7/10/2020 13:40,Sciurus carolinensis,6/24/2020,8/7/2020
SEWA_N03_RVP1,47.67354,-122.31119,Summer20,7/10/2020 14:31,Homo sapiens,6/24/2020,8/7/2020
SEWA_N03_RVP1,47.67354,-122.31119,Summer20,7/11/2020 6:09,Sciurus carolinensis,6/24/2020,8/7/2020
SEWA_N03_RVP1,47.67354,-122.31119,Summer20,7/11/2020 7:42,Sylvilagus floridanus,6/24/2020,8/7/2020
SEWA_N03_RVP1,47.67354,-122.31119,Summer20,7/11/2020 8:17,Sciurus carolinensis,6/24/2020,8/7/2020
SEWA_N03_RVP1,47.67354,-122.31119,Summer20,7/11/2020 8:18,Sciurus carolinensis,6/24/2020,8/7/2020
SEWA_N03_RVP1,47.67354,-122.31119,Summer20,7/11/2020 8:20,Sciurus carolinensis,6/24/2020,8/7/2020
SEWA_N03_RVP1,47.67354,-122.31119,Summer20,7/11/2020 8:24,Sciurus carolinensis,6/24/2020,8/7/2020
SEWA_N03_RVP1,47.67354,-122.31119,Summer20,7/11/2020 8:34,Sciurus carolinensis,6/24/2020,8/7/2020
SEWA_N03_RVP1,47.67354,-122.31119,Summer20,7/11/2020 9:23,Homo sapiens,6/24/2020,8/7/2020
SEWA_N03_RVP1,47.67354,-122.31119,Summer20,7/11/2020 9:38,Sciurus carolinensis,6/24/2020,8/7/2020
SEWA_N03_RVP1,47.67354,-122.31119,Summer20,7/11/2020 9:41,Sciurus carolinensis,6/24/2020,8/7/2020
SEWA_N03_RVP1,47.67354,-122.31119,Summer20,7/11/2020 11:47,Sciurus carolinensis,6/24/2020,8/7/2020
SEWA_N03_RVP1,47.67354,-122.31119,Summer20,7/11/2020 15:50,Sciurus carolinensis,6/24/2020,8/7/2020
SEWA_N03_RVP1,47.67354,-122.31119,Summer20,7/11/2020 15:57,Sciurus carolinensis,6/24/2020,8/7/2020
SEWA_N03_RVP1,47.67354,-122.31119,Summer20,7/11/2020 15:57,Homo sapiens,6/24/2020,8/7/2020
SEWA_N03_RVP1,47.67354,-122.31119,Summer20,7/11/2020 17:48,Sciurus carolinensis,6/24/2020,8/7/2020
SEWA_N03_RVP1,47.67354,-122.31119,Summer20,7/13/2020 0:09,Procyon lotor,6/24/2020,8/7/2020
SEWA_N03_RVP1,47.67354,-122.31119,Summer20,7/13/2020 2:37,Rattus rattus,6/24/2020,8/7/2020
SEWA_N03_RVP1,47.67354,-122.31119,Summer20,7/13/2020 2:50,Rattus rattus,6/24/2020,8/7/2020
SEWA_N03_RVP1,47.67354,-122.31119,Summer20,7/13/2020 5:07,Procyon lotor,6/24/2020,8/7/2020
SEWA_N03_RVP1,47.67354,-122.31119,Summer20,7/13/2020 6:06,Sciurus carolinensis,6/24/2020,8/7/2020
SEWA_N03_RVP1,47.67354,-122.31119,Summer20,7/13/2020 8:36,Sciurus carolinensis,6/24/2020,8/7/2020
SEWA_N03_RVP1,47.67354,-122.31119,Summer20,7/13/2020 14:11,Sciurus carolinensis,6/24/2020,8/7/2020
SEWA_N03_RVP1,47.67354,-122.31119,Summer20,7/14/2020 2:24,Rattus rattus,6/24/2020,8/7/2020
SEWA_N03_RVP1,47.67354,-122.31119,Summer20,7/14/2020 6:23,Sylvilagus floridanus,6/24/2020,8/7/2020
SEWA_N03_RVP1,47.67354,-122.31119,Summer20,7/14/2020 6:58,Sylvilagus floridanus,6/24/2020,8/7/2020
SEWA_N03_RVP1,47.67354,-122.31119,Summer20,7/14/2020 7:02,Sylvilagus floridanus,6/24/2020,8/7/2020
SEWA_N03_RVP1,47.67354,-122.31119,Summer20,7/14/2020 7:17,Sciurus carolinensis,6/24/2020,8/7/2020
SEWA_N03_RVP1,47.67354,-122.31119,Summer20,7/14/2020 7:28,Sciurus carolinensis,6/24/2020,8/7/2020
SEWA_N03_RVP1,47.67354,-122.31119,Summer20,7/14/2020 7:53,Sciurus carolinensis,6/24/2020,8/7/2020
SEWA_N03_RVP1,47.67354,-122.31119,Summer20,7/14/2020 8:03,Sylvilagus floridanus,6/24/2020,8/7/2020
SEWA_N03_RVP1,47.67354,-122.31119,Summer20,7/14/2020 8:29,Sciurus carolinensis,6/24/2020,8/7/2020
SEWA_N03_RVP1,47.67354,-122.31119,Summer20,7/14/2020 8:34,Sciurus carolinensis,6/24/2020,8/7/2020
SEWA_N03_RVP1,47.67354,-122.31119,Summer20,7/14/2020 14:40,Sciurus carolinensis,6/24/2020,8/7/2020
SEWA_N03_RVP1,47.67354,-122.31119,Summer20,7/14/2020 16:57,Sciurus carolinensis,6/24/2020,8/7/2020
SEWA_N03_RVP1,47.67354,-122.31119,Summer20,7/14/2020 17:43,Sciurus carolinensis,6/24/2020,8/7/2020
SEWA_N03_RVP1,47.67354,-122.31119,Summer20,7/14/2020 17:53,Sciurus carolinensis,6/24/2020,8/7/2020
SEWA_N03_RVP1,47.67354,-122.31119,Summer20,7/14/2020 17:58,Sciurus carolinensis,6/24/2020,8/7/2020
SEWA_N03_RVP1,47.67354,-122.31119,Summer20,7/15/2020 5:18,Sciurus carolinensis,6/24/2020,8/7/2020
SEWA_N03_RVP1,47.67354,-122.31119,Summer20,7/15/2020 5:32,Sciurus carolinensis,6/24/2020,8/7/2020
SEWA_N03_RVP1,47.67354,-122.31119,Summer20,7/15/2020 5:55,Sciurus carolinensis,6/24/2020,8/7/2020
SEWA_N03_RVP1,47.67354,-122.31119,Summer20,7/15/2020 5:57,Sylvilagus floridanus,6/24/2020,8/7/2020
SEWA_N03_RVP1,47.67354,-122.31119,Summer20,7/15/2020 6:36,Sylvilagus floridanus,6/24/2020,8/7/2020
SEWA_N03_RVP1,47.67354,-122.31119,Summer20,7/15/2020 6:45,Sylvilagus floridanus,6/24/2020,8/7/2020
SEWA_N03_RVP1,47.67354,-122.31119,Summer20,7/15/2020 7:54,Sciurus carolinensis,6/24/2020,8/7/2020
SEWA_N03_RVP1,47.67354,-122.31119,Summer20,7/15/2020 8:02,Sciurus carolinensis,6/24/2020,8/7/2020
SEWA_N03_RVP1,47.67354,-122.31119,Summer20,7/15/2020 8:04,Sciurus carolinensis,6/24/2020,8/7/2020
SEWA_N03_RVP1,47.67354,-122.31119,Summer20,7/15/2020 8:12,Sylvilagus floridanus,6/24/2020,8/7/2020
SEWA_N03_RVP1,47.67354,-122.31119,Summer20,7/15/2020 10:04,Sciurus carolinensis,6/24/2020,8/7/2020
SEWA_N03_RVP1,47.67354,-122.31119,Summer20,7/15/2020 10:39,Sciurus carolinensis,6/24/2020,8/7/2020
SEWA_N03_RVP1,47.67354,-122.31119,Summer20,7/15/2020 10:44,Sciurus carolinensis,6/24/2020,8/7/2020
SEWA_N03_RVP1,47.67354,-122.31119,Summer20,7/16/2020 5:25,Sciurus carolinensis,6/24/2020,8/7/2020
SEWA_N03_RVP1,47.67354,-122.31119,Summer20,7/16/2020 5:43,Sciurus carolinensis,6/24/2020,8/7/2020
SEWA_N03_RVP1,47.67354,-122.31119,Summer20,7/16/2020 6:50,Sciurus carolinensis,6/24/2020,8/7/2020
SEWA_N03_RVP1,47.67354,-122.31119,Summer20,7/16/2020 7:18,Sciurus carolinensis,6/24/2020,8/7/2020
SEWA_N03_RVP1,47.67354,-122.31119,Summer20,7/16/2020 8:40,Sciurus carolinensis,6/24/2020,8/7/2020
SEWA_N03_RVP1,47.67354,-122.31119,Summer20,7/16/2020 9:10,Sciurus carolinensis,6/24/2020,8/7/2020
SEWA_N03_RVP1,47.67354,-122.31119,Summer20,7/16/2020 10:27,Sciurus carolinensis,6/24/2020,8/7/2020
SEWA_N03_RVP1,47.67354,-122.31119,Summer20,7/16/2020 14:53,Sciurus carolinensis,6/24/2020,8/7/2020
SEWA_N03_RVP1,47.67354,-122.31119,Summer20,7/16/2020 15:55,Sciurus carolinensis,6/24/2020,8/7/2020
SEWA_N03_RVP1,47.67354,-122.31119,Summer20,7/16/2020 23:32,Procyon lotor,6/24/2020,8/7/2020
SEWA_N03_RVP1,47.67354,-122.31119,Summer20,7/17/2020 5:19,Sciurus carolinensis,6/24/2020,8/7/2020
SEWA_N03_RVP1,47.67354,-122.31119,Summer20,7/17/2020 7:21,Sciurus carolinensis,6/24/2020,8/7/2020
SEWA_N03_RVP1,47.67354,-122.31119,Summer20,7/17/2020 14:14,Sciurus carolinensis,6/24/2020,8/7/2020
SEWA_N03_RVP1,47.67354,-122.31119,Summer20,7/18/2020 5:53,Sciurus carolinensis,6/24/2020,8/7/2020
SEWA_N03_RVP1,47.67354,-122.31119,Summer20,7/18/2020 9:44,Sciurus carolinensis,6/24/2020,8/7/2020
SEWA_N03_RVP1,47.67354,-122.31119,Summer20,7/18/2020 9:46,Sciurus carolinensis,6/24/2020,8/7/2020
SEWA_N03_RVP1,47.67354,-122.31119,Summer20,7/18/2020 9:49,Sciurus carolinensis,6/24/2020,8/7/2020
SEWA_N03_RVP1,47.67354,-122.31119,Summer20,7/18/2020 9:52,Sciurus carolinensis,6/24/2020,8/7/2020
SEWA_N03_RVP1,47.67354,-122.31119,Summer20,7/18/2020 9:59,Sciurus carolinensis,6/24/2020,8/7/2020
SEWA_N03_RVP1,47.67354,-122.31119,Summer20,7/18/2020 10:01,Sciurus carolinensis,6/24/2020,8/7/2020
SEWA_N03_RVP1,47.67354,-122.31119,Summer20,7/18/2020 10:30,Sciurus carolinensis,6/24/2020,8/7/2020
SEWA_N03_RVP1,47.67354,-122.31119,Summer20,7/18/2020 11:55,Canis familiaris,6/24/2020,8/7/2020
SEWA_N03_RVP1,47.67354,-122.31119,Summer20,7/18/2020 23:13,Sciurus carolinensis,6/24/2020,8/7/2020
SEWA_N03_RVP1,47.67354,-122.31119,Summer20,7/19/2020 5:46,Sciurus carolinensis,6/24/2020,8/7/2020
SEWA_N03_RVP1,47.67354,-122.31119,Summer20,7/19/2020 8:23,Sciurus carolinensis,6/24/2020,8/7/2020
SEWA_N03_RVP1,47.67354,-122.31119,Summer20,7/20/2020 3:55,Felis catus,6/24/2020,8/7/2020
SEWA_N03_RVP1,47.67354,-122.31119,Summer20,7/20/2020 4:00,Felis catus,6/24/2020,8/7/2020
SEWA_N03_RVP1,47.67354,-122.31119,Summer20,7/20/2020 7:22,Sciurus carolinensis,6/24/2020,8/7/2020
SEWA_N03_RVP1,47.67354,-122.31119,Summer20,7/20/2020 7:33,Sciurus carolinensis,6/24/2020,8/7/2020
SEWA_N03_RVP1,47.67354,-122.31119,Summer20,7/20/2020 8:02,Sciurus carolinensis,6/24/2020,8/7/2020
SEWA_N03_RVP1,47.67354,-122.31119,Summer20,7/20/2020 8:04,Sciurus carolinensis,6/24/2020,8/7/2020
SEWA_N03_RVP1,47.67354,-122.31119,Summer20,7/20/2020 8:05,Sciurus carolinensis,6/24/2020,8/7/2020
SEWA_N03_RVP1,47.67354,-122.31119,Summer20,7/20/2020 8:08,Sciurus carolinensis,6/24/2020,8/7/2020
SEWA_N03_RVP1,47.67354,-122.31119,Summer20,7/20/2020 14:48,Sciurus carolinensis,6/24/2020,8/7/2020
SEWA_N03_RVP1,47.67354,-122.31119,Summer20,7/20/2020 16:04,Sciurus carolinensis,6/24/2020,8/7/2020
SEWA_N03_RVP1,47.67354,-122.31119,Summer20,7/20/2020 17:39,Sciurus carolinensis,6/24/2020,8/7/2020
SEWA_N03_RVP1,47.67354,-122.31119,Summer20,7/20/2020 21:48,Procyon lotor,6/24/2020,8/7/2020
SEWA_N03_RVP1,47.67354,-122.31119,Summer20,7/21/2020 4:50,Sciurus carolinensis,6/24/2020,8/7/2020
SEWA_N03_RVP1,47.67354,-122.31119,Summer20,7/21/2020 7:45,Sciurus carolinensis,6/24/2020,8/7/2020
SEWA_N03_RVP1,47.67354,-122.31119,Summer20,7/24/2020 13:55,Homo sapiens,6/24/2020,8/7/2020
SEWA_N03_RVP1,47.67354,-122.31119,Summer20,7/24/2020 13:59,Homo sapiens,6/24/2020,8/7/2020
SEWA_N03_RVP1,47.67354,-122.31119,Summer20,7/24/2020 15:03,Sciurus carolinensis,6/24/2020,8/7/2020
SEWA_N03_RVP1,47.67354,-122.31119,Summer20,7/24/2020 15:40,Sciurus carolinensis,6/24/2020,8/7/2020
SEWA_N03_RVP1,47.67354,-122.31119,Summer20,7/24/2020 16:11,Sciurus carolinensis,6/24/2020,8/7/2020
SEWA_N03_RVP1,47.67354,-122.31119,Summer20,7/25/2020 10:30,Sciurus carolinensis,6/24/2020,8/7/2020
SEWA_N03_RVP1,47.67354,-122.31119,Summer20,7/25/2020 16:20,Sciurus carolinensis,6/24/2020,8/7/2020
SEWA_N03_RVP1,47.67354,-122.31119,Summer20,7/26/2020 11:50,Sylvilagus floridanus,6/24/2020,8/7/2020
SEWA_N03_RVP1,47.67354,-122.31119,Summer20,7/27/2020 7:32,Sciurus carolinensis,6/24/2020,8/7/2020
SEWA_N03_RVP1,47.67354,-122.31119,Summer20,7/27/2020 9:31,Sciurus carolinensis,6/24/2020,8/7/2020
SEWA_N03_RVP1,47.67354,-122.31119,Summer20,7/28/2020 6:58,Sciurus carolinensis,6/24/2020,8/7/2020
SEWA_N03_RVP1,47.67354,-122.31119,Summer20,7/28/2020 7:00,Sciurus carolinensis,6/24/2020,8/7/2020
SEWA_N03_RVP1,47.67354,-122.31119,Summer20,7/28/2020 8:22,Sciurus carolinensis,6/24/2020,8/7/2020
SEWA_N03_RVP1,47.67354,-122.31119,Summer20,7/28/2020 14:00,Sciurus carolinensis,6/24/2020,8/7/2020
SEWA_N03_RVP1,47.67354,-122.31119,Summer20,7/28/2020 16:10,Sciurus carolinensis,6/24/2020,8/7/2020
SEWA_N03_RVP1,47.67354,-122.31119,Summer20,7/28/2020 23:55,Procyon lotor,6/24/2020,8/7/2020
SEWA_N03_RVP1,47.67354,-122.31119,Summer20,7/29/2020 0:04,Procyon lotor,6/24/2020,8/7/2020
SEWA_N03_RVP1,47.67354,-122.31119,Summer20,7/29/2020 9:13,Sciurus carolinensis,6/24/2020,8/7/2020
SEWA_N03_RVP1,47.67354,-122.31119,Summer20,7/29/2020 14:41,Sciurus carolinensis,6/24/2020,8/7/2020
SEWA_N03_RVP1,47.67354,-122.31119,Summer20,7/29/2020 20:41,Felis catus,6/24/2020,8/7/2020
SEWA_N03_RVP1,47.67354,-122.31119,Summer20,7/31/2020 6:03,Sylvilagus floridanus,6/24/2020,8/7/2020
SEWA_N03_RVP1,47.67354,-122.31119,Summer20,7/31/2020 6:04,Sylvilagus floridanus,6/24/2020,8/7/2020
SEWA_N03_RVP1,47.67354,-122.31119,Summer20,7/31/2020 10:04,Sciurus carolinensis,6/24/2020,8/7/2020
SEWA_N03_RVP1,47.67354,-122.31119,Summer20,7/31/2020 16:09,Sciurus carolinensis,6/24/2020,8/7/2020
SEWA_N03_RVP1,47.67354,-122.31119,Summer20,7/31/2020 16:26,Sciurus carolinensis,6/24/2020,8/7/2020
SEWA_N03_RVP1,47.67354,-122.31119,Summer20,8/1/2020 6:07,Sciurus carolinensis,6/24/2020,8/7/2020
SEWA_N03_RVP1,47.67354,-122.31119,Summer20,8/1/2020 8:10,Sciurus carolinensis,6/24/2020,8/7/2020
SEWA_N03_RVP1,47.67354,-122.31119,Summer20,8/1/2020 8:13,Sciurus carolinensis,6/24/2020,8/7/2020
SEWA_N03_RVP1,47.67354,-122.31119,Summer20,8/1/2020 15:31,Sciurus carolinensis,6/24/2020,8/7/2020
SEWA_N03_RVP1,47.67354,-122.31119,Summer20,8/2/2020 9:08,Sciurus carolinensis,6/24/2020,8/7/2020
SEWA_N03_RVP1,47.67354,-122.31119,Summer20,8/2/2020 13:51,Sciurus carolinensis,6/24/2020,8/7/2020
SEWA_N03_RVP1,47.67354,-122.31119,Summer20,8/3/2020 6:55,Sylvilagus floridanus,6/24/2020,8/7/2020
SEWA_N03_RVP1,47.67354,-122.31119,Summer20,8/3/2020 11:25,Sciurus carolinensis,6/24/2020,8/7/2020
SEWA_N03_RVP1,47.67354,-122.31119,Summer20,8/4/2020 11:21,Sciurus carolinensis,6/24/2020,8/7/2020
SEWA_N03_RVP1,47.67354,-122.31119,Summer20,8/5/2020 17:20,Sciurus carolinensis,6/24/2020,8/7/2020
SEWA_N03_RVP1,47.67354,-122.31119,Summer20,8/5/2020 20:26,Felis catus,6/24/2020,8/7/2020
SEWA_N04_HFW1,47.70676,-122.19162,Summer20,7/2/2020 14:45,Homo sapiens,6/24/2020,8/7/2020
SEWA_N04_HFW1,47.70676,-122.19162,Summer20,7/3/2020 6:06,Procyon lotor,6/24/2020,8/7/2020
SEWA_N04_HFW1,47.70676,-122.19162,Summer20,7/3/2020 14:39,Procyon lotor,6/24/2020,8/7/2020
SEWA_N04_HFW1,47.70676,-122.19162,Summer20,7/3/2020 14:42,Procyon lotor,6/24/2020,8/7/2020
SEWA_N04_HFW1,47.70676,-122.19162,Summer20,7/3/2020 17:57,Sylvilagus floridanus,6/24/2020,8/7/2020
SEWA_N04_HFW1,47.70676,-122.19162,Summer20,7/4/2020 23:22,Procyon lotor,6/24/2020,8/7/2020
SEWA_N04_HFW1,47.70676,-122.19162,Summer20,7/7/2020 1:56,Didelphis virginiana,6/24/2020,8/7/2020
SEWA_N04_HFW1,47.70676,-122.19162,Summer20,7/7/2020 1:58,Didelphis virginiana,6/24/2020,8/7/2020
SEWA_N04_HFW1,47.70676,-122.19162,Summer20,7/9/2020 1:41,Didelphis virginiana,6/24/2020,8/7/2020
SEWA_N04_HFW1,47.70676,-122.19162,Summer20,7/9/2020 9:51,Sciurus carolinensis,6/24/2020,8/7/2020
SEWA_N04_HFW1,47.70676,-122.19162,Summer20,7/9/2020 12:58,Sciurus carolinensis,6/24/2020,8/7/2020
SEWA_N04_HFW1,47.70676,-122.19162,Summer20,7/9/2020 13:42,Sciurus carolinensis,6/24/2020,8/7/2020
SEWA_N04_HFW1,47.70676,-122.19162,Summer20,7/10/2020 5:56,Canis latrans,6/24/2020,8/7/2020
SEWA_N04_HFW1,47.70676,-122.19162,Summer20,7/10/2020 6:05,Canis latrans,6/24/2020,8/7/2020
SEWA_N04_HFW1,47.70676,-122.19162,Summer20,7/12/2020 2:06,Didelphis virginiana,6/24/2020,8/7/2020
SEWA_N04_HFW1,47.70676,-122.19162,Summer20,7/13/2020 23:38,Didelphis virginiana,6/24/2020,8/7/2020
SEWA_N04_HFW1,47.70676,-122.19162,Summer20,7/14/2020 0:39,Canis latrans,6/24/2020,8/7/2020
SEWA_N04_HFW1,47.70676,-122.19162,Summer20,7/14/2020 23:16,Didelphis virginiana,6/24/2020,8/7/2020
SEWA_N04_HFW1,47.70676,-122.19162,Summer20,7/15/2020 1:08,Didelphis virginiana,6/24/2020,8/7/2020
SEWA_N04_HFW1,47.70676,-122.19162,Summer20,7/15/2020 1:15,Procyon lotor,6/24/2020,8/7/2020
SEWA_N04_HFW1,47.70676,-122.19162,Summer20,7/15/2020 1:45,Didelphis virginiana,6/24/2020,8/7/2020
SEWA_N04_HFW1,47.70676,-122.19162,Summer20,7/15/2020 2:08,Didelphis virginiana,6/24/2020,8/7/2020
SEWA_N04_HFW1,47.70676,-122.19162,Summer20,7/15/2020 2:18,Didelphis virginiana,6/24/2020,8/7/2020
SEWA_N04_HFW1,47.70676,-122.19162,Summer20,7/16/2020 11:44,Sciurus carolinensis,6/24/2020,8/7/2020
SEWA_N04_HFW1,47.70676,-122.19162,Summer20,7/17/2020 0:34,Didelphis virginiana,6/24/2020,8/7/2020
SEWA_N04_HFW1,47.70676,-122.19162,Summer20,7/17/2020 1:13,Didelphis virginiana,6/24/2020,8/7/2020
SEWA_N04_HFW1,47.70676,-122.19162,Summer20,7/18/2020 3:00,Didelphis virginiana,6/24/2020,8/7/2020
SEWA_N04_HFW1,47.70676,-122.19162,Summer20,7/18/2020 3:08,Didelphis virginiana,6/24/2020,8/7/2020
SEWA_N04_HFW1,47.70676,-122.19162,Summer20,7/18/2020 6:42,Procyon lotor,6/24/2020,8/7/2020
SEWA_N04_HFW1,47.70676,-122.19162,Summer20,7/18/2020 7:12,Procyon lotor,6/24/2020,8/7/2020
SEWA_N04_HFW1,47.70676,-122.19162,Summer20,7/18/2020 7:14,Procyon lotor,6/24/2020,8/7/2020
SEWA_N04_HFW1,47.70676,-122.19162,Summer20,7/18/2020 7:17,Procyon lotor,6/24/2020,8/7/2020
SEWA_N04_HFW1,47.70676,-122.19162,Summer20,7/18/2020 21:50,Procyon lotor,6/24/2020,8/7/2020
SEWA_N04_HFW1,47.70676,-122.19162,Summer20,7/20/2020 2:49,Canis latrans,6/24/2020,8/7/2020
SEWA_N04_HFW1,47.70676,-122.19162,Summer20,7/21/2020 6:17,Sciurus carolinensis,6/24/2020,8/7/2020
SEWA_N04_HFW1,47.70676,-122.19162,Summer20,7/21/2020 13:09,Sciurus carolinensis,6/24/2020,8/7/2020
SEWA_N04_HFW1,47.70676,-122.19162,Summer20,7/23/2020 11:39,Sciurus carolinensis,6/24/2020,8/7/2020
SEWA_N04_HFW1,47.70676,-122.19162,Summer20,7/24/2020 8:35,Sciurus carolinensis,6/24/2020,8/7/2020
SEWA_N04_HFW1,47.70676,-122.19162,Summer20,7/24/2020 8:37,Sciurus carolinensis,6/24/2020,8/7/2020
SEWA_N04_HFW1,47.70676,-122.19162,Summer20,7/24/2020 10:28,Sciurus carolinensis,6/24/2020,8/7/2020
SEWA_N04_HFW1,47.70676,-122.19162,Summer20,7/27/2020 7:47,Procyon lotor,6/24/2020,8/7/2020
SEWA_N04_HFW1,47.70676,-122.19162,Summer20,7/28/2020 2:17,Procyon lotor,6/24/2020,8/7/2020
SEWA_N04_HFW1,47.70676,-122.19162,Summer20,7/28/2020 2:28,Procyon lotor,6/24/2020,8/7/2020
SEWA_N04_HFW1,47.70676,-122.19162,Summer20,7/28/2020 5:01,Procyon lotor,6/24/2020,8/7/2020
SEWA_N04_HFW1,47.70676,-122.19162,Summer20,7/28/2020 11:44,Sciurus carolinensis,6/24/2020,8/7/2020
SEWA_N04_HFW1,47.70676,-122.19162,Summer20,7/28/2020 14:18,Sciurus carolinensis,6/24/2020,8/7/2020
SEWA_N04_HFW1,47.70676,-122.19162,Summer20,7/29/2020 6:25,Odocoileus hemionus,6/24/2020,8/7/2020
SEWA_N04_HFW1,47.70676,-122.19162,Summer20,7/29/2020 8:39,Sciurus carolinensis,6/24/2020,8/7/2020
SEWA_N04_HFW1,47.70676,-122.19162,Summer20,7/29/2020 16:20,Sciurus carolinensis,6/24/2020,8/7/2020
SEWA_N04_HFW1,47.70676,-122.19162,Summer20,7/30/2020 9:52,Sciurus carolinensis,6/24/2020,8/7/2020
SEWA_N04_HFW1,47.70676,-122.19162,Summer20,7/31/2020 6:47,Sciurus carolinensis,6/24/2020,8/7/2020
SEWA_N04_HFW1,47.70676,-122.19162,Summer20,7/31/2020 7:00,Sciurus carolinensis,6/24/2020,8/7/2020
SEWA_N04_HFW1,47.70676,-122.19162,Summer20,7/31/2020 7:03,Sciurus carolinensis,6/24/2020,8/7/2020
SEWA_N04_HFW1,47.70676,-122.19162,Summer20,7/31/2020 7:04,Sciurus carolinensis,6/24/2020,8/7/2020
SEWA_N04_HFW1,47.70676,-122.19162,Summer20,7/31/2020 17:31,Sciurus carolinensis,6/24/2020,8/7/2020
SEWA_N04_HFW1,47.70676,-122.19162,Summer20,7/31/2020 23:27,Procyon lotor,6/24/2020,8/7/2020
SEWA_N04_HFW1,47.70676,-122.19162,Summer20,8/1/2020 8:39,Sciurus carolinensis,6/24/2020,8/7/2020
SEWA_N04_HFW1,47.70676,-122.19162,Summer20,8/1/2020 11:26,Sciurus carolinensis,6/24/2020,8/7/2020
SEWA_N04_HFW1,47.70676,-122.19162,Summer20,8/1/2020 12:15,Sciurus carolinensis,6/24/2020,8/7/2020
SEWA_N04_HFW1,47.70676,-122.19162,Summer20,8/1/2020 12:21,Sciurus carolinensis,6/24/2020,8/7/2020
SEWA_N04_HFW1,47.70676,-122.19162,Summer20,8/1/2020 12:28,Sciurus carolinensis,6/24/2020,8/7/2020
SEWA_N04_HFW1,47.70676,-122.19162,Summer20,8/1/2020 12:30,Sciurus carolinensis,6/24/2020,8/7/2020
SEWA_N04_HFW1,47.70676,-122.19162,Summer20,8/1/2020 23:54,Didelphis virginiana,6/24/2020,8/7/2020
SEWA_N04_HFW1,47.70676,-122.19162,Summer20,8/2/2020 0:44,Procyon lotor,6/24/2020,8/7/2020
SEWA_N04_HFW1,47.70676,-122.19162,Summer20,8/2/2020 2:15,Procyon lotor,6/24/2020,8/7/2020
SEWA_N04_HFW1,47.70676,-122.19162,Summer20,8/2/2020 11:42,Homo sapiens,6/24/2020,8/7/2020
SEWA_N04_HFW1,47.70676,-122.19162,Summer20,8/2/2020 12:04,Homo sapiens,6/24/2020,8/7/2020
SEWA_N04_HFW1,47.70676,-122.19162,Summer20,8/2/2020 21:57,Procyon lotor,6/24/2020,8/7/2020
SEWA_N04_HFW1,47.70676,-122.19162,Summer20,8/2/2020 23:04,Procyon lotor,6/24/2020,8/7/2020
SEWA_N04_HFW1,47.70676,-122.19162,Summer20,8/3/2020 11:23,Sciurus carolinensis,6/24/2020,8/7/2020
SEWA_N04_HFW1,47.70676,-122.19162,Summer20,8/3/2020 23:11,Didelphis virginiana,6/24/2020,8/7/2020
SEWA_N04_HFW1,47.70676,-122.19162,Summer20,8/4/2020 12:32,Sciurus carolinensis,6/24/2020,8/7/2020
SEWA_N04_HFW1,47.70676,-122.19162,Summer20,8/4/2020 16:35,Sciurus carolinensis,6/24/2020,8/7/2020
SEWA_N04_HFW1,47.70676,-122.19162,Summer20,8/4/2020 23:39,Procyon lotor,6/24/2020,8/7/2020
SEWA_N04_HFW1,47.70676,-122.19162,Summer20,8/5/2020 0:59,Procyon lotor,6/24/2020,8/7/2020
SEWA_N04_HFW1,47.70676,-122.19162,Summer20,8/5/2020 1:01,Procyon lotor,6/24/2020,8/7/2020
SEWA_N04_HFW1,47.70676,-122.19162,Summer20,8/5/2020 1:03,Procyon lotor,6/24/2020,8/7/2020
SEWA_N04_HFW1,47.70676,-122.19162,Summer20,8/5/2020 1:05,Procyon lotor,6/24/2020,8/7/2020
SEWA_N04_HFW1,47.70676,-122.19162,Summer20,8/6/2020 0:18,Didelphis virginiana,6/24/2020,8/7/2020
SEWA_N04_HFW1,47.70676,-122.19162,Summer20,8/6/2020 22:10,Didelphis virginiana,6/24/2020,8/7/2020
SEWA_N04_JBP1,47.69558,-122.20348,Summer20,6/29/2020 18:39,Canis latrans,6/24/2020,8/7/2020
SEWA_N04_JBP1,47.69558,-122.20348,Summer20,7/1/2020 15:48,Homo sapiens,6/24/2020,8/7/2020
SEWA_N04_JBP1,47.69558,-122.20348,Summer20,7/3/2020 7:08,Homo sapiens,6/24/2020,8/7/2020
SEWA_N04_JBP1,47.69558,-122.20348,Summer20,7/3/2020 10:59,Odocoileus hemionus,6/24/2020,8/7/2020
SEWA_N04_JBP1,47.69558,-122.20348,Summer20,7/4/2020 16:32,Homo sapiens,6/24/2020,8/7/2020
SEWA_N04_JBP1,47.69558,-122.20348,Summer20,7/4/2020 16:59,Homo sapiens,6/24/2020,8/7/2020
SEWA_N04_JBP1,47.69558,-122.20348,Summer20,7/4/2020 22:01,Homo sapiens,6/24/2020,8/7/2020
SEWA_N04_JBP1,47.69558,-122.20348,Summer20,7/5/2020 10:54,Odocoileus hemionus,6/24/2020,8/7/2020
SEWA_N04_JBP1,47.69558,-122.20348,Summer20,7/5/2020 11:13,Odocoileus hemionus,6/24/2020,8/7/2020
SEWA_N04_JBP1,47.69558,-122.20348,Summer20,7/5/2020 14:49,Homo sapiens,6/24/2020,8/7/2020
SEWA_N04_JBP1,47.69558,-122.20348,Summer20,7/5/2020 14:49,Canis familiaris,6/24/2020,8/7/2020
SEWA_N04_JBP1,47.69558,-122.20348,Summer20,7/6/2020 4:38,Didelphis virginiana,6/24/2020,8/7/2020
SEWA_N04_JBP1,47.69558,-122.20348,Summer20,7/6/2020 8:03,Homo sapiens,6/24/2020,8/7/2020
SEWA_N04_JBP1,47.69558,-122.20348,Summer20,7/6/2020 9:40,Homo sapiens,6/24/2020,8/7/2020
SEWA_N04_JBP1,47.69558,-122.20348,Summer20,7/6/2020 21:27,Canis latrans,6/24/2020,8/7/2020
SEWA_N04_JBP1,47.69558,-122.20348,Summer20,7/6/2020 21:35,Canis latrans,6/24/2020,8/7/2020
SEWA_N04_JBP1,47.69558,-122.20348,Summer20,7/7/2020 0:26,Odocoileus hemionus,6/24/2020,8/7/2020
SEWA_N04_JBP1,47.69558,-122.20348,Summer20,7/7/2020 11:21,Homo sapiens,6/24/2020,8/7/2020
SEWA_N04_JBP1,47.69558,-122.20348,Summer20,7/7/2020 11:21,Canis familiaris,6/24/2020,8/7/2020
SEWA_N04_JBP1,47.69558,-122.20348,Summer20,7/7/2020 11:38,Homo sapiens,6/24/2020,8/7/2020
SEWA_N04_JBP1,47.69558,-122.20348,Summer20,7/7/2020 11:38,Canis familiaris,6/24/2020,8/7/2020
SEWA_N04_JBP1,47.69558,-122.20348,Summer20,7/7/2020 21:17,Homo sapiens,6/24/2020,8/7/2020
SEWA_N04_JBP1,47.69558,-122.20348,Summer20,7/7/2020 21:30,Homo sapiens,6/24/2020,8/7/2020
SEWA_N04_JBP1,47.69558,-122.20348,Summer20,7/8/2020 0:26,Odocoileus hemionus,6/24/2020,8/7/2020
SEWA_N04_JBP1,47.69558,-122.20348,Summer20,7/8/2020 11:50,Homo sapiens,6/24/2020,8/7/2020
SEWA_N04_JBP1,47.69558,-122.20348,Summer20,7/8/2020 17:34,Odocoileus hemionus,6/24/2020,8/7/2020
SEWA_N04_JBP1,47.69558,-122.20348,Summer20,7/9/2020 15:25,Odocoileus hemionus,6/24/2020,8/7/2020
SEWA_N04_JBP1,47.69558,-122.20348,Summer20,7/9/2020 20:16,Homo sapiens,6/24/2020,8/7/2020
SEWA_N04_JBP1,47.69558,-122.20348,Summer20,7/10/2020 17:55,Homo sapiens,6/24/2020,8/7/2020
SEWA_N04_JBP1,47.69558,-122.20348,Summer20,7/10/2020 21:39,Homo sapiens,6/24/2020,8/7/2020
SEWA_N04_JBP1,47.69558,-122.20348,Summer20,7/11/2020 6:55,Homo sapiens,6/24/2020,8/7/2020
SEWA_N04_JBP1,47.69558,-122.20348,Summer20,7/11/2020 14:04,Homo sapiens,6/24/2020,8/7/2020
SEWA_N04_JBP1,47.69558,-122.20348,Summer20,7/11/2020 14:52,Homo sapiens,6/24/2020,8/7/2020
SEWA_N04_JBP1,47.69558,-122.20348,Summer20,7/12/2020 0:42,Didelphis virginiana,6/24/2020,8/7/2020
SEWA_N04_JBP1,47.69558,-122.20348,Summer20,7/12/2020 9:54,Homo sapiens,6/24/2020,8/7/2020
SEWA_N04_JBP1,47.69558,-122.20348,Summer20,7/12/2020 12:16,Homo sapiens,6/24/2020,8/7/2020
SEWA_N04_JBP1,47.69558,-122.20348,Summer20,7/12/2020 18:54,Odocoileus hemionus,6/24/2020,8/7/2020
SEWA_N04_JBP1,47.69558,-122.20348,Summer20,7/13/2020 11:38,Homo sapiens,6/24/2020,8/7/2020
SEWA_N04_JBP1,47.69558,-122.20348,Summer20,7/13/2020 11:57,Homo sapiens,6/24/2020,8/7/2020
SEWA_N04_JBP1,47.69558,-122.20348,Summer20,7/13/2020 13:59,Homo sapiens,6/24/2020,8/7/2020
SEWA_N04_JBP1,47.69558,-122.20348,Summer20,7/13/2020 14:52,Homo sapiens,6/24/2020,8/7/2020
SEWA_N04_JBP1,47.69558,-122.20348,Summer20,7/14/2020 7:01,Homo sapiens,6/24/2020,8/7/2020
SEWA_N04_JBP1,47.69558,-122.20348,Summer20,7/14/2020 8:07,Homo sapiens,6/24/2020,8/7/2020
SEWA_N04_JBP1,47.69558,-122.20348,Summer20,7/14/2020 14:41,Homo sapiens,6/24/2020,8/7/2020
SEWA_N04_JBP1,47.69558,-122.20348,Summer20,7/14/2020 15:40,Homo sapiens,6/24/2020,8/7/2020
SEWA_N04_JBP1,47.69558,-122.20348,Summer20,7/14/2020 15:43,Homo sapiens,6/24/2020,8/7/2020
SEWA_N04_JBP1,47.69558,-122.20348,Summer20,7/15/2020 7:39,Homo sapiens,6/24/2020,8/7/2020
SEWA_N04_JBP1,47.69558,-122.20348,Summer20,7/15/2020 18:02,Homo sapiens,6/24/2020,8/7/2020
SEWA_N04_JBP1,47.69558,-122.20348,Summer20,7/16/2020 7:37,Homo sapiens,6/24/2020,8/7/2020
SEWA_N04_JBP1,47.69558,-122.20348,Summer20,7/16/2020 20:42,Homo sapiens,6/24/2020,8/7/2020
SEWA_N04_JBP1,47.69558,-122.20348,Summer20,7/16/2020 20:53,Homo sapiens,6/24/2020,8/7/2020
SEWA_N04_JBP1,47.69558,-122.20348,Summer20,7/17/2020 6:10,Homo sapiens,6/24/2020,8/7/2020
SEWA_N04_JBP1,47.69558,-122.20348,Summer20,7/17/2020 7:28,Odocoileus hemionus,6/24/2020,8/7/2020
SEWA_N04_JBP1,47.69558,-122.20348,Summer20,7/17/2020 11:22,Odocoileus hemionus,6/24/2020,8/7/2020
SEWA_N04_JBP1,47.69558,-122.20348,Summer20,7/17/2020 11:57,Odocoileus hemionus,6/24/2020,8/7/2020
SEWA_N04_JBP1,47.69558,-122.20348,Summer20,7/17/2020 15:51,Odocoileus hemionus,6/24/2020,8/7/2020
SEWA_N04_JBP1,47.69558,-122.20348,Summer20,7/18/2020 9:42,Sciurus carolinensis,6/24/2020,8/7/2020
SEWA_N04_JBP1,47.69558,-122.20348,Summer20,7/18/2020 11:59,Canis familiaris,6/24/2020,8/7/2020
SEWA_N04_JBP1,47.69558,-122.20348,Summer20,7/18/2020 11:59,Homo sapiens,6/24/2020,8/7/2020
SEWA_N04_JBP1,47.69558,-122.20348,Summer20,7/18/2020 12:10,Homo sapiens,6/24/2020,8/7/2020
SEWA_N04_JBP1,47.69558,-122.20348,Summer20,7/18/2020 12:10,Canis familiaris,6/24/2020,8/7/2020
SEWA_N04_JBP1,47.69558,-122.20348,Summer20,7/18/2020 20:55,Odocoileus hemionus,6/24/2020,8/7/2020
SEWA_N04_JBP1,47.69558,-122.20348,Summer20,7/19/2020 21:25,Odocoileus hemionus,6/24/2020,8/7/2020
SEWA_N04_JBP1,47.69558,-122.20348,Summer20,7/20/2020 2:59,Odocoileus hemionus,6/24/2020,8/7/2020
SEWA_N04_JBP1,47.69558,-122.20348,Summer20,7/20/2020 13:54,Odocoileus hemionus,6/24/2020,8/7/2020
SEWA_N04_JBP1,47.69558,-122.20348,Summer20,7/20/2020 14:35,Homo sapiens,6/24/2020,8/7/2020
SEWA_N04_JBP1,47.69558,-122.20348,Summer20,7/20/2020 18:15,Homo sapiens,6/24/2020,8/7/2020
SEWA_N04_JBP1,47.69558,-122.20348,Summer20,7/21/2020 6:45,Homo sapiens,6/24/2020,8/7/2020
SEWA_N04_JBP1,47.69558,-122.20348,Summer20,7/21/2020 12:07,Sciurus carolinensis,6/24/2020,8/7/2020
SEWA_N04_JBP1,47.69558,-122.20348,Summer20,7/23/2020 15:38,Odocoileus hemionus,6/24/2020,8/7/2020
SEWA_N04_JBP1,47.69558,-122.20348,Summer20,7/23/2020 23:05,Odocoileus hemionus,6/24/2020,8/7/2020
SEWA_N04_JBP1,47.69558,-122.20348,Summer20,7/24/2020 11:25,Homo sapiens,6/24/2020,8/7/2020
SEWA_N04_JBP1,47.69558,-122.20348,Summer20,7/24/2020 11:28,Canis familiaris,6/24/2020,8/7/2020
SEWA_N04_JBP1,47.69558,-122.20348,Summer20,7/24/2020 11:28,Homo sapiens,6/24/2020,8/7/2020
SEWA_N04_JBP1,47.69558,-122.20348,Summer20,7/24/2020 16:22,Homo sapiens,6/24/2020,8/7/2020
SEWA_N04_JBP1,47.69558,-122.20348,Summer20,7/25/2020 7:23,Homo sapiens,6/24/2020,8/7/2020
SEWA_N04_JBP1,47.69558,-122.20348,Summer20,7/25/2020 12:04,Canis familiaris,6/24/2020,8/7/2020
SEWA_N04_JBP1,47.69558,-122.20348,Summer20,7/25/2020 12:04,Homo sapiens,6/24/2020,8/7/2020
SEWA_N04_JBP1,47.69558,-122.20348,Summer20,7/25/2020 20:27,Homo sapiens,6/24/2020,8/7/2020
SEWA_N04_JBP1,47.69558,-122.20348,Summer20,7/26/2020 12:29,Homo sapiens,6/24/2020,8/7/2020
SEWA_N04_JBP1,47.69558,-122.20348,Summer20,7/26/2020 12:33,Homo sapiens,6/24/2020,8/7/2020
SEWA_N04_JBP1,47.69558,-122.20348,Summer20,7/26/2020 16:28,Homo sapiens,6/24/2020,8/7/2020
SEWA_N04_JBP1,47.69558,-122.20348,Summer20,7/27/2020 2:50,Odocoileus hemionus,6/24/2020,8/7/2020
SEWA_N04_JBP1,47.69558,-122.20348,Summer20,7/27/2020 7:28,Odocoileus hemionus,6/24/2020,8/7/2020
SEWA_N04_JBP1,47.69558,-122.20348,Summer20,7/27/2020 10:20,Canis familiaris,6/24/2020,8/7/2020
SEWA_N04_JBP1,47.69558,-122.20348,Summer20,7/27/2020 10:20,Homo sapiens,6/24/2020,8/7/2020
SEWA_N04_JBP1,47.69558,-122.20348,Summer20,7/27/2020 11:52,Homo sapiens,6/24/2020,8/7/2020
SEWA_N04_JBP1,47.69558,-122.20348,Summer20,7/27/2020 11:54,Homo sapiens,6/24/2020,8/7/2020
SEWA_N04_JBP1,47.69558,-122.20348,Summer20,7/27/2020 14:47,Homo sapiens,6/24/2020,8/7/2020
SEWA_N04_JBP1,47.69558,-122.20348,Summer20,7/28/2020 14:48,Homo sapiens,6/24/2020,8/7/2020
SEWA_N04_JBP1,47.69558,-122.20348,Summer20,7/28/2020 14:50,Homo sapiens,6/24/2020,8/7/2020
SEWA_N04_JBP1,47.69558,-122.20348,Summer20,7/28/2020 14:58,Homo sapiens,6/24/2020,8/7/2020
SEWA_N04_JBP1,47.69558,-122.20348,Summer20,7/29/2020 6:42,Odocoileus hemionus,6/24/2020,8/7/2020
SEWA_N04_JBP1,47.69558,-122.20348,Summer20,7/29/2020 14:02,Homo sapiens,6/24/2020,8/7/2020
SEWA_N04_JBP1,47.69558,-122.20348,Summer20,7/29/2020 14:04,Homo sapiens,6/24/2020,8/7/2020
SEWA_N04_JBP1,47.69558,-122.20348,Summer20,7/29/2020 14:31,Homo sapiens,6/24/2020,8/7/2020
SEWA_N04_JBP1,47.69558,-122.20348,Summer20,7/29/2020 15:06,Homo sapiens,6/24/2020,8/7/2020
SEWA_N04_JBP1,47.69558,-122.20348,Summer20,7/29/2020 15:40,Homo sapiens,6/24/2020,8/7/2020
SEWA_N04_JBP1,47.69558,-122.20348,Summer20,7/29/2020 18:57,Homo sapiens,6/24/2020,8/7/2020
SEWA_N04_JBP1,47.69558,-122.20348,Summer20,7/29/2020 19:05,Homo sapiens,6/24/2020,8/7/2020
SEWA_N04_JBP1,47.69558,-122.20348,Summer20,7/30/2020 14:35,Homo sapiens,6/24/2020,8/7/2020
SEWA_N04_JBP1,47.69558,-122.20348,Summer20,7/30/2020 14:55,Homo sapiens,6/24/2020,8/7/2020
SEWA_N04_JBP1,47.69558,-122.20348,Summer20,7/31/2020 18:44,Homo sapiens,6/24/2020,8/7/2020
SEWA_N04_JBP1,47.69558,-122.20348,Summer20,7/31/2020 20:52,Homo sapiens,6/24/2020,8/7/2020
SEWA_N04_JBP1,47.69558,-122.20348,Summer20,8/1/2020 8:47,Homo sapiens,6/24/2020,8/7/2020
SEWA_N04_JBP1,47.69558,-122.20348,Summer20,8/1/2020 9:24,Homo sapiens,6/24/2020,8/7/2020
SEWA_N04_JBP1,47.69558,-122.20348,Summer20,8/1/2020 9:33,Homo sapiens,6/24/2020,8/7/2020
SEWA_N04_JBP1,47.69558,-122.20348,Summer20,8/1/2020 18:13,Homo sapiens,6/24/2020,8/7/2020
SEWA_N04_JBP1,47.69558,-122.20348,Summer20,8/2/2020 9:06,Homo sapiens,6/24/2020,8/7/2020
SEWA_N04_JBP1,47.69558,-122.20348,Summer20,8/2/2020 15:47,Homo sapiens,6/24/2020,8/7/2020
SEWA_N04_JBP1,47.69558,-122.20348,Summer20,8/2/2020 15:47,Canis familiaris,6/24/2020,8/7/2020
SEWA_N04_JBP1,47.69558,-122.20348,Summer20,8/2/2020 17:06,Homo sapiens,6/24/2020,8/7/2020
SEWA_N04_JBP1,47.69558,-122.20348,Summer20,8/3/2020 12:58,Homo sapiens,6/24/2020,8/7/2020
SEWA_N04_JBP1,47.69558,-122.20348,Summer20,8/3/2020 13:02,Homo sapiens,6/24/2020,8/7/2020
SEWA_N04_JBP1,47.69558,-122.20348,Summer20,8/3/2020 16:33,Homo sapiens,6/24/2020,8/7/2020
SEWA_N04_JBP1,47.69558,-122.20348,Summer20,8/4/2020 6:55,Homo sapiens,6/24/2020,8/7/2020
SEWA_N04_JBP1,47.69558,-122.20348,Summer20,8/4/2020 14:59,Homo sapiens,6/24/2020,8/7/2020
SEWA_N04_JBP1,47.69558,-122.20348,Summer20,8/4/2020 18:43,Homo sapiens,6/24/2020,8/7/2020
SEWA_N04_JBP1,47.69558,-122.20348,Summer20,8/5/2020 14:43,Homo sapiens,6/24/2020,8/7/2020
SEWA_N04_JBP1,47.69558,-122.20348,Summer20,8/5/2020 15:10,Homo sapiens,6/24/2020,8/7/2020
SEWA_N04_JBP1,47.69558,-122.20348,Summer20,8/5/2020 15:16,Homo sapiens,6/24/2020,8/7/2020
SEWA_N04_JBP1,47.69558,-122.20348,Summer20,8/5/2020 15:54,Homo sapiens,6/24/2020,8/7/2020
SEWA_N04_JBP1,47.69558,-122.20348,Summer20,8/5/2020 19:57,Homo sapiens,6/24/2020,8/7/2020
SEWA_N04_JBP1,47.69558,-122.20348,Summer20,8/5/2020 20:18,Homo sapiens,6/24/2020,8/7/2020
SEWA_N05_SVP1,47.70675,-122.15123,Summer20,6/26/2020 18:16,Homo sapiens,6/24/2020,8/7/2020
SEWA_N05_SVP1,47.70675,-122.15123,Summer20,6/29/2020 12:05,Canis latrans,6/24/2020,8/7/2020
SEWA_N05_SVP1,47.70675,-122.15123,Summer20,6/30/2020 18:33,Canis latrans,6/24/2020,8/7/2020
SEWA_N06_MBC2,47.70431,-122.08896,Summer20,7/5/2020 13:46,Homo sapiens,6/24/2020,8/7/2020
SEWA_N06_MBC2,47.70431,-122.08896,Summer20,7/5/2020 19:31,Sylvilagus floridanus,6/24/2020,8/7/2020
SEWA_N06_MBC2,47.70431,-122.08896,Summer20,7/6/2020 8:22,Odocoileus hemionus,6/24/2020,8/7/2020
SEWA_N06_MBC2,47.70431,-122.08896,Summer20,7/6/2020 21:45,Procyon lotor,6/24/2020,8/7/2020
SEWA_N06_MBC2,47.70431,-122.08896,Summer20,7/7/2020 14:53,Sylvilagus floridanus,6/24/2020,8/7/2020
SEWA_N06_MBC2,47.70431,-122.08896,Summer20,7/8/2020 21:13,Procyon lotor,6/24/2020,8/7/2020
SEWA_N06_MBC2,47.70431,-122.08896,Summer20,7/8/2020 23:19,Sylvilagus floridanus,6/24/2020,8/7/2020
SEWA_N06_MBC2,47.70431,-122.08896,Summer20,7/13/2020 3:17,Didelphis virginiana,6/24/2020,8/7/2020
SEWA_N06_MBC2,47.70431,-122.08896,Summer20,7/18/2020 4:33,Procyon lotor,6/24/2020,8/7/2020
SEWA_N06_MBC2,47.70431,-122.08896,Summer20,7/18/2020 23:09,Didelphis virginiana,6/24/2020,8/7/2020
SEWA_N07_FRD1,47.75103,-122.00792,Summer20,6/30/2020 11:57,Homo sapiens,6/24/2020,8/7/2020
SEWA_N07_FRD1,47.75103,-122.00792,Summer20,6/30/2020 11:58,Homo sapiens,6/24/2020,8/7/2020
SEWA_N07_FRD1,47.75103,-122.00792,Summer20,7/1/2020 17:35,Odocoileus hemionus,6/24/2020,8/7/2020
SEWA_N07_FRD1,47.75103,-122.00792,Summer20,7/2/2020 12:19,Canis latrans,6/24/2020,8/7/2020
SEWA_N07_FRD1,47.75103,-122.00792,Summer20,7/6/2020 10:17,Odocoileus hemionus,6/24/2020,8/7/2020
SEWA_N07_FRD1,47.75103,-122.00792,Summer20,7/9/2020 8:41,Odocoileus hemionus,6/24/2020,8/7/2020
SEWA_N07_FRD1,47.75103,-122.00792,Summer20,7/9/2020 8:49,Odocoileus hemionus,6/24/2020,8/7/2020
SEWA_N07_FRD1,47.75103,-122.00792,Summer20,7/9/2020 19:36,Odocoileus hemionus,6/24/2020,8/7/2020
SEWA_N07_FRD1,47.75103,-122.00792,Summer20,7/12/2020 6:37,Odocoileus hemionus,6/24/2020,8/7/2020
SEWA_N07_FRD1,47.75103,-122.00792,Summer20,7/13/2020 14:17,Odocoileus hemionus,6/24/2020,8/7/2020
SEWA_N07_FRD1,47.75103,-122.00792,Summer20,7/14/2020 8:34,Odocoileus hemionus,6/24/2020,8/7/2020
SEWA_N07_FRD1,47.75103,-122.00792,Summer20,7/15/2020 1:47,Didelphis virginiana,6/24/2020,8/7/2020
SEWA_N07_FRD1,47.75103,-122.00792,Summer20,7/16/2020 5:55,Odocoileus hemionus,6/24/2020,8/7/2020
SEWA_N07_FRD1,47.75103,-122.00792,Summer20,7/19/2020 10:18,Odocoileus hemionus,6/24/2020,8/7/2020
SEWA_N07_FRD1,47.75103,-122.00792,Summer20,7/20/2020 7:29,Odocoileus hemionus,6/24/2020,8/7/2020
SEWA_N07_FRD1,47.75103,-122.00792,Summer20,7/20/2020 15:22,Odocoileus hemionus,6/24/2020,8/7/2020
SEWA_N07_FRD1,47.75103,-122.00792,Summer20,7/22/2020 4:55,Didelphis virginiana,6/24/2020,8/7/2020
SEWA_N07_FRD1,47.75103,-122.00792,Summer20,7/23/2020 0:59,Didelphis virginiana,6/24/2020,8/7/2020
SEWA_N07_FRD1,47.75103,-122.00792,Summer20,7/27/2020 4:41,Didelphis virginiana,6/24/2020,8/7/2020
SEWA_N07_FRD1,47.75103,-122.00792,Summer20,7/29/2020 2:10,Didelphis virginiana,6/24/2020,8/7/2020
SEWA_N07_FRD1,47.75103,-122.00792,Summer20,8/1/2020 14:31,Homo sapiens,6/24/2020,8/7/2020
SEWA_N07_RHF1,47.7406,-122.01764,Summer20,6/29/2020 13:24,Homo sapiens,6/24/2020,8/7/2020
SEWA_N07_RHF1,47.7406,-122.01764,Summer20,6/29/2020 13:28,Homo sapiens,6/24/2020,8/7/2020
SEWA_N07_RHF1,47.7406,-122.01764,Summer20,6/29/2020 13:30,Homo sapiens,6/24/2020,8/7/2020
SEWA_N07_RHF1,47.7406,-122.01764,Summer20,6/29/2020 13:32,Homo sapiens,6/24/2020,8/7/2020
SEWA_N07_RHF1,47.7406,-122.01764,Summer20,7/2/2020 3:48,Canis latrans,6/24/2020,8/7/2020
SEWA_N07_RHF1,47.7406,-122.01764,Summer20,7/3/2020 12:03,Canis latrans,6/24/2020,8/7/2020
SEWA_N07_RHF1,47.7406,-122.01764,Summer20,7/3/2020 12:04,Canis latrans,6/24/2020,8/7/2020
SEWA_N07_RHF1,47.7406,-122.01764,Summer20,7/8/2020 11:34,Canis latrans,6/24/2020,8/7/2020
SEWA_N07_RHF1,47.7406,-122.01764,Summer20,7/20/2020 6:54,Canis latrans,6/24/2020,8/7/2020
SEWA_N07_RHF1,47.7406,-122.01764,Summer20,7/22/2020 23:35,Canis latrans,6/24/2020,8/7/2020
SEWA_N07_RHF1,47.7406,-122.01764,Summer20,7/23/2020 0:19,Canis latrans,6/24/2020,8/7/2020
SEWA_N07_RHF1,47.7406,-122.01764,Summer20,7/26/2020 8:59,Canis latrans,6/24/2020,8/7/2020
SEWA_N07_RHF1,47.7406,-122.01764,Summer20,7/29/2020 5:13,Canis latrans,6/24/2020,8/7/2020
SEWA_N07_RHF1,47.7406,-122.01764,Summer20,8/1/2020 13:22,Homo sapiens,6/24/2020,8/7/2020
SEWA_N08_DOS1,47.74577,-121.96749,Summer20,7/3/2020 9:31,Homo sapiens,6/24/2020,8/7/2020
SEWA_N08_DOS1,47.74577,-121.96749,Summer20,7/6/2020 21:36,Ursus americanus,6/24/2020,8/7/2020
SEWA_N08_DOS1,47.74577,-121.96749,Summer20,7/13/2020 0:28,Didelphis virginiana,6/24/2020,8/7/2020
SEWA_S01_PGP2,47.55669,-122.35852,Summer20,6/29/2020 12:47,Homo sapiens,6/24/2020,8/7/2020
SEWA_S01_PGP2,47.55669,-122.35852,Summer20,6/29/2020 17:27,Procyon lotor,6/24/2020,8/7/2020
SEWA_S01_PGP2,47.55669,-122.35852,Summer20,6/30/2020 15:39,Procyon lotor,6/24/2020,8/7/2020
SEWA_S01_PGP2,47.55669,-122.35852,Summer20,6/30/2020 21:08,Procyon lotor,6/24/2020,8/7/2020
SEWA_S01_PGP2,47.55669,-122.35852,Summer20,6/30/2020 22:29,Procyon lotor,6/24/2020,8/7/2020
SEWA_S01_PGP2,47.55669,-122.35852,Summer20,7/1/2020 20:06,Procyon lotor,6/24/2020,8/7/2020
SEWA_S01_PGP2,47.55669,-122.35852,Summer20,7/1/2020 20:44,Procyon lotor,6/24/2020,8/7/2020
SEWA_S01_PGP2,47.55669,-122.35852,Summer20,7/1/2020 21:25,Procyon lotor,6/24/2020,8/7/2020
SEWA_S01_PGP2,47.55669,-122.35852,Summer20,7/1/2020 23:49,Procyon lotor,6/24/2020,8/7/2020
SEWA_S01_PGP2,47.55669,-122.35852,Summer20,7/4/2020 23:29,Procyon lotor,6/24/2020,8/7/2020
SEWA_S01_PGP2,47.55669,-122.35852,Summer20,7/5/2020 13:38,Procyon lotor,6/24/2020,8/7/2020
SEWA_S01_PGP2,47.55669,-122.35852,Summer20,7/5/2020 15:42,Procyon lotor,6/24/2020,8/7/2020
SEWA_S01_PGP2,47.55669,-122.35852,Summer20,7/7/2020 13:36,Procyon lotor,6/24/2020,8/7/2020
SEWA_S01_PGP2,47.55669,-122.35852,Summer20,7/13/2020 0:24,Procyon lotor,6/24/2020,8/7/2020
SEWA_S01_PGP2,47.55669,-122.35852,Summer20,7/14/2020 23:55,Procyon lotor,6/24/2020,8/7/2020
SEWA_S01_PGP2,47.55669,-122.35852,Summer20,7/24/2020 4:54,Procyon lotor,6/24/2020,8/7/2020
SEWA_S01_TMP1,47.56718,-122.35082,Summer20,6/29/2020 13:14,Homo sapiens,6/24/2020,8/7/2020
SEWA_S01_TMP1,47.56718,-122.35082,Summer20,6/29/2020 22:43,Sylvilagus floridanus,6/24/2020,8/7/2020
SEWA_S01_TMP1,47.56718,-122.35082,Summer20,7/13/2020 15:53,Homo sapiens,6/24/2020,8/7/2020
SEWA_S01_TMP1,47.56718,-122.35082,Summer20,7/13/2020 16:00,Homo sapiens,6/24/2020,8/7/2020
SEWA_S01_TMP1,47.56718,-122.35082,Summer20,7/13/2020 23:12,Homo sapiens,6/24/2020,8/7/2020
SEWA_S01_TMP1,47.56718,-122.35082,Summer20,7/18/2020 12:24,Homo sapiens,6/24/2020,8/7/2020
SEWA_S01_TMP1,47.56718,-122.35082,Summer20,7/26/2020 8:14,Homo sapiens,6/24/2020,8/7/2020
SEWA_S01_TMP1,47.56718,-122.35082,Summer20,7/26/2020 11:37,Homo sapiens,6/24/2020,8/7/2020
SEWA_S01_TMP1,47.56718,-122.35082,Summer20,7/26/2020 11:42,Homo sapiens,6/24/2020,8/7/2020
SEWA_S01_TMP1,47.56718,-122.35082,Summer20,7/28/2020 1:41,Homo sapiens,6/24/2020,8/7/2020
SEWA_S01_TMP1,47.56718,-122.35082,Summer20,7/28/2020 2:22,Homo sapiens,6/24/2020,8/7/2020
SEWA_S02_MSR1,47.54984,-122.3086,Summer20,6/24/2020 19:38,Rattus rattus,6/24/2020,8/7/2020
SEWA_S02_MSR1,47.54984,-122.3086,Summer20,6/24/2020 19:53,Rattus rattus,6/24/2020,8/7/2020
SEWA_S02_MSR1,47.54984,-122.3086,Summer20,6/24/2020 20:02,Rattus rattus,6/24/2020,8/7/2020
SEWA_S02_MSR1,47.54984,-122.3086,Summer20,6/24/2020 20:12,Rattus rattus,6/24/2020,8/7/2020
SEWA_S02_MSR1,47.54984,-122.3086,Summer20,6/24/2020 20:14,Rattus rattus,6/24/2020,8/7/2020
SEWA_S02_MSR1,47.54984,-122.3086,Summer20,6/24/2020 20:21,Rattus rattus,6/24/2020,8/7/2020
SEWA_S02_MSR1,47.54984,-122.3086,Summer20,6/24/2020 20:23,Rattus rattus,6/24/2020,8/7/2020
SEWA_S02_MSR1,47.54984,-122.3086,Summer20,6/24/2020 20:37,Rattus rattus,6/24/2020,8/7/2020
SEWA_S02_MSR1,47.54984,-122.3086,Summer20,6/24/2020 20:48,Rattus rattus,6/24/2020,8/7/2020
SEWA_S02_MSR1,47.54984,-122.3086,Summer20,6/24/2020 20:52,Rattus rattus,6/24/2020,8/7/2020
SEWA_S02_MSR1,47.54984,-122.3086,Summer20,6/24/2020 21:42,Rattus rattus,6/24/2020,8/7/2020
SEWA_S02_MSR1,47.54984,-122.3086,Summer20,6/24/2020 21:47,Rattus rattus,6/24/2020,8/7/2020
SEWA_S02_MSR1,47.54984,-122.3086,Summer20,6/27/2020 20:06,Rattus rattus,6/24/2020,8/7/2020
SEWA_S02_MSR1,47.54984,-122.3086,Summer20,6/27/2020 21:55,Rattus rattus,6/24/2020,8/7/2020
SEWA_S02_MSR1,47.54984,-122.3086,Summer20,6/27/2020 22:13,Rattus rattus,6/24/2020,8/7/2020
SEWA_S02_MSR1,47.54984,-122.3086,Summer20,6/28/2020 16:53,Rattus rattus,6/24/2020,8/7/2020
SEWA_S02_MSR1,47.54984,-122.3086,Summer20,6/29/2020 17:02,Sciurus carolinensis,6/24/2020,8/7/2020
SEWA_S02_MSR1,47.54984,-122.3086,Summer20,6/29/2020 21:19,Rattus rattus,6/24/2020,8/7/2020
SEWA_S02_MSR1,47.54984,-122.3086,Summer20,6/30/2020 19:47,Rattus rattus,6/24/2020,8/7/2020
SEWA_S02_MSR1,47.54984,-122.3086,Summer20,6/30/2020 20:29,Homo sapiens,6/24/2020,8/7/2020
SEWA_S02_MSR1,47.54984,-122.3086,Summer20,6/30/2020 20:59,Rattus rattus,6/24/2020,8/7/2020
SEWA_S02_MSR1,47.54984,-122.3086,Summer20,6/30/2020 21:00,Rattus rattus,6/24/2020,8/7/2020
SEWA_S02_MSR1,47.54984,-122.3086,Summer20,7/1/2020 1:20,Rattus rattus,6/24/2020,8/7/2020
SEWA_S02_MSR1,47.54984,-122.3086,Summer20,7/1/2020 3:13,Rattus rattus,6/24/2020,8/7/2020
SEWA_S02_MSR1,47.54984,-122.3086,Summer20,7/1/2020 16:34,Sciurus carolinensis,6/24/2020,8/7/2020
SEWA_S02_MSR1,47.54984,-122.3086,Summer20,7/2/2020 9:52,Cyanocitta stelleri,6/24/2020,8/7/2020
SEWA_S02_MSR1,47.54984,-122.3086,Summer20,7/2/2020 9:55,Cyanocitta stelleri,6/24/2020,8/7/2020
SEWA_S02_MSR1,47.54984,-122.3086,Summer20,7/2/2020 9:57,Cyanocitta stelleri,6/24/2020,8/7/2020
SEWA_S02_MSR1,47.54984,-122.3086,Summer20,7/3/2020 0:33,Rattus rattus,6/24/2020,8/7/2020
SEWA_S02_MSR1,47.54984,-122.3086,Summer20,7/3/2020 3:11,Rattus rattus,6/24/2020,8/7/2020
SEWA_S02_MSR1,47.54984,-122.3086,Summer20,7/3/2020 19:36,Rattus rattus,6/24/2020,8/7/2020
SEWA_S02_MSR1,47.54984,-122.3086,Summer20,7/3/2020 21:40,Rattus rattus,6/24/2020,8/7/2020
SEWA_S02_MSR1,47.54984,-122.3086,Summer20,7/4/2020 2:50,Rattus rattus,6/24/2020,8/7/2020
SEWA_S02_MSR1,47.54984,-122.3086,Summer20,7/4/2020 2:52,Rattus rattus,6/24/2020,8/7/2020
SEWA_S02_MSR1,47.54984,-122.3086,Summer20,7/5/2020 11:56,Sciurus carolinensis,6/24/2020,8/7/2020
SEWA_S02_MSR1,47.54984,-122.3086,Summer20,7/5/2020 13:04,Sciurus carolinensis,6/24/2020,8/7/2020
SEWA_S02_MSR1,47.54984,-122.3086,Summer20,7/5/2020 16:11,Rattus rattus,6/24/2020,8/7/2020
SEWA_S02_MSR1,47.54984,-122.3086,Summer20,7/5/2020 17:02,Sciurus carolinensis,6/24/2020,8/7/2020
SEWA_S02_MSR1,47.54984,-122.3086,Summer20,7/6/2020 20:51,Rattus rattus,6/24/2020,8/7/2020
SEWA_S02_MSR1,47.54984,-122.3086,Summer20,7/6/2020 21:44,Rattus rattus,6/24/2020,8/7/2020
SEWA_S02_MSR1,47.54984,-122.3086,Summer20,7/6/2020 21:54,Rattus rattus,6/24/2020,8/7/2020
SEWA_S02_MSR1,47.54984,-122.3086,Summer20,7/6/2020 23:04,Procyon lotor,6/24/2020,8/7/2020
SEWA_S02_MSR1,47.54984,-122.3086,Summer20,7/7/2020 3:34,Rattus rattus,6/24/2020,8/7/2020
SEWA_S02_MSR1,47.54984,-122.3086,Summer20,7/7/2020 9:14,Sciurus carolinensis,6/24/2020,8/7/2020
SEWA_S02_MSR1,47.54984,-122.3086,Summer20,7/7/2020 16:38,Sciurus carolinensis,6/24/2020,8/7/2020
SEWA_S02_MSR1,47.54984,-122.3086,Summer20,7/8/2020 1:24,Procyon lotor,6/24/2020,8/7/2020
SEWA_S02_MSR1,47.54984,-122.3086,Summer20,7/8/2020 3:31,Rattus rattus,6/24/2020,8/7/2020
SEWA_S02_MSR1,47.54984,-122.3086,Summer20,7/8/2020 9:00,Sciurus carolinensis,6/24/2020,8/7/2020
SEWA_S02_MSR1,47.54984,-122.3086,Summer20,7/8/2020 10:14,Homo sapiens,6/24/2020,8/7/2020
SEWA_S02_MSR1,47.54984,-122.3086,Summer20,7/8/2020 10:18,Homo sapiens,6/24/2020,8/7/2020
SEWA_S02_MSR1,47.54984,-122.3086,Summer20,7/9/2020 0:14,Rattus rattus,6/24/2020,8/7/2020
SEWA_S02_MSR1,47.54984,-122.3086,Summer20,7/9/2020 19:58,Rattus rattus,6/24/2020,8/7/2020
SEWA_S02_MSR1,47.54984,-122.3086,Summer20,7/9/2020 22:05,Rattus rattus,6/24/2020,8/7/2020
SEWA_S02_MSR1,47.54984,-122.3086,Summer20,7/9/2020 22:07,Rattus rattus,6/24/2020,8/7/2020
SEWA_S02_MSR1,47.54984,-122.3086,Summer20,7/9/2020 22:25,Rattus rattus,6/24/2020,8/7/2020
SEWA_S02_MSR1,47.54984,-122.3086,Summer20,7/10/2020 0:27,Rattus rattus,6/24/2020,8/7/2020
SEWA_S02_MSR1,47.54984,-122.3086,Summer20,7/10/2020 20:18,Rattus rattus,6/24/2020,8/7/2020
SEWA_S02_MSR1,47.54984,-122.3086,Summer20,7/10/2020 22:32,Rattus rattus,6/24/2020,8/7/2020
SEWA_S02_MSR1,47.54984,-122.3086,Summer20,7/10/2020 22:37,Rattus rattus,6/24/2020,8/7/2020
SEWA_S02_MSR1,47.54984,-122.3086,Summer20,7/11/2020 1:16,Rattus rattus,6/24/2020,8/7/2020
SEWA_S02_MSR1,47.54984,-122.3086,Summer20,7/11/2020 19:21,Rattus rattus,6/24/2020,8/7/2020
SEWA_S02_MSR1,47.54984,-122.3086,Summer20,7/11/2020 19:23,Rattus rattus,6/24/2020,8/7/2020
SEWA_S02_MSR1,47.54984,-122.3086,Summer20,7/11/2020 21:29,Didelphis virginiana,6/24/2020,8/7/2020
SEWA_S02_MSR1,47.54984,-122.3086,Summer20,7/11/2020 23:56,Rattus rattus,6/24/2020,8/7/2020
SEWA_S02_MSR1,47.54984,-122.3086,Summer20,7/12/2020 21:05,Rattus rattus,6/24/2020,8/7/2020
SEWA_S02_MSR1,47.54984,-122.3086,Summer20,7/12/2020 21:08,Rattus rattus,6/24/2020,8/7/2020
SEWA_S02_MSR1,47.54984,-122.3086,Summer20,7/13/2020 22:06,Rattus rattus,6/24/2020,8/7/2020
SEWA_S02_MSR1,47.54984,-122.3086,Summer20,7/16/2020 1:26,Rattus rattus,6/24/2020,8/7/2020
SEWA_S02_MSR1,47.54984,-122.3086,Summer20,7/16/2020 4:35,Rattus rattus,6/24/2020,8/7/2020
SEWA_S02_MSR1,47.54984,-122.3086,Summer20,7/16/2020 15:31,Sciurus carolinensis,6/24/2020,8/7/2020
SEWA_S02_MSR1,47.54984,-122.3086,Summer20,7/16/2020 16:36,Sciurus carolinensis,6/24/2020,8/7/2020
SEWA_S02_MSR1,47.54984,-122.3086,Summer20,7/16/2020 16:39,Sciurus carolinensis,6/24/2020,8/7/2020
SEWA_S02_MSR1,47.54984,-122.3086,Summer20,7/16/2020 17:02,Sciurus carolinensis,6/24/2020,8/7/2020
SEWA_S02_MSR1,47.54984,-122.3086,Summer20,7/17/2020 2:07,Procyon lotor,6/24/2020,8/7/2020
SEWA_S02_MSR1,47.54984,-122.3086,Summer20,7/17/2020 4:10,Rattus rattus,6/24/2020,8/7/2020
SEWA_S02_MSR1,47.54984,-122.3086,Summer20,7/17/2020 13:44,Cyanocitta stelleri,6/24/2020,8/7/2020
SEWA_S02_MSR1,47.54984,-122.3086,Summer20,7/19/2020 20:45,Rattus rattus,6/24/2020,8/7/2020
SEWA_S02_MSR1,47.54984,-122.3086,Summer20,7/19/2020 21:44,Rattus rattus,6/24/2020,8/7/2020
SEWA_S02_MSR1,47.54984,-122.3086,Summer20,7/21/2020 21:48,Rattus rattus,6/24/2020,8/7/2020
SEWA_S02_MSR1,47.54984,-122.3086,Summer20,7/22/2020 11:40,Sciurus carolinensis,6/24/2020,8/7/2020
SEWA_S02_MSR1,47.54984,-122.3086,Summer20,7/22/2020 11:44,Sciurus carolinensis,6/24/2020,8/7/2020
SEWA_S02_MSR1,47.54984,-122.3086,Summer20,7/24/2020 0:19,Rattus rattus,6/24/2020,8/7/2020
SEWA_S02_MSR1,47.54984,-122.3086,Summer20,7/25/2020 0:59,Rattus rattus,6/24/2020,8/7/2020
SEWA_S02_MSR1,47.54984,-122.3086,Summer20,7/25/2020 8:01,Sciurus carolinensis,6/24/2020,8/7/2020
SEWA_S02_MSR1,47.54984,-122.3086,Summer20,7/25/2020 18:51,Rattus rattus,6/24/2020,8/7/2020
SEWA_S02_MSR1,47.54984,-122.3086,Summer20,7/26/2020 10:53,Sciurus carolinensis,6/24/2020,8/7/2020
SEWA_S02_MSR1,47.54984,-122.3086,Summer20,7/26/2020 10:55,Sciurus carolinensis,6/24/2020,8/7/2020
SEWA_S02_MSR1,47.54984,-122.3086,Summer20,7/26/2020 21:30,Rattus rattus,6/24/2020,8/7/2020
SEWA_S02_MSR1,47.54984,-122.3086,Summer20,7/27/2020 0:20,Rattus rattus,6/24/2020,8/7/2020
SEWA_S02_MSR1,47.54984,-122.3086,Summer20,7/27/2020 1:12,Rattus rattus,6/24/2020,8/7/2020
SEWA_S02_MSR1,47.54984,-122.3086,Summer20,7/28/2020 3:37,Procyon lotor,6/24/2020,8/7/2020
SEWA_S02_MSR1,47.54984,-122.3086,Summer20,7/29/2020 2:43,Procyon lotor,6/24/2020,8/7/2020
SEWA_S02_MSR1,47.54984,-122.3086,Summer20,7/29/2020 23:58,Rattus rattus,6/24/2020,8/7/2020
SEWA_S02_MSR1,47.54984,-122.3086,Summer20,7/30/2020 22:12,Rattus rattus,6/24/2020,8/7/2020
SEWA_S02_MSR1,47.54984,-122.3086,Summer20,7/31/2020 7:36,Sylvilagus floridanus,6/24/2020,8/7/2020
SEWA_S02_MSR1,47.54984,-122.3086,Summer20,7/31/2020 22:03,Rattus rattus,6/24/2020,8/7/2020
SEWA_S02_MSR1,47.54984,-122.3086,Summer20,8/1/2020 2:27,Rattus rattus,6/24/2020,8/7/2020
SEWA_S02_MSR1,47.54984,-122.3086,Summer20,8/1/2020 2:28,Rattus rattus,6/24/2020,8/7/2020
SEWA_S02_MSR1,47.54984,-122.3086,Summer20,8/1/2020 3:52,Didelphis virginiana,6/24/2020,8/7/2020
SEWA_S02_MSR1,47.54984,-122.3086,Summer20,8/1/2020 4:24,Rattus rattus,6/24/2020,8/7/2020
SEWA_S02_MSR1,47.54984,-122.3086,Summer20,8/1/2020 4:25,Rattus rattus,6/24/2020,8/7/2020
SEWA_S02_MSR1,47.54984,-122.3086,Summer20,8/1/2020 4:26,Rattus rattus,6/24/2020,8/7/2020
SEWA_S02_MSR1,47.54984,-122.3086,Summer20,8/2/2020 0:20,Rattus rattus,6/24/2020,8/7/2020
SEWA_S02_MSR1,47.54984,-122.3086,Summer20,8/2/2020 0:22,Rattus rattus,6/24/2020,8/7/2020
SEWA_S02_MSR1,47.54984,-122.3086,Summer20,8/2/2020 0:25,Rattus rattus,6/24/2020,8/7/2020
SEWA_S02_MSR1,47.54984,-122.3086,Summer20,8/2/2020 6:15,Sciurus carolinensis,6/24/2020,8/7/2020
SEWA_S02_MSR1,47.54984,-122.3086,Summer20,8/2/2020 22:36,Rattus rattus,6/24/2020,8/7/2020
SEWA_S02_MSR1,47.54984,-122.3086,Summer20,8/3/2020 4:29,Rattus rattus,6/24/2020,8/7/2020
SEWA_S02_MSR1,47.54984,-122.3086,Summer20,8/3/2020 11:24,Sciurus carolinensis,6/24/2020,8/7/2020
SEWA_S02_MSR1,47.54984,-122.3086,Summer20,8/3/2020 21:31,Rattus rattus,6/24/2020,8/7/2020
SEWA_S02_MSR1,47.54984,-122.3086,Summer20,8/3/2020 21:32,Rattus rattus,6/24/2020,8/7/2020
SEWA_S02_MSR1,47.54984,-122.3086,Summer20,8/3/2020 22:19,Rattus rattus,6/24/2020,8/7/2020
SEWA_S02_MSR1,47.54984,-122.3086,Summer20,8/3/2020 22:23,Rattus rattus,6/24/2020,8/7/2020
SEWA_S02_MSR1,47.54984,-122.3086,Summer20,8/4/2020 7:09,Sciurus carolinensis,6/24/2020,8/7/2020
SEWA_S02_MSR1,47.54984,-122.3086,Summer20,8/4/2020 20:52,Rattus rattus,6/24/2020,8/7/2020
SEWA_S02_MSR1,47.54984,-122.3086,Summer20,8/4/2020 21:05,Rattus rattus,6/24/2020,8/7/2020
SEWA_S02_MSR1,47.54984,-122.3086,Summer20,8/4/2020 22:01,Rattus rattus,6/24/2020,8/7/2020
SEWA_S02_MWP2,47.56093,-122.31849,Summer20,7/3/2020 13:07,Homo sapiens,6/24/2020,8/7/2020
SEWA_S02_MWP2,47.56093,-122.31849,Summer20,7/3/2020 17:14,Sylvilagus floridanus,6/24/2020,8/7/2020
SEWA_S02_MWP2,47.56093,-122.31849,Summer20,7/4/2020 8:47,Sciurus carolinensis,6/24/2020,8/7/2020
SEWA_S02_MWP2,47.56093,-122.31849,Summer20,7/4/2020 16:55,Sciurus carolinensis,6/24/2020,8/7/2020
SEWA_S02_MWP2,47.56093,-122.31849,Summer20,7/4/2020 20:32,Sciurus carolinensis,6/24/2020,8/7/2020
SEWA_S02_MWP2,47.56093,-122.31849,Summer20,7/5/2020 6:50,Sylvilagus floridanus,6/24/2020,8/7/2020
SEWA_S02_MWP2,47.56093,-122.31849,Summer20,7/6/2020 8:06,Sciurus carolinensis,6/24/2020,8/7/2020
SEWA_S02_MWP2,47.56093,-122.31849,Summer20,7/6/2020 11:48,Sciurus carolinensis,6/24/2020,8/7/2020
SEWA_S02_MWP2,47.56093,-122.31849,Summer20,7/6/2020 11:52,Sciurus carolinensis,6/24/2020,8/7/2020
SEWA_S02_MWP2,47.56093,-122.31849,Summer20,7/6/2020 19:00,Sylvilagus floridanus,6/24/2020,8/7/2020
SEWA_S02_MWP2,47.56093,-122.31849,Summer20,7/6/2020 19:47,Sylvilagus floridanus,6/24/2020,8/7/2020
SEWA_S02_MWP2,47.56093,-122.31849,Summer20,7/6/2020 20:01,Sylvilagus floridanus,6/24/2020,8/7/2020
SEWA_S02_MWP2,47.56093,-122.31849,Summer20,7/6/2020 22:22,Sylvilagus floridanus,6/24/2020,8/7/2020
SEWA_S02_MWP2,47.56093,-122.31849,Summer20,7/6/2020 23:42,Sylvilagus floridanus,6/24/2020,8/7/2020
SEWA_S02_MWP2,47.56093,-122.31849,Summer20,7/7/2020 2:58,Sylvilagus floridanus,6/24/2020,8/7/2020
SEWA_S02_MWP2,47.56093,-122.31849,Summer20,7/7/2020 19:22,Sylvilagus floridanus,6/24/2020,8/7/2020
SEWA_S02_MWP2,47.56093,-122.31849,Summer20,7/8/2020 2:46,Procyon lotor,6/24/2020,8/7/2020
SEWA_S02_MWP2,47.56093,-122.31849,Summer20,7/8/2020 3:29,Procyon lotor,6/24/2020,8/7/2020
SEWA_S02_MWP2,47.56093,-122.31849,Summer20,7/8/2020 3:54,Procyon lotor,6/24/2020,8/7/2020
SEWA_S02_MWP2,47.56093,-122.31849,Summer20,7/8/2020 3:57,Procyon lotor,6/24/2020,8/7/2020
SEWA_S02_MWP2,47.56093,-122.31849,Summer20,7/8/2020 3:58,Procyon lotor,6/24/2020,8/7/2020
SEWA_S02_MWP2,47.56093,-122.31849,Summer20,7/8/2020 16:36,Sciurus carolinensis,6/24/2020,8/7/2020
SEWA_S02_MWP2,47.56093,-122.31849,Summer20,7/8/2020 16:38,Sciurus carolinensis,6/24/2020,8/7/2020
SEWA_S02_MWP2,47.56093,-122.31849,Summer20,7/10/2020 4:42,Felis catus,6/24/2020,8/7/2020
SEWA_S02_MWP2,47.56093,-122.31849,Summer20,7/10/2020 4:43,Felis catus,6/24/2020,8/7/2020
SEWA_S02_MWP2,47.56093,-122.31849,Summer20,7/10/2020 12:27,Sciurus carolinensis,6/24/2020,8/7/2020
SEWA_S02_MWP2,47.56093,-122.31849,Summer20,7/12/2020 0:00,Felis catus,6/24/2020,8/7/2020
SEWA_S02_MWP2,47.56093,-122.31849,Summer20,7/12/2020 18:18,Sciurus carolinensis,6/24/2020,8/7/2020
SEWA_S02_MWP2,47.56093,-122.31849,Summer20,7/13/2020 0:57,Felis catus,6/24/2020,8/7/2020
SEWA_S02_MWP2,47.56093,-122.31849,Summer20,7/13/2020 3:04,Felis catus,6/24/2020,8/7/2020
SEWA_S02_MWP2,47.56093,-122.31849,Summer20,7/13/2020 5:07,Felis catus,6/24/2020,8/7/2020
SEWA_S02_MWP2,47.56093,-122.31849,Summer20,7/13/2020 6:18,Procyon lotor,6/24/2020,8/7/2020
SEWA_S02_MWP2,47.56093,-122.31849,Summer20,7/14/2020 0:00,Procyon lotor,6/24/2020,8/7/2020
SEWA_S02_MWP2,47.56093,-122.31849,Summer20,7/14/2020 10:14,Sciurus carolinensis,6/24/2020,8/7/2020
SEWA_S02_MWP2,47.56093,-122.31849,Summer20,7/14/2020 19:41,Homo sapiens,6/24/2020,8/7/2020
SEWA_S02_MWP2,47.56093,-122.31849,Summer20,7/16/2020 1:34,Felis catus,6/24/2020,8/7/2020
SEWA_S02_MWP2,47.56093,-122.31849,Summer20,7/16/2020 16:05,Sylvilagus floridanus,6/24/2020,8/7/2020
SEWA_S02_MWP2,47.56093,-122.31849,Summer20,7/17/2020 22:39,Procyon lotor,6/24/2020,8/7/2020
SEWA_S02_MWP2,47.56093,-122.31849,Summer20,7/18/2020 2:43,Felis catus,6/24/2020,8/7/2020
SEWA_S02_MWP2,47.56093,-122.31849,Summer20,7/18/2020 2:44,Felis catus,6/24/2020,8/7/2020
SEWA_S02_MWP2,47.56093,-122.31849,Summer20,7/18/2020 2:53,Felis catus,6/24/2020,8/7/2020
SEWA_S02_MWP2,47.56093,-122.31849,Summer20,7/18/2020 6:41,Sylvilagus floridanus,6/24/2020,8/7/2020
SEWA_S02_MWP2,47.56093,-122.31849,Summer20,7/18/2020 11:05,Sciurus carolinensis,6/24/2020,8/7/2020
SEWA_S02_MWP2,47.56093,-122.31849,Summer20,7/18/2020 11:07,Sciurus carolinensis,6/24/2020,8/7/2020
SEWA_S02_MWP2,47.56093,-122.31849,Summer20,7/18/2020 12:06,Sciurus carolinensis,6/24/2020,8/7/2020
SEWA_S02_MWP2,47.56093,-122.31849,Summer20,7/18/2020 18:28,Felis catus,6/24/2020,8/7/2020
SEWA_S02_MWP2,47.56093,-122.31849,Summer20,7/18/2020 18:36,Felis catus,6/24/2020,8/7/2020
SEWA_S02_MWP2,47.56093,-122.31849,Summer20,7/18/2020 23:52,Felis catus,6/24/2020,8/7/2020
SEWA_S02_MWP2,47.56093,-122.31849,Summer20,7/19/2020 0:00,Felis catus,6/24/2020,8/7/2020
SEWA_S02_MWP2,47.56093,-122.31849,Summer20,7/19/2020 0:02,Felis catus,6/24/2020,8/7/2020
SEWA_S02_MWP2,47.56093,-122.31849,Summer20,7/19/2020 2:33,Procyon lotor,6/24/2020,8/7/2020
SEWA_S02_MWP2,47.56093,-122.31849,Summer20,7/19/2020 20:58,Sylvilagus floridanus,6/24/2020,8/7/2020
SEWA_S02_MWP2,47.56093,-122.31849,Summer20,7/21/2020 0:11,Felis catus,6/24/2020,8/7/2020
SEWA_S02_MWP2,47.56093,-122.31849,Summer20,7/21/2020 2:53,Procyon lotor,6/24/2020,8/7/2020
SEWA_S02_MWP2,47.56093,-122.31849,Summer20,7/22/2020 1:40,Felis catus,6/24/2020,8/7/2020
SEWA_S02_MWP2,47.56093,-122.31849,Summer20,7/22/2020 22:11,Felis catus,6/24/2020,8/7/2020
SEWA_S02_MWP2,47.56093,-122.31849,Summer20,7/22/2020 22:15,Felis catus,6/24/2020,8/7/2020
SEWA_S02_MWP2,47.56093,-122.31849,Summer20,7/23/2020 7:54,Sylvilagus floridanus,6/24/2020,8/7/2020
SEWA_S02_MWP2,47.56093,-122.31849,Summer20,7/23/2020 10:17,Sciurus carolinensis,6/24/2020,8/7/2020
SEWA_S02_MWP2,47.56093,-122.31849,Summer20,7/24/2020 2:40,Felis catus,6/24/2020,8/7/2020
SEWA_S02_MWP2,47.56093,-122.31849,Summer20,7/24/2020 2:56,Felis catus,6/24/2020,8/7/2020
SEWA_S02_MWP2,47.56093,-122.31849,Summer20,7/25/2020 1:04,Felis catus,6/24/2020,8/7/2020
SEWA_S02_MWP2,47.56093,-122.31849,Summer20,7/25/2020 17:21,Homo sapiens,6/24/2020,8/7/2020
SEWA_S02_MWP2,47.56093,-122.31849,Summer20,7/26/2020 3:24,Procyon lotor,6/24/2020,8/7/2020
SEWA_S02_MWP2,47.56093,-122.31849,Summer20,7/26/2020 4:56,Procyon lotor,6/24/2020,8/7/2020
SEWA_S02_MWP2,47.56093,-122.31849,Summer20,7/26/2020 4:58,Procyon lotor,6/24/2020,8/7/2020
SEWA_S02_MWP2,47.56093,-122.31849,Summer20,7/27/2020 8:48,Felis catus,6/24/2020,8/7/2020
SEWA_S02_MWP2,47.56093,-122.31849,Summer20,7/27/2020 10:49,Felis catus,6/24/2020,8/7/2020
SEWA_S02_MWP2,47.56093,-122.31849,Summer20,7/27/2020 23:10,Procyon lotor,6/24/2020,8/7/2020
SEWA_S02_MWP2,47.56093,-122.31849,Summer20,7/28/2020 4:31,Felis catus,6/24/2020,8/7/2020
SEWA_S02_MWP2,47.56093,-122.31849,Summer20,7/28/2020 16:00,Sciurus carolinensis,6/24/2020,8/7/2020
SEWA_S02_MWP2,47.56093,-122.31849,Summer20,7/29/2020 13:01,Sciurus carolinensis,6/24/2020,8/7/2020
SEWA_S02_MWP2,47.56093,-122.31849,Summer20,7/29/2020 16:12,Felis catus,6/24/2020,8/7/2020
SEWA_S02_MWP2,47.56093,-122.31849,Summer20,7/29/2020 23:09,Felis catus,6/24/2020,8/7/2020
SEWA_S02_MWP2,47.56093,-122.31849,Summer20,7/30/2020 10:58,Felis catus,6/24/2020,8/7/2020
SEWA_S02_MWP2,47.56093,-122.31849,Summer20,7/30/2020 12:31,Homo sapiens,6/24/2020,8/7/2020
SEWA_S02_MWP2,47.56093,-122.31849,Summer20,7/31/2020 4:40,Procyon lotor,6/24/2020,8/7/2020
SEWA_S02_MWP2,47.56093,-122.31849,Summer20,7/31/2020 5:13,Procyon lotor,6/24/2020,8/7/2020
SEWA_S02_MWP2,47.56093,-122.31849,Summer20,7/31/2020 5:16,Procyon lotor,6/24/2020,8/7/2020
SEWA_S02_MWP2,47.56093,-122.31849,Summer20,7/31/2020 14:05,Homo sapiens,6/24/2020,8/7/2020
SEWA_S02_MWP2,47.56093,-122.31849,Summer20,7/31/2020 14:33,Homo sapiens,6/24/2020,8/7/2020
SEWA_S02_MWP2,47.56093,-122.31849,Summer20,8/1/2020 1:31,Procyon lotor,6/24/2020,8/7/2020
SEWA_S02_MWP2,47.56093,-122.31849,Summer20,8/1/2020 6:36,Sciurus carolinensis,6/24/2020,8/7/2020
SEWA_S02_MWP2,47.56093,-122.31849,Summer20,8/1/2020 6:37,Sciurus carolinensis,6/24/2020,8/7/2020
SEWA_S02_MWP2,47.56093,-122.31849,Summer20,8/3/2020 9:07,Homo sapiens,6/24/2020,8/7/2020
SEWA_S02_MWP2,47.56093,-122.31849,Summer20,8/3/2020 9:10,Homo sapiens,6/24/2020,8/7/2020
SEWA_S02_MWP2,47.56093,-122.31849,Summer20,8/3/2020 9:12,Homo sapiens,6/24/2020,8/7/2020
SEWA_S02_MWP2,47.56093,-122.31849,Summer20,8/3/2020 10:22,Homo sapiens,6/24/2020,8/7/2020
SEWA_S02_MWP2,47.56093,-122.31849,Summer20,8/3/2020 10:23,Homo sapiens,6/24/2020,8/7/2020
SEWA_S02_MWP2,47.56093,-122.31849,Summer20,8/3/2020 10:26,Homo sapiens,6/24/2020,8/7/2020
SEWA_S02_MWP2,47.56093,-122.31849,Summer20,8/3/2020 10:33,Homo sapiens,6/24/2020,8/7/2020
SEWA_S02_MWP2,47.56093,-122.31849,Summer20,8/3/2020 10:53,Homo sapiens,6/24/2020,8/7/2020
SEWA_S02_MWP2,47.56093,-122.31849,Summer20,8/3/2020 10:56,Homo sapiens,6/24/2020,8/7/2020
SEWA_S02_MWP2,47.56093,-122.31849,Summer20,8/3/2020 11:07,Homo sapiens,6/24/2020,8/7/2020
SEWA_S02_MWP2,47.56093,-122.31849,Summer20,8/3/2020 11:12,Homo sapiens,6/24/2020,8/7/2020
SEWA_S02_MWP2,47.56093,-122.31849,Summer20,8/3/2020 11:19,Homo sapiens,6/24/2020,8/7/2020
SEWA_S02_MWP2,47.56093,-122.31849,Summer20,8/3/2020 11:38,Homo sapiens,6/24/2020,8/7/2020
SEWA_S02_MWP2,47.56093,-122.31849,Summer20,8/3/2020 11:45,Homo sapiens,6/24/2020,8/7/2020
SEWA_S02_MWP2,47.56093,-122.31849,Summer20,8/3/2020 11:48,Homo sapiens,6/24/2020,8/7/2020
SEWA_S02_MWP2,47.56093,-122.31849,Summer20,8/3/2020 11:50,Homo sapiens,6/24/2020,8/7/2020
SEWA_S02_MWP2,47.56093,-122.31849,Summer20,8/3/2020 11:52,Homo sapiens,6/24/2020,8/7/2020
SEWA_S02_MWP2,47.56093,-122.31849,Summer20,8/3/2020 11:55,Homo sapiens,6/24/2020,8/7/2020
SEWA_S02_MWP2,47.56093,-122.31849,Summer20,8/3/2020 12:03,Homo sapiens,6/24/2020,8/7/2020
SEWA_S02_MWP2,47.56093,-122.31849,Summer20,8/3/2020 12:29,Homo sapiens,6/24/2020,8/7/2020
SEWA_S02_MWP2,47.56093,-122.31849,Summer20,8/3/2020 14:25,Homo sapiens,6/24/2020,8/7/2020
SEWA_S02_MWP2,47.56093,-122.31849,Summer20,8/3/2020 14:50,Homo sapiens,6/24/2020,8/7/2020
SEWA_S02_MWP2,47.56093,-122.31849,Summer20,8/3/2020 20:02,Canis latrans,6/24/2020,8/7/2020
SEWA_S02_MWP2,47.56093,-122.31849,Summer20,8/3/2020 20:05,Canis latrans,6/24/2020,8/7/2020
SEWA_S02_MWP2,47.56093,-122.31849,Summer20,8/3/2020 20:20,Canis latrans,6/24/2020,8/7/2020
SEWA_S02_MWP2,47.56093,-122.31849,Summer20,8/3/2020 21:40,Canis latrans,6/24/2020,8/7/2020
SEWA_S02_MWP2,47.56093,-122.31849,Summer20,8/3/2020 22:07,Canis latrans,6/24/2020,8/7/2020
SEWA_S02_MWP2,47.56093,-122.31849,Summer20,8/4/2020 2:14,Procyon lotor,6/24/2020,8/7/2020
SEWA_S02_MWP2,47.56093,-122.31849,Summer20,8/4/2020 10:34,Homo sapiens,6/24/2020,8/7/2020
SEWA_S02_MWP2,47.56093,-122.31849,Summer20,8/4/2020 10:37,Homo sapiens,6/24/2020,8/7/2020
SEWA_S02_MWP2,47.56093,-122.31849,Summer20,8/4/2020 10:42,Homo sapiens,6/24/2020,8/7/2020
SEWA_S02_MWP2,47.56093,-122.31849,Summer20,8/4/2020 10:53,Homo sapiens,6/24/2020,8/7/2020
SEWA_S02_MWP2,47.56093,-122.31849,Summer20,8/4/2020 11:20,Homo sapiens,6/24/2020,8/7/2020
SEWA_S02_MWP2,47.56093,-122.31849,Summer20,8/4/2020 11:23,Homo sapiens,6/24/2020,8/7/2020
SEWA_S02_MWP2,47.56093,-122.31849,Summer20,8/4/2020 11:31,Homo sapiens,6/24/2020,8/7/2020
SEWA_S02_MWP2,47.56093,-122.31849,Summer20,8/4/2020 11:33,Homo sapiens,6/24/2020,8/7/2020
SEWA_S02_MWP2,47.56093,-122.31849,Summer20,8/4/2020 11:37,Homo sapiens,6/24/2020,8/7/2020
SEWA_S02_MWP2,47.56093,-122.31849,Summer20,8/4/2020 11:43,Homo sapiens,6/24/2020,8/7/2020
SEWA_S02_MWP2,47.56093,-122.31849,Summer20,8/4/2020 11:46,Homo sapiens,6/24/2020,8/7/2020
SEWA_S02_MWP2,47.56093,-122.31849,Summer20,8/4/2020 11:48,Homo sapiens,6/24/2020,8/7/2020
SEWA_S02_MWP2,47.56093,-122.31849,Summer20,8/4/2020 11:59,Homo sapiens,6/24/2020,8/7/2020
SEWA_S02_MWP2,47.56093,-122.31849,Summer20,8/5/2020 4:01,Felis catus,6/24/2020,8/7/2020
SEWA_S02_WCP2,47.52699,-122.33736,Summer20,6/29/2020 10:43,Homo sapiens,6/24/2020,8/7/2020
SEWA_S02_WCP2,47.52699,-122.33736,Summer20,6/29/2020 11:56,Homo sapiens,6/24/2020,8/7/2020
SEWA_S02_WCP2,47.52699,-122.33736,Summer20,6/29/2020 11:58,Homo sapiens,6/24/2020,8/7/2020
SEWA_S02_WCP2,47.52699,-122.33736,Summer20,6/29/2020 12:00,Homo sapiens,6/24/2020,8/7/2020
SEWA_S02_WDG1,47.54149,-122.34569,Summer20,6/29/2020 10:07,Homo sapiens,6/24/2020,8/7/2020
SEWA_S02_WDG1,47.54149,-122.34569,Summer20,6/29/2020 11:16,Homo sapiens,6/24/2020,8/7/2020
SEWA_S02_WDG1,47.54149,-122.34569,Summer20,7/4/2020 13:55,Canis familiaris,6/24/2020,8/7/2020
SEWA_S02_WDG1,47.54149,-122.34569,Summer20,7/30/2020 8:23,Sciurus carolinensis,6/24/2020,8/7/2020
SEWA_S04_BRF2,47.47647,-122.23516,Summer20,7/15/2020 9:49,Homo sapiens,6/24/2020,8/7/2020
SEWA_S04_FGL1,47.48434,-122.26262,Summer20,7/15/2020 9:08,Homo sapiens,6/24/2020,8/7/2020
SEWA_S05_TCC1,47.46189,-122.17861,Summer20,7/17/2020 11:13,Homo sapiens,6/24/2020,8/7/2020
SEWA_S05_TCC1,47.46189,-122.17861,Summer20,7/23/2020 7:32,Sciurus carolinensis,6/24/2020,8/7/2020
SEWA_S05_TCC1,47.46189,-122.17861,Summer20,7/24/2020 7:02,Felis catus,6/24/2020,8/7/2020
SEWA_S06_MPO1,47.44997,-122.11071,Summer20,6/27/2020 16:41,Homo sapiens,6/24/2020,8/7/2020
SEWA_S06_MPO1,47.44997,-122.11071,Summer20,6/29/2020 1:15,Canis latrans,6/24/2020,8/7/2020
SEWA_S06_MPO1,47.44997,-122.11071,Summer20,6/29/2020 10:14,Canis latrans,6/24/2020,8/7/2020
SEWA_S06_MPO1,47.44997,-122.11071,Summer20,7/2/2020 8:49,Canis latrans,6/24/2020,8/7/2020
SEWA_S06_MPO1,47.44997,-122.11071,Summer20,7/2/2020 8:51,Canis latrans,6/24/2020,8/7/2020
SEWA_S06_MPO1,47.44997,-122.11071,Summer20,7/3/2020 2:15,Canis latrans,6/24/2020,8/7/2020
SEWA_S06_MPO1,47.44997,-122.11071,Summer20,7/16/2020 7:48,Canis latrans,6/24/2020,8/7/2020
SEWA_S06_MPO1,47.44997,-122.11071,Summer20,8/1/2020 23:50,Odocoileus hemionus,6/24/2020,8/7/2020
SEWA_S06_MPO1,47.44997,-122.11071,Summer20,8/3/2020 15:29,Homo sapiens,6/24/2020,8/7/2020
SEWA_S08_TMF1,47.42278,-121.94978,Summer20,6/28/2020 13:50,Homo sapiens,6/24/2020,8/7/2020
SEWA_S08_TMF1,47.42278,-121.94978,Summer20,6/28/2020 13:57,Homo sapiens,6/24/2020,8/7/2020
SEWA_S08_TMF1,47.42278,-121.94978,Summer20,7/1/2020 13:18,Canis latrans,6/24/2020,8/7/2020
SEWA_S08_TMF1,47.42278,-121.94978,Summer20,7/3/2020 11:02,Tamiasciurus douglasii,6/24/2020,8/7/2020
SEWA_S08_TMF1,47.42278,-121.94978,Summer20,7/6/2020 21:01,Cervus canadensis,6/24/2020,8/7/2020
SEWA_S08_TMF1,47.42278,-121.94978,Summer20,7/7/2020 23:36,Canis latrans,6/24/2020,8/7/2020
SEWA_S08_TMF1,47.42278,-121.94978,Summer20,7/8/2020 12:06,Cervus canadensis,6/24/2020,8/7/2020
SEWA_S08_TMF1,47.42278,-121.94978,Summer20,7/8/2020 12:08,Cervus canadensis,6/24/2020,8/7/2020
SEWA_S08_TMF1,47.42278,-121.94978,Summer20,7/10/2020 14:44,Odocoileus hemionus,6/24/2020,8/7/2020
SEWA_S08_TMF1,47.42278,-121.94978,Summer20,7/11/2020 11:52,Canis latrans,6/24/2020,8/7/2020
SEWA_S08_TMF1,47.42278,-121.94978,Summer20,7/14/2020 1:39,Canis latrans,6/24/2020,8/7/2020
SEWA_S08_TMF1,47.42278,-121.94978,Summer20,7/14/2020 9:43,Odocoileus hemionus,6/24/2020,8/7/2020
SEWA_S08_TMF1,47.42278,-121.94978,Summer20,7/17/2020 2:41,Canis latrans,6/24/2020,8/7/2020
SEWA_S08_TMF1,47.42278,-121.94978,Summer20,7/18/2020 11:55,Canis latrans,6/24/2020,8/7/2020
SEWA_S08_TMF1,47.42278,-121.94978,Summer20,7/26/2020 0:07,Canis latrans,6/24/2020,8/7/2020
SEWA_S08_TMF1,47.42278,-121.94978,Summer20,7/26/2020 21:09,Canis latrans,6/24/2020,8/7/2020
SEWA_S08_TMF1,47.42278,-121.94978,Summer20,7/31/2020 15:14,Homo sapiens,6/24/2020,8/7/2020
SEWA_S08_TMF1,47.42278,-121.94978,Summer20,7/31/2020 15:18,Homo sapiens,6/24/2020,8/7/2020
SEWA_N01_DSP1,47.6598,-122.41942,Fall20,10/3/2020 10:16,Homo sapiens,9/24/2020,11/7/2020
SEWA_N01_DSP1,47.6598,-122.41942,Fall20,10/3/2020 16:12,Sylvilagus floridanus,9/24/2020,11/7/2020
SEWA_N01_DSP1,47.6598,-122.41942,Fall20,10/4/2020 8:41,Sciurus carolinensis,9/24/2020,11/7/2020
SEWA_N01_DSP1,47.6598,-122.41942,Fall20,10/7/2020 8:04,Sylvilagus floridanus,9/24/2020,11/7/2020
SEWA_N01_DSP1,47.6598,-122.41942,Fall20,10/8/2020 1:35,Canis latrans,9/24/2020,11/7/2020
SEWA_N01_DSP1,47.6598,-122.41942,Fall20,10/10/2020 22:24,Procyon lotor,9/24/2020,11/7/2020
SEWA_N01_DSP1,47.6598,-122.41942,Fall20,10/11/2020 1:33,Sylvilagus floridanus,9/24/2020,11/7/2020
SEWA_N01_DSP1,47.6598,-122.41942,Fall20,10/13/2020 0:12,Procyon lotor,9/24/2020,11/7/2020
SEWA_N01_DSP1,47.6598,-122.41942,Fall20,10/13/2020 2:46,Procyon lotor,9/24/2020,11/7/2020
SEWA_N01_DSP1,47.6598,-122.41942,Fall20,10/13/2020 12:16,Homo sapiens,9/24/2020,11/7/2020
SEWA_N01_DSP1,47.6598,-122.41942,Fall20,10/17/2020 13:01,Canis familiaris,9/24/2020,11/7/2020
SEWA_N01_DSP1,47.6598,-122.41942,Fall20,10/17/2020 13:01,Homo sapiens,9/24/2020,11/7/2020
SEWA_N01_DSP1,47.6598,-122.41942,Fall20,10/18/2020 19:40,Sylvilagus floridanus,9/24/2020,11/7/2020
SEWA_N01_DSP1,47.6598,-122.41942,Fall20,10/18/2020 20:38,Sylvilagus floridanus,9/24/2020,11/7/2020
SEWA_N01_DSP1,47.6598,-122.41942,Fall20,10/20/2020 6:27,Sylvilagus floridanus,9/24/2020,11/7/2020
SEWA_N01_DSP1,47.6598,-122.41942,Fall20,10/20/2020 6:28,Sylvilagus floridanus,9/24/2020,11/7/2020
SEWA_N01_DSP1,47.6598,-122.41942,Fall20,10/21/2020 17:43,Sylvilagus floridanus,9/24/2020,11/7/2020
SEWA_N01_DSP1,47.6598,-122.41942,Fall20,10/23/2020 21:28,Canis latrans,9/24/2020,11/7/2020
SEWA_N01_DSP1,47.6598,-122.41942,Fall20,10/25/2020 5:54,Sylvilagus floridanus,9/24/2020,11/7/2020
SEWA_N01_DSP1,47.6598,-122.41942,Fall20,10/25/2020 10:05,Homo sapiens,9/24/2020,11/7/2020
SEWA_N02_PHY1,47.6708,-122.3596,Fall20,9/24/2020 9:04,Homo sapiens,9/24/2020,11/7/2020
SEWA_N02_PHY1,47.6708,-122.3596,Fall20,9/24/2020 9:04,Canis familiaris,9/24/2020,11/7/2020
SEWA_N02_PHY1,47.6708,-122.3596,Fall20,9/24/2020 11:28,Homo sapiens,9/24/2020,11/7/2020
SEWA_N02_PHY1,47.6708,-122.3596,Fall20,9/24/2020 15:25,Homo sapiens,9/24/2020,11/7/2020
SEWA_N02_PHY1,47.6708,-122.3596,Fall20,9/24/2020 15:26,Homo sapiens,9/24/2020,11/7/2020
SEWA_N02_PHY1,47.6708,-122.3596,Fall20,9/24/2020 15:30,Homo sapiens,9/24/2020,11/7/2020
SEWA_N02_PHY1,47.6708,-122.3596,Fall20,9/24/2020 15:32,Homo sapiens,9/24/2020,11/7/2020
SEWA_N02_PHY1,47.6708,-122.3596,Fall20,9/24/2020 17:03,Homo sapiens,9/24/2020,11/7/2020
SEWA_N02_PHY1,47.6708,-122.3596,Fall20,9/24/2020 21:25,Canis familiaris,9/24/2020,11/7/2020
SEWA_N02_PHY1,47.6708,-122.3596,Fall20,9/24/2020 21:25,Homo sapiens,9/24/2020,11/7/2020
SEWA_N02_PHY1,47.6708,-122.3596,Fall20,9/25/2020 11:25,Sciurus carolinensis,9/24/2020,11/7/2020
SEWA_N02_PHY1,47.6708,-122.3596,Fall20,9/25/2020 12:43,Sciurus carolinensis,9/24/2020,11/7/2020
SEWA_N02_PHY1,47.6708,-122.3596,Fall20,9/25/2020 19:45,Felis catus,9/24/2020,11/7/2020
SEWA_N02_PHY1,47.6708,-122.3596,Fall20,9/25/2020 20:26,Felis catus,9/24/2020,11/7/2020
SEWA_N02_PHY1,47.6708,-122.3596,Fall20,9/26/2020 1:49,Felis catus,9/24/2020,11/7/2020
SEWA_N02_PHY1,47.6708,-122.3596,Fall20,9/26/2020 8:41,Felis catus,9/24/2020,11/7/2020
SEWA_N02_PHY1,47.6708,-122.3596,Fall20,9/26/2020 11:31,Homo sapiens,9/24/2020,11/7/2020
SEWA_N02_PHY1,47.6708,-122.3596,Fall20,9/26/2020 11:31,Canis familiaris,9/24/2020,11/7/2020
SEWA_N02_PHY1,47.6708,-122.3596,Fall20,9/26/2020 15:33,Felis catus,9/24/2020,11/7/2020
SEWA_N02_PHY1,47.6708,-122.3596,Fall20,9/26/2020 15:42,Felis catus,9/24/2020,11/7/2020
SEWA_N02_PHY1,47.6708,-122.3596,Fall20,9/26/2020 15:45,Canis familiaris,9/24/2020,11/7/2020
SEWA_N02_PHY1,47.6708,-122.3596,Fall20,9/26/2020 15:45,Homo sapiens,9/24/2020,11/7/2020
SEWA_N02_PHY1,47.6708,-122.3596,Fall20,9/26/2020 20:24,Canis latrans,9/24/2020,11/7/2020
SEWA_N02_PHY1,47.6708,-122.3596,Fall20,9/27/2020 9:49,Felis catus,9/24/2020,11/7/2020
SEWA_N02_PHY1,47.6708,-122.3596,Fall20,9/27/2020 18:03,Felis catus,9/24/2020,11/7/2020
SEWA_N02_PHY1,47.6708,-122.3596,Fall20,9/27/2020 18:09,Felis catus,9/24/2020,11/7/2020
SEWA_N02_PHY1,47.6708,-122.3596,Fall20,9/27/2020 18:48,Homo sapiens,9/24/2020,11/7/2020
SEWA_N02_PHY1,47.6708,-122.3596,Fall20,9/27/2020 19:59,Felis catus,9/24/2020,11/7/2020
SEWA_N02_PHY1,47.6708,-122.3596,Fall20,9/27/2020 20:03,Procyon lotor,9/24/2020,11/7/2020
SEWA_N02_PHY1,47.6708,-122.3596,Fall20,9/28/2020 10:41,Felis catus,9/24/2020,11/7/2020
SEWA_N02_PHY1,47.6708,-122.3596,Fall20,9/28/2020 17:21,Canis familiaris,9/24/2020,11/7/2020
SEWA_N02_PHY1,47.6708,-122.3596,Fall20,9/28/2020 17:59,Canis familiaris,9/24/2020,11/7/2020
SEWA_N02_PHY1,47.6708,-122.3596,Fall20,9/28/2020 17:59,Homo sapiens,9/24/2020,11/7/2020
SEWA_N02_PHY1,47.6708,-122.3596,Fall20,9/28/2020 21:54,Felis catus,9/24/2020,11/7/2020
SEWA_N02_PHY1,47.6708,-122.3596,Fall20,9/28/2020 22:39,Canis familiaris,9/24/2020,11/7/2020
SEWA_N02_PHY1,47.6708,-122.3596,Fall20,9/28/2020 22:39,Homo sapiens,9/24/2020,11/7/2020
SEWA_N02_PHY1,47.6708,-122.3596,Fall20,9/28/2020 22:41,Homo sapiens,9/24/2020,11/7/2020
SEWA_N02_PHY1,47.6708,-122.3596,Fall20,9/29/2020 1:11,Felis catus,9/24/2020,11/7/2020
SEWA_N02_PHY1,47.6708,-122.3596,Fall20,9/29/2020 4:05,Procyon lotor,9/24/2020,11/7/2020
SEWA_N02_PHY1,47.6708,-122.3596,Fall20,9/29/2020 12:08,Canis familiaris,9/24/2020,11/7/2020
SEWA_N02_PHY1,47.6708,-122.3596,Fall20,9/29/2020 12:08,Homo sapiens,9/24/2020,11/7/2020
SEWA_N02_PHY1,47.6708,-122.3596,Fall20,9/29/2020 13:07,Homo sapiens,9/24/2020,11/7/2020
SEWA_N02_PHY1,47.6708,-122.3596,Fall20,9/29/2020 13:07,Canis familiaris,9/24/2020,11/7/2020
SEWA_N02_PHY1,47.6708,-122.3596,Fall20,9/29/2020 16:10,Homo sapiens,9/24/2020,11/7/2020
SEWA_N02_PHY1,47.6708,-122.3596,Fall20,9/29/2020 16:10,Canis familiaris,9/24/2020,11/7/2020
SEWA_N02_PHY1,47.6708,-122.3596,Fall20,9/29/2020 16:27,Canis familiaris,9/24/2020,11/7/2020
SEWA_N02_PHY1,47.6708,-122.3596,Fall20,9/29/2020 18:06,Canis familiaris,9/24/2020,11/7/2020
SEWA_N02_PHY1,47.6708,-122.3596,Fall20,9/29/2020 18:06,Homo sapiens,9/24/2020,11/7/2020
SEWA_N02_PHY1,47.6708,-122.3596,Fall20,9/29/2020 19:18,Procyon lotor,9/24/2020,11/7/2020
SEWA_N02_PHY1,47.6708,-122.3596,Fall20,9/30/2020 4:09,Felis catus,9/24/2020,11/7/2020
SEWA_N02_PHY1,47.6708,-122.3596,Fall20,9/30/2020 11:24,Canis familiaris,9/24/2020,11/7/2020
SEWA_N02_PHY1,47.6708,-122.3596,Fall20,9/30/2020 11:24,Homo sapiens,9/24/2020,11/7/2020
SEWA_N02_PHY1,47.6708,-122.3596,Fall20,9/30/2020 14:21,Felis catus,9/24/2020,11/7/2020
SEWA_N02_PHY1,47.6708,-122.3596,Fall20,10/1/2020 4:51,Canis latrans,9/24/2020,11/7/2020
SEWA_N02_PHY1,47.6708,-122.3596,Fall20,10/1/2020 7:08,Homo sapiens,9/24/2020,11/7/2020
SEWA_N02_PHY1,47.6708,-122.3596,Fall20,10/1/2020 7:08,Canis familiaris,9/24/2020,11/7/2020
SEWA_N02_PHY1,47.6708,-122.3596,Fall20,10/1/2020 17:18,Canis familiaris,9/24/2020,11/7/2020
SEWA_N02_PHY1,47.6708,-122.3596,Fall20,10/2/2020 7:18,Homo sapiens,9/24/2020,11/7/2020
SEWA_N02_PHY1,47.6708,-122.3596,Fall20,10/2/2020 7:18,Canis familiaris,9/24/2020,11/7/2020
SEWA_N02_PHY1,47.6708,-122.3596,Fall20,10/2/2020 14:37,Felis catus,9/24/2020,11/7/2020
SEWA_N02_PHY1,47.6708,-122.3596,Fall20,10/2/2020 16:06,Canis familiaris,9/24/2020,11/7/2020
SEWA_N02_PHY1,47.6708,-122.3596,Fall20,10/2/2020 16:06,Homo sapiens,9/24/2020,11/7/2020
SEWA_N02_PHY1,47.6708,-122.3596,Fall20,10/2/2020 16:09,Canis familiaris,9/24/2020,11/7/2020
SEWA_N02_PHY1,47.6708,-122.3596,Fall20,10/2/2020 16:09,Homo sapiens,9/24/2020,11/7/2020
SEWA_N02_PHY1,47.6708,-122.3596,Fall20,10/2/2020 17:03,Canis familiaris,9/24/2020,11/7/2020
SEWA_N02_PHY1,47.6708,-122.3596,Fall20,10/2/2020 17:03,Homo sapiens,9/24/2020,11/7/2020
SEWA_N02_PHY1,47.6708,-122.3596,Fall20,10/2/2020 21:06,Homo sapiens,9/24/2020,11/7/2020
SEWA_N02_PHY1,47.6708,-122.3596,Fall20,10/3/2020 1:06,Felis catus,9/24/2020,11/7/2020
SEWA_N02_PHY1,47.6708,-122.3596,Fall20,10/3/2020 7:29,Homo sapiens,9/24/2020,11/7/2020
SEWA_N02_PHY1,47.6708,-122.3596,Fall20,10/3/2020 7:29,Canis familiaris,9/24/2020,11/7/2020
SEWA_N02_PHY1,47.6708,-122.3596,Fall20,10/3/2020 14:17,Sciurus carolinensis,9/24/2020,11/7/2020
SEWA_N02_PHY1,47.6708,-122.3596,Fall20,10/3/2020 14:27,Sylvilagus floridanus,9/24/2020,11/7/2020
SEWA_N02_PHY1,47.6708,-122.3596,Fall20,10/3/2020 15:27,Sciurus carolinensis,9/24/2020,11/7/2020
SEWA_N02_PHY1,47.6708,-122.3596,Fall20,10/3/2020 15:43,Felis catus,9/24/2020,11/7/2020
SEWA_N02_PHY1,47.6708,-122.3596,Fall20,10/3/2020 17:04,Homo sapiens,9/24/2020,11/7/2020
SEWA_N02_PHY1,47.6708,-122.3596,Fall20,10/3/2020 21:02,Canis familiaris,9/24/2020,11/7/2020
SEWA_N02_PHY1,47.6708,-122.3596,Fall20,10/3/2020 21:02,Homo sapiens,9/24/2020,11/7/2020
SEWA_N02_PHY1,47.6708,-122.3596,Fall20,10/4/2020 11:34,Homo sapiens,9/24/2020,11/7/2020
SEWA_N02_PHY1,47.6708,-122.3596,Fall20,10/4/2020 11:34,Canis familiaris,9/24/2020,11/7/2020
SEWA_N02_PHY1,47.6708,-122.3596,Fall20,10/4/2020 12:09,Canis familiaris,9/24/2020,11/7/2020
SEWA_N02_PHY1,47.6708,-122.3596,Fall20,10/4/2020 12:09,Homo sapiens,9/24/2020,11/7/2020
SEWA_N02_PHY1,47.6708,-122.3596,Fall20,10/4/2020 13:48,Felis catus,9/24/2020,11/7/2020
SEWA_N02_PHY1,47.6708,-122.3596,Fall20,10/4/2020 18:40,Homo sapiens,9/24/2020,11/7/2020
SEWA_N02_PHY1,47.6708,-122.3596,Fall20,10/4/2020 18:40,Canis familiaris,9/24/2020,11/7/2020
SEWA_N02_PHY1,47.6708,-122.3596,Fall20,10/4/2020 21:03,Felis catus,9/24/2020,11/7/2020
SEWA_N02_PHY1,47.6708,-122.3596,Fall20,10/5/2020 13:06,Felis catus,9/24/2020,11/7/2020
SEWA_N02_PHY1,47.6708,-122.3596,Fall20,10/5/2020 15:23,Homo sapiens,9/24/2020,11/7/2020
SEWA_N02_PHY1,47.6708,-122.3596,Fall20,10/5/2020 16:09,Homo sapiens,9/24/2020,11/7/2020
SEWA_N02_PHY1,47.6708,-122.3596,Fall20,10/5/2020 16:21,Homo sapiens,9/24/2020,11/7/2020
SEWA_N02_PHY1,47.6708,-122.3596,Fall20,10/5/2020 16:23,Homo sapiens,9/24/2020,11/7/2020
SEWA_N02_PHY1,47.6708,-122.3596,Fall20,10/5/2020 16:37,Homo sapiens,9/24/2020,11/7/2020
SEWA_N02_PHY1,47.6708,-122.3596,Fall20,10/5/2020 17:07,Homo sapiens,9/24/2020,11/7/2020
SEWA_N02_PHY1,47.6708,-122.3596,Fall20,10/5/2020 20:15,Canis familiaris,9/24/2020,11/7/2020
SEWA_N02_PHY1,47.6708,-122.3596,Fall20,10/5/2020 20:15,Homo sapiens,9/24/2020,11/7/2020
SEWA_N02_PHY1,47.6708,-122.3596,Fall20,10/6/2020 7:14,Homo sapiens,9/24/2020,11/7/2020
SEWA_N02_PHY1,47.6708,-122.3596,Fall20,10/6/2020 7:14,Canis familiaris,9/24/2020,11/7/2020
SEWA_N02_PHY1,47.6708,-122.3596,Fall20,10/6/2020 15:07,Homo sapiens,9/24/2020,11/7/2020
SEWA_N02_PHY1,47.6708,-122.3596,Fall20,10/6/2020 15:49,Felis catus,9/24/2020,11/7/2020
SEWA_N02_PHY1,47.6708,-122.3596,Fall20,10/6/2020 18:53,Procyon lotor,9/24/2020,11/7/2020
SEWA_N02_PHY1,47.6708,-122.3596,Fall20,10/6/2020 18:54,Procyon lotor,9/24/2020,11/7/2020
SEWA_N02_PHY1,47.6708,-122.3596,Fall20,10/7/2020 1:20,Procyon lotor,9/24/2020,11/7/2020
SEWA_N02_PHY1,47.6708,-122.3596,Fall20,10/7/2020 7:33,Homo sapiens,9/24/2020,11/7/2020
SEWA_N02_PHY1,47.6708,-122.3596,Fall20,10/7/2020 7:33,Canis familiaris,9/24/2020,11/7/2020
SEWA_N02_PHY1,47.6708,-122.3596,Fall20,10/7/2020 8:41,Homo sapiens,9/24/2020,11/7/2020
SEWA_N02_PHY1,47.6708,-122.3596,Fall20,10/7/2020 9:58,Homo sapiens,9/24/2020,11/7/2020
SEWA_N02_PHY1,47.6708,-122.3596,Fall20,10/7/2020 9:59,Homo sapiens,9/24/2020,11/7/2020
SEWA_N02_PHY1,47.6708,-122.3596,Fall20,10/7/2020 10:01,Homo sapiens,9/24/2020,11/7/2020
SEWA_N02_PHY1,47.6708,-122.3596,Fall20,10/7/2020 10:06,Homo sapiens,9/24/2020,11/7/2020
SEWA_N02_PHY1,47.6708,-122.3596,Fall20,10/7/2020 10:09,Homo sapiens,9/24/2020,11/7/2020
SEWA_N02_PHY1,47.6708,-122.3596,Fall20,10/7/2020 16:16,Felis catus,9/24/2020,11/7/2020
SEWA_N02_PHY1,47.6708,-122.3596,Fall20,10/7/2020 18:10,Homo sapiens,9/24/2020,11/7/2020
SEWA_N02_PHY1,47.6708,-122.3596,Fall20,10/7/2020 18:11,Homo sapiens,9/24/2020,11/7/2020
SEWA_N02_PHY1,47.6708,-122.3596,Fall20,10/7/2020 21:38,Canis latrans,9/24/2020,11/7/2020
SEWA_N02_PHY1,47.6708,-122.3596,Fall20,10/8/2020 4:38,Procyon lotor,9/24/2020,11/7/2020
SEWA_N02_PHY1,47.6708,-122.3596,Fall20,10/8/2020 10:27,Homo sapiens,9/24/2020,11/7/2020
SEWA_N02_PHY1,47.6708,-122.3596,Fall20,10/8/2020 13:28,Sciurus carolinensis,9/24/2020,11/7/2020
SEWA_N02_PHY1,47.6708,-122.3596,Fall20,10/8/2020 19:21,Procyon lotor,9/24/2020,11/7/2020
SEWA_N02_PHY1,47.6708,-122.3596,Fall20,10/8/2020 19:26,Procyon lotor,9/24/2020,11/7/2020
SEWA_N02_PHY1,47.6708,-122.3596,Fall20,10/9/2020 9:17,Felis catus,9/24/2020,11/7/2020
SEWA_N02_PHY1,47.6708,-122.3596,Fall20,10/9/2020 14:32,Homo sapiens,9/24/2020,11/7/2020
SEWA_N02_PHY1,47.6708,-122.3596,Fall20,10/10/2020 12:16,Felis catus,9/24/2020,11/7/2020
SEWA_N02_PHY1,47.6708,-122.3596,Fall20,10/10/2020 18:42,Procyon lotor,9/24/2020,11/7/2020
SEWA_N02_PHY1,47.6708,-122.3596,Fall20,10/10/2020 18:43,Sylvilagus floridanus,9/24/2020,11/7/2020
SEWA_N02_PHY1,47.6708,-122.3596,Fall20,10/10/2020 19:57,Procyon lotor,9/24/2020,11/7/2020
SEWA_N02_PHY1,47.6708,-122.3596,Fall20,10/12/2020 3:03,Sylvilagus floridanus,9/24/2020,11/7/2020
SEWA_N02_PHY1,47.6708,-122.3596,Fall20,10/12/2020 9:56,Sciurus carolinensis,9/24/2020,11/7/2020
SEWA_N02_PHY1,47.6708,-122.3596,Fall20,10/12/2020 16:38,Felis catus,9/24/2020,11/7/2020
SEWA_N02_PHY1,47.6708,-122.3596,Fall20,10/12/2020 20:51,Procyon lotor,9/24/2020,11/7/2020
SEWA_N02_PHY1,47.6708,-122.3596,Fall20,10/13/2020 1:33,Procyon lotor,9/24/2020,11/7/2020
SEWA_N02_PHY1,47.6708,-122.3596,Fall20,10/13/2020 11:06,Sciurus carolinensis,9/24/2020,11/7/2020
SEWA_N02_PHY1,47.6708,-122.3596,Fall20,10/13/2020 21:56,Procyon lotor,9/24/2020,11/7/2020
SEWA_N02_PHY1,47.6708,-122.3596,Fall20,10/14/2020 3:18,Sylvilagus floridanus,9/24/2020,11/7/2020
SEWA_N02_PHY1,47.6708,-122.3596,Fall20,10/14/2020 11:34,Sciurus carolinensis,9/24/2020,11/7/2020
SEWA_N02_PHY1,47.6708,-122.3596,Fall20,10/14/2020 12:15,Felis catus,9/24/2020,11/7/2020
SEWA_N02_PHY1,47.6708,-122.3596,Fall20,10/14/2020 18:46,Procyon lotor,9/24/2020,11/7/2020
SEWA_N02_PHY1,47.6708,-122.3596,Fall20,10/14/2020 19:03,Procyon lotor,9/24/2020,11/7/2020
SEWA_N02_PHY1,47.6708,-122.3596,Fall20,10/14/2020 23:23,Procyon lotor,9/24/2020,11/7/2020
SEWA_N02_PHY1,47.6708,-122.3596,Fall20,10/15/2020 2:25,Felis catus,9/24/2020,11/7/2020
SEWA_N02_PHY1,47.6708,-122.3596,Fall20,10/15/2020 13:37,Sciurus carolinensis,9/24/2020,11/7/2020
SEWA_N02_PHY1,47.6708,-122.3596,Fall20,10/15/2020 19:00,Procyon lotor,9/24/2020,11/7/2020
SEWA_N02_PHY1,47.6708,-122.3596,Fall20,10/15/2020 19:38,Felis catus,9/24/2020,11/7/2020
SEWA_N02_PHY1,47.6708,-122.3596,Fall20,10/15/2020 21:48,Felis catus,9/24/2020,11/7/2020
SEWA_N02_PHY1,47.6708,-122.3596,Fall20,10/16/2020 20:49,Felis catus,9/24/2020,11/7/2020
SEWA_N02_PHY1,47.6708,-122.3596,Fall20,10/18/2020 0:13,Procyon lotor,9/24/2020,11/7/2020
SEWA_N02_PHY1,47.6708,-122.3596,Fall20,10/18/2020 0:37,Procyon lotor,9/24/2020,11/7/2020
SEWA_N02_PHY1,47.6708,-122.3596,Fall20,10/19/2020 1:04,Felis catus,9/24/2020,11/7/2020
SEWA_N02_PHY1,47.6708,-122.3596,Fall20,10/19/2020 12:06,Felis catus,9/24/2020,11/7/2020
SEWA_N02_PHY1,47.6708,-122.3596,Fall20,10/20/2020 14:55,Homo sapiens,9/24/2020,11/7/2020
SEWA_N02_PHY1,47.6708,-122.3596,Fall20,10/20/2020 14:59,Homo sapiens,9/24/2020,11/7/2020
SEWA_N02_PHY1,47.6708,-122.3596,Fall20,10/20/2020 15:03,Homo sapiens,9/24/2020,11/7/2020
SEWA_N02_PHY1,47.6708,-122.3596,Fall20,10/20/2020 15:07,Homo sapiens,9/24/2020,11/7/2020
SEWA_N02_PHY1,47.6708,-122.3596,Fall20,10/20/2020 15:10,Homo sapiens,9/24/2020,11/7/2020
SEWA_N02_PHY1,47.6708,-122.3596,Fall20,10/20/2020 18:31,Sylvilagus floridanus,9/24/2020,11/7/2020
SEWA_N02_PHY1,47.6708,-122.3596,Fall20,10/21/2020 9:00,Sciurus carolinensis,9/24/2020,11/7/2020
SEWA_N02_PHY1,47.6708,-122.3596,Fall20,10/21/2020 22:37,Felis catus,9/24/2020,11/7/2020
SEWA_N02_PHY1,47.6708,-122.3596,Fall20,10/22/2020 19:22,Felis catus,9/24/2020,11/7/2020
SEWA_N02_PHY1,47.6708,-122.3596,Fall20,10/22/2020 19:58,Canis latrans,9/24/2020,11/7/2020
SEWA_N02_PHY1,47.6708,-122.3596,Fall20,10/22/2020 19:59,Canis latrans,9/24/2020,11/7/2020
SEWA_N02_PHY1,47.6708,-122.3596,Fall20,10/23/2020 15:50,Sciurus carolinensis,9/24/2020,11/7/2020
SEWA_N02_PHY1,47.6708,-122.3596,Fall20,10/23/2020 15:57,Sciurus carolinensis,9/24/2020,11/7/2020
SEWA_N02_PHY1,47.6708,-122.3596,Fall20,10/23/2020 15:59,Sciurus carolinensis,9/24/2020,11/7/2020
SEWA_N02_PHY1,47.6708,-122.3596,Fall20,10/24/2020 20:28,Canis latrans,9/24/2020,11/7/2020
SEWA_N02_PHY1,47.6708,-122.3596,Fall20,10/25/2020 9:42,Homo sapiens,9/24/2020,11/7/2020
SEWA_N02_PHY1,47.6708,-122.3596,Fall20,10/25/2020 10:58,Homo sapiens,9/24/2020,11/7/2020
SEWA_N02_PHY1,47.6708,-122.3596,Fall20,10/25/2020 11:27,Homo sapiens,9/24/2020,11/7/2020
SEWA_N02_PHY1,47.6708,-122.3596,Fall20,10/25/2020 11:40,Homo sapiens,9/24/2020,11/7/2020
SEWA_N02_PHY1,47.6708,-122.3596,Fall20,10/25/2020 11:46,Homo sapiens,9/24/2020,11/7/2020
SEWA_N02_PHY1,47.6708,-122.3596,Fall20,10/25/2020 12:14,Homo sapiens,9/24/2020,11/7/2020
SEWA_N02_PHY1,47.6708,-122.3596,Fall20,10/25/2020 12:19,Homo sapiens,9/24/2020,11/7/2020
SEWA_N02_PHY1,47.6708,-122.3596,Fall20,10/25/2020 13:14,Homo sapiens,9/24/2020,11/7/2020
SEWA_N02_PHY1,47.6708,-122.3596,Fall20,10/25/2020 18:31,Sylvilagus floridanus,9/24/2020,11/7/2020
SEWA_N02_PHY1,47.6708,-122.3596,Fall20,10/26/2020 12:30,Homo sapiens,9/24/2020,11/7/2020
SEWA_N02_PHY1,47.6708,-122.3596,Fall20,10/26/2020 18:56,Procyon lotor,9/24/2020,11/7/2020
SEWA_N02_PHY1,47.6708,-122.3596,Fall20,10/26/2020 18:58,Procyon lotor,9/24/2020,11/7/2020
SEWA_N02_PHY1,47.6708,-122.3596,Fall20,10/26/2020 21:47,Felis catus,9/24/2020,11/7/2020
SEWA_N02_PHY1,47.6708,-122.3596,Fall20,10/27/2020 8:47,Sciurus carolinensis,9/24/2020,11/7/2020
SEWA_N02_PHY1,47.6708,-122.3596,Fall20,10/27/2020 11:14,Sciurus carolinensis,9/24/2020,11/7/2020
SEWA_N02_PHY1,47.6708,-122.3596,Fall20,10/27/2020 11:58,Sciurus carolinensis,9/24/2020,11/7/2020
SEWA_N02_PHY1,47.6708,-122.3596,Fall20,10/27/2020 15:50,Sciurus carolinensis,9/24/2020,11/7/2020
SEWA_N02_PHY1,47.6708,-122.3596,Fall20,10/27/2020 16:22,Sciurus carolinensis,9/24/2020,11/7/2020
SEWA_N02_PHY1,47.6708,-122.3596,Fall20,10/28/2020 3:10,Procyon lotor,9/24/2020,11/7/2020
SEWA_N02_PHY1,47.6708,-122.3596,Fall20,10/28/2020 9:16,Sciurus carolinensis,9/24/2020,11/7/2020
SEWA_N02_PHY1,47.6708,-122.3596,Fall20,10/28/2020 9:19,Sciurus carolinensis,9/24/2020,11/7/2020
SEWA_N02_PHY1,47.6708,-122.3596,Fall20,10/28/2020 9:49,Sciurus carolinensis,9/24/2020,11/7/2020
SEWA_N02_PHY1,47.6708,-122.3596,Fall20,10/29/2020 11:42,Canis latrans,9/24/2020,11/7/2020
SEWA_N02_PHY1,47.6708,-122.3596,Fall20,10/29/2020 11:52,Canis latrans,9/24/2020,11/7/2020
SEWA_N02_PHY1,47.6708,-122.3596,Fall20,10/30/2020 8:21,Sciurus carolinensis,9/24/2020,11/7/2020
SEWA_N02_PHY1,47.6708,-122.3596,Fall20,10/31/2020 3:29,Procyon lotor,9/24/2020,11/7/2020
SEWA_N02_PHY1,47.6708,-122.3596,Fall20,10/31/2020 10:19,Sciurus carolinensis,9/24/2020,11/7/2020
SEWA_N02_PHY1,47.6708,-122.3596,Fall20,10/31/2020 12:51,Felis catus,9/24/2020,11/7/2020
SEWA_N02_PHY1,47.6708,-122.3596,Fall20,10/31/2020 16:24,Homo sapiens,9/24/2020,11/7/2020
SEWA_N02_PHY1,47.6708,-122.3596,Fall20,10/31/2020 17:00,Canis familiaris,9/24/2020,11/7/2020
SEWA_N02_PHY1,47.6708,-122.3596,Fall20,10/31/2020 21:12,Homo sapiens,9/24/2020,11/7/2020
SEWA_N02_PHY1,47.6708,-122.3596,Fall20,10/31/2020 22:48,Procyon lotor,9/24/2020,11/7/2020
SEWA_N02_PHY1,47.6708,-122.3596,Fall20,11/1/2020 1:03,Canis latrans,9/24/2020,11/7/2020
SEWA_N02_PHY1,47.6708,-122.3596,Fall20,11/1/2020 13:08,Homo sapiens,9/24/2020,11/7/2020
SEWA_N02_PHY1,47.6708,-122.3596,Fall20,11/1/2020 16:53,Homo sapiens,9/24/2020,11/7/2020
SEWA_N02_PHY1,47.6708,-122.3596,Fall20,11/2/2020 4:12,Procyon lotor,9/24/2020,11/7/2020
SEWA_N02_PHY1,47.6708,-122.3596,Fall20,11/2/2020 12:17,Sciurus carolinensis,9/24/2020,11/7/2020
SEWA_N02_PHY1,47.6708,-122.3596,Fall20,11/2/2020 22:20,Felis catus,9/24/2020,11/7/2020
SEWA_N02_PHY1,47.6708,-122.3596,Fall20,11/3/2020 0:18,Felis catus,9/24/2020,11/7/2020
SEWA_N02_PHY1,47.6708,-122.3596,Fall20,11/3/2020 0:32,Felis catus,9/24/2020,11/7/2020
SEWA_N02_PHY1,47.6708,-122.3596,Fall20,11/5/2020 17:02,Sylvilagus floridanus,9/24/2020,11/7/2020
SEWA_N02_PHY1,47.6708,-122.3596,Fall20,11/5/2020 18:01,Procyon lotor,9/24/2020,11/7/2020
SEWA_N02_PHY1,47.6708,-122.3596,Fall20,11/6/2020 15:36,Felis catus,9/24/2020,11/7/2020
SEWA_N02_PHY1,47.6708,-122.3596,Fall20,11/6/2020 22:52,Procyon lotor,9/24/2020,11/7/2020
SEWA_N03_IRP1,47.69055,-122.28101,Fall20,9/27/2020 9:37,Homo sapiens,9/24/2020,11/7/2020
SEWA_N03_IRP1,47.69055,-122.28101,Fall20,9/27/2020 12:13,Sciurus carolinensis,9/24/2020,11/7/2020
SEWA_N03_IRP1,47.69055,-122.28101,Fall20,9/27/2020 13:40,Sciurus carolinensis,9/24/2020,11/7/2020
SEWA_N03_IRP1,47.69055,-122.28101,Fall20,9/27/2020 13:42,Sciurus carolinensis,9/24/2020,11/7/2020
SEWA_N03_IRP1,47.69055,-122.28101,Fall20,9/27/2020 16:24,Sciurus carolinensis,9/24/2020,11/7/2020
SEWA_N03_IRP1,47.69055,-122.28101,Fall20,9/28/2020 7:25,Sciurus carolinensis,9/24/2020,11/7/2020
SEWA_N03_IRP1,47.69055,-122.28101,Fall20,9/28/2020 10:18,Sciurus carolinensis,9/24/2020,11/7/2020
SEWA_N03_IRP1,47.69055,-122.28101,Fall20,9/28/2020 19:25,Rattus rattus,9/24/2020,11/7/2020
SEWA_N03_IRP1,47.69055,-122.28101,Fall20,9/29/2020 4:14,Rattus rattus,9/24/2020,11/7/2020
SEWA_N03_IRP1,47.69055,-122.28101,Fall20,9/29/2020 6:56,Sciurus carolinensis,9/24/2020,11/7/2020
SEWA_N03_IRP1,47.69055,-122.28101,Fall20,9/29/2020 9:59,Homo sapiens,9/24/2020,11/7/2020
SEWA_N03_IRP1,47.69055,-122.28101,Fall20,9/29/2020 13:37,Sciurus carolinensis,9/24/2020,11/7/2020
SEWA_N03_IRP1,47.69055,-122.28101,Fall20,9/30/2020 9:04,Sciurus carolinensis,9/24/2020,11/7/2020
SEWA_N03_IRP1,47.69055,-122.28101,Fall20,10/1/2020 4:08,Rattus rattus,9/24/2020,11/7/2020
SEWA_N03_IRP1,47.69055,-122.28101,Fall20,10/1/2020 6:23,Canis latrans,9/24/2020,11/7/2020
SEWA_N03_IRP1,47.69055,-122.28101,Fall20,10/1/2020 10:03,Sciurus carolinensis,9/24/2020,11/7/2020
SEWA_N03_IRP1,47.69055,-122.28101,Fall20,10/1/2020 13:21,Sciurus carolinensis,9/24/2020,11/7/2020
SEWA_N03_IRP1,47.69055,-122.28101,Fall20,10/1/2020 15:05,Canis latrans,9/24/2020,11/7/2020
SEWA_N03_IRP1,47.69055,-122.28101,Fall20,10/2/2020 6:02,Canis latrans,9/24/2020,11/7/2020
SEWA_N03_IRP1,47.69055,-122.28101,Fall20,10/2/2020 9:37,Sciurus carolinensis,9/24/2020,11/7/2020
SEWA_N03_IRP1,47.69055,-122.28101,Fall20,10/3/2020 9:18,Sciurus carolinensis,9/24/2020,11/7/2020
SEWA_N03_IRP1,47.69055,-122.28101,Fall20,10/3/2020 16:46,Sciurus carolinensis,9/24/2020,11/7/2020
SEWA_N03_IRP1,47.69055,-122.28101,Fall20,10/3/2020 16:47,Sylvilagus floridanus,9/24/2020,11/7/2020
SEWA_N03_IRP1,47.69055,-122.28101,Fall20,10/3/2020 16:49,Sylvilagus floridanus,9/24/2020,11/7/2020
SEWA_N03_IRP1,47.69055,-122.28101,Fall20,10/4/2020 10:17,Sciurus carolinensis,9/24/2020,11/7/2020
SEWA_N03_IRP1,47.69055,-122.28101,Fall20,10/4/2020 12:39,Sciurus carolinensis,9/24/2020,11/7/2020
SEWA_N03_IRP1,47.69055,-122.28101,Fall20,10/4/2020 12:41,Sciurus carolinensis,9/24/2020,11/7/2020
SEWA_N03_IRP1,47.69055,-122.28101,Fall20,10/4/2020 14:12,Sciurus carolinensis,9/24/2020,11/7/2020
SEWA_N03_IRP1,47.69055,-122.28101,Fall20,10/4/2020 23:57,Rattus rattus,9/24/2020,11/7/2020
SEWA_N03_IRP1,47.69055,-122.28101,Fall20,10/5/2020 10:36,Sciurus carolinensis,9/24/2020,11/7/2020
SEWA_N03_IRP1,47.69055,-122.28101,Fall20,10/5/2020 10:38,Sciurus carolinensis,9/24/2020,11/7/2020
SEWA_N03_IRP1,47.69055,-122.28101,Fall20,10/5/2020 21:23,Rattus rattus,9/24/2020,11/7/2020
SEWA_N03_IRP1,47.69055,-122.28101,Fall20,10/6/2020 15:47,Homo sapiens,9/24/2020,11/7/2020
SEWA_N03_IRP1,47.69055,-122.28101,Fall20,10/7/2020 8:54,Sciurus carolinensis,9/24/2020,11/7/2020
SEWA_N03_IRP1,47.69055,-122.28101,Fall20,10/7/2020 9:14,Sciurus carolinensis,9/24/2020,11/7/2020
SEWA_N03_IRP1,47.69055,-122.28101,Fall20,10/7/2020 12:16,Sciurus carolinensis,9/24/2020,11/7/2020
SEWA_N03_IRP1,47.69055,-122.28101,Fall20,10/7/2020 18:56,Rattus rattus,9/24/2020,11/7/2020
SEWA_N03_IRP1,47.69055,-122.28101,Fall20,10/7/2020 19:46,Procyon lotor,9/24/2020,11/7/2020
SEWA_N03_IRP1,47.69055,-122.28101,Fall20,10/7/2020 19:57,Rattus rattus,9/24/2020,11/7/2020
SEWA_N03_IRP1,47.69055,-122.28101,Fall20,10/8/2020 9:03,Sciurus carolinensis,9/24/2020,11/7/2020
SEWA_N03_IRP1,47.69055,-122.28101,Fall20,10/8/2020 15:13,Sciurus carolinensis,9/24/2020,11/7/2020
SEWA_N03_IRP1,47.69055,-122.28101,Fall20,10/9/2020 8:52,Sciurus carolinensis,9/24/2020,11/7/2020
SEWA_N03_IRP1,47.69055,-122.28101,Fall20,10/9/2020 9:39,Sciurus carolinensis,9/24/2020,11/7/2020
SEWA_N03_IRP1,47.69055,-122.28101,Fall20,10/9/2020 13:11,Sciurus carolinensis,9/24/2020,11/7/2020
SEWA_N03_IRP1,47.69055,-122.28101,Fall20,10/9/2020 16:53,Sciurus carolinensis,9/24/2020,11/7/2020
SEWA_N03_IRP1,47.69055,-122.28101,Fall20,10/10/2020 12:00,Sciurus carolinensis,9/24/2020,11/7/2020
SEWA_N03_IRP1,47.69055,-122.28101,Fall20,10/11/2020 12:21,Sciurus carolinensis,9/24/2020,11/7/2020
SEWA_N03_IRP1,47.69055,-122.28101,Fall20,10/12/2020 4:11,Canis latrans,9/24/2020,11/7/2020
SEWA_N03_IRP1,47.69055,-122.28101,Fall20,10/12/2020 8:04,Sciurus carolinensis,9/24/2020,11/7/2020
SEWA_N03_IRP1,47.69055,-122.28101,Fall20,10/12/2020 8:13,Sciurus carolinensis,9/24/2020,11/7/2020
SEWA_N03_IRP1,47.69055,-122.28101,Fall20,10/12/2020 11:22,Sciurus carolinensis,9/24/2020,11/7/2020
SEWA_N03_IRP1,47.69055,-122.28101,Fall20,10/12/2020 11:30,Sciurus carolinensis,9/24/2020,11/7/2020
SEWA_N03_IRP1,47.69055,-122.28101,Fall20,10/13/2020 1:44,Rattus rattus,9/24/2020,11/7/2020
SEWA_N03_IRP1,47.69055,-122.28101,Fall20,10/13/2020 7:58,Sciurus carolinensis,9/24/2020,11/7/2020
SEWA_N03_IRP1,47.69055,-122.28101,Fall20,10/13/2020 8:35,Sciurus carolinensis,9/24/2020,11/7/2020
SEWA_N03_IRP1,47.69055,-122.28101,Fall20,10/13/2020 9:09,Sciurus carolinensis,9/24/2020,11/7/2020
SEWA_N03_IRP1,47.69055,-122.28101,Fall20,10/13/2020 12:37,Sciurus carolinensis,9/24/2020,11/7/2020
SEWA_N03_IRP1,47.69055,-122.28101,Fall20,10/13/2020 13:39,Sciurus carolinensis,9/24/2020,11/7/2020
SEWA_N03_IRP1,47.69055,-122.28101,Fall20,10/13/2020 21:31,Rattus rattus,9/24/2020,11/7/2020
SEWA_N03_IRP1,47.69055,-122.28101,Fall20,10/13/2020 21:52,Procyon lotor,9/24/2020,11/7/2020
SEWA_N03_IRP1,47.69055,-122.28101,Fall20,10/14/2020 0:17,Rattus rattus,9/24/2020,11/7/2020
SEWA_N03_IRP1,47.69055,-122.28101,Fall20,10/14/2020 1:48,Rattus rattus,9/24/2020,11/7/2020
SEWA_N03_IRP1,47.69055,-122.28101,Fall20,10/14/2020 1:50,Rattus rattus,9/24/2020,11/7/2020
SEWA_N03_IRP1,47.69055,-122.28101,Fall20,10/14/2020 8:16,Sciurus carolinensis,9/24/2020,11/7/2020
SEWA_N03_IRP1,47.69055,-122.28101,Fall20,10/14/2020 8:22,Sciurus carolinensis,9/24/2020,11/7/2020
SEWA_N03_IRP1,47.69055,-122.28101,Fall20,10/14/2020 8:39,Sciurus carolinensis,9/24/2020,11/7/2020
SEWA_N03_IRP1,47.69055,-122.28101,Fall20,10/14/2020 11:35,Sciurus carolinensis,9/24/2020,11/7/2020
SEWA_N03_IRP1,47.69055,-122.28101,Fall20,10/14/2020 16:12,Sciurus carolinensis,9/24/2020,11/7/2020
SEWA_N03_IRP1,47.69055,-122.28101,Fall20,10/14/2020 16:15,Sciurus carolinensis,9/24/2020,11/7/2020
SEWA_N03_IRP1,47.69055,-122.28101,Fall20,10/14/2020 22:48,Rattus rattus,9/24/2020,11/7/2020
SEWA_N03_IRP1,47.69055,-122.28101,Fall20,10/15/2020 2:59,Rattus rattus,9/24/2020,11/7/2020
SEWA_N03_IRP1,47.69055,-122.28101,Fall20,10/15/2020 9:25,Sciurus carolinensis,9/24/2020,11/7/2020
SEWA_N03_IRP1,47.69055,-122.28101,Fall20,10/15/2020 11:34,Sciurus carolinensis,9/24/2020,11/7/2020
SEWA_N03_IRP1,47.69055,-122.28101,Fall20,10/15/2020 11:48,Sciurus carolinensis,9/24/2020,11/7/2020
SEWA_N03_IRP1,47.69055,-122.28101,Fall20,10/15/2020 16:53,Sciurus carolinensis,9/24/2020,11/7/2020
SEWA_N03_IRP1,47.69055,-122.28101,Fall20,10/16/2020 0:34,Rattus rattus,9/24/2020,11/7/2020
SEWA_N03_IRP1,47.69055,-122.28101,Fall20,10/16/2020 9:51,Sciurus carolinensis,9/24/2020,11/7/2020
SEWA_N03_IRP1,47.69055,-122.28101,Fall20,10/16/2020 14:56,Sciurus carolinensis,9/24/2020,11/7/2020
SEWA_N03_IRP1,47.69055,-122.28101,Fall20,10/17/2020 13:00,Sciurus carolinensis,9/24/2020,11/7/2020
SEWA_N03_IRP1,47.69055,-122.28101,Fall20,10/17/2020 18:22,Procyon lotor,9/24/2020,11/7/2020
SEWA_N03_IRP1,47.69055,-122.28101,Fall20,10/18/2020 3:26,Procyon lotor,9/24/2020,11/7/2020
SEWA_N03_IRP1,47.69055,-122.28101,Fall20,10/18/2020 13:46,Homo sapiens,9/24/2020,11/7/2020
SEWA_N03_IRP1,47.69055,-122.28101,Fall20,10/18/2020 14:28,Sciurus carolinensis,9/24/2020,11/7/2020
SEWA_N03_IRP1,47.69055,-122.28101,Fall20,10/19/2020 8:12,Sciurus carolinensis,9/24/2020,11/7/2020
SEWA_N03_IRP1,47.69055,-122.28101,Fall20,10/19/2020 10:28,Sciurus carolinensis,9/24/2020,11/7/2020
SEWA_N03_IRP1,47.69055,-122.28101,Fall20,10/20/2020 0:25,Rattus rattus,9/24/2020,11/7/2020
SEWA_N03_IRP1,47.69055,-122.28101,Fall20,10/20/2020 7:42,Sciurus carolinensis,9/24/2020,11/7/2020
SEWA_N03_IRP1,47.69055,-122.28101,Fall20,10/20/2020 8:20,Sciurus carolinensis,9/24/2020,11/7/2020
SEWA_N03_IRP1,47.69055,-122.28101,Fall20,10/20/2020 11:54,Sciurus carolinensis,9/24/2020,11/7/2020
SEWA_N03_IRP1,47.69055,-122.28101,Fall20,10/20/2020 12:19,Canis latrans,9/24/2020,11/7/2020
SEWA_N03_IRP1,47.69055,-122.28101,Fall20,10/20/2020 20:33,Rattus rattus,9/24/2020,11/7/2020
SEWA_N03_IRP1,47.69055,-122.28101,Fall20,10/21/2020 9:57,Sciurus carolinensis,9/24/2020,11/7/2020
SEWA_N03_IRP1,47.69055,-122.28101,Fall20,10/21/2020 10:54,Sciurus carolinensis,9/24/2020,11/7/2020
SEWA_N03_IRP1,47.69055,-122.28101,Fall20,10/21/2020 12:01,Canis latrans,9/24/2020,11/7/2020
SEWA_N03_IRP1,47.69055,-122.28101,Fall20,10/21/2020 16:03,Sciurus carolinensis,9/24/2020,11/7/2020
SEWA_N03_IRP1,47.69055,-122.28101,Fall20,10/21/2020 16:04,Sciurus carolinensis,9/24/2020,11/7/2020
SEWA_N03_IRP1,47.69055,-122.28101,Fall20,10/22/2020 9:23,Canis latrans,9/24/2020,11/7/2020
SEWA_N03_IRP1,47.69055,-122.28101,Fall20,10/22/2020 9:43,Sciurus carolinensis,9/24/2020,11/7/2020
SEWA_N03_IRP1,47.69055,-122.28101,Fall20,10/22/2020 10:10,Sciurus carolinensis,9/24/2020,11/7/2020
SEWA_N03_IRP1,47.69055,-122.28101,Fall20,10/22/2020 10:11,Sciurus carolinensis,9/24/2020,11/7/2020
SEWA_N03_IRP1,47.69055,-122.28101,Fall20,10/22/2020 10:15,Sciurus carolinensis,9/24/2020,11/7/2020
SEWA_N03_IRP1,47.69055,-122.28101,Fall20,10/22/2020 10:21,Sciurus carolinensis,9/24/2020,11/7/2020
SEWA_N03_IRP1,47.69055,-122.28101,Fall20,10/23/2020 15:05,Sciurus carolinensis,9/24/2020,11/7/2020
SEWA_N03_IRP1,47.69055,-122.28101,Fall20,10/24/2020 13:32,Sciurus carolinensis,9/24/2020,11/7/2020
SEWA_N03_IRP1,47.69055,-122.28101,Fall20,10/24/2020 15:35,Sciurus carolinensis,9/24/2020,11/7/2020
SEWA_N03_IRP1,47.69055,-122.28101,Fall20,10/24/2020 18:04,Procyon lotor,9/24/2020,11/7/2020
SEWA_N03_IRP1,47.69055,-122.28101,Fall20,10/25/2020 3:04,Canis latrans,9/24/2020,11/7/2020
SEWA_N03_IRP1,47.69055,-122.28101,Fall20,10/25/2020 3:50,Rattus rattus,9/24/2020,11/7/2020
SEWA_N03_IRP1,47.69055,-122.28101,Fall20,10/25/2020 12:56,Sciurus carolinensis,9/24/2020,11/7/2020
SEWA_N03_IRP1,47.69055,-122.28101,Fall20,10/25/2020 23:44,Canis latrans,9/24/2020,11/7/2020
SEWA_N03_IRP1,47.69055,-122.28101,Fall20,10/26/2020 9:43,Sciurus carolinensis,9/24/2020,11/7/2020
SEWA_N03_IRP1,47.69055,-122.28101,Fall20,10/26/2020 11:11,Sciurus carolinensis,9/24/2020,11/7/2020
SEWA_N03_IRP1,47.69055,-122.28101,Fall20,10/26/2020 11:13,Sciurus carolinensis,9/24/2020,11/7/2020
SEWA_N03_IRP1,47.69055,-122.28101,Fall20,10/26/2020 13:03,Sciurus carolinensis,9/24/2020,11/7/2020
SEWA_N03_IRP1,47.69055,-122.28101,Fall20,10/26/2020 15:09,Sciurus carolinensis,9/24/2020,11/7/2020
SEWA_N03_IRP1,47.69055,-122.28101,Fall20,10/26/2020 15:10,Sciurus carolinensis,9/24/2020,11/7/2020
SEWA_N03_IRP1,47.69055,-122.28101,Fall20,10/26/2020 15:32,Sciurus carolinensis,9/24/2020,11/7/2020
SEWA_N03_IRP1,47.69055,-122.28101,Fall20,10/26/2020 18:01,Sylvilagus floridanus,9/24/2020,11/7/2020
SEWA_N03_IRP1,47.69055,-122.28101,Fall20,10/26/2020 20:59,Rattus rattus,9/24/2020,11/7/2020
SEWA_N03_IRP1,47.69055,-122.28101,Fall20,10/27/2020 11:37,Sciurus carolinensis,9/24/2020,11/7/2020
SEWA_N03_IRP1,47.69055,-122.28101,Fall20,10/27/2020 11:42,Sciurus carolinensis,9/24/2020,11/7/2020
SEWA_N03_IRP1,47.69055,-122.28101,Fall20,10/27/2020 14:37,Homo sapiens,9/24/2020,11/7/2020
SEWA_N03_IRP1,47.69055,-122.28101,Fall20,10/27/2020 14:56,Homo sapiens,9/24/2020,11/7/2020
SEWA_N03_IRP1,47.69055,-122.28101,Fall20,10/27/2020 14:58,Homo sapiens,9/24/2020,11/7/2020
SEWA_N03_IRP1,47.69055,-122.28101,Fall20,10/27/2020 15:00,Homo sapiens,9/24/2020,11/7/2020
SEWA_N03_IRP1,47.69055,-122.28101,Fall20,10/27/2020 15:03,Homo sapiens,9/24/2020,11/7/2020
SEWA_N03_IRP1,47.69055,-122.28101,Fall20,10/28/2020 10:38,Sciurus carolinensis,9/24/2020,11/7/2020
SEWA_N03_IRP1,47.69055,-122.28101,Fall20,10/28/2020 15:13,Sciurus carolinensis,9/24/2020,11/7/2020
SEWA_N03_IRP1,47.69055,-122.28101,Fall20,10/28/2020 16:11,Sciurus carolinensis,9/24/2020,11/7/2020
SEWA_N03_IRP1,47.69055,-122.28101,Fall20,10/29/2020 7:48,Sciurus carolinensis,9/24/2020,11/7/2020
SEWA_N03_IRP1,47.69055,-122.28101,Fall20,10/29/2020 9:22,Sciurus carolinensis,9/24/2020,11/7/2020
SEWA_N03_IRP1,47.69055,-122.28101,Fall20,10/30/2020 11:06,Sciurus carolinensis,9/24/2020,11/7/2020
SEWA_N03_IRP1,47.69055,-122.28101,Fall20,10/30/2020 13:23,Sciurus carolinensis,9/24/2020,11/7/2020
SEWA_N03_IRP1,47.69055,-122.28101,Fall20,10/30/2020 13:25,Sciurus carolinensis,9/24/2020,11/7/2020
SEWA_N03_IRP1,47.69055,-122.28101,Fall20,10/30/2020 13:27,Sciurus carolinensis,9/24/2020,11/7/2020
SEWA_N03_IRP1,47.69055,-122.28101,Fall20,10/30/2020 22:06,Canis latrans,9/24/2020,11/7/2020
SEWA_N03_IRP1,47.69055,-122.28101,Fall20,10/31/2020 7:46,Canis latrans,9/24/2020,11/7/2020
SEWA_N03_IRP1,47.69055,-122.28101,Fall20,10/31/2020 8:09,Canis latrans,9/24/2020,11/7/2020
SEWA_N03_IRP1,47.69055,-122.28101,Fall20,10/31/2020 9:19,Sciurus carolinensis,9/24/2020,11/7/2020
SEWA_N03_IRP1,47.69055,-122.28101,Fall20,10/31/2020 11:58,Sciurus carolinensis,9/24/2020,11/7/2020
SEWA_N03_IRP1,47.69055,-122.28101,Fall20,10/31/2020 15:25,Sciurus carolinensis,9/24/2020,11/7/2020
SEWA_N03_IRP1,47.69055,-122.28101,Fall20,10/31/2020 17:04,Sylvilagus floridanus,9/24/2020,11/7/2020
SEWA_N03_IRP1,47.69055,-122.28101,Fall20,11/1/2020 6:18,Canis latrans,9/24/2020,11/7/2020
SEWA_N03_IRP1,47.69055,-122.28101,Fall20,11/1/2020 10:58,Sciurus carolinensis,9/24/2020,11/7/2020
SEWA_N03_IRP1,47.69055,-122.28101,Fall20,11/1/2020 12:19,Canis latrans,9/24/2020,11/7/2020
SEWA_N03_IRP1,47.69055,-122.28101,Fall20,11/1/2020 14:48,Canis latrans,9/24/2020,11/7/2020
SEWA_N03_IRP1,47.69055,-122.28101,Fall20,11/2/2020 10:32,Sciurus carolinensis,9/24/2020,11/7/2020
SEWA_N03_IRP1,47.69055,-122.28101,Fall20,11/2/2020 14:06,Sciurus carolinensis,9/24/2020,11/7/2020
SEWA_N03_IRP1,47.69055,-122.28101,Fall20,11/2/2020 16:40,Sciurus carolinensis,9/24/2020,11/7/2020
SEWA_N03_IRP1,47.69055,-122.28101,Fall20,11/3/2020 0:23,Canis latrans,9/24/2020,11/7/2020
SEWA_N03_IRP1,47.69055,-122.28101,Fall20,11/3/2020 16:06,Sciurus carolinensis,9/24/2020,11/7/2020
SEWA_N03_IRP1,47.69055,-122.28101,Fall20,11/5/2020 3:18,Sylvilagus floridanus,9/24/2020,11/7/2020
SEWA_N03_IRP1,47.69055,-122.28101,Fall20,11/5/2020 14:12,Sciurus carolinensis,9/24/2020,11/7/2020
SEWA_N03_IRP1,47.69055,-122.28101,Fall20,11/6/2020 3:26,Sylvilagus floridanus,9/24/2020,11/7/2020
SEWA_N03_IRP1,47.69055,-122.28101,Fall20,11/6/2020 10:33,Sciurus carolinensis,9/24/2020,11/7/2020
SEWA_N03_MGP1,47.68166,-122.25092,Fall20,10/13/2020 17:14,Homo sapiens,9/24/2020,11/7/2020
SEWA_N03_MGP1,47.68166,-122.25092,Fall20,10/22/2020 7:39,Sciurus carolinensis,9/24/2020,11/7/2020
SEWA_N03_MGP1,47.68166,-122.25092,Fall20,10/26/2020 11:46,Homo sapiens,9/24/2020,11/7/2020
SEWA_N03_MGP1,47.68166,-122.25092,Fall20,10/26/2020 11:51,Canis familiaris,9/24/2020,11/7/2020
SEWA_N03_MGP1,47.68166,-122.25092,Fall20,10/26/2020 11:51,Homo sapiens,9/24/2020,11/7/2020
SEWA_N03_MGP1,47.68166,-122.25092,Fall20,10/26/2020 12:03,Canis familiaris,9/24/2020,11/7/2020
SEWA_N03_MGP1,47.68166,-122.25092,Fall20,10/26/2020 12:03,Homo sapiens,9/24/2020,11/7/2020
SEWA_N03_MGP1,47.68166,-122.25092,Fall20,10/28/2020 7:48,Sciurus carolinensis,9/24/2020,11/7/2020
SEWA_N03_MGP1,47.68166,-122.25092,Fall20,10/28/2020 13:08,Sciurus carolinensis,9/24/2020,11/7/2020
SEWA_N03_MGP1,47.68166,-122.25092,Fall20,11/3/2020 12:39,Sciurus carolinensis,9/24/2020,11/7/2020
SEWA_N03_RVP1,47.67354,-122.31119,Fall20,9/24/2020 18:55,Canis latrans,9/24/2020,11/7/2020
SEWA_N03_RVP1,47.67354,-122.31119,Fall20,9/25/2020 20:42,Canis latrans,9/24/2020,11/7/2020
SEWA_N03_RVP1,47.67354,-122.31119,Fall20,9/25/2020 21:04,Canis latrans,9/24/2020,11/7/2020
SEWA_N03_RVP1,47.67354,-122.31119,Fall20,9/25/2020 21:06,Canis latrans,9/24/2020,11/7/2020
SEWA_N03_RVP1,47.67354,-122.31119,Fall20,9/25/2020 21:54,Canis latrans,9/24/2020,11/7/2020
SEWA_N03_RVP1,47.67354,-122.31119,Fall20,9/28/2020 20:26,Canis latrans,9/24/2020,11/7/2020
SEWA_N03_RVP1,47.67354,-122.31119,Fall20,9/29/2020 1:58,Canis latrans,9/24/2020,11/7/2020
SEWA_N03_RVP1,47.67354,-122.31119,Fall20,9/29/2020 4:10,Canis latrans,9/24/2020,11/7/2020
SEWA_N03_RVP1,47.67354,-122.31119,Fall20,9/30/2020 0:33,Canis latrans,9/24/2020,11/7/2020
SEWA_N03_RVP1,47.67354,-122.31119,Fall20,9/30/2020 4:50,Canis latrans,9/24/2020,11/7/2020
SEWA_N03_RVP1,47.67354,-122.31119,Fall20,10/1/2020 2:52,Procyon lotor,9/24/2020,11/7/2020
SEWA_N03_RVP1,47.67354,-122.31119,Fall20,10/1/2020 11:19,Homo sapiens,9/24/2020,11/7/2020
SEWA_N03_RVP1,47.67354,-122.31119,Fall20,10/1/2020 15:34,Homo sapiens,9/24/2020,11/7/2020
SEWA_N03_RVP1,47.67354,-122.31119,Fall20,10/1/2020 15:50,Homo sapiens,9/24/2020,11/7/2020
SEWA_N03_RVP1,47.67354,-122.31119,Fall20,10/2/2020 7:14,Sciurus carolinensis,9/24/2020,11/7/2020
SEWA_N03_RVP1,47.67354,-122.31119,Fall20,10/2/2020 13:29,Sciurus carolinensis,9/24/2020,11/7/2020
SEWA_N03_RVP1,47.67354,-122.31119,Fall20,10/2/2020 19:18,Canis latrans,9/24/2020,11/7/2020
SEWA_N03_RVP1,47.67354,-122.31119,Fall20,10/2/2020 23:26,Procyon lotor,9/24/2020,11/7/2020
SEWA_N03_RVP1,47.67354,-122.31119,Fall20,10/3/2020 6:52,Sciurus carolinensis,9/24/2020,11/7/2020
SEWA_N03_RVP1,47.67354,-122.31119,Fall20,10/3/2020 13:29,Sciurus carolinensis,9/24/2020,11/7/2020
SEWA_N03_RVP1,47.67354,-122.31119,Fall20,10/3/2020 13:57,Sciurus carolinensis,9/24/2020,11/7/2020
SEWA_N03_RVP1,47.67354,-122.31119,Fall20,10/3/2020 22:39,Sylvilagus floridanus,9/24/2020,11/7/2020
SEWA_N03_RVP1,47.67354,-122.31119,Fall20,10/4/2020 1:08,Canis latrans,9/24/2020,11/7/2020
SEWA_N03_RVP1,47.67354,-122.31119,Fall20,10/4/2020 21:37,Procyon lotor,9/24/2020,11/7/2020
SEWA_N03_RVP1,47.67354,-122.31119,Fall20,10/4/2020 23:48,Canis latrans,9/24/2020,11/7/2020
SEWA_N03_RVP1,47.67354,-122.31119,Fall20,10/4/2020 23:54,Canis latrans,9/24/2020,11/7/2020
SEWA_N03_RVP1,47.67354,-122.31119,Fall20,10/5/2020 0:12,Canis latrans,9/24/2020,11/7/2020
SEWA_N03_RVP1,47.67354,-122.31119,Fall20,10/5/2020 0:51,Procyon lotor,9/24/2020,11/7/2020
SEWA_N03_RVP1,47.67354,-122.31119,Fall20,10/5/2020 0:53,Procyon lotor,9/24/2020,11/7/2020
SEWA_N03_RVP1,47.67354,-122.31119,Fall20,10/5/2020 1:06,Procyon lotor,9/24/2020,11/7/2020
SEWA_N03_RVP1,47.67354,-122.31119,Fall20,10/5/2020 1:08,Procyon lotor,9/24/2020,11/7/2020
SEWA_N03_RVP1,47.67354,-122.31119,Fall20,10/5/2020 1:17,Procyon lotor,9/24/2020,11/7/2020
SEWA_N03_RVP1,47.67354,-122.31119,Fall20,10/5/2020 4:23,Canis latrans,9/24/2020,11/7/2020
SEWA_N03_RVP1,47.67354,-122.31119,Fall20,10/5/2020 11:37,Sciurus carolinensis,9/24/2020,11/7/2020
SEWA_N03_RVP1,47.67354,-122.31119,Fall20,10/5/2020 12:49,Sciurus carolinensis,9/24/2020,11/7/2020
SEWA_N03_RVP1,47.67354,-122.31119,Fall20,10/5/2020 15:45,Sciurus carolinensis,9/24/2020,11/7/2020
SEWA_N03_RVP1,47.67354,-122.31119,Fall20,10/5/2020 17:35,Sciurus carolinensis,9/24/2020,11/7/2020
SEWA_N03_RVP1,47.67354,-122.31119,Fall20,10/5/2020 21:55,Canis latrans,9/24/2020,11/7/2020
SEWA_N03_RVP1,47.67354,-122.31119,Fall20,10/5/2020 22:16,Canis latrans,9/24/2020,11/7/2020
SEWA_N03_RVP1,47.67354,-122.31119,Fall20,10/5/2020 22:41,Canis latrans,9/24/2020,11/7/2020
SEWA_N03_RVP1,47.67354,-122.31119,Fall20,10/6/2020 6:52,Sciurus carolinensis,9/24/2020,11/7/2020
SEWA_N03_RVP1,47.67354,-122.31119,Fall20,10/6/2020 8:41,Sciurus carolinensis,9/24/2020,11/7/2020
SEWA_N03_RVP1,47.67354,-122.31119,Fall20,10/6/2020 17:42,Sciurus carolinensis,9/24/2020,11/7/2020
SEWA_N03_RVP1,47.67354,-122.31119,Fall20,10/6/2020 21:32,Rattus rattus,9/24/2020,11/7/2020
SEWA_N03_RVP1,47.67354,-122.31119,Fall20,10/7/2020 10:13,Sciurus carolinensis,9/24/2020,11/7/2020
SEWA_N03_RVP1,47.67354,-122.31119,Fall20,10/7/2020 10:35,Sciurus carolinensis,9/24/2020,11/7/2020
SEWA_N03_RVP1,47.67354,-122.31119,Fall20,10/7/2020 16:17,Sciurus carolinensis,9/24/2020,11/7/2020
SEWA_N03_RVP1,47.67354,-122.31119,Fall20,10/7/2020 19:38,Canis latrans,9/24/2020,11/7/2020
SEWA_N03_RVP1,47.67354,-122.31119,Fall20,10/8/2020 7:52,Sciurus carolinensis,9/24/2020,11/7/2020
SEWA_N03_RVP1,47.67354,-122.31119,Fall20,10/8/2020 9:43,Sciurus carolinensis,9/24/2020,11/7/2020
SEWA_N03_RVP1,47.67354,-122.31119,Fall20,10/8/2020 14:24,Sciurus carolinensis,9/24/2020,11/7/2020
SEWA_N03_RVP1,47.67354,-122.31119,Fall20,10/8/2020 14:37,Sciurus carolinensis,9/24/2020,11/7/2020
SEWA_N03_RVP1,47.67354,-122.31119,Fall20,10/8/2020 15:45,Sciurus carolinensis,9/24/2020,11/7/2020
SEWA_N03_RVP1,47.67354,-122.31119,Fall20,10/8/2020 15:52,Sciurus carolinensis,9/24/2020,11/7/2020
SEWA_N03_RVP1,47.67354,-122.31119,Fall20,10/8/2020 17:26,Sciurus carolinensis,9/24/2020,11/7/2020
SEWA_N03_RVP1,47.67354,-122.31119,Fall20,10/8/2020 22:52,Rattus rattus,9/24/2020,11/7/2020
SEWA_N03_RVP1,47.67354,-122.31119,Fall20,10/8/2020 23:39,Rattus rattus,9/24/2020,11/7/2020
SEWA_N03_RVP1,47.67354,-122.31119,Fall20,10/9/2020 2:04,Canis latrans,9/24/2020,11/7/2020
SEWA_N03_RVP1,47.67354,-122.31119,Fall20,10/9/2020 6:27,Sciurus carolinensis,9/24/2020,11/7/2020
SEWA_N03_RVP1,47.67354,-122.31119,Fall20,10/9/2020 6:43,Sciurus carolinensis,9/24/2020,11/7/2020
SEWA_N03_RVP1,47.67354,-122.31119,Fall20,10/9/2020 11:42,Sciurus carolinensis,9/24/2020,11/7/2020
SEWA_N03_RVP1,47.67354,-122.31119,Fall20,10/9/2020 13:21,Sciurus carolinensis,9/24/2020,11/7/2020
SEWA_N03_RVP1,47.67354,-122.31119,Fall20,10/9/2020 14:16,Sciurus carolinensis,9/24/2020,11/7/2020
SEWA_N03_RVP1,47.67354,-122.31119,Fall20,10/11/2020 6:04,Canis latrans,9/24/2020,11/7/2020
SEWA_N03_RVP1,47.67354,-122.31119,Fall20,10/11/2020 7:53,Sciurus carolinensis,9/24/2020,11/7/2020
SEWA_N03_RVP1,47.67354,-122.31119,Fall20,10/11/2020 9:00,Sciurus carolinensis,9/24/2020,11/7/2020
SEWA_N03_RVP1,47.67354,-122.31119,Fall20,10/13/2020 11:20,Sciurus carolinensis,9/24/2020,11/7/2020
SEWA_N03_RVP1,47.67354,-122.31119,Fall20,10/13/2020 18:43,Canis latrans,9/24/2020,11/7/2020
SEWA_N03_RVP1,47.67354,-122.31119,Fall20,10/14/2020 7:02,Sciurus carolinensis,9/24/2020,11/7/2020
SEWA_N03_RVP1,47.67354,-122.31119,Fall20,10/14/2020 15:21,Sciurus carolinensis,9/24/2020,11/7/2020
SEWA_N03_RVP1,47.67354,-122.31119,Fall20,10/14/2020 15:28,Sciurus carolinensis,9/24/2020,11/7/2020
SEWA_N03_RVP1,47.67354,-122.31119,Fall20,10/14/2020 16:06,Sciurus carolinensis,9/24/2020,11/7/2020
SEWA_N03_RVP1,47.67354,-122.31119,Fall20,10/14/2020 17:26,Sciurus carolinensis,9/24/2020,11/7/2020
SEWA_N03_RVP1,47.67354,-122.31119,Fall20,10/14/2020 19:00,Canis latrans,9/24/2020,11/7/2020
SEWA_N03_RVP1,47.67354,-122.31119,Fall20,10/15/2020 6:46,Sciurus carolinensis,9/24/2020,11/7/2020
SEWA_N03_RVP1,47.67354,-122.31119,Fall20,10/15/2020 10:53,Sciurus carolinensis,9/24/2020,11/7/2020
SEWA_N03_RVP1,47.67354,-122.31119,Fall20,10/15/2020 12:44,Sciurus carolinensis,9/24/2020,11/7/2020
SEWA_N03_RVP1,47.67354,-122.31119,Fall20,10/15/2020 13:04,Sciurus carolinensis,9/24/2020,11/7/2020
SEWA_N03_RVP1,47.67354,-122.31119,Fall20,10/15/2020 13:11,Sciurus carolinensis,9/24/2020,11/7/2020
SEWA_N03_RVP1,47.67354,-122.31119,Fall20,10/15/2020 16:47,Sciurus carolinensis,9/24/2020,11/7/2020
SEWA_N03_RVP1,47.67354,-122.31119,Fall20,10/15/2020 17:18,Sciurus carolinensis,9/24/2020,11/7/2020
SEWA_N03_RVP1,47.67354,-122.31119,Fall20,10/15/2020 18:37,Rattus rattus,9/24/2020,11/7/2020
SEWA_N03_RVP1,47.67354,-122.31119,Fall20,10/16/2020 3:14,Procyon lotor,9/24/2020,11/7/2020
SEWA_N03_RVP1,47.67354,-122.31119,Fall20,10/16/2020 6:44,Sciurus carolinensis,9/24/2020,11/7/2020
SEWA_N03_RVP1,47.67354,-122.31119,Fall20,10/16/2020 6:56,Sciurus carolinensis,9/24/2020,11/7/2020
SEWA_N03_RVP1,47.67354,-122.31119,Fall20,10/16/2020 8:11,Sciurus carolinensis,9/24/2020,11/7/2020
SEWA_N03_RVP1,47.67354,-122.31119,Fall20,10/16/2020 9:30,Sciurus carolinensis,9/24/2020,11/7/2020
SEWA_N03_RVP1,47.67354,-122.31119,Fall20,10/16/2020 16:21,Sciurus carolinensis,9/24/2020,11/7/2020
SEWA_N03_RVP1,47.67354,-122.31119,Fall20,10/17/2020 12:38,Canis familiaris,9/24/2020,11/7/2020
SEWA_N03_RVP1,47.67354,-122.31119,Fall20,10/17/2020 13:05,Sciurus carolinensis,9/24/2020,11/7/2020
SEWA_N03_RVP1,47.67354,-122.31119,Fall20,10/17/2020 21:56,Procyon lotor,9/24/2020,11/7/2020
SEWA_N03_RVP1,47.67354,-122.31119,Fall20,10/18/2020 6:49,Sciurus carolinensis,9/24/2020,11/7/2020
SEWA_N03_RVP1,47.67354,-122.31119,Fall20,10/19/2020 6:51,Sciurus carolinensis,9/24/2020,11/7/2020
SEWA_N03_RVP1,47.67354,-122.31119,Fall20,10/19/2020 13:43,Sciurus carolinensis,9/24/2020,11/7/2020
SEWA_N03_RVP1,47.67354,-122.31119,Fall20,10/19/2020 15:04,Sciurus carolinensis,9/24/2020,11/7/2020
SEWA_N03_RVP1,47.67354,-122.31119,Fall20,10/20/2020 6:39,Sciurus carolinensis,9/24/2020,11/7/2020
SEWA_N03_RVP1,47.67354,-122.31119,Fall20,10/20/2020 14:32,Sciurus carolinensis,9/24/2020,11/7/2020
SEWA_N03_RVP1,47.67354,-122.31119,Fall20,10/20/2020 16:37,Sciurus carolinensis,9/24/2020,11/7/2020
SEWA_N03_RVP1,47.67354,-122.31119,Fall20,10/21/2020 6:30,Canis latrans,9/24/2020,11/7/2020
SEWA_N03_RVP1,47.67354,-122.31119,Fall20,10/21/2020 6:54,Sciurus carolinensis,9/24/2020,11/7/2020
SEWA_N03_RVP1,47.67354,-122.31119,Fall20,10/22/2020 6:53,Sciurus carolinensis,9/24/2020,11/7/2020
SEWA_N03_RVP1,47.67354,-122.31119,Fall20,10/22/2020 6:55,Sciurus carolinensis,9/24/2020,11/7/2020
SEWA_N03_RVP1,47.67354,-122.31119,Fall20,10/22/2020 16:38,Sciurus carolinensis,9/24/2020,11/7/2020
SEWA_N03_RVP1,47.67354,-122.31119,Fall20,10/22/2020 16:39,Sciurus carolinensis,9/24/2020,11/7/2020
SEWA_N03_RVP1,47.67354,-122.31119,Fall20,10/22/2020 16:47,Sciurus carolinensis,9/24/2020,11/7/2020
SEWA_N03_RVP1,47.67354,-122.31119,Fall20,10/22/2020 16:59,Sciurus carolinensis,9/24/2020,11/7/2020
SEWA_N03_RVP1,47.67354,-122.31119,Fall20,10/23/2020 2:41,Procyon lotor,9/24/2020,11/7/2020
SEWA_N03_RVP1,47.67354,-122.31119,Fall20,10/23/2020 8:56,Sciurus carolinensis,9/24/2020,11/7/2020
SEWA_N03_RVP1,47.67354,-122.31119,Fall20,10/23/2020 12:17,Sciurus carolinensis,9/24/2020,11/7/2020
SEWA_N03_RVP1,47.67354,-122.31119,Fall20,10/23/2020 16:11,Sciurus carolinensis,9/24/2020,11/7/2020
SEWA_N03_RVP1,47.67354,-122.31119,Fall20,10/23/2020 16:22,Sciurus carolinensis,9/24/2020,11/7/2020
SEWA_N03_RVP1,47.67354,-122.31119,Fall20,10/23/2020 20:38,Procyon lotor,9/24/2020,11/7/2020
SEWA_N03_RVP1,47.67354,-122.31119,Fall20,10/24/2020 2:41,Canis latrans,9/24/2020,11/7/2020
SEWA_N03_RVP1,47.67354,-122.31119,Fall20,10/24/2020 6:47,Sciurus carolinensis,9/24/2020,11/7/2020
SEWA_N03_RVP1,47.67354,-122.31119,Fall20,10/24/2020 6:49,Sciurus carolinensis,9/24/2020,11/7/2020
SEWA_N03_RVP1,47.67354,-122.31119,Fall20,10/24/2020 7:03,Sciurus carolinensis,9/24/2020,11/7/2020
SEWA_N03_RVP1,47.67354,-122.31119,Fall20,10/24/2020 7:20,Sciurus carolinensis,9/24/2020,11/7/2020
SEWA_N03_RVP1,47.67354,-122.31119,Fall20,10/24/2020 15:05,Sciurus carolinensis,9/24/2020,11/7/2020
SEWA_N03_RVP1,47.67354,-122.31119,Fall20,10/24/2020 15:10,Sciurus carolinensis,9/24/2020,11/7/2020
SEWA_N03_RVP1,47.67354,-122.31119,Fall20,10/24/2020 16:27,Sciurus carolinensis,9/24/2020,11/7/2020
SEWA_N03_RVP1,47.67354,-122.31119,Fall20,10/24/2020 16:46,Sciurus carolinensis,9/24/2020,11/7/2020
SEWA_N03_RVP1,47.67354,-122.31119,Fall20,10/24/2020 18:03,Rattus rattus,9/24/2020,11/7/2020
SEWA_N03_RVP1,47.67354,-122.31119,Fall20,10/24/2020 18:06,Rattus rattus,9/24/2020,11/7/2020
SEWA_N03_RVP1,47.67354,-122.31119,Fall20,10/25/2020 4:19,Canis latrans,9/24/2020,11/7/2020
SEWA_N03_RVP1,47.67354,-122.31119,Fall20,10/25/2020 10:10,Sciurus carolinensis,9/24/2020,11/7/2020
SEWA_N03_RVP1,47.67354,-122.31119,Fall20,10/25/2020 13:55,Sciurus carolinensis,9/24/2020,11/7/2020
SEWA_N03_RVP1,47.67354,-122.31119,Fall20,10/25/2020 15:27,Sciurus carolinensis,9/24/2020,11/7/2020
SEWA_N03_RVP1,47.67354,-122.31119,Fall20,10/25/2020 15:41,Sciurus carolinensis,9/24/2020,11/7/2020
SEWA_N03_RVP1,47.67354,-122.31119,Fall20,10/25/2020 15:43,Sciurus carolinensis,9/24/2020,11/7/2020
SEWA_N03_RVP1,47.67354,-122.31119,Fall20,10/25/2020 16:23,Sciurus carolinensis,9/24/2020,11/7/2020
SEWA_N03_RVP1,47.67354,-122.31119,Fall20,10/25/2020 23:08,Procyon lotor,9/24/2020,11/7/2020
SEWA_N03_RVP1,47.67354,-122.31119,Fall20,10/25/2020 23:09,Procyon lotor,9/24/2020,11/7/2020
SEWA_N03_RVP1,47.67354,-122.31119,Fall20,10/26/2020 0:11,Rattus rattus,9/24/2020,11/7/2020
SEWA_N03_RVP1,47.67354,-122.31119,Fall20,10/26/2020 3:32,Procyon lotor,9/24/2020,11/7/2020
SEWA_N03_RVP1,47.67354,-122.31119,Fall20,10/26/2020 7:05,Sciurus carolinensis,9/24/2020,11/7/2020
SEWA_N03_RVP1,47.67354,-122.31119,Fall20,10/26/2020 9:18,Sciurus carolinensis,9/24/2020,11/7/2020
SEWA_N03_RVP1,47.67354,-122.31119,Fall20,10/26/2020 9:22,Sciurus carolinensis,9/24/2020,11/7/2020
SEWA_N03_RVP1,47.67354,-122.31119,Fall20,10/26/2020 9:24,Sciurus carolinensis,9/24/2020,11/7/2020
SEWA_N03_RVP1,47.67354,-122.31119,Fall20,10/26/2020 10:04,Sciurus carolinensis,9/24/2020,11/7/2020
SEWA_N03_RVP1,47.67354,-122.31119,Fall20,10/26/2020 11:25,Sciurus carolinensis,9/24/2020,11/7/2020
SEWA_N03_RVP1,47.67354,-122.31119,Fall20,10/26/2020 12:09,Sciurus carolinensis,9/24/2020,11/7/2020
SEWA_N03_RVP1,47.67354,-122.31119,Fall20,10/26/2020 15:51,Sciurus carolinensis,9/24/2020,11/7/2020
SEWA_N03_RVP1,47.67354,-122.31119,Fall20,10/26/2020 16:02,Sciurus carolinensis,9/24/2020,11/7/2020
SEWA_N03_RVP1,47.67354,-122.31119,Fall20,10/26/2020 17:39,Rattus rattus,9/24/2020,11/7/2020
SEWA_N03_RVP1,47.67354,-122.31119,Fall20,10/26/2020 18:09,Canis latrans,9/24/2020,11/7/2020
SEWA_N03_RVP1,47.67354,-122.31119,Fall20,10/26/2020 19:00,Procyon lotor,9/24/2020,11/7/2020
SEWA_N03_RVP1,47.67354,-122.31119,Fall20,10/26/2020 19:06,Procyon lotor,9/24/2020,11/7/2020
SEWA_N03_RVP1,47.67354,-122.31119,Fall20,10/26/2020 19:12,Procyon lotor,9/24/2020,11/7/2020
SEWA_N03_RVP1,47.67354,-122.31119,Fall20,10/26/2020 21:17,Procyon lotor,9/24/2020,11/7/2020
SEWA_N03_RVP1,47.67354,-122.31119,Fall20,10/27/2020 7:27,Sciurus carolinensis,9/24/2020,11/7/2020
SEWA_N03_RVP1,47.67354,-122.31119,Fall20,10/27/2020 14:17,Sciurus carolinensis,9/24/2020,11/7/2020
SEWA_N03_RVP1,47.67354,-122.31119,Fall20,10/27/2020 16:50,Sciurus carolinensis,9/24/2020,11/7/2020
SEWA_N03_RVP1,47.67354,-122.31119,Fall20,10/27/2020 20:11,Canis latrans,9/24/2020,11/7/2020
SEWA_N03_RVP1,47.67354,-122.31119,Fall20,10/28/2020 9:53,Sciurus carolinensis,9/24/2020,11/7/2020
SEWA_N03_RVP1,47.67354,-122.31119,Fall20,10/28/2020 9:55,Sciurus carolinensis,9/24/2020,11/7/2020
SEWA_N03_RVP1,47.67354,-122.31119,Fall20,10/28/2020 21:06,Procyon lotor,9/24/2020,11/7/2020
SEWA_N03_RVP1,47.67354,-122.31119,Fall20,10/29/2020 6:04,Canis latrans,9/24/2020,11/7/2020
SEWA_N03_RVP1,47.67354,-122.31119,Fall20,10/29/2020 6:50,Sciurus carolinensis,9/24/2020,11/7/2020
SEWA_N03_RVP1,47.67354,-122.31119,Fall20,10/29/2020 7:42,Sciurus carolinensis,9/24/2020,11/7/2020
SEWA_N03_RVP1,47.67354,-122.31119,Fall20,10/29/2020 11:51,Sciurus carolinensis,9/24/2020,11/7/2020
SEWA_N03_RVP1,47.67354,-122.31119,Fall20,10/29/2020 13:36,Sciurus carolinensis,9/24/2020,11/7/2020
SEWA_N03_RVP1,47.67354,-122.31119,Fall20,10/29/2020 23:53,Canis latrans,9/24/2020,11/7/2020
SEWA_N03_RVP1,47.67354,-122.31119,Fall20,10/30/2020 10:15,Sciurus carolinensis,9/24/2020,11/7/2020
SEWA_N03_RVP1,47.67354,-122.31119,Fall20,10/30/2020 10:20,Sciurus carolinensis,9/24/2020,11/7/2020
SEWA_N03_RVP1,47.67354,-122.31119,Fall20,10/30/2020 21:15,Canis latrans,9/24/2020,11/7/2020
SEWA_N03_RVP1,47.67354,-122.31119,Fall20,10/31/2020 10:49,Sciurus carolinensis,9/24/2020,11/7/2020
SEWA_N03_RVP1,47.67354,-122.31119,Fall20,10/31/2020 10:52,Sciurus carolinensis,9/24/2020,11/7/2020
SEWA_N03_RVP1,47.67354,-122.31119,Fall20,10/31/2020 19:19,Procyon lotor,9/24/2020,11/7/2020
SEWA_N03_RVP1,47.67354,-122.31119,Fall20,10/31/2020 19:20,Procyon lotor,9/24/2020,11/7/2020
SEWA_N03_RVP1,47.67354,-122.31119,Fall20,10/31/2020 19:23,Procyon lotor,9/24/2020,11/7/2020
SEWA_N03_RVP1,47.67354,-122.31119,Fall20,11/1/2020 0:06,Procyon lotor,9/24/2020,11/7/2020
SEWA_N03_RVP1,47.67354,-122.31119,Fall20,11/1/2020 0:15,Procyon lotor,9/24/2020,11/7/2020
SEWA_N03_RVP1,47.67354,-122.31119,Fall20,11/1/2020 0:16,Procyon lotor,9/24/2020,11/7/2020
SEWA_N03_RVP1,47.67354,-122.31119,Fall20,11/1/2020 1:10,Procyon lotor,9/24/2020,11/7/2020
SEWA_N03_RVP1,47.67354,-122.31119,Fall20,11/1/2020 1:39,Procyon lotor,9/24/2020,11/7/2020
SEWA_N03_RVP1,47.67354,-122.31119,Fall20,11/1/2020 1:44,Procyon lotor,9/24/2020,11/7/2020
SEWA_N03_RVP1,47.67354,-122.31119,Fall20,11/1/2020 2:39,Procyon lotor,9/24/2020,11/7/2020
SEWA_N03_RVP1,47.67354,-122.31119,Fall20,11/1/2020 12:58,Sciurus carolinensis,9/24/2020,11/7/2020
SEWA_N03_RVP1,47.67354,-122.31119,Fall20,11/1/2020 18:34,Procyon lotor,9/24/2020,11/7/2020
SEWA_N03_RVP1,47.67354,-122.31119,Fall20,11/1/2020 18:36,Procyon lotor,9/24/2020,11/7/2020
SEWA_N03_RVP1,47.67354,-122.31119,Fall20,11/1/2020 18:43,Canis latrans,9/24/2020,11/7/2020
SEWA_N03_RVP1,47.67354,-122.31119,Fall20,11/1/2020 19:16,Procyon lotor,9/24/2020,11/7/2020
SEWA_N03_RVP1,47.67354,-122.31119,Fall20,11/1/2020 19:19,Procyon lotor,9/24/2020,11/7/2020
SEWA_N03_RVP1,47.67354,-122.31119,Fall20,11/1/2020 19:23,Procyon lotor,9/24/2020,11/7/2020
SEWA_N03_RVP1,47.67354,-122.31119,Fall20,11/1/2020 19:27,Procyon lotor,9/24/2020,11/7/2020
SEWA_N03_RVP1,47.67354,-122.31119,Fall20,11/1/2020 19:29,Procyon lotor,9/24/2020,11/7/2020
SEWA_N03_RVP1,47.67354,-122.31119,Fall20,11/1/2020 19:31,Procyon lotor,9/24/2020,11/7/2020
SEWA_N03_RVP1,47.67354,-122.31119,Fall20,11/1/2020 19:35,Procyon lotor,9/24/2020,11/7/2020
SEWA_N03_RVP1,47.67354,-122.31119,Fall20,11/2/2020 3:12,Procyon lotor,9/24/2020,11/7/2020
SEWA_N03_RVP1,47.67354,-122.31119,Fall20,11/2/2020 3:13,Procyon lotor,9/24/2020,11/7/2020
SEWA_N03_RVP1,47.67354,-122.31119,Fall20,11/2/2020 3:17,Procyon lotor,9/24/2020,11/7/2020
SEWA_N03_RVP1,47.67354,-122.31119,Fall20,11/2/2020 3:22,Procyon lotor,9/24/2020,11/7/2020
SEWA_N03_RVP1,47.67354,-122.31119,Fall20,11/2/2020 10:06,Sciurus carolinensis,9/24/2020,11/7/2020
SEWA_N03_RVP1,47.67354,-122.31119,Fall20,11/2/2020 10:45,Canis familiaris,9/24/2020,11/7/2020
SEWA_N03_RVP1,47.67354,-122.31119,Fall20,11/3/2020 10:20,Homo sapiens,9/24/2020,11/7/2020
SEWA_N03_RVP1,47.67354,-122.31119,Fall20,11/4/2020 20:06,Procyon lotor,9/24/2020,11/7/2020
SEWA_N03_RVP1,47.67354,-122.31119,Fall20,11/5/2020 7:14,Sciurus carolinensis,9/24/2020,11/7/2020
SEWA_N03_RVP1,47.67354,-122.31119,Fall20,11/5/2020 9:53,Sciurus carolinensis,9/24/2020,11/7/2020
SEWA_N03_RVP1,47.67354,-122.31119,Fall20,11/5/2020 23:48,Procyon lotor,9/24/2020,11/7/2020
SEWA_N03_RVP1,47.67354,-122.31119,Fall20,11/6/2020 7:37,Sciurus carolinensis,9/24/2020,11/7/2020
SEWA_N03_RVP1,47.67354,-122.31119,Fall20,11/6/2020 13:04,Sciurus carolinensis,9/24/2020,11/7/2020
SEWA_N04_HFW1,47.70676,-122.19162,Fall20,9/26/2020 1:27,Procyon lotor,9/24/2020,11/7/2020
SEWA_N04_HFW1,47.70676,-122.19162,Fall20,9/26/2020 20:52,Procyon lotor,9/24/2020,11/7/2020
SEWA_N04_HFW1,47.70676,-122.19162,Fall20,9/26/2020 20:54,Procyon lotor,9/24/2020,11/7/2020
SEWA_N04_HFW1,47.70676,-122.19162,Fall20,9/27/2020 4:58,Procyon lotor,9/24/2020,11/7/2020
SEWA_N04_HFW1,47.70676,-122.19162,Fall20,9/27/2020 11:38,Homo sapiens,9/24/2020,11/7/2020
SEWA_N04_HFW1,47.70676,-122.19162,Fall20,9/27/2020 11:43,Homo sapiens,9/24/2020,11/7/2020
SEWA_N04_HFW1,47.70676,-122.19162,Fall20,9/28/2020 1:51,Didelphis virginiana,9/24/2020,11/7/2020
SEWA_N04_HFW1,47.70676,-122.19162,Fall20,9/28/2020 12:01,Canis latrans,9/24/2020,11/7/2020
SEWA_N04_HFW1,47.70676,-122.19162,Fall20,10/2/2020 1:38,Procyon lotor,9/24/2020,11/7/2020
SEWA_N04_HFW1,47.70676,-122.19162,Fall20,10/3/2020 1:29,Didelphis virginiana,9/24/2020,11/7/2020
SEWA_N04_HFW1,47.70676,-122.19162,Fall20,10/5/2020 11:43,Sciurus carolinensis,9/24/2020,11/7/2020
SEWA_N04_HFW1,47.70676,-122.19162,Fall20,10/5/2020 12:03,Sciurus carolinensis,9/24/2020,11/7/2020
SEWA_N04_HFW1,47.70676,-122.19162,Fall20,10/5/2020 19:38,Procyon lotor,9/24/2020,11/7/2020
SEWA_N04_HFW1,47.70676,-122.19162,Fall20,10/5/2020 19:40,Procyon lotor,9/24/2020,11/7/2020
SEWA_N04_HFW1,47.70676,-122.19162,Fall20,10/5/2020 19:41,Procyon lotor,9/24/2020,11/7/2020
SEWA_N04_HFW1,47.70676,-122.19162,Fall20,10/5/2020 22:29,Rattus rattus,9/24/2020,11/7/2020
SEWA_N04_HFW1,47.70676,-122.19162,Fall20,10/5/2020 22:37,Rattus rattus,9/24/2020,11/7/2020
SEWA_N04_HFW1,47.70676,-122.19162,Fall20,10/5/2020 23:34,Procyon lotor,9/24/2020,11/7/2020
SEWA_N04_HFW1,47.70676,-122.19162,Fall20,10/6/2020 6:56,Sylvilagus floridanus,9/24/2020,11/7/2020
SEWA_N04_HFW1,47.70676,-122.19162,Fall20,10/7/2020 6:59,Canis latrans,9/24/2020,11/7/2020
SEWA_N04_HFW1,47.70676,-122.19162,Fall20,10/7/2020 6:59,Procyon lotor,9/24/2020,11/7/2020
SEWA_N04_HFW1,47.70676,-122.19162,Fall20,10/7/2020 7:01,Canis latrans,9/24/2020,11/7/2020
SEWA_N04_HFW1,47.70676,-122.19162,Fall20,10/7/2020 7:01,Procyon lotor,9/24/2020,11/7/2020
SEWA_N04_HFW1,47.70676,-122.19162,Fall20,10/7/2020 7:03,Canis latrans,9/24/2020,11/7/2020
SEWA_N04_HFW1,47.70676,-122.19162,Fall20,10/7/2020 7:03,Procyon lotor,9/24/2020,11/7/2020
SEWA_N04_HFW1,47.70676,-122.19162,Fall20,10/7/2020 7:25,Procyon lotor,9/24/2020,11/7/2020
SEWA_N04_HFW1,47.70676,-122.19162,Fall20,10/7/2020 7:25,Canis latrans,9/24/2020,11/7/2020
SEWA_N04_HFW1,47.70676,-122.19162,Fall20,10/7/2020 7:33,Procyon lotor,9/24/2020,11/7/2020
SEWA_N04_HFW1,47.70676,-122.19162,Fall20,10/7/2020 7:41,Procyon lotor,9/24/2020,11/7/2020
SEWA_N04_HFW1,47.70676,-122.19162,Fall20,10/8/2020 3:33,Didelphis virginiana,9/24/2020,11/7/2020
SEWA_N04_HFW1,47.70676,-122.19162,Fall20,10/8/2020 3:37,Didelphis virginiana,9/24/2020,11/7/2020
SEWA_N04_HFW1,47.70676,-122.19162,Fall20,10/8/2020 3:57,Didelphis virginiana,9/24/2020,11/7/2020
SEWA_N04_HFW1,47.70676,-122.19162,Fall20,10/8/2020 20:09,Procyon lotor,9/24/2020,11/7/2020
SEWA_N04_HFW1,47.70676,-122.19162,Fall20,10/8/2020 23:43,Didelphis virginiana,9/24/2020,11/7/2020
SEWA_N04_HFW1,47.70676,-122.19162,Fall20,10/8/2020 23:45,Didelphis virginiana,9/24/2020,11/7/2020
SEWA_N04_HFW1,47.70676,-122.19162,Fall20,10/9/2020 3:49,Procyon lotor,9/24/2020,11/7/2020
SEWA_N04_HFW1,47.70676,-122.19162,Fall20,10/9/2020 6:55,Procyon lotor,9/24/2020,11/7/2020
SEWA_N04_HFW1,47.70676,-122.19162,Fall20,10/9/2020 7:56,Sciurus carolinensis,9/24/2020,11/7/2020
SEWA_N04_HFW1,47.70676,-122.19162,Fall20,10/9/2020 8:00,Sciurus carolinensis,9/24/2020,11/7/2020
SEWA_N04_HFW1,47.70676,-122.19162,Fall20,10/9/2020 9:35,Sciurus carolinensis,9/24/2020,11/7/2020
SEWA_N04_HFW1,47.70676,-122.19162,Fall20,10/9/2020 9:49,Sciurus carolinensis,9/24/2020,11/7/2020
SEWA_N04_HFW1,47.70676,-122.19162,Fall20,10/9/2020 10:15,Sciurus carolinensis,9/24/2020,11/7/2020
SEWA_N04_HFW1,47.70676,-122.19162,Fall20,10/10/2020 21:16,Procyon lotor,9/24/2020,11/7/2020
SEWA_N04_HFW1,47.70676,-122.19162,Fall20,10/10/2020 21:20,Procyon lotor,9/24/2020,11/7/2020
SEWA_N04_HFW1,47.70676,-122.19162,Fall20,10/12/2020 21:20,Didelphis virginiana,9/24/2020,11/7/2020
SEWA_N04_HFW1,47.70676,-122.19162,Fall20,10/12/2020 21:24,Didelphis virginiana,9/24/2020,11/7/2020
SEWA_N04_HFW1,47.70676,-122.19162,Fall20,10/12/2020 21:27,Didelphis virginiana,9/24/2020,11/7/2020
SEWA_N04_HFW1,47.70676,-122.19162,Fall20,10/12/2020 21:50,Didelphis virginiana,9/24/2020,11/7/2020
SEWA_N04_HFW1,47.70676,-122.19162,Fall20,10/12/2020 23:23,Didelphis virginiana,9/24/2020,11/7/2020
SEWA_N04_HFW1,47.70676,-122.19162,Fall20,10/12/2020 23:27,Didelphis virginiana,9/24/2020,11/7/2020
SEWA_N04_HFW1,47.70676,-122.19162,Fall20,10/14/2020 9:31,Sciurus carolinensis,9/24/2020,11/7/2020
SEWA_N04_HFW1,47.70676,-122.19162,Fall20,10/14/2020 22:34,Didelphis virginiana,9/24/2020,11/7/2020
SEWA_N04_HFW1,47.70676,-122.19162,Fall20,10/14/2020 23:00,Didelphis virginiana,9/24/2020,11/7/2020
SEWA_N04_HFW1,47.70676,-122.19162,Fall20,10/15/2020 8:29,Sciurus carolinensis,9/24/2020,11/7/2020
SEWA_N04_HFW1,47.70676,-122.19162,Fall20,10/15/2020 22:03,Didelphis virginiana,9/24/2020,11/7/2020
SEWA_N04_HFW1,47.70676,-122.19162,Fall20,10/16/2020 4:54,Didelphis virginiana,9/24/2020,11/7/2020
SEWA_N04_HFW1,47.70676,-122.19162,Fall20,10/16/2020 9:33,Sciurus carolinensis,9/24/2020,11/7/2020
SEWA_N04_HFW1,47.70676,-122.19162,Fall20,10/19/2020 10:18,Sciurus carolinensis,9/24/2020,11/7/2020
SEWA_N04_HFW1,47.70676,-122.19162,Fall20,10/20/2020 11:03,Sciurus carolinensis,9/24/2020,11/7/2020
SEWA_N04_HFW1,47.70676,-122.19162,Fall20,10/20/2020 11:10,Sciurus carolinensis,9/24/2020,11/7/2020
SEWA_N04_HFW1,47.70676,-122.19162,Fall20,10/20/2020 23:13,Didelphis virginiana,9/24/2020,11/7/2020
SEWA_N04_HFW1,47.70676,-122.19162,Fall20,10/22/2020 22:24,Rattus rattus,9/24/2020,11/7/2020
SEWA_N04_HFW1,47.70676,-122.19162,Fall20,10/22/2020 22:26,Rattus rattus,9/24/2020,11/7/2020
SEWA_N04_HFW1,47.70676,-122.19162,Fall20,10/25/2020 8:53,Sciurus carolinensis,9/24/2020,11/7/2020
SEWA_N04_HFW1,47.70676,-122.19162,Fall20,10/26/2020 15:54,Sciurus carolinensis,9/24/2020,11/7/2020
SEWA_N04_HFW1,47.70676,-122.19162,Fall20,10/28/2020 0:41,Didelphis virginiana,9/24/2020,11/7/2020
SEWA_N04_HFW1,47.70676,-122.19162,Fall20,10/28/2020 0:47,Didelphis virginiana,9/24/2020,11/7/2020
SEWA_N04_HFW1,47.70676,-122.19162,Fall20,10/28/2020 11:49,Sciurus carolinensis,9/24/2020,11/7/2020
SEWA_N04_HFW1,47.70676,-122.19162,Fall20,10/28/2020 12:04,Sciurus carolinensis,9/24/2020,11/7/2020
SEWA_N04_HFW1,47.70676,-122.19162,Fall20,10/28/2020 13:24,Sciurus carolinensis,9/24/2020,11/7/2020
SEWA_N04_HFW1,47.70676,-122.19162,Fall20,10/30/2020 13:39,Sciurus carolinensis,9/24/2020,11/7/2020
SEWA_N04_HFW1,47.70676,-122.19162,Fall20,10/30/2020 13:46,Sciurus carolinensis,9/24/2020,11/7/2020
SEWA_N04_HFW1,47.70676,-122.19162,Fall20,10/30/2020 13:48,Sciurus carolinensis,9/24/2020,11/7/2020
SEWA_N04_HFW1,47.70676,-122.19162,Fall20,10/30/2020 13:55,Sciurus carolinensis,9/24/2020,11/7/2020
SEWA_N04_HFW1,47.70676,-122.19162,Fall20,10/30/2020 19:08,Procyon lotor,9/24/2020,11/7/2020
SEWA_N04_HFW1,47.70676,-122.19162,Fall20,10/30/2020 22:42,Didelphis virginiana,9/24/2020,11/7/2020
SEWA_N04_HFW1,47.70676,-122.19162,Fall20,10/31/2020 15:44,Sciurus carolinensis,9/24/2020,11/7/2020
SEWA_N04_HFW1,47.70676,-122.19162,Fall20,10/31/2020 22:04,Didelphis virginiana,9/24/2020,11/7/2020
SEWA_N04_HFW1,47.70676,-122.19162,Fall20,11/1/2020 2:39,Glaucomys sabrinus,9/24/2020,11/7/2020
SEWA_N04_HFW1,47.70676,-122.19162,Fall20,11/1/2020 11:59,Homo sapiens,9/24/2020,11/7/2020
SEWA_N04_HFW1,47.70676,-122.19162,Fall20,11/1/2020 12:08,Homo sapiens,9/24/2020,11/7/2020
SEWA_N04_HFW1,47.70676,-122.19162,Fall20,11/2/2020 11:08,Sciurus carolinensis,9/24/2020,11/7/2020
SEWA_N04_HFW1,47.70676,-122.19162,Fall20,11/2/2020 11:11,Sciurus carolinensis,9/24/2020,11/7/2020
SEWA_N04_HFW1,47.70676,-122.19162,Fall20,11/3/2020 4:10,Didelphis virginiana,9/24/2020,11/7/2020
SEWA_N04_JBP1,47.69558,-122.20348,Fall20,9/24/2020 15:47,Homo sapiens,9/24/2020,11/7/2020
SEWA_N04_JBP1,47.69558,-122.20348,Fall20,9/25/2020 12:47,Homo sapiens,9/24/2020,11/7/2020
SEWA_N04_JBP1,47.69558,-122.20348,Fall20,9/25/2020 15:08,Homo sapiens,9/24/2020,11/7/2020
SEWA_N04_JBP1,47.69558,-122.20348,Fall20,9/26/2020 14:29,Homo sapiens,9/24/2020,11/7/2020
SEWA_N04_JBP1,47.69558,-122.20348,Fall20,9/26/2020 17:05,Sciurus carolinensis,9/24/2020,11/7/2020
SEWA_N04_JBP1,47.69558,-122.20348,Fall20,9/26/2020 18:47,Homo sapiens,9/24/2020,11/7/2020
SEWA_N04_JBP1,47.69558,-122.20348,Fall20,9/26/2020 19:00,Homo sapiens,9/24/2020,11/7/2020
SEWA_N04_JBP1,47.69558,-122.20348,Fall20,9/28/2020 9:45,Odocoileus hemionus,9/24/2020,11/7/2020
SEWA_N04_JBP1,47.69558,-122.20348,Fall20,9/29/2020 17:36,Homo sapiens,9/24/2020,11/7/2020
SEWA_N04_JBP1,47.69558,-122.20348,Fall20,9/29/2020 17:46,Homo sapiens,9/24/2020,11/7/2020
SEWA_N04_JBP1,47.69558,-122.20348,Fall20,9/30/2020 20:46,Odocoileus hemionus,9/24/2020,11/7/2020
SEWA_N04_JBP1,47.69558,-122.20348,Fall20,10/1/2020 12:33,Homo sapiens,9/24/2020,11/7/2020
SEWA_N04_JBP1,47.69558,-122.20348,Fall20,10/1/2020 18:13,Homo sapiens,9/24/2020,11/7/2020
SEWA_N04_JBP1,47.69558,-122.20348,Fall20,10/2/2020 12:02,Homo sapiens,9/24/2020,11/7/2020
SEWA_N04_JBP1,47.69558,-122.20348,Fall20,10/2/2020 12:07,Homo sapiens,9/24/2020,11/7/2020
SEWA_N04_JBP1,47.69558,-122.20348,Fall20,10/2/2020 12:17,Homo sapiens,9/24/2020,11/7/2020
SEWA_N04_JBP1,47.69558,-122.20348,Fall20,10/2/2020 12:27,Homo sapiens,9/24/2020,11/7/2020
SEWA_N04_JBP1,47.69558,-122.20348,Fall20,10/2/2020 12:36,Homo sapiens,9/24/2020,11/7/2020
SEWA_N04_JBP1,47.69558,-122.20348,Fall20,10/3/2020 13:57,Homo sapiens,9/24/2020,11/7/2020
SEWA_N04_JBP1,47.69558,-122.20348,Fall20,10/5/2020 15:07,Homo sapiens,9/24/2020,11/7/2020
SEWA_N04_JBP1,47.69558,-122.20348,Fall20,10/5/2020 15:17,Homo sapiens,9/24/2020,11/7/2020
SEWA_N04_JBP1,47.69558,-122.20348,Fall20,10/5/2020 17:15,Homo sapiens,9/24/2020,11/7/2020
SEWA_N04_JBP1,47.69558,-122.20348,Fall20,10/6/2020 9:26,Odocoileus hemionus,9/24/2020,11/7/2020
SEWA_N04_JBP1,47.69558,-122.20348,Fall20,10/6/2020 17:05,Homo sapiens,9/24/2020,11/7/2020
SEWA_N04_JBP1,47.69558,-122.20348,Fall20,10/7/2020 9:16,Homo sapiens,9/24/2020,11/7/2020
SEWA_N04_JBP1,47.69558,-122.20348,Fall20,10/9/2020 7:31,Canis latrans,9/24/2020,11/7/2020
SEWA_N04_JBP1,47.69558,-122.20348,Fall20,10/9/2020 8:42,Homo sapiens,9/24/2020,11/7/2020
SEWA_N04_JBP1,47.69558,-122.20348,Fall20,10/9/2020 11:31,Homo sapiens,9/24/2020,11/7/2020
SEWA_N04_JBP1,47.69558,-122.20348,Fall20,10/11/2020 10:41,Homo sapiens,9/24/2020,11/7/2020
SEWA_N04_JBP1,47.69558,-122.20348,Fall20,10/11/2020 11:02,Homo sapiens,9/24/2020,11/7/2020
SEWA_N04_JBP1,47.69558,-122.20348,Fall20,10/13/2020 0:30,Odocoileus hemionus,9/24/2020,11/7/2020
SEWA_N04_JBP1,47.69558,-122.20348,Fall20,10/13/2020 8:16,Homo sapiens,9/24/2020,11/7/2020
SEWA_N04_JBP1,47.69558,-122.20348,Fall20,10/16/2020 15:05,Homo sapiens,9/24/2020,11/7/2020
SEWA_N04_JBP1,47.69558,-122.20348,Fall20,10/19/2020 11:38,Homo sapiens,9/24/2020,11/7/2020
SEWA_N04_JBP1,47.69558,-122.20348,Fall20,10/19/2020 22:58,Odocoileus hemionus,9/24/2020,11/7/2020
SEWA_N04_JBP1,47.69558,-122.20348,Fall20,10/20/2020 12:35,Canis familiaris,9/24/2020,11/7/2020
SEWA_N04_JBP1,47.69558,-122.20348,Fall20,10/20/2020 12:35,Homo sapiens,9/24/2020,11/7/2020
SEWA_N04_JBP1,47.69558,-122.20348,Fall20,10/20/2020 23:56,Odocoileus hemionus,9/24/2020,11/7/2020
SEWA_N04_JBP1,47.69558,-122.20348,Fall20,10/21/2020 6:31,Odocoileus hemionus,9/24/2020,11/7/2020
SEWA_N04_JBP1,47.69558,-122.20348,Fall20,10/22/2020 1:59,Odocoileus hemionus,9/24/2020,11/7/2020
SEWA_N04_JBP1,47.69558,-122.20348,Fall20,10/22/2020 2:32,Odocoileus hemionus,9/24/2020,11/7/2020
SEWA_N04_JBP1,47.69558,-122.20348,Fall20,10/22/2020 8:03,Homo sapiens,9/24/2020,11/7/2020
SEWA_N04_JBP1,47.69558,-122.20348,Fall20,10/22/2020 8:34,Homo sapiens,9/24/2020,11/7/2020
SEWA_N04_JBP1,47.69558,-122.20348,Fall20,10/22/2020 21:47,Odocoileus hemionus,9/24/2020,11/7/2020
SEWA_N04_JBP1,47.69558,-122.20348,Fall20,10/23/2020 12:55,Odocoileus hemionus,9/24/2020,11/7/2020
SEWA_N04_JBP1,47.69558,-122.20348,Fall20,10/23/2020 13:11,Homo sapiens,9/24/2020,11/7/2020
SEWA_N04_JBP1,47.69558,-122.20348,Fall20,10/23/2020 13:59,Sciurus carolinensis,9/24/2020,11/7/2020
SEWA_N04_JBP1,47.69558,-122.20348,Fall20,10/24/2020 17:32,Odocoileus hemionus,9/24/2020,11/7/2020
SEWA_N04_JBP1,47.69558,-122.20348,Fall20,10/24/2020 17:39,Odocoileus hemionus,9/24/2020,11/7/2020
SEWA_N04_JBP1,47.69558,-122.20348,Fall20,10/25/2020 3:37,Odocoileus hemionus,9/24/2020,11/7/2020
SEWA_N04_JBP1,47.69558,-122.20348,Fall20,10/25/2020 21:54,Odocoileus hemionus,9/24/2020,11/7/2020
SEWA_N04_JBP1,47.69558,-122.20348,Fall20,10/26/2020 11:20,Sciurus carolinensis,9/24/2020,11/7/2020
SEWA_N04_JBP1,47.69558,-122.20348,Fall20,10/26/2020 14:49,Homo sapiens,9/24/2020,11/7/2020
SEWA_N04_JBP1,47.69558,-122.20348,Fall20,10/27/2020 12:53,Homo sapiens,9/24/2020,11/7/2020
SEWA_N04_JBP1,47.69558,-122.20348,Fall20,10/27/2020 12:53,Canis familiaris,9/24/2020,11/7/2020
SEWA_N04_JBP1,47.69558,-122.20348,Fall20,10/27/2020 13:25,Homo sapiens,9/24/2020,11/7/2020
SEWA_N04_JBP1,47.69558,-122.20348,Fall20,10/27/2020 15:26,Homo sapiens,9/24/2020,11/7/2020
SEWA_N04_JBP1,47.69558,-122.20348,Fall20,10/27/2020 17:39,Homo sapiens,9/24/2020,11/7/2020
SEWA_N04_JBP1,47.69558,-122.20348,Fall20,10/27/2020 17:39,Canis familiaris,9/24/2020,11/7/2020
SEWA_N04_JBP1,47.69558,-122.20348,Fall20,10/29/2020 14:54,Homo sapiens,9/24/2020,11/7/2020
SEWA_N04_JBP1,47.69558,-122.20348,Fall20,10/29/2020 15:03,Homo sapiens,9/24/2020,11/7/2020
SEWA_N04_JBP1,47.69558,-122.20348,Fall20,10/30/2020 1:38,Odocoileus hemionus,9/24/2020,11/7/2020
SEWA_N04_JBP1,47.69558,-122.20348,Fall20,10/31/2020 18:50,Odocoileus hemionus,9/24/2020,11/7/2020
SEWA_N04_JBP1,47.69558,-122.20348,Fall20,11/1/2020 6:13,Odocoileus hemionus,9/24/2020,11/7/2020
SEWA_N04_JBP1,47.69558,-122.20348,Fall20,11/2/2020 1:06,Odocoileus hemionus,9/24/2020,11/7/2020
SEWA_N04_JBP1,47.69558,-122.20348,Fall20,11/2/2020 12:34,Homo sapiens,9/24/2020,11/7/2020
SEWA_N04_JBP1,47.69558,-122.20348,Fall20,11/2/2020 13:25,Homo sapiens,9/24/2020,11/7/2020
SEWA_N04_JBP1,47.69558,-122.20348,Fall20,11/2/2020 18:53,Odocoileus hemionus,9/24/2020,11/7/2020
SEWA_N04_JBP1,47.69558,-122.20348,Fall20,11/2/2020 22:35,Odocoileus hemionus,9/24/2020,11/7/2020
SEWA_N04_JBP1,47.69558,-122.20348,Fall20,11/2/2020 22:48,Odocoileus hemionus,9/24/2020,11/7/2020
SEWA_N04_JBP1,47.69558,-122.20348,Fall20,11/3/2020 0:46,Odocoileus hemionus,9/24/2020,11/7/2020
SEWA_N04_JBP1,47.69558,-122.20348,Fall20,11/3/2020 10:27,Homo sapiens,9/24/2020,11/7/2020
SEWA_N04_JBP1,47.69558,-122.20348,Fall20,11/3/2020 10:39,Homo sapiens,9/24/2020,11/7/2020
SEWA_N04_JBP1,47.69558,-122.20348,Fall20,11/4/2020 10:14,Homo sapiens,9/24/2020,11/7/2020
SEWA_N04_JBP1,47.69558,-122.20348,Fall20,11/4/2020 16:11,Odocoileus hemionus,9/24/2020,11/7/2020
SEWA_N04_JBP1,47.69558,-122.20348,Fall20,11/5/2020 13:05,Odocoileus hemionus,9/24/2020,11/7/2020
SEWA_N04_JBP1,47.69558,-122.20348,Fall20,11/6/2020 2:33,Odocoileus hemionus,9/24/2020,11/7/2020
SEWA_N04_JBP1,47.69558,-122.20348,Fall20,11/6/2020 20:58,Odocoileus hemionus,9/24/2020,11/7/2020
SEWA_N05_SVP1,47.70675,-122.15123,Fall20,9/24/2020 18:31,Sylvilagus floridanus,9/24/2020,11/7/2020
SEWA_N05_SVP1,47.70675,-122.15123,Fall20,9/24/2020 18:32,Sylvilagus floridanus,9/24/2020,11/7/2020
SEWA_N05_SVP1,47.70675,-122.15123,Fall20,9/26/2020 19:47,Sylvilagus floridanus,9/24/2020,11/7/2020
SEWA_N05_SVP1,47.70675,-122.15123,Fall20,9/27/2020 10:59,Odocoileus hemionus,9/24/2020,11/7/2020
SEWA_N05_SVP1,47.70675,-122.15123,Fall20,9/27/2020 19:37,Sylvilagus floridanus,9/24/2020,11/7/2020
SEWA_N05_SVP1,47.70675,-122.15123,Fall20,9/29/2020 2:08,Sylvilagus floridanus,9/24/2020,11/7/2020
SEWA_N05_SVP1,47.70675,-122.15123,Fall20,9/29/2020 6:52,Sylvilagus floridanus,9/24/2020,11/7/2020
SEWA_N05_SVP1,47.70675,-122.15123,Fall20,10/2/2020 13:58,Homo sapiens,9/24/2020,11/7/2020
SEWA_N05_SVP1,47.70675,-122.15123,Fall20,10/2/2020 14:00,Homo sapiens,9/24/2020,11/7/2020
SEWA_N05_SVP1,47.70675,-122.15123,Fall20,10/2/2020 14:14,Homo sapiens,9/24/2020,11/7/2020
SEWA_N05_SVP1,47.70675,-122.15123,Fall20,10/2/2020 19:16,Odocoileus hemionus,9/24/2020,11/7/2020
SEWA_N05_SVP1,47.70675,-122.15123,Fall20,10/16/2020 19:50,Sylvilagus floridanus,9/24/2020,11/7/2020
SEWA_N05_SVP1,47.70675,-122.15123,Fall20,10/20/2020 18:35,Sylvilagus floridanus,9/24/2020,11/7/2020
SEWA_N05_SVP1,47.70675,-122.15123,Fall20,10/21/2020 5:15,Canis latrans,9/24/2020,11/7/2020
SEWA_N05_SVP1,47.70675,-122.15123,Fall20,10/24/2020 19:52,Sylvilagus floridanus,9/24/2020,11/7/2020
SEWA_N05_SVP1,47.70675,-122.15123,Fall20,10/27/2020 0:53,Sylvilagus floridanus,9/24/2020,11/7/2020
SEWA_N05_SVP1,47.70675,-122.15123,Fall20,10/30/2020 15:05,Homo sapiens,9/24/2020,11/7/2020
SEWA_N05_SVP1,47.70675,-122.15123,Fall20,10/30/2020 15:21,Homo sapiens,9/24/2020,11/7/2020
SEWA_N07_FRD1,47.75103,-122.00792,Fall20,9/30/2020 21:49,Didelphis virginiana,9/24/2020,11/7/2020
SEWA_N07_FRD1,47.75103,-122.00792,Fall20,9/30/2020 21:51,Didelphis virginiana,9/24/2020,11/7/2020
SEWA_N07_FRD1,47.75103,-122.00792,Fall20,10/2/2020 15:10,Sciurus carolinensis,9/24/2020,11/7/2020
SEWA_N07_FRD1,47.75103,-122.00792,Fall20,10/2/2020 15:18,Sciurus carolinensis,9/24/2020,11/7/2020
SEWA_N07_FRD1,47.75103,-122.00792,Fall20,10/5/2020 11:18,Sciurus carolinensis,9/24/2020,11/7/2020
SEWA_N07_FRD1,47.75103,-122.00792,Fall20,10/7/2020 8:18,Sciurus carolinensis,9/24/2020,11/7/2020
SEWA_N07_FRD1,47.75103,-122.00792,Fall20,10/7/2020 8:20,Sciurus carolinensis,9/24/2020,11/7/2020
SEWA_N07_FRD1,47.75103,-122.00792,Fall20,10/9/2020 0:21,Didelphis virginiana,9/24/2020,11/7/2020
SEWA_N07_FRD1,47.75103,-122.00792,Fall20,10/9/2020 8:06,Sciurus carolinensis,9/24/2020,11/7/2020
SEWA_N07_FRD1,47.75103,-122.00792,Fall20,10/10/2020 8:57,Sciurus carolinensis,9/24/2020,11/7/2020
SEWA_N07_FRD1,47.75103,-122.00792,Fall20,10/10/2020 9:26,Sciurus carolinensis,9/24/2020,11/7/2020
SEWA_N07_FRD1,47.75103,-122.00792,Fall20,10/10/2020 10:56,Canis latrans,9/24/2020,11/7/2020
SEWA_N07_FRD1,47.75103,-122.00792,Fall20,10/12/2020 14:18,Sciurus carolinensis,9/24/2020,11/7/2020
SEWA_N07_FRD1,47.75103,-122.00792,Fall20,10/17/2020 8:20,Sciurus carolinensis,9/24/2020,11/7/2020
SEWA_N07_FRD1,47.75103,-122.00792,Fall20,10/17/2020 8:27,Sciurus carolinensis,9/24/2020,11/7/2020
SEWA_N07_FRD1,47.75103,-122.00792,Fall20,10/18/2020 1:41,Sylvilagus floridanus,9/24/2020,11/7/2020
SEWA_N07_FRD1,47.75103,-122.00792,Fall20,10/18/2020 10:41,Odocoileus hemionus,9/24/2020,11/7/2020
SEWA_N07_FRD1,47.75103,-122.00792,Fall20,10/22/2020 12:21,Sciurus carolinensis,9/24/2020,11/7/2020
SEWA_N07_FRD1,47.75103,-122.00792,Fall20,10/24/2020 5:24,Sylvilagus floridanus,9/24/2020,11/7/2020
SEWA_N07_FRD1,47.75103,-122.00792,Fall20,10/24/2020 10:27,Sciurus carolinensis,9/24/2020,11/7/2020
SEWA_N07_FRD1,47.75103,-122.00792,Fall20,10/28/2020 18:26,Procyon lotor,9/24/2020,11/7/2020
SEWA_N07_FRD1,47.75103,-122.00792,Fall20,10/29/2020 2:34,Sylvilagus floridanus,9/24/2020,11/7/2020
SEWA_N07_FRD1,47.75103,-122.00792,Fall20,10/29/2020 2:42,Sylvilagus floridanus,9/24/2020,11/7/2020
SEWA_N07_FRD1,47.75103,-122.00792,Fall20,10/29/2020 8:29,Sciurus carolinensis,9/24/2020,11/7/2020
SEWA_N07_FRD1,47.75103,-122.00792,Fall20,10/29/2020 8:31,Sciurus carolinensis,9/24/2020,11/7/2020
SEWA_N07_FRD1,47.75103,-122.00792,Fall20,10/30/2020 13:10,Sciurus carolinensis,9/24/2020,11/7/2020
SEWA_N07_FRD1,47.75103,-122.00792,Fall20,10/31/2020 5:13,Sylvilagus floridanus,9/24/2020,11/7/2020
SEWA_N07_FRD1,47.75103,-122.00792,Fall20,10/31/2020 8:51,Odocoileus hemionus,9/24/2020,11/7/2020
SEWA_N07_FRD1,47.75103,-122.00792,Fall20,10/31/2020 13:30,Sciurus carolinensis,9/24/2020,11/7/2020
SEWA_N07_FRD1,47.75103,-122.00792,Fall20,11/2/2020 14:13,Homo sapiens,9/24/2020,11/7/2020
SEWA_N07_RHF1,47.7406,-122.01764,Fall20,9/30/2020 12:03,Homo sapiens,9/24/2020,11/7/2020
SEWA_N07_RHF1,47.7406,-122.01764,Fall20,10/7/2020 2:38,Canis latrans,9/24/2020,11/7/2020
SEWA_N07_RHF1,47.7406,-122.01764,Fall20,10/11/2020 23:25,Procyon lotor,9/24/2020,11/7/2020
SEWA_N07_RHF1,47.7406,-122.01764,Fall20,10/23/2020 1:53,Canis latrans,9/24/2020,11/7/2020
SEWA_N07_RHF1,47.7406,-122.01764,Fall20,10/23/2020 4:22,Canis latrans,9/24/2020,11/7/2020
SEWA_N07_RHF1,47.7406,-122.01764,Fall20,10/27/2020 4:07,Canis latrans,9/24/2020,11/7/2020
SEWA_N07_RHF1,47.7406,-122.01764,Fall20,10/27/2020 19:00,Canis latrans,9/24/2020,11/7/2020
SEWA_N07_RHF1,47.7406,-122.01764,Fall20,10/29/2020 11:11,Canis latrans,9/24/2020,11/7/2020
SEWA_N07_RHF1,47.7406,-122.01764,Fall20,10/29/2020 11:13,Canis latrans,9/24/2020,11/7/2020
SEWA_N07_RHF1,47.7406,-122.01764,Fall20,11/2/2020 13:21,Homo sapiens,9/24/2020,11/7/2020
SEWA_N08_DOS1,47.74577,-121.96749,Fall20,10/1/2020 13:19,Homo sapiens,9/24/2020,11/7/2020
SEWA_N08_DOS1,47.74577,-121.96749,Fall20,10/7/2020 5:42,Odocoileus hemionus,9/24/2020,11/7/2020
SEWA_N08_DOS1,47.74577,-121.96749,Fall20,10/17/2020 10:25,Sciurus carolinensis,9/24/2020,11/7/2020
SEWA_S01_PGP2,47.55669,-122.35852,Fall20,9/25/2020 9:46,Sciurus carolinensis,9/24/2020,11/7/2020
SEWA_S01_PGP2,47.55669,-122.35852,Fall20,10/1/2020 14:26,Homo sapiens,9/24/2020,11/7/2020
SEWA_S01_PGP2,47.55669,-122.35852,Fall20,11/5/2020 13:55,Homo sapiens,9/24/2020,11/7/2020
SEWA_S01_PGP2,47.55669,-122.35852,Fall20,11/5/2020 14:49,Homo sapiens,9/24/2020,11/7/2020
SEWA_S01_TMP1,47.56718,-122.35082,Fall20,10/1/2020 16:00,Homo sapiens,9/24/2020,11/7/2020
SEWA_S01_TMP1,47.56718,-122.35082,Fall20,10/2/2020 6:51,Sylvilagus floridanus,9/24/2020,11/7/2020
SEWA_S01_TMP1,47.56718,-122.35082,Fall20,10/2/2020 21:34,Sylvilagus floridanus,9/24/2020,11/7/2020
SEWA_S01_TMP1,47.56718,-122.35082,Fall20,10/3/2020 13:22,Canis familiaris,9/24/2020,11/7/2020
SEWA_S01_TMP1,47.56718,-122.35082,Fall20,10/7/2020 4:21,Sylvilagus floridanus,9/24/2020,11/7/2020
SEWA_S01_TMP1,47.56718,-122.35082,Fall20,10/7/2020 18:42,Sylvilagus floridanus,9/24/2020,11/7/2020
SEWA_S01_TMP1,47.56718,-122.35082,Fall20,10/8/2020 4:43,Sylvilagus floridanus,9/24/2020,11/7/2020
SEWA_S01_TMP1,47.56718,-122.35082,Fall20,10/8/2020 22:36,Sylvilagus floridanus,9/24/2020,11/7/2020
SEWA_S01_TMP1,47.56718,-122.35082,Fall20,10/10/2020 2:38,Rattus rattus,9/24/2020,11/7/2020
SEWA_S01_TMP1,47.56718,-122.35082,Fall20,10/17/2020 9:03,Homo sapiens,9/24/2020,11/7/2020
SEWA_S01_TMP1,47.56718,-122.35082,Fall20,10/20/2020 11:01,Homo sapiens,9/24/2020,11/7/2020
SEWA_S01_TMP1,47.56718,-122.35082,Fall20,10/20/2020 15:47,Canis familiaris,9/24/2020,11/7/2020
SEWA_S01_TMP1,47.56718,-122.35082,Fall20,10/26/2020 0:41,Sylvilagus floridanus,9/24/2020,11/7/2020
SEWA_S01_TMP1,47.56718,-122.35082,Fall20,10/26/2020 18:18,Homo sapiens,9/24/2020,11/7/2020
SEWA_S01_TMP1,47.56718,-122.35082,Fall20,10/29/2020 18:21,Sylvilagus floridanus,9/24/2020,11/7/2020
SEWA_S01_TMP1,47.56718,-122.35082,Fall20,10/31/2020 6:13,Sylvilagus floridanus,9/24/2020,11/7/2020
SEWA_S01_TMP1,47.56718,-122.35082,Fall20,11/5/2020 15:36,Homo sapiens,9/24/2020,11/7/2020
SEWA_S01_TMP1,47.56718,-122.35082,Fall20,11/5/2020 15:39,Homo sapiens,9/24/2020,11/7/2020
SEWA_S02_MSR1,47.54984,-122.3086,Fall20,9/24/2020 6:03,Rattus rattus,9/24/2020,11/7/2020
SEWA_S02_MSR1,47.54984,-122.3086,Fall20,9/24/2020 23:06,Rattus rattus,9/24/2020,11/7/2020
SEWA_S02_MSR1,47.54984,-122.3086,Fall20,9/26/2020 0:59,Rattus rattus,9/24/2020,11/7/2020
SEWA_S02_MSR1,47.54984,-122.3086,Fall20,9/26/2020 12:11,Sciurus carolinensis,9/24/2020,11/7/2020
SEWA_S02_MSR1,47.54984,-122.3086,Fall20,9/26/2020 12:27,Sciurus carolinensis,9/24/2020,11/7/2020
SEWA_S02_MSR1,47.54984,-122.3086,Fall20,9/26/2020 12:31,Sciurus carolinensis,9/24/2020,11/7/2020
SEWA_S02_MSR1,47.54984,-122.3086,Fall20,9/26/2020 12:35,Sciurus carolinensis,9/24/2020,11/7/2020
SEWA_S02_MSR1,47.54984,-122.3086,Fall20,9/26/2020 14:15,Sciurus carolinensis,9/24/2020,11/7/2020
SEWA_S02_MSR1,47.54984,-122.3086,Fall20,9/26/2020 15:27,Sciurus carolinensis,9/24/2020,11/7/2020
SEWA_S02_MSR1,47.54984,-122.3086,Fall20,9/26/2020 15:56,Sciurus carolinensis,9/24/2020,11/7/2020
SEWA_S02_MSR1,47.54984,-122.3086,Fall20,9/26/2020 19:07,Sciurus carolinensis,9/24/2020,11/7/2020
SEWA_S02_MSR1,47.54984,-122.3086,Fall20,9/27/2020 2:03,Rattus rattus,9/24/2020,11/7/2020
SEWA_S02_MSR1,47.54984,-122.3086,Fall20,9/27/2020 3:11,Rattus rattus,9/24/2020,11/7/2020
SEWA_S02_MSR1,47.54984,-122.3086,Fall20,9/27/2020 17:11,Sciurus carolinensis,9/24/2020,11/7/2020
SEWA_S02_MSR1,47.54984,-122.3086,Fall20,9/27/2020 21:20,Rattus rattus,9/24/2020,11/7/2020
SEWA_S02_MSR1,47.54984,-122.3086,Fall20,9/28/2020 3:53,Rattus rattus,9/24/2020,11/7/2020
SEWA_S02_MSR1,47.54984,-122.3086,Fall20,9/28/2020 12:03,Sciurus carolinensis,9/24/2020,11/7/2020
SEWA_S02_MSR1,47.54984,-122.3086,Fall20,9/29/2020 16:32,Sciurus carolinensis,9/24/2020,11/7/2020
SEWA_S02_MSR1,47.54984,-122.3086,Fall20,9/29/2020 17:33,Sciurus carolinensis,9/24/2020,11/7/2020
SEWA_S02_MSR1,47.54984,-122.3086,Fall20,9/30/2020 12:58,Cyanocitta stelleri,9/24/2020,11/7/2020
SEWA_S02_MSR1,47.54984,-122.3086,Fall20,9/30/2020 20:17,Rattus rattus,9/24/2020,11/7/2020
SEWA_S02_MSR1,47.54984,-122.3086,Fall20,9/30/2020 20:19,Rattus rattus,9/24/2020,11/7/2020
SEWA_S02_MSR1,47.54984,-122.3086,Fall20,10/1/2020 1:43,Rattus rattus,9/24/2020,11/7/2020
SEWA_S02_MSR1,47.54984,-122.3086,Fall20,10/1/2020 13:30,Sciurus carolinensis,9/24/2020,11/7/2020
SEWA_S02_MSR1,47.54984,-122.3086,Fall20,10/1/2020 13:35,Sciurus carolinensis,9/24/2020,11/7/2020
SEWA_S02_MSR1,47.54984,-122.3086,Fall20,10/1/2020 16:43,Homo sapiens,9/24/2020,11/7/2020
SEWA_S02_MSR1,47.54984,-122.3086,Fall20,10/1/2020 16:49,Homo sapiens,9/24/2020,11/7/2020
SEWA_S02_MSR1,47.54984,-122.3086,Fall20,10/1/2020 19:53,Rattus rattus,9/24/2020,11/7/2020
SEWA_S02_MSR1,47.54984,-122.3086,Fall20,10/1/2020 22:25,Rattus rattus,9/24/2020,11/7/2020
SEWA_S02_MSR1,47.54984,-122.3086,Fall20,10/1/2020 22:32,Rattus rattus,9/24/2020,11/7/2020
SEWA_S02_MSR1,47.54984,-122.3086,Fall20,10/2/2020 10:11,Cyanocitta stelleri,9/24/2020,11/7/2020
SEWA_S02_MSR1,47.54984,-122.3086,Fall20,10/2/2020 10:43,Sciurus carolinensis,9/24/2020,11/7/2020
SEWA_S02_MSR1,47.54984,-122.3086,Fall20,10/2/2020 16:39,Sciurus carolinensis,9/24/2020,11/7/2020
SEWA_S02_MSR1,47.54984,-122.3086,Fall20,10/2/2020 16:41,Sciurus carolinensis,9/24/2020,11/7/2020
SEWA_S02_MSR1,47.54984,-122.3086,Fall20,10/2/2020 22:52,Rattus rattus,9/24/2020,11/7/2020
SEWA_S02_MSR1,47.54984,-122.3086,Fall20,10/3/2020 10:21,Sciurus carolinensis,9/24/2020,11/7/2020
SEWA_S02_MSR1,47.54984,-122.3086,Fall20,10/3/2020 12:21,Sciurus carolinensis,9/24/2020,11/7/2020
SEWA_S02_MSR1,47.54984,-122.3086,Fall20,10/3/2020 16:19,Cyanocitta stelleri,9/24/2020,11/7/2020
SEWA_S02_MSR1,47.54984,-122.3086,Fall20,10/3/2020 16:25,Cyanocitta stelleri,9/24/2020,11/7/2020
SEWA_S02_MSR1,47.54984,-122.3086,Fall20,10/3/2020 17:27,Sciurus carolinensis,9/24/2020,11/7/2020
SEWA_S02_MSR1,47.54984,-122.3086,Fall20,10/3/2020 17:38,Sciurus carolinensis,9/24/2020,11/7/2020
SEWA_S02_MSR1,47.54984,-122.3086,Fall20,10/4/2020 0:08,Rattus rattus,9/24/2020,11/7/2020
SEWA_S02_MSR1,47.54984,-122.3086,Fall20,10/4/2020 9:55,Sciurus carolinensis,9/24/2020,11/7/2020
SEWA_S02_MSR1,47.54984,-122.3086,Fall20,10/5/2020 14:35,Sciurus carolinensis,9/24/2020,11/7/2020
SEWA_S02_MSR1,47.54984,-122.3086,Fall20,10/5/2020 17:19,Sciurus carolinensis,9/24/2020,11/7/2020
SEWA_S02_MSR1,47.54984,-122.3086,Fall20,10/5/2020 20:05,Rattus rattus,9/24/2020,11/7/2020
SEWA_S02_MSR1,47.54984,-122.3086,Fall20,10/6/2020 10:42,Cyanocitta stelleri,9/24/2020,11/7/2020
SEWA_S02_MSR1,47.54984,-122.3086,Fall20,10/7/2020 7:27,Sciurus carolinensis,9/24/2020,11/7/2020
SEWA_S02_MSR1,47.54984,-122.3086,Fall20,10/7/2020 13:54,Sciurus carolinensis,9/24/2020,11/7/2020
SEWA_S02_MSR1,47.54984,-122.3086,Fall20,10/7/2020 15:54,Sciurus carolinensis,9/24/2020,11/7/2020
SEWA_S02_MSR1,47.54984,-122.3086,Fall20,10/7/2020 15:56,Sciurus carolinensis,9/24/2020,11/7/2020
SEWA_S02_MSR1,47.54984,-122.3086,Fall20,10/8/2020 1:23,Rattus rattus,9/24/2020,11/7/2020
SEWA_S02_MSR1,47.54984,-122.3086,Fall20,10/8/2020 3:26,Rattus rattus,9/24/2020,11/7/2020
SEWA_S02_MSR1,47.54984,-122.3086,Fall20,10/8/2020 7:50,Sciurus carolinensis,9/24/2020,11/7/2020
SEWA_S02_MSR1,47.54984,-122.3086,Fall20,10/8/2020 12:01,Sciurus carolinensis,9/24/2020,11/7/2020
SEWA_S02_MSR1,47.54984,-122.3086,Fall20,10/9/2020 8:38,Sciurus carolinensis,9/24/2020,11/7/2020
SEWA_S02_MSR1,47.54984,-122.3086,Fall20,10/9/2020 15:21,Sciurus carolinensis,9/24/2020,11/7/2020
SEWA_S02_MSR1,47.54984,-122.3086,Fall20,10/10/2020 8:56,Sciurus carolinensis,9/24/2020,11/7/2020
SEWA_S02_MSR1,47.54984,-122.3086,Fall20,10/10/2020 18:10,Sciurus carolinensis,9/24/2020,11/7/2020
SEWA_S02_MSR1,47.54984,-122.3086,Fall20,10/10/2020 20:24,Rattus rattus,9/24/2020,11/7/2020
SEWA_S02_MSR1,47.54984,-122.3086,Fall20,10/10/2020 22:16,Rattus rattus,9/24/2020,11/7/2020
SEWA_S02_MSR1,47.54984,-122.3086,Fall20,10/11/2020 3:44,Rattus rattus,9/24/2020,11/7/2020
SEWA_S02_MSR1,47.54984,-122.3086,Fall20,10/11/2020 17:00,Sciurus carolinensis,9/24/2020,11/7/2020
SEWA_S02_MSR1,47.54984,-122.3086,Fall20,10/12/2020 17:38,Sciurus carolinensis,9/24/2020,11/7/2020
SEWA_S02_MSR1,47.54984,-122.3086,Fall20,10/12/2020 18:07,Sciurus carolinensis,9/24/2020,11/7/2020
SEWA_S02_MSR1,47.54984,-122.3086,Fall20,10/14/2020 15:18,Sciurus carolinensis,9/24/2020,11/7/2020
SEWA_S02_MSR1,47.54984,-122.3086,Fall20,10/14/2020 15:20,Sciurus carolinensis,9/24/2020,11/7/2020
SEWA_S02_MSR1,47.54984,-122.3086,Fall20,10/15/2020 2:44,Rattus rattus,9/24/2020,11/7/2020
SEWA_S02_MSR1,47.54984,-122.3086,Fall20,10/15/2020 2:46,Rattus rattus,9/24/2020,11/7/2020
SEWA_S02_MSR1,47.54984,-122.3086,Fall20,10/15/2020 4:47,Rattus rattus,9/24/2020,11/7/2020
SEWA_S02_MSR1,47.54984,-122.3086,Fall20,10/15/2020 20:22,Rattus rattus,9/24/2020,11/7/2020
SEWA_S02_MSR1,47.54984,-122.3086,Fall20,10/15/2020 20:27,Rattus rattus,9/24/2020,11/7/2020
SEWA_S02_MSR1,47.54984,-122.3086,Fall20,10/15/2020 21:06,Rattus rattus,9/24/2020,11/7/2020
SEWA_S02_MSR1,47.54984,-122.3086,Fall20,10/16/2020 0:05,Rattus rattus,9/24/2020,11/7/2020
SEWA_S02_MSR1,47.54984,-122.3086,Fall20,10/16/2020 6:27,Rattus rattus,9/24/2020,11/7/2020
SEWA_S02_MSR1,47.54984,-122.3086,Fall20,10/16/2020 13:30,Sciurus carolinensis,9/24/2020,11/7/2020
SEWA_S02_MSR1,47.54984,-122.3086,Fall20,10/16/2020 13:32,Sciurus carolinensis,9/24/2020,11/7/2020
SEWA_S02_MSR1,47.54984,-122.3086,Fall20,10/16/2020 14:32,Sciurus carolinensis,9/24/2020,11/7/2020
SEWA_S02_MSR1,47.54984,-122.3086,Fall20,10/17/2020 14:26,Sciurus carolinensis,9/24/2020,11/7/2020
SEWA_S02_MSR1,47.54984,-122.3086,Fall20,10/17/2020 23:43,Rattus rattus,9/24/2020,11/7/2020
SEWA_S02_MSR1,47.54984,-122.3086,Fall20,10/18/2020 13:52,Sciurus carolinensis,9/24/2020,11/7/2020
SEWA_S02_MSR1,47.54984,-122.3086,Fall20,10/19/2020 5:29,Rattus rattus,9/24/2020,11/7/2020
SEWA_S02_MSR1,47.54984,-122.3086,Fall20,10/19/2020 17:44,Sciurus carolinensis,9/24/2020,11/7/2020
SEWA_S02_MSR1,47.54984,-122.3086,Fall20,10/20/2020 4:08,Procyon lotor,9/24/2020,11/7/2020
SEWA_S02_MSR1,47.54984,-122.3086,Fall20,10/20/2020 12:29,Cyanocitta stelleri,9/24/2020,11/7/2020
SEWA_S02_MSR1,47.54984,-122.3086,Fall20,10/22/2020 13:07,Cyanocitta stelleri,9/24/2020,11/7/2020
SEWA_S02_MSR1,47.54984,-122.3086,Fall20,10/22/2020 14:37,Sciurus carolinensis,9/24/2020,11/7/2020
SEWA_S02_MSR1,47.54984,-122.3086,Fall20,10/23/2020 4:25,Rattus rattus,9/24/2020,11/7/2020
SEWA_S02_MSR1,47.54984,-122.3086,Fall20,10/23/2020 13:16,Sciurus carolinensis,9/24/2020,11/7/2020
SEWA_S02_MSR1,47.54984,-122.3086,Fall20,10/23/2020 14:39,Sciurus carolinensis,9/24/2020,11/7/2020
SEWA_S02_MSR1,47.54984,-122.3086,Fall20,10/23/2020 15:21,Sciurus carolinensis,9/24/2020,11/7/2020
SEWA_S02_MSR1,47.54984,-122.3086,Fall20,10/24/2020 13:33,Sciurus carolinensis,9/24/2020,11/7/2020
SEWA_S02_MSR1,47.54984,-122.3086,Fall20,10/24/2020 15:08,Sciurus carolinensis,9/24/2020,11/7/2020
SEWA_S02_MSR1,47.54984,-122.3086,Fall20,10/24/2020 16:11,Sciurus carolinensis,9/24/2020,11/7/2020
SEWA_S02_MSR1,47.54984,-122.3086,Fall20,10/24/2020 16:38,Cyanocitta stelleri,9/24/2020,11/7/2020
SEWA_S02_MSR1,47.54984,-122.3086,Fall20,10/24/2020 18:20,Sciurus carolinensis,9/24/2020,11/7/2020
SEWA_S02_MSR1,47.54984,-122.3086,Fall20,10/24/2020 20:26,Rattus rattus,9/24/2020,11/7/2020
SEWA_S02_MSR1,47.54984,-122.3086,Fall20,10/25/2020 5:08,Procyon lotor,9/24/2020,11/7/2020
SEWA_S02_MSR1,47.54984,-122.3086,Fall20,10/25/2020 11:32,Sciurus carolinensis,9/24/2020,11/7/2020
SEWA_S02_MSR1,47.54984,-122.3086,Fall20,10/25/2020 13:39,Sciurus carolinensis,9/24/2020,11/7/2020
SEWA_S02_MSR1,47.54984,-122.3086,Fall20,10/25/2020 16:48,Sciurus carolinensis,9/24/2020,11/7/2020
SEWA_S02_MSR1,47.54984,-122.3086,Fall20,10/26/2020 9:11,Sciurus carolinensis,9/24/2020,11/7/2020
SEWA_S02_MSR1,47.54984,-122.3086,Fall20,10/26/2020 9:14,Sciurus carolinensis,9/24/2020,11/7/2020
SEWA_S02_MSR1,47.54984,-122.3086,Fall20,10/26/2020 9:15,Sciurus carolinensis,9/24/2020,11/7/2020
SEWA_S02_MSR1,47.54984,-122.3086,Fall20,10/26/2020 12:15,Sciurus carolinensis,9/24/2020,11/7/2020
SEWA_S02_MSR1,47.54984,-122.3086,Fall20,10/26/2020 20:00,Rattus rattus,9/24/2020,11/7/2020
SEWA_S02_MSR1,47.54984,-122.3086,Fall20,10/26/2020 23:35,Rattus rattus,9/24/2020,11/7/2020
SEWA_S02_MSR1,47.54984,-122.3086,Fall20,10/27/2020 5:18,Sciurus carolinensis,9/24/2020,11/7/2020
SEWA_S02_MSR1,47.54984,-122.3086,Fall20,10/27/2020 15:49,Sciurus carolinensis,9/24/2020,11/7/2020
SEWA_S02_MSR1,47.54984,-122.3086,Fall20,10/27/2020 20:37,Rattus rattus,9/24/2020,11/7/2020
SEWA_S02_MSR1,47.54984,-122.3086,Fall20,10/28/2020 4:03,Rattus rattus,9/24/2020,11/7/2020
SEWA_S02_MSR1,47.54984,-122.3086,Fall20,10/28/2020 5:49,Rattus rattus,9/24/2020,11/7/2020
SEWA_S02_MSR1,47.54984,-122.3086,Fall20,10/28/2020 14:00,Sciurus carolinensis,9/24/2020,11/7/2020
SEWA_S02_MSR1,47.54984,-122.3086,Fall20,10/28/2020 14:14,Sciurus carolinensis,9/24/2020,11/7/2020
SEWA_S02_MSR1,47.54984,-122.3086,Fall20,10/28/2020 14:43,Sciurus carolinensis,9/24/2020,11/7/2020
SEWA_S02_MSR1,47.54984,-122.3086,Fall20,10/28/2020 17:49,Sciurus carolinensis,9/24/2020,11/7/2020
SEWA_S02_MSR1,47.54984,-122.3086,Fall20,10/29/2020 14:00,Sciurus carolinensis,9/24/2020,11/7/2020
SEWA_S02_MSR1,47.54984,-122.3086,Fall20,10/29/2020 14:32,Sciurus carolinensis,9/24/2020,11/7/2020
SEWA_S02_MSR1,47.54984,-122.3086,Fall20,10/29/2020 14:34,Sciurus carolinensis,9/24/2020,11/7/2020
SEWA_S02_MSR1,47.54984,-122.3086,Fall20,10/29/2020 21:27,Rattus rattus,9/24/2020,11/7/2020
SEWA_S02_MSR1,47.54984,-122.3086,Fall20,10/29/2020 21:29,Rattus rattus,9/24/2020,11/7/2020
SEWA_S02_MSR1,47.54984,-122.3086,Fall20,10/30/2020 20:18,Sciurus carolinensis,9/24/2020,11/7/2020
SEWA_S02_MSR1,47.54984,-122.3086,Fall20,10/30/2020 20:40,Rattus rattus,9/24/2020,11/7/2020
SEWA_S02_MSR1,47.54984,-122.3086,Fall20,10/30/2020 20:44,Rattus rattus,9/24/2020,11/7/2020
SEWA_S02_MSR1,47.54984,-122.3086,Fall20,10/30/2020 20:46,Rattus rattus,9/24/2020,11/7/2020
SEWA_S02_MSR1,47.54984,-122.3086,Fall20,10/30/2020 21:20,Rattus rattus,9/24/2020,11/7/2020
SEWA_S02_MSR1,47.54984,-122.3086,Fall20,10/30/2020 23:37,Rattus rattus,9/24/2020,11/7/2020
SEWA_S02_MSR1,47.54984,-122.3086,Fall20,10/31/2020 1:52,Rattus rattus,9/24/2020,11/7/2020
SEWA_S02_MSR1,47.54984,-122.3086,Fall20,10/31/2020 13:57,Cyanocitta stelleri,9/24/2020,11/7/2020
SEWA_S02_MSR1,47.54984,-122.3086,Fall20,10/31/2020 14:07,Sciurus carolinensis,9/24/2020,11/7/2020
SEWA_S02_MSR1,47.54984,-122.3086,Fall20,10/31/2020 17:39,Sciurus carolinensis,9/24/2020,11/7/2020
SEWA_S02_MSR1,47.54984,-122.3086,Fall20,10/31/2020 18:13,Sciurus carolinensis,9/24/2020,11/7/2020
SEWA_S02_MSR1,47.54984,-122.3086,Fall20,11/1/2020 11:53,Sciurus carolinensis,9/24/2020,11/7/2020
SEWA_S02_MSR1,47.54984,-122.3086,Fall20,11/2/2020 4:55,Rattus rattus,9/24/2020,11/7/2020
SEWA_S02_MSR1,47.54984,-122.3086,Fall20,11/2/2020 10:01,Sciurus carolinensis,9/24/2020,11/7/2020
SEWA_S02_MSR1,47.54984,-122.3086,Fall20,11/2/2020 12:10,Sciurus carolinensis,9/24/2020,11/7/2020
SEWA_S02_MSR1,47.54984,-122.3086,Fall20,11/2/2020 13:58,Sciurus carolinensis,9/24/2020,11/7/2020
SEWA_S02_MSR1,47.54984,-122.3086,Fall20,11/3/2020 0:47,Rattus rattus,9/24/2020,11/7/2020
SEWA_S02_MSR1,47.54984,-122.3086,Fall20,11/3/2020 1:05,Rattus rattus,9/24/2020,11/7/2020
SEWA_S02_MSR1,47.54984,-122.3086,Fall20,11/3/2020 1:46,Rattus rattus,9/24/2020,11/7/2020
SEWA_S02_MSR1,47.54984,-122.3086,Fall20,11/3/2020 6:43,Rattus rattus,9/24/2020,11/7/2020
SEWA_S02_MSR1,47.54984,-122.3086,Fall20,11/3/2020 19:12,Procyon lotor,9/24/2020,11/7/2020
SEWA_S02_MSR1,47.54984,-122.3086,Fall20,11/3/2020 19:15,Procyon lotor,9/24/2020,11/7/2020
SEWA_S02_MSR1,47.54984,-122.3086,Fall20,11/3/2020 19:16,Procyon lotor,9/24/2020,11/7/2020
SEWA_S02_MSR1,47.54984,-122.3086,Fall20,11/4/2020 11:01,Sciurus carolinensis,9/24/2020,11/7/2020
SEWA_S02_MSR1,47.54984,-122.3086,Fall20,11/5/2020 8:53,Sciurus carolinensis,9/24/2020,11/7/2020
SEWA_S02_MSR1,47.54984,-122.3086,Fall20,11/5/2020 16:18,Homo sapiens,9/24/2020,11/7/2020
SEWA_S02_MSR1,47.54984,-122.3086,Fall20,11/5/2020 19:40,Rattus rattus,9/24/2020,11/7/2020
SEWA_S02_MSR1,47.54984,-122.3086,Fall20,11/6/2020 3:47,Rattus rattus,9/24/2020,11/7/2020
SEWA_S02_MWP2,47.56093,-122.31849,Fall20,9/24/2020 8:20,Sciurus carolinensis,9/24/2020,11/7/2020
SEWA_S02_MWP2,47.56093,-122.31849,Fall20,9/24/2020 8:24,Sciurus carolinensis,9/24/2020,11/7/2020
SEWA_S02_MWP2,47.56093,-122.31849,Fall20,9/24/2020 9:06,Sciurus carolinensis,9/24/2020,11/7/2020
SEWA_S02_MWP2,47.56093,-122.31849,Fall20,9/24/2020 11:52,Sciurus carolinensis,9/24/2020,11/7/2020
SEWA_S02_MWP2,47.56093,-122.31849,Fall20,9/24/2020 13:16,Sciurus carolinensis,9/24/2020,11/7/2020
SEWA_S02_MWP2,47.56093,-122.31849,Fall20,9/24/2020 13:31,Sciurus carolinensis,9/24/2020,11/7/2020
SEWA_S02_MWP2,47.56093,-122.31849,Fall20,9/24/2020 15:38,Felis catus,9/24/2020,11/7/2020
SEWA_S02_MWP2,47.56093,-122.31849,Fall20,9/24/2020 16:23,Sciurus carolinensis,9/24/2020,11/7/2020
SEWA_S02_MWP2,47.56093,-122.31849,Fall20,9/24/2020 16:29,Sciurus carolinensis,9/24/2020,11/7/2020
SEWA_S02_MWP2,47.56093,-122.31849,Fall20,9/24/2020 17:53,Sciurus carolinensis,9/24/2020,11/7/2020
SEWA_S02_MWP2,47.56093,-122.31849,Fall20,9/25/2020 9:44,Sciurus carolinensis,9/24/2020,11/7/2020
SEWA_S02_MWP2,47.56093,-122.31849,Fall20,9/25/2020 10:44,Sciurus carolinensis,9/24/2020,11/7/2020
SEWA_S02_MWP2,47.56093,-122.31849,Fall20,9/25/2020 11:22,Sciurus carolinensis,9/24/2020,11/7/2020
SEWA_S02_MWP2,47.56093,-122.31849,Fall20,9/25/2020 12:58,Sciurus carolinensis,9/24/2020,11/7/2020
SEWA_S02_MWP2,47.56093,-122.31849,Fall20,9/25/2020 13:59,Sciurus carolinensis,9/24/2020,11/7/2020
SEWA_S02_MWP2,47.56093,-122.31849,Fall20,9/25/2020 14:25,Sciurus carolinensis,9/24/2020,11/7/2020
SEWA_S02_MWP2,47.56093,-122.31849,Fall20,9/25/2020 15:34,Sciurus carolinensis,9/24/2020,11/7/2020
SEWA_S02_MWP2,47.56093,-122.31849,Fall20,9/25/2020 16:35,Sciurus carolinensis,9/24/2020,11/7/2020
SEWA_S02_MWP2,47.56093,-122.31849,Fall20,9/25/2020 17:12,Sciurus carolinensis,9/24/2020,11/7/2020
SEWA_S02_MWP2,47.56093,-122.31849,Fall20,9/25/2020 17:15,Sciurus carolinensis,9/24/2020,11/7/2020
SEWA_S02_MWP2,47.56093,-122.31849,Fall20,9/25/2020 17:39,Sciurus carolinensis,9/24/2020,11/7/2020
SEWA_S02_MWP2,47.56093,-122.31849,Fall20,9/25/2020 20:56,Felis catus,9/24/2020,11/7/2020
SEWA_S02_MWP2,47.56093,-122.31849,Fall20,9/26/2020 8:14,Sciurus carolinensis,9/24/2020,11/7/2020
SEWA_S02_MWP2,47.56093,-122.31849,Fall20,9/26/2020 8:28,Sciurus carolinensis,9/24/2020,11/7/2020
SEWA_S02_MWP2,47.56093,-122.31849,Fall20,9/26/2020 8:44,Sciurus carolinensis,9/24/2020,11/7/2020
SEWA_S02_MWP2,47.56093,-122.31849,Fall20,9/26/2020 8:55,Sciurus carolinensis,9/24/2020,11/7/2020
SEWA_S02_MWP2,47.56093,-122.31849,Fall20,9/26/2020 8:57,Sciurus carolinensis,9/24/2020,11/7/2020
SEWA_S02_MWP2,47.56093,-122.31849,Fall20,9/26/2020 8:58,Sciurus carolinensis,9/24/2020,11/7/2020
SEWA_S02_MWP2,47.56093,-122.31849,Fall20,9/26/2020 9:35,Sciurus carolinensis,9/24/2020,11/7/2020
SEWA_S02_MWP2,47.56093,-122.31849,Fall20,9/26/2020 9:39,Sciurus carolinensis,9/24/2020,11/7/2020
SEWA_S02_MWP2,47.56093,-122.31849,Fall20,9/26/2020 12:39,Sciurus carolinensis,9/24/2020,11/7/2020
SEWA_S02_MWP2,47.56093,-122.31849,Fall20,9/26/2020 12:44,Sciurus carolinensis,9/24/2020,11/7/2020
SEWA_S02_MWP2,47.56093,-122.31849,Fall20,9/26/2020 13:01,Sciurus carolinensis,9/24/2020,11/7/2020
SEWA_S02_MWP2,47.56093,-122.31849,Fall20,9/26/2020 13:21,Sciurus carolinensis,9/24/2020,11/7/2020
SEWA_S02_MWP2,47.56093,-122.31849,Fall20,9/26/2020 17:40,Sciurus carolinensis,9/24/2020,11/7/2020
SEWA_S02_MWP2,47.56093,-122.31849,Fall20,9/26/2020 17:42,Sciurus carolinensis,9/24/2020,11/7/2020
SEWA_S02_MWP2,47.56093,-122.31849,Fall20,9/26/2020 17:48,Sciurus carolinensis,9/24/2020,11/7/2020
SEWA_S02_MWP2,47.56093,-122.31849,Fall20,9/26/2020 21:45,Procyon lotor,9/24/2020,11/7/2020
SEWA_S02_MWP2,47.56093,-122.31849,Fall20,9/27/2020 5:44,Procyon lotor,9/24/2020,11/7/2020
SEWA_S02_MWP2,47.56093,-122.31849,Fall20,9/27/2020 6:08,Procyon lotor,9/24/2020,11/7/2020
SEWA_S02_MWP2,47.56093,-122.31849,Fall20,9/27/2020 7:40,Sciurus carolinensis,9/24/2020,11/7/2020
SEWA_S02_MWP2,47.56093,-122.31849,Fall20,9/27/2020 8:02,Sciurus carolinensis,9/24/2020,11/7/2020
SEWA_S02_MWP2,47.56093,-122.31849,Fall20,9/27/2020 8:49,Sciurus carolinensis,9/24/2020,11/7/2020
SEWA_S02_MWP2,47.56093,-122.31849,Fall20,9/27/2020 9:01,Sciurus carolinensis,9/24/2020,11/7/2020
SEWA_S02_MWP2,47.56093,-122.31849,Fall20,9/27/2020 9:08,Sciurus carolinensis,9/24/2020,11/7/2020
SEWA_S02_MWP2,47.56093,-122.31849,Fall20,9/27/2020 9:35,Sciurus carolinensis,9/24/2020,11/7/2020
SEWA_S02_MWP2,47.56093,-122.31849,Fall20,9/27/2020 10:06,Sciurus carolinensis,9/24/2020,11/7/2020
SEWA_S02_MWP2,47.56093,-122.31849,Fall20,9/27/2020 10:19,Sciurus carolinensis,9/24/2020,11/7/2020
SEWA_S02_MWP2,47.56093,-122.31849,Fall20,9/27/2020 11:28,Sciurus carolinensis,9/24/2020,11/7/2020
SEWA_S02_MWP2,47.56093,-122.31849,Fall20,9/27/2020 11:33,Sciurus carolinensis,9/24/2020,11/7/2020
SEWA_S02_MWP2,47.56093,-122.31849,Fall20,9/27/2020 12:18,Sciurus carolinensis,9/24/2020,11/7/2020
SEWA_S02_MWP2,47.56093,-122.31849,Fall20,9/27/2020 14:49,Sciurus carolinensis,9/24/2020,11/7/2020
SEWA_S02_MWP2,47.56093,-122.31849,Fall20,9/27/2020 16:50,Sciurus carolinensis,9/24/2020,11/7/2020
SEWA_S02_MWP2,47.56093,-122.31849,Fall20,9/27/2020 18:47,Felis catus,9/24/2020,11/7/2020
SEWA_S02_MWP2,47.56093,-122.31849,Fall20,9/28/2020 0:54,Felis catus,9/24/2020,11/7/2020
SEWA_S02_MWP2,47.56093,-122.31849,Fall20,9/28/2020 1:41,Procyon lotor,9/24/2020,11/7/2020
SEWA_S02_MWP2,47.56093,-122.31849,Fall20,9/28/2020 7:50,Sciurus carolinensis,9/24/2020,11/7/2020
SEWA_S02_MWP2,47.56093,-122.31849,Fall20,9/28/2020 7:53,Sciurus carolinensis,9/24/2020,11/7/2020
SEWA_S02_MWP2,47.56093,-122.31849,Fall20,9/28/2020 7:56,Sciurus carolinensis,9/24/2020,11/7/2020
SEWA_S02_MWP2,47.56093,-122.31849,Fall20,9/28/2020 7:59,Sciurus carolinensis,9/24/2020,11/7/2020
SEWA_S02_MWP2,47.56093,-122.31849,Fall20,9/28/2020 8:04,Sciurus carolinensis,9/24/2020,11/7/2020
SEWA_S02_MWP2,47.56093,-122.31849,Fall20,9/28/2020 8:40,Sciurus carolinensis,9/24/2020,11/7/2020
SEWA_S02_MWP2,47.56093,-122.31849,Fall20,9/28/2020 8:44,Sciurus carolinensis,9/24/2020,11/7/2020
SEWA_S02_MWP2,47.56093,-122.31849,Fall20,9/28/2020 8:50,Sciurus carolinensis,9/24/2020,11/7/2020
SEWA_S02_MWP2,47.56093,-122.31849,Fall20,9/28/2020 9:32,Sciurus carolinensis,9/24/2020,11/7/2020
SEWA_S02_MWP2,47.56093,-122.31849,Fall20,9/28/2020 9:37,Sciurus carolinensis,9/24/2020,11/7/2020
SEWA_S02_MWP2,47.56093,-122.31849,Fall20,9/28/2020 11:08,Sciurus carolinensis,9/24/2020,11/7/2020
SEWA_S02_MWP2,47.56093,-122.31849,Fall20,9/28/2020 12:39,Sciurus carolinensis,9/24/2020,11/7/2020
SEWA_S02_MWP2,47.56093,-122.31849,Fall20,9/28/2020 12:55,Sciurus carolinensis,9/24/2020,11/7/2020
SEWA_S02_MWP2,47.56093,-122.31849,Fall20,9/28/2020 13:21,Sciurus carolinensis,9/24/2020,11/7/2020
SEWA_S02_MWP2,47.56093,-122.31849,Fall20,9/28/2020 14:36,Sciurus carolinensis,9/24/2020,11/7/2020
SEWA_S02_MWP2,47.56093,-122.31849,Fall20,9/28/2020 14:50,Sciurus carolinensis,9/24/2020,11/7/2020
SEWA_S02_MWP2,47.56093,-122.31849,Fall20,9/28/2020 15:52,Sciurus carolinensis,9/24/2020,11/7/2020
SEWA_S02_MWP2,47.56093,-122.31849,Fall20,9/28/2020 16:33,Sciurus carolinensis,9/24/2020,11/7/2020
SEWA_S02_MWP2,47.56093,-122.31849,Fall20,9/28/2020 17:22,Sciurus carolinensis,9/24/2020,11/7/2020
SEWA_S02_MWP2,47.56093,-122.31849,Fall20,9/28/2020 23:15,Felis catus,9/24/2020,11/7/2020
SEWA_S02_MWP2,47.56093,-122.31849,Fall20,9/29/2020 7:43,Felis catus,9/24/2020,11/7/2020
SEWA_S02_MWP2,47.56093,-122.31849,Fall20,9/29/2020 8:09,Sciurus carolinensis,9/24/2020,11/7/2020
SEWA_S02_MWP2,47.56093,-122.31849,Fall20,9/29/2020 8:51,Sciurus carolinensis,9/24/2020,11/7/2020
SEWA_S02_MWP2,47.56093,-122.31849,Fall20,9/29/2020 9:20,Sciurus carolinensis,9/24/2020,11/7/2020
SEWA_S02_MWP2,47.56093,-122.31849,Fall20,9/29/2020 9:23,Sciurus carolinensis,9/24/2020,11/7/2020
SEWA_S02_MWP2,47.56093,-122.31849,Fall20,9/29/2020 9:27,Sciurus carolinensis,9/24/2020,11/7/2020
SEWA_S02_MWP2,47.56093,-122.31849,Fall20,9/29/2020 9:34,Sciurus carolinensis,9/24/2020,11/7/2020
SEWA_S02_MWP2,47.56093,-122.31849,Fall20,9/29/2020 9:37,Sciurus carolinensis,9/24/2020,11/7/2020
SEWA_S02_MWP2,47.56093,-122.31849,Fall20,9/29/2020 10:11,Sciurus carolinensis,9/24/2020,11/7/2020
SEWA_S02_MWP2,47.56093,-122.31849,Fall20,9/29/2020 11:50,Sciurus carolinensis,9/24/2020,11/7/2020
SEWA_S02_MWP2,47.56093,-122.31849,Fall20,9/29/2020 14:00,Sciurus carolinensis,9/24/2020,11/7/2020
SEWA_S02_MWP2,47.56093,-122.31849,Fall20,9/29/2020 15:45,Felis catus,9/24/2020,11/7/2020
SEWA_S02_MWP2,47.56093,-122.31849,Fall20,9/29/2020 17:28,Felis catus,9/24/2020,11/7/2020
SEWA_S02_MWP2,47.56093,-122.31849,Fall20,9/30/2020 4:25,Procyon lotor,9/24/2020,11/7/2020
SEWA_S02_MWP2,47.56093,-122.31849,Fall20,9/30/2020 5:51,Procyon lotor,9/24/2020,11/7/2020
SEWA_S02_MWP2,47.56093,-122.31849,Fall20,9/30/2020 7:43,Sciurus carolinensis,9/24/2020,11/7/2020
SEWA_S02_MWP2,47.56093,-122.31849,Fall20,9/30/2020 8:40,Sciurus carolinensis,9/24/2020,11/7/2020
SEWA_S02_MWP2,47.56093,-122.31849,Fall20,9/30/2020 8:44,Sciurus carolinensis,9/24/2020,11/7/2020
SEWA_S02_MWP2,47.56093,-122.31849,Fall20,9/30/2020 8:49,Sciurus carolinensis,9/24/2020,11/7/2020
SEWA_S02_MWP2,47.56093,-122.31849,Fall20,9/30/2020 8:52,Sciurus carolinensis,9/24/2020,11/7/2020
SEWA_S02_MWP2,47.56093,-122.31849,Fall20,9/30/2020 9:09,Sciurus carolinensis,9/24/2020,11/7/2020
SEWA_S02_MWP2,47.56093,-122.31849,Fall20,9/30/2020 9:17,Sciurus carolinensis,9/24/2020,11/7/2020
SEWA_S02_MWP2,47.56093,-122.31849,Fall20,9/30/2020 9:21,Sciurus carolinensis,9/24/2020,11/7/2020
SEWA_S02_MWP2,47.56093,-122.31849,Fall20,9/30/2020 16:07,Sciurus carolinensis,9/24/2020,11/7/2020
SEWA_S02_MWP2,47.56093,-122.31849,Fall20,9/30/2020 16:15,Sciurus carolinensis,9/24/2020,11/7/2020
SEWA_S02_MWP2,47.56093,-122.31849,Fall20,9/30/2020 17:49,Sylvilagus floridanus,9/24/2020,11/7/2020
SEWA_S02_MWP2,47.56093,-122.31849,Fall20,9/30/2020 17:53,Sylvilagus floridanus,9/24/2020,11/7/2020
SEWA_S02_MWP2,47.56093,-122.31849,Fall20,9/30/2020 21:36,Felis catus,9/24/2020,11/7/2020
SEWA_S02_MWP2,47.56093,-122.31849,Fall20,10/1/2020 7:25,Sciurus carolinensis,9/24/2020,11/7/2020
SEWA_S02_MWP2,47.56093,-122.31849,Fall20,10/1/2020 7:27,Sciurus carolinensis,9/24/2020,11/7/2020
SEWA_S02_MWP2,47.56093,-122.31849,Fall20,10/1/2020 8:11,Sciurus carolinensis,9/24/2020,11/7/2020
SEWA_S02_MWP2,47.56093,-122.31849,Fall20,10/1/2020 8:32,Felis catus,9/24/2020,11/7/2020
SEWA_S02_MWP2,47.56093,-122.31849,Fall20,10/1/2020 8:32,Homo sapiens,9/24/2020,11/7/2020
SEWA_S02_MWP2,47.56093,-122.31849,Fall20,10/1/2020 9:23,Sciurus carolinensis,9/24/2020,11/7/2020
SEWA_S02_MWP2,47.56093,-122.31849,Fall20,10/1/2020 10:13,Sciurus carolinensis,9/24/2020,11/7/2020
SEWA_S02_MWP2,47.56093,-122.31849,Fall20,10/1/2020 11:01,Sciurus carolinensis,9/24/2020,11/7/2020
SEWA_S02_MWP2,47.56093,-122.31849,Fall20,10/1/2020 11:06,Sciurus carolinensis,9/24/2020,11/7/2020
SEWA_S02_MWP2,47.56093,-122.31849,Fall20,10/1/2020 11:07,Sciurus carolinensis,9/24/2020,11/7/2020
SEWA_S02_MWP2,47.56093,-122.31849,Fall20,10/1/2020 11:09,Sciurus carolinensis,9/24/2020,11/7/2020
SEWA_S02_MWP2,47.56093,-122.31849,Fall20,10/1/2020 11:19,Sciurus carolinensis,9/24/2020,11/7/2020
SEWA_S02_MWP2,47.56093,-122.31849,Fall20,10/1/2020 12:42,Sciurus carolinensis,9/24/2020,11/7/2020
SEWA_S02_MWP2,47.56093,-122.31849,Fall20,10/1/2020 13:02,Sciurus carolinensis,9/24/2020,11/7/2020
SEWA_S02_MWP2,47.56093,-122.31849,Fall20,10/1/2020 13:43,Sciurus carolinensis,9/24/2020,11/7/2020
SEWA_S02_MWP2,47.56093,-122.31849,Fall20,10/1/2020 15:15,Sciurus carolinensis,9/24/2020,11/7/2020
SEWA_S02_MWP2,47.56093,-122.31849,Fall20,10/1/2020 15:31,Sciurus carolinensis,9/24/2020,11/7/2020
SEWA_S02_MWP2,47.56093,-122.31849,Fall20,10/1/2020 16:25,Sciurus carolinensis,9/24/2020,11/7/2020
SEWA_S02_MWP2,47.56093,-122.31849,Fall20,10/1/2020 16:37,Sciurus carolinensis,9/24/2020,11/7/2020
SEWA_S02_MWP2,47.56093,-122.31849,Fall20,10/1/2020 17:51,Felis catus,9/24/2020,11/7/2020
SEWA_S02_MWP2,47.56093,-122.31849,Fall20,10/2/2020 8:41,Sciurus carolinensis,9/24/2020,11/7/2020
SEWA_S02_MWP2,47.56093,-122.31849,Fall20,10/2/2020 8:44,Sciurus carolinensis,9/24/2020,11/7/2020
SEWA_S02_MWP2,47.56093,-122.31849,Fall20,10/2/2020 9:34,Sciurus carolinensis,9/24/2020,11/7/2020
SEWA_S02_MWP2,47.56093,-122.31849,Fall20,10/2/2020 10:34,Sciurus carolinensis,9/24/2020,11/7/2020
SEWA_S02_MWP2,47.56093,-122.31849,Fall20,10/2/2020 11:15,Sciurus carolinensis,9/24/2020,11/7/2020
SEWA_S02_MWP2,47.56093,-122.31849,Fall20,10/2/2020 11:18,Homo sapiens,9/24/2020,11/7/2020
SEWA_S02_MWP2,47.56093,-122.31849,Fall20,10/2/2020 11:20,Homo sapiens,9/24/2020,11/7/2020
SEWA_S02_MWP2,47.56093,-122.31849,Fall20,10/2/2020 11:33,Homo sapiens,9/24/2020,11/7/2020
SEWA_S02_MWP2,47.56093,-122.31849,Fall20,10/2/2020 11:51,Sciurus carolinensis,9/24/2020,11/7/2020
SEWA_S02_MWP2,47.56093,-122.31849,Fall20,10/2/2020 12:54,Sciurus carolinensis,9/24/2020,11/7/2020
SEWA_S02_MWP2,47.56093,-122.31849,Fall20,10/2/2020 12:57,Sciurus carolinensis,9/24/2020,11/7/2020
SEWA_S02_MWP2,47.56093,-122.31849,Fall20,10/2/2020 15:47,Sciurus carolinensis,9/24/2020,11/7/2020
SEWA_S02_MWP2,47.56093,-122.31849,Fall20,10/2/2020 17:32,Sciurus carolinensis,9/24/2020,11/7/2020
SEWA_S02_MWP2,47.56093,-122.31849,Fall20,10/3/2020 7:47,Sciurus carolinensis,9/24/2020,11/7/2020
SEWA_S02_MWP2,47.56093,-122.31849,Fall20,10/3/2020 8:08,Sciurus carolinensis,9/24/2020,11/7/2020
SEWA_S02_MWP2,47.56093,-122.31849,Fall20,10/3/2020 8:39,Sciurus carolinensis,9/24/2020,11/7/2020
SEWA_S02_MWP2,47.56093,-122.31849,Fall20,10/3/2020 8:42,Sciurus carolinensis,9/24/2020,11/7/2020
SEWA_S02_MWP2,47.56093,-122.31849,Fall20,10/3/2020 8:56,Sciurus carolinensis,9/24/2020,11/7/2020
SEWA_S02_MWP2,47.56093,-122.31849,Fall20,10/3/2020 9:06,Sciurus carolinensis,9/24/2020,11/7/2020
SEWA_S02_MWP2,47.56093,-122.31849,Fall20,10/3/2020 9:56,Sciurus carolinensis,9/24/2020,11/7/2020
SEWA_S02_MWP2,47.56093,-122.31849,Fall20,10/3/2020 10:24,Sciurus carolinensis,9/24/2020,11/7/2020
SEWA_S02_MWP2,47.56093,-122.31849,Fall20,10/3/2020 10:42,Sciurus carolinensis,9/24/2020,11/7/2020
SEWA_S02_MWP2,47.56093,-122.31849,Fall20,10/3/2020 12:19,Sciurus carolinensis,9/24/2020,11/7/2020
SEWA_S02_MWP2,47.56093,-122.31849,Fall20,10/3/2020 12:46,Sciurus carolinensis,9/24/2020,11/7/2020
SEWA_S02_MWP2,47.56093,-122.31849,Fall20,10/3/2020 12:59,Sciurus carolinensis,9/24/2020,11/7/2020
SEWA_S02_MWP2,47.56093,-122.31849,Fall20,10/3/2020 13:44,Sciurus carolinensis,9/24/2020,11/7/2020
SEWA_S02_MWP2,47.56093,-122.31849,Fall20,10/3/2020 14:00,Sciurus carolinensis,9/24/2020,11/7/2020
SEWA_S02_MWP2,47.56093,-122.31849,Fall20,10/3/2020 14:11,Sciurus carolinensis,9/24/2020,11/7/2020
SEWA_S02_MWP2,47.56093,-122.31849,Fall20,10/3/2020 14:43,Canis latrans,9/24/2020,11/7/2020
SEWA_S02_MWP2,47.56093,-122.31849,Fall20,10/3/2020 15:18,Felis catus,9/24/2020,11/7/2020
SEWA_S02_MWP2,47.56093,-122.31849,Fall20,10/3/2020 20:22,Canis latrans,9/24/2020,11/7/2020
SEWA_S02_MWP2,47.56093,-122.31849,Fall20,10/3/2020 20:25,Procyon lotor,9/24/2020,11/7/2020
SEWA_S02_MWP2,47.56093,-122.31849,Fall20,10/4/2020 8:26,Sciurus carolinensis,9/24/2020,11/7/2020
SEWA_S02_MWP2,47.56093,-122.31849,Fall20,10/4/2020 9:42,Sciurus carolinensis,9/24/2020,11/7/2020
SEWA_S02_MWP2,47.56093,-122.31849,Fall20,10/4/2020 9:45,Sciurus carolinensis,9/24/2020,11/7/2020
SEWA_S02_MWP2,47.56093,-122.31849,Fall20,10/4/2020 10:03,Sciurus carolinensis,9/24/2020,11/7/2020
SEWA_S02_MWP2,47.56093,-122.31849,Fall20,10/4/2020 10:13,Sciurus carolinensis,9/24/2020,11/7/2020
SEWA_S02_MWP2,47.56093,-122.31849,Fall20,10/4/2020 10:23,Sciurus carolinensis,9/24/2020,11/7/2020
SEWA_S02_MWP2,47.56093,-122.31849,Fall20,10/4/2020 10:33,Sciurus carolinensis,9/24/2020,11/7/2020
SEWA_S02_MWP2,47.56093,-122.31849,Fall20,10/4/2020 10:49,Sciurus carolinensis,9/24/2020,11/7/2020
SEWA_S02_MWP2,47.56093,-122.31849,Fall20,10/4/2020 11:25,Sciurus carolinensis,9/24/2020,11/7/2020
SEWA_S02_MWP2,47.56093,-122.31849,Fall20,10/4/2020 11:28,Sciurus carolinensis,9/24/2020,11/7/2020
SEWA_S02_MWP2,47.56093,-122.31849,Fall20,10/4/2020 13:31,Sciurus carolinensis,9/24/2020,11/7/2020
SEWA_S02_MWP2,47.56093,-122.31849,Fall20,10/4/2020 14:07,Sciurus carolinensis,9/24/2020,11/7/2020
SEWA_S02_MWP2,47.56093,-122.31849,Fall20,10/4/2020 15:09,Sciurus carolinensis,9/24/2020,11/7/2020
SEWA_S02_MWP2,47.56093,-122.31849,Fall20,10/4/2020 15:45,Sciurus carolinensis,9/24/2020,11/7/2020
SEWA_S02_MWP2,47.56093,-122.31849,Fall20,10/4/2020 18:29,Sciurus carolinensis,9/24/2020,11/7/2020
SEWA_S02_MWP2,47.56093,-122.31849,Fall20,10/4/2020 18:44,Felis catus,9/24/2020,11/7/2020
SEWA_S02_MWP2,47.56093,-122.31849,Fall20,10/4/2020 20:04,Felis catus,9/24/2020,11/7/2020
SEWA_S02_MWP2,47.56093,-122.31849,Fall20,10/4/2020 21:22,Didelphis virginiana,9/24/2020,11/7/2020
SEWA_S02_MWP2,47.56093,-122.31849,Fall20,10/4/2020 22:55,Procyon lotor,9/24/2020,11/7/2020
SEWA_S02_MWP2,47.56093,-122.31849,Fall20,10/5/2020 8:44,Sciurus carolinensis,9/24/2020,11/7/2020
SEWA_S02_MWP2,47.56093,-122.31849,Fall20,10/5/2020 9:39,Sciurus carolinensis,9/24/2020,11/7/2020
SEWA_S02_MWP2,47.56093,-122.31849,Fall20,10/5/2020 10:20,Sciurus carolinensis,9/24/2020,11/7/2020
SEWA_S02_MWP2,47.56093,-122.31849,Fall20,10/5/2020 11:04,Homo sapiens,9/24/2020,11/7/2020
SEWA_S02_MWP2,47.56093,-122.31849,Fall20,10/5/2020 12:10,Sciurus carolinensis,9/24/2020,11/7/2020
SEWA_S02_MWP2,47.56093,-122.31849,Fall20,10/5/2020 12:23,Sciurus carolinensis,9/24/2020,11/7/2020
SEWA_S02_MWP2,47.56093,-122.31849,Fall20,10/5/2020 12:44,Sciurus carolinensis,9/24/2020,11/7/2020
SEWA_S02_MWP2,47.56093,-122.31849,Fall20,10/5/2020 14:15,Sciurus carolinensis,9/24/2020,11/7/2020
SEWA_S02_MWP2,47.56093,-122.31849,Fall20,10/5/2020 15:54,Sciurus carolinensis,9/24/2020,11/7/2020
SEWA_S02_MWP2,47.56093,-122.31849,Fall20,10/5/2020 16:10,Sciurus carolinensis,9/24/2020,11/7/2020
SEWA_S02_MWP2,47.56093,-122.31849,Fall20,10/5/2020 17:08,Sciurus carolinensis,9/24/2020,11/7/2020
SEWA_S02_MWP2,47.56093,-122.31849,Fall20,10/5/2020 17:13,Sciurus carolinensis,9/24/2020,11/7/2020
SEWA_S02_MWP2,47.56093,-122.31849,Fall20,10/5/2020 17:25,Sciurus carolinensis,9/24/2020,11/7/2020
SEWA_S02_MWP2,47.56093,-122.31849,Fall20,10/5/2020 17:28,Sciurus carolinensis,9/24/2020,11/7/2020
SEWA_S02_MWP2,47.56093,-122.31849,Fall20,10/5/2020 18:34,Sciurus carolinensis,9/24/2020,11/7/2020
SEWA_S02_MWP2,47.56093,-122.31849,Fall20,10/5/2020 23:41,Didelphis virginiana,9/24/2020,11/7/2020
SEWA_S02_MWP2,47.56093,-122.31849,Fall20,10/6/2020 7:41,Felis catus,9/24/2020,11/7/2020
SEWA_S02_MWP2,47.56093,-122.31849,Fall20,10/6/2020 9:25,Sciurus carolinensis,9/24/2020,11/7/2020
SEWA_S02_MWP2,47.56093,-122.31849,Fall20,10/6/2020 9:37,Sciurus carolinensis,9/24/2020,11/7/2020
SEWA_S02_MWP2,47.56093,-122.31849,Fall20,10/6/2020 9:43,Sciurus carolinensis,9/24/2020,11/7/2020
SEWA_S02_MWP2,47.56093,-122.31849,Fall20,10/6/2020 9:51,Sciurus carolinensis,9/24/2020,11/7/2020
SEWA_S02_MWP2,47.56093,-122.31849,Fall20,10/6/2020 9:57,Sciurus carolinensis,9/24/2020,11/7/2020
SEWA_S02_MWP2,47.56093,-122.31849,Fall20,10/6/2020 10:02,Sciurus carolinensis,9/24/2020,11/7/2020
SEWA_S02_MWP2,47.56093,-122.31849,Fall20,10/6/2020 10:27,Sciurus carolinensis,9/24/2020,11/7/2020
SEWA_S02_MWP2,47.56093,-122.31849,Fall20,10/6/2020 10:49,Sciurus carolinensis,9/24/2020,11/7/2020
SEWA_S02_MWP2,47.56093,-122.31849,Fall20,10/6/2020 10:53,Sciurus carolinensis,9/24/2020,11/7/2020
SEWA_S02_MWP2,47.56093,-122.31849,Fall20,10/6/2020 12:17,Sciurus carolinensis,9/24/2020,11/7/2020
SEWA_S02_MWP2,47.56093,-122.31849,Fall20,10/6/2020 13:50,Sciurus carolinensis,9/24/2020,11/7/2020
SEWA_S02_MWP2,47.56093,-122.31849,Fall20,10/6/2020 13:53,Sciurus carolinensis,9/24/2020,11/7/2020
SEWA_S02_MWP2,47.56093,-122.31849,Fall20,10/6/2020 14:47,Sciurus carolinensis,9/24/2020,11/7/2020
SEWA_S02_MWP2,47.56093,-122.31849,Fall20,10/6/2020 15:12,Sciurus carolinensis,9/24/2020,11/7/2020
SEWA_S02_MWP2,47.56093,-122.31849,Fall20,10/6/2020 15:37,Sciurus carolinensis,9/24/2020,11/7/2020
SEWA_S02_MWP2,47.56093,-122.31849,Fall20,10/6/2020 16:16,Sciurus carolinensis,9/24/2020,11/7/2020
SEWA_S02_MWP2,47.56093,-122.31849,Fall20,10/7/2020 6:11,Felis catus,9/24/2020,11/7/2020
SEWA_S02_MWP2,47.56093,-122.31849,Fall20,10/7/2020 7:45,Sciurus carolinensis,9/24/2020,11/7/2020
SEWA_S02_MWP2,47.56093,-122.31849,Fall20,10/7/2020 8:26,Sciurus carolinensis,9/24/2020,11/7/2020
SEWA_S02_MWP2,47.56093,-122.31849,Fall20,10/7/2020 10:14,Sciurus carolinensis,9/24/2020,11/7/2020
SEWA_S02_MWP2,47.56093,-122.31849,Fall20,10/7/2020 10:15,Sciurus carolinensis,9/24/2020,11/7/2020
SEWA_S02_MWP2,47.56093,-122.31849,Fall20,10/7/2020 10:17,Sciurus carolinensis,9/24/2020,11/7/2020
SEWA_S02_MWP2,47.56093,-122.31849,Fall20,10/7/2020 11:03,Sciurus carolinensis,9/24/2020,11/7/2020
SEWA_S02_MWP2,47.56093,-122.31849,Fall20,10/7/2020 11:06,Sciurus carolinensis,9/24/2020,11/7/2020
SEWA_S02_MWP2,47.56093,-122.31849,Fall20,10/7/2020 11:47,Sciurus carolinensis,9/24/2020,11/7/2020
SEWA_S02_MWP2,47.56093,-122.31849,Fall20,10/7/2020 11:49,Sciurus carolinensis,9/24/2020,11/7/2020
SEWA_S02_MWP2,47.56093,-122.31849,Fall20,10/7/2020 12:00,Sciurus carolinensis,9/24/2020,11/7/2020
SEWA_S02_MWP2,47.56093,-122.31849,Fall20,10/7/2020 12:50,Sciurus carolinensis,9/24/2020,11/7/2020
SEWA_S02_MWP2,47.56093,-122.31849,Fall20,10/7/2020 13:15,Sciurus carolinensis,9/24/2020,11/7/2020
SEWA_S02_MWP2,47.56093,-122.31849,Fall20,10/7/2020 14:05,Sciurus carolinensis,9/24/2020,11/7/2020
SEWA_S02_MWP2,47.56093,-122.31849,Fall20,10/7/2020 16:29,Sciurus carolinensis,9/24/2020,11/7/2020
SEWA_S02_MWP2,47.56093,-122.31849,Fall20,10/7/2020 22:30,Procyon lotor,9/24/2020,11/7/2020
SEWA_S02_MWP2,47.56093,-122.31849,Fall20,10/8/2020 0:05,Procyon lotor,9/24/2020,11/7/2020
SEWA_S02_MWP2,47.56093,-122.31849,Fall20,10/8/2020 0:37,Procyon lotor,9/24/2020,11/7/2020
SEWA_S02_MWP2,47.56093,-122.31849,Fall20,10/8/2020 8:51,Sciurus carolinensis,9/24/2020,11/7/2020
SEWA_S02_MWP2,47.56093,-122.31849,Fall20,10/8/2020 9:13,Sciurus carolinensis,9/24/2020,11/7/2020
SEWA_S02_MWP2,47.56093,-122.31849,Fall20,10/8/2020 9:20,Sciurus carolinensis,9/24/2020,11/7/2020
SEWA_S02_MWP2,47.56093,-122.31849,Fall20,10/8/2020 9:27,Sciurus carolinensis,9/24/2020,11/7/2020
SEWA_S02_MWP2,47.56093,-122.31849,Fall20,10/8/2020 9:30,Sciurus carolinensis,9/24/2020,11/7/2020
SEWA_S02_MWP2,47.56093,-122.31849,Fall20,10/8/2020 15:32,Sciurus carolinensis,9/24/2020,11/7/2020
SEWA_S02_MWP2,47.56093,-122.31849,Fall20,10/8/2020 15:47,Sciurus carolinensis,9/24/2020,11/7/2020
SEWA_S02_MWP2,47.56093,-122.31849,Fall20,10/8/2020 16:24,Sciurus carolinensis,9/24/2020,11/7/2020
SEWA_S02_MWP2,47.56093,-122.31849,Fall20,10/8/2020 17:14,Sciurus carolinensis,9/24/2020,11/7/2020
SEWA_S02_MWP2,47.56093,-122.31849,Fall20,10/8/2020 17:58,Sciurus carolinensis,9/24/2020,11/7/2020
SEWA_S02_MWP2,47.56093,-122.31849,Fall20,10/8/2020 18:23,Sylvilagus floridanus,9/24/2020,11/7/2020
SEWA_S02_MWP2,47.56093,-122.31849,Fall20,10/8/2020 18:25,Sylvilagus floridanus,9/24/2020,11/7/2020
SEWA_S02_MWP2,47.56093,-122.31849,Fall20,10/9/2020 3:51,Procyon lotor,9/24/2020,11/7/2020
SEWA_S02_MWP2,47.56093,-122.31849,Fall20,10/9/2020 4:29,Procyon lotor,9/24/2020,11/7/2020
SEWA_S02_MWP2,47.56093,-122.31849,Fall20,10/9/2020 6:40,Felis catus,9/24/2020,11/7/2020
SEWA_S02_MWP2,47.56093,-122.31849,Fall20,10/9/2020 6:45,Felis catus,9/24/2020,11/7/2020
SEWA_S02_MWP2,47.56093,-122.31849,Fall20,10/9/2020 7:53,Sciurus carolinensis,9/24/2020,11/7/2020
SEWA_S02_MWP2,47.56093,-122.31849,Fall20,10/9/2020 8:06,Sciurus carolinensis,9/24/2020,11/7/2020
SEWA_S02_MWP2,47.56093,-122.31849,Fall20,10/9/2020 8:12,Sciurus carolinensis,9/24/2020,11/7/2020
SEWA_S02_MWP2,47.56093,-122.31849,Fall20,10/9/2020 9:06,Sciurus carolinensis,9/24/2020,11/7/2020
SEWA_S02_MWP2,47.56093,-122.31849,Fall20,10/9/2020 9:10,Sciurus carolinensis,9/24/2020,11/7/2020
SEWA_S02_MWP2,47.56093,-122.31849,Fall20,10/9/2020 9:14,Sciurus carolinensis,9/24/2020,11/7/2020
SEWA_S02_MWP2,47.56093,-122.31849,Fall20,10/9/2020 9:59,Sciurus carolinensis,9/24/2020,11/7/2020
SEWA_S02_MWP2,47.56093,-122.31849,Fall20,10/9/2020 14:22,Sciurus carolinensis,9/24/2020,11/7/2020
SEWA_S02_MWP2,47.56093,-122.31849,Fall20,10/9/2020 14:26,Homo sapiens,9/24/2020,11/7/2020
SEWA_S02_MWP2,47.56093,-122.31849,Fall20,10/9/2020 15:23,Sciurus carolinensis,9/24/2020,11/7/2020
SEWA_S02_MWP2,47.56093,-122.31849,Fall20,10/9/2020 16:13,Sciurus carolinensis,9/24/2020,11/7/2020
SEWA_S02_MWP2,47.56093,-122.31849,Fall20,10/9/2020 17:09,Sciurus carolinensis,9/24/2020,11/7/2020
SEWA_S02_MWP2,47.56093,-122.31849,Fall20,10/9/2020 17:57,Sciurus carolinensis,9/24/2020,11/7/2020
SEWA_S02_MWP2,47.56093,-122.31849,Fall20,10/9/2020 18:03,Sciurus carolinensis,9/24/2020,11/7/2020
SEWA_S02_MWP2,47.56093,-122.31849,Fall20,10/9/2020 18:13,Sciurus carolinensis,9/24/2020,11/7/2020
SEWA_S02_MWP2,47.56093,-122.31849,Fall20,10/10/2020 9:34,Sciurus carolinensis,9/24/2020,11/7/2020
SEWA_S02_MWP2,47.56093,-122.31849,Fall20,10/10/2020 10:06,Sciurus carolinensis,9/24/2020,11/7/2020
SEWA_S02_MWP2,47.56093,-122.31849,Fall20,10/10/2020 11:47,Sciurus carolinensis,9/24/2020,11/7/2020
SEWA_S02_MWP2,47.56093,-122.31849,Fall20,10/10/2020 17:12,Felis catus,9/24/2020,11/7/2020
SEWA_S02_MWP2,47.56093,-122.31849,Fall20,10/10/2020 18:04,Sciurus carolinensis,9/24/2020,11/7/2020
SEWA_S02_MWP2,47.56093,-122.31849,Fall20,10/10/2020 23:37,Procyon lotor,9/24/2020,11/7/2020
SEWA_S02_MWP2,47.56093,-122.31849,Fall20,10/10/2020 23:43,Procyon lotor,9/24/2020,11/7/2020
SEWA_S02_MWP2,47.56093,-122.31849,Fall20,10/11/2020 6:18,Procyon lotor,9/24/2020,11/7/2020
SEWA_S02_MWP2,47.56093,-122.31849,Fall20,10/11/2020 6:20,Procyon lotor,9/24/2020,11/7/2020
SEWA_S02_MWP2,47.56093,-122.31849,Fall20,10/11/2020 10:02,Sciurus carolinensis,9/24/2020,11/7/2020
SEWA_S02_MWP2,47.56093,-122.31849,Fall20,10/11/2020 13:18,Sciurus carolinensis,9/24/2020,11/7/2020
SEWA_S02_MWP2,47.56093,-122.31849,Fall20,10/11/2020 14:52,Sciurus carolinensis,9/24/2020,11/7/2020
SEWA_S02_MWP2,47.56093,-122.31849,Fall20,10/12/2020 3:07,Procyon lotor,9/24/2020,11/7/2020
SEWA_S02_MWP2,47.56093,-122.31849,Fall20,10/12/2020 8:19,Sciurus carolinensis,9/24/2020,11/7/2020
SEWA_S02_MWP2,47.56093,-122.31849,Fall20,10/12/2020 8:26,Sciurus carolinensis,9/24/2020,11/7/2020
SEWA_S02_MWP2,47.56093,-122.31849,Fall20,10/12/2020 9:25,Sciurus carolinensis,9/24/2020,11/7/2020
SEWA_S02_MWP2,47.56093,-122.31849,Fall20,10/12/2020 9:37,Sciurus carolinensis,9/24/2020,11/7/2020
SEWA_S02_MWP2,47.56093,-122.31849,Fall20,10/12/2020 10:04,Sciurus carolinensis,9/24/2020,11/7/2020
SEWA_S02_MWP2,47.56093,-122.31849,Fall20,10/12/2020 10:33,Sciurus carolinensis,9/24/2020,11/7/2020
SEWA_S02_MWP2,47.56093,-122.31849,Fall20,10/12/2020 11:03,Sciurus carolinensis,9/24/2020,11/7/2020
SEWA_S02_MWP2,47.56093,-122.31849,Fall20,10/12/2020 12:34,Sciurus carolinensis,9/24/2020,11/7/2020
SEWA_S02_MWP2,47.56093,-122.31849,Fall20,10/12/2020 13:37,Sciurus carolinensis,9/24/2020,11/7/2020
SEWA_S02_MWP2,47.56093,-122.31849,Fall20,10/12/2020 16:06,Sciurus carolinensis,9/24/2020,11/7/2020
SEWA_S02_MWP2,47.56093,-122.31849,Fall20,10/12/2020 16:07,Sciurus carolinensis,9/24/2020,11/7/2020
SEWA_S02_MWP2,47.56093,-122.31849,Fall20,10/12/2020 16:16,Sciurus carolinensis,9/24/2020,11/7/2020
SEWA_S02_MWP2,47.56093,-122.31849,Fall20,10/13/2020 1:28,Felis catus,9/24/2020,11/7/2020
SEWA_S02_MWP2,47.56093,-122.31849,Fall20,10/13/2020 9:55,Sciurus carolinensis,9/24/2020,11/7/2020
SEWA_S02_MWP2,47.56093,-122.31849,Fall20,10/13/2020 10:50,Sciurus carolinensis,9/24/2020,11/7/2020
SEWA_S02_MWP2,47.56093,-122.31849,Fall20,10/13/2020 10:52,Sciurus carolinensis,9/24/2020,11/7/2020
SEWA_S02_MWP2,47.56093,-122.31849,Fall20,10/13/2020 11:56,Sciurus carolinensis,9/24/2020,11/7/2020
SEWA_S02_MWP2,47.56093,-122.31849,Fall20,10/13/2020 13:20,Sciurus carolinensis,9/24/2020,11/7/2020
SEWA_S02_MWP2,47.56093,-122.31849,Fall20,10/13/2020 14:13,Sciurus carolinensis,9/24/2020,11/7/2020
SEWA_S02_MWP2,47.56093,-122.31849,Fall20,10/13/2020 14:54,Sciurus carolinensis,9/24/2020,11/7/2020
SEWA_S02_MWP2,47.56093,-122.31849,Fall20,10/13/2020 15:49,Homo sapiens,9/24/2020,11/7/2020
SEWA_S02_MWP2,47.56093,-122.31849,Fall20,10/13/2020 15:52,Sciurus carolinensis,9/24/2020,11/7/2020
SEWA_S02_MWP2,47.56093,-122.31849,Fall20,10/13/2020 16:49,Sciurus carolinensis,9/24/2020,11/7/2020
SEWA_S02_MWP2,47.56093,-122.31849,Fall20,10/14/2020 7:50,Sciurus carolinensis,9/24/2020,11/7/2020
SEWA_S02_MWP2,47.56093,-122.31849,Fall20,10/14/2020 8:48,Sciurus carolinensis,9/24/2020,11/7/2020
SEWA_S02_MWP2,47.56093,-122.31849,Fall20,10/14/2020 9:18,Sciurus carolinensis,9/24/2020,11/7/2020
SEWA_S02_MWP2,47.56093,-122.31849,Fall20,10/14/2020 10:29,Sciurus carolinensis,9/24/2020,11/7/2020
SEWA_S02_MWP2,47.56093,-122.31849,Fall20,10/14/2020 10:39,Sciurus carolinensis,9/24/2020,11/7/2020
SEWA_S02_MWP2,47.56093,-122.31849,Fall20,10/14/2020 11:01,Sciurus carolinensis,9/24/2020,11/7/2020
SEWA_S02_MWP2,47.56093,-122.31849,Fall20,10/14/2020 12:20,Sciurus carolinensis,9/24/2020,11/7/2020
SEWA_S02_MWP2,47.56093,-122.31849,Fall20,10/14/2020 13:04,Sciurus carolinensis,9/24/2020,11/7/2020
SEWA_S02_MWP2,47.56093,-122.31849,Fall20,10/14/2020 13:55,Sciurus carolinensis,9/24/2020,11/7/2020
SEWA_S02_MWP2,47.56093,-122.31849,Fall20,10/14/2020 14:02,Sciurus carolinensis,9/24/2020,11/7/2020
SEWA_S02_MWP2,47.56093,-122.31849,Fall20,10/14/2020 14:19,Sciurus carolinensis,9/24/2020,11/7/2020
SEWA_S02_MWP2,47.56093,-122.31849,Fall20,10/14/2020 14:25,Sciurus carolinensis,9/24/2020,11/7/2020
SEWA_S02_MWP2,47.56093,-122.31849,Fall20,10/14/2020 15:59,Sciurus carolinensis,9/24/2020,11/7/2020
SEWA_S02_MWP2,47.56093,-122.31849,Fall20,10/14/2020 16:06,Sciurus carolinensis,9/24/2020,11/7/2020
SEWA_S02_MWP2,47.56093,-122.31849,Fall20,10/14/2020 16:22,Sciurus carolinensis,9/24/2020,11/7/2020
SEWA_S02_MWP2,47.56093,-122.31849,Fall20,10/14/2020 16:23,Sciurus carolinensis,9/24/2020,11/7/2020
SEWA_S02_MWP2,47.56093,-122.31849,Fall20,10/14/2020 16:25,Sciurus carolinensis,9/24/2020,11/7/2020
SEWA_S02_MWP2,47.56093,-122.31849,Fall20,10/14/2020 18:31,Sciurus carolinensis,9/24/2020,11/7/2020
SEWA_S02_MWP2,47.56093,-122.31849,Fall20,10/14/2020 20:01,Canis latrans,9/24/2020,11/7/2020
SEWA_S02_MWP2,47.56093,-122.31849,Fall20,10/14/2020 20:59,Canis latrans,9/24/2020,11/7/2020
SEWA_S02_MWP2,47.56093,-122.31849,Fall20,10/15/2020 8:36,Sciurus carolinensis,9/24/2020,11/7/2020
SEWA_S02_MWP2,47.56093,-122.31849,Fall20,10/15/2020 8:48,Sciurus carolinensis,9/24/2020,11/7/2020
SEWA_S02_MWP2,47.56093,-122.31849,Fall20,10/15/2020 9:12,Felis catus,9/24/2020,11/7/2020
SEWA_S02_MWP2,47.56093,-122.31849,Fall20,10/15/2020 10:12,Sciurus carolinensis,9/24/2020,11/7/2020
SEWA_S02_MWP2,47.56093,-122.31849,Fall20,10/15/2020 10:40,Sciurus carolinensis,9/24/2020,11/7/2020
SEWA_S02_MWP2,47.56093,-122.31849,Fall20,10/15/2020 10:46,Sciurus carolinensis,9/24/2020,11/7/2020
SEWA_S02_MWP2,47.56093,-122.31849,Fall20,10/15/2020 11:57,Sciurus carolinensis,9/24/2020,11/7/2020
SEWA_S02_MWP2,47.56093,-122.31849,Fall20,10/15/2020 13:55,Felis catus,9/24/2020,11/7/2020
SEWA_S02_MWP2,47.56093,-122.31849,Fall20,10/15/2020 14:05,Sciurus carolinensis,9/24/2020,11/7/2020
SEWA_S02_MWP2,47.56093,-122.31849,Fall20,10/15/2020 14:22,Sciurus carolinensis,9/24/2020,11/7/2020
SEWA_S02_MWP2,47.56093,-122.31849,Fall20,10/15/2020 15:10,Felis catus,9/24/2020,11/7/2020
SEWA_S02_MWP2,47.56093,-122.31849,Fall20,10/15/2020 15:14,Sciurus carolinensis,9/24/2020,11/7/2020
SEWA_S02_MWP2,47.56093,-122.31849,Fall20,10/15/2020 16:45,Sciurus carolinensis,9/24/2020,11/7/2020
SEWA_S02_MWP2,47.56093,-122.31849,Fall20,10/15/2020 17:38,Sciurus carolinensis,9/24/2020,11/7/2020
SEWA_S02_MWP2,47.56093,-122.31849,Fall20,10/15/2020 18:46,Felis catus,9/24/2020,11/7/2020
SEWA_S02_MWP2,47.56093,-122.31849,Fall20,10/16/2020 6:27,Felis catus,9/24/2020,11/7/2020
SEWA_S02_MWP2,47.56093,-122.31849,Fall20,10/16/2020 9:20,Sciurus carolinensis,9/24/2020,11/7/2020
SEWA_S02_MWP2,47.56093,-122.31849,Fall20,10/16/2020 11:44,Sciurus carolinensis,9/24/2020,11/7/2020
SEWA_S02_MWP2,47.56093,-122.31849,Fall20,10/16/2020 12:34,Sciurus carolinensis,9/24/2020,11/7/2020
SEWA_S02_MWP2,47.56093,-122.31849,Fall20,10/16/2020 12:37,Sciurus carolinensis,9/24/2020,11/7/2020
SEWA_S02_MWP2,47.56093,-122.31849,Fall20,10/16/2020 13:15,Sciurus carolinensis,9/24/2020,11/7/2020
SEWA_S02_MWP2,47.56093,-122.31849,Fall20,10/17/2020 8:35,Sciurus carolinensis,9/24/2020,11/7/2020
SEWA_S02_MWP2,47.56093,-122.31849,Fall20,10/17/2020 10:02,Sciurus carolinensis,9/24/2020,11/7/2020
SEWA_S02_MWP2,47.56093,-122.31849,Fall20,10/17/2020 13:46,Sciurus carolinensis,9/24/2020,11/7/2020
SEWA_S02_MWP2,47.56093,-122.31849,Fall20,10/17/2020 14:51,Sciurus carolinensis,9/24/2020,11/7/2020
SEWA_S02_MWP2,47.56093,-122.31849,Fall20,10/17/2020 15:37,Sciurus carolinensis,9/24/2020,11/7/2020
SEWA_S02_MWP2,47.56093,-122.31849,Fall20,10/17/2020 16:09,Sciurus carolinensis,9/24/2020,11/7/2020
SEWA_S02_MWP2,47.56093,-122.31849,Fall20,10/18/2020 1:36,Sylvilagus floridanus,9/24/2020,11/7/2020
SEWA_S02_MWP2,47.56093,-122.31849,Fall20,10/18/2020 2:10,Sylvilagus floridanus,9/24/2020,11/7/2020
SEWA_S02_MWP2,47.56093,-122.31849,Fall20,10/18/2020 9:56,Sciurus carolinensis,9/24/2020,11/7/2020
SEWA_S02_MWP2,47.56093,-122.31849,Fall20,10/18/2020 10:06,Sciurus carolinensis,9/24/2020,11/7/2020
SEWA_S02_MWP2,47.56093,-122.31849,Fall20,10/18/2020 11:25,Sciurus carolinensis,9/24/2020,11/7/2020
SEWA_S02_MWP2,47.56093,-122.31849,Fall20,10/18/2020 12:38,Sciurus carolinensis,9/24/2020,11/7/2020
SEWA_S02_MWP2,47.56093,-122.31849,Fall20,10/18/2020 14:47,Sciurus carolinensis,9/24/2020,11/7/2020
SEWA_S02_MWP2,47.56093,-122.31849,Fall20,10/18/2020 15:53,Sciurus carolinensis,9/24/2020,11/7/2020
SEWA_S02_MWP2,47.56093,-122.31849,Fall20,10/18/2020 16:00,Sciurus carolinensis,9/24/2020,11/7/2020
SEWA_S02_MWP2,47.56093,-122.31849,Fall20,10/18/2020 16:04,Sciurus carolinensis,9/24/2020,11/7/2020
SEWA_S02_MWP2,47.56093,-122.31849,Fall20,10/19/2020 9:16,Sciurus carolinensis,9/24/2020,11/7/2020
SEWA_S02_MWP2,47.56093,-122.31849,Fall20,10/19/2020 12:35,Sciurus carolinensis,9/24/2020,11/7/2020
SEWA_S02_MWP2,47.56093,-122.31849,Fall20,10/19/2020 16:01,Sciurus carolinensis,9/24/2020,11/7/2020
SEWA_S02_MWP2,47.56093,-122.31849,Fall20,10/20/2020 6:12,Sylvilagus floridanus,9/24/2020,11/7/2020
SEWA_S02_MWP2,47.56093,-122.31849,Fall20,10/20/2020 12:36,Sciurus carolinensis,9/24/2020,11/7/2020
SEWA_S02_MWP2,47.56093,-122.31849,Fall20,10/20/2020 12:38,Sciurus carolinensis,9/24/2020,11/7/2020
SEWA_S02_MWP2,47.56093,-122.31849,Fall20,10/20/2020 12:41,Sciurus carolinensis,9/24/2020,11/7/2020
SEWA_S02_MWP2,47.56093,-122.31849,Fall20,10/20/2020 12:45,Sciurus carolinensis,9/24/2020,11/7/2020
SEWA_S02_MWP2,47.56093,-122.31849,Fall20,10/20/2020 12:59,Sciurus carolinensis,9/24/2020,11/7/2020
SEWA_S02_MWP2,47.56093,-122.31849,Fall20,10/20/2020 13:01,Sciurus carolinensis,9/24/2020,11/7/2020
SEWA_S02_MWP2,47.56093,-122.31849,Fall20,10/20/2020 13:02,Sciurus carolinensis,9/24/2020,11/7/2020
SEWA_S02_MWP2,47.56093,-122.31849,Fall20,10/20/2020 13:05,Sciurus carolinensis,9/24/2020,11/7/2020
SEWA_S02_MWP2,47.56093,-122.31849,Fall20,10/20/2020 13:25,Sciurus carolinensis,9/24/2020,11/7/2020
SEWA_S02_MWP2,47.56093,-122.31849,Fall20,10/20/2020 13:31,Sciurus carolinensis,9/24/2020,11/7/2020
SEWA_S02_MWP2,47.56093,-122.31849,Fall20,10/20/2020 13:39,Sciurus carolinensis,9/24/2020,11/7/2020
SEWA_S02_MWP2,47.56093,-122.31849,Fall20,10/20/2020 13:41,Sciurus carolinensis,9/24/2020,11/7/2020
SEWA_S02_MWP2,47.56093,-122.31849,Fall20,10/20/2020 16:32,Sciurus carolinensis,9/24/2020,11/7/2020
SEWA_S02_MWP2,47.56093,-122.31849,Fall20,10/20/2020 21:49,Felis catus,9/24/2020,11/7/2020
SEWA_S02_MWP2,47.56093,-122.31849,Fall20,10/21/2020 8:51,Sciurus carolinensis,9/24/2020,11/7/2020
SEWA_S02_MWP2,47.56093,-122.31849,Fall20,10/21/2020 12:59,Sciurus carolinensis,9/24/2020,11/7/2020
SEWA_S02_MWP2,47.56093,-122.31849,Fall20,10/21/2020 14:08,Sciurus carolinensis,9/24/2020,11/7/2020
SEWA_S02_MWP2,47.56093,-122.31849,Fall20,10/21/2020 14:37,Sciurus carolinensis,9/24/2020,11/7/2020
SEWA_S02_MWP2,47.56093,-122.31849,Fall20,10/21/2020 15:17,Sciurus carolinensis,9/24/2020,11/7/2020
SEWA_S02_MWP2,47.56093,-122.31849,Fall20,10/21/2020 17:15,Sciurus carolinensis,9/24/2020,11/7/2020
SEWA_S02_MWP2,47.56093,-122.31849,Fall20,10/22/2020 0:41,Felis catus,9/24/2020,11/7/2020
SEWA_S02_MWP2,47.56093,-122.31849,Fall20,10/22/2020 8:22,Sciurus carolinensis,9/24/2020,11/7/2020
SEWA_S02_MWP2,47.56093,-122.31849,Fall20,10/22/2020 9:02,Sciurus carolinensis,9/24/2020,11/7/2020
SEWA_S02_MWP2,47.56093,-122.31849,Fall20,10/22/2020 10:09,Sciurus carolinensis,9/24/2020,11/7/2020
SEWA_S02_MWP2,47.56093,-122.31849,Fall20,10/22/2020 10:11,Sciurus carolinensis,9/24/2020,11/7/2020
SEWA_S02_MWP2,47.56093,-122.31849,Fall20,10/22/2020 10:13,Sciurus carolinensis,9/24/2020,11/7/2020
SEWA_S02_MWP2,47.56093,-122.31849,Fall20,10/22/2020 11:26,Sciurus carolinensis,9/24/2020,11/7/2020
SEWA_S02_MWP2,47.56093,-122.31849,Fall20,10/22/2020 11:49,Sciurus carolinensis,9/24/2020,11/7/2020
SEWA_S02_MWP2,47.56093,-122.31849,Fall20,10/22/2020 12:09,Felis catus,9/24/2020,11/7/2020
SEWA_S02_MWP2,47.56093,-122.31849,Fall20,10/22/2020 13:42,Sciurus carolinensis,9/24/2020,11/7/2020
SEWA_S02_MWP2,47.56093,-122.31849,Fall20,10/22/2020 15:53,Sciurus carolinensis,9/24/2020,11/7/2020
SEWA_S02_MWP2,47.56093,-122.31849,Fall20,10/22/2020 16:14,Sciurus carolinensis,9/24/2020,11/7/2020
SEWA_S02_MWP2,47.56093,-122.31849,Fall20,10/23/2020 1:31,Procyon lotor,9/24/2020,11/7/2020
SEWA_S02_MWP2,47.56093,-122.31849,Fall20,10/23/2020 7:17,Sylvilagus floridanus,9/24/2020,11/7/2020
SEWA_S02_MWP2,47.56093,-122.31849,Fall20,10/23/2020 11:28,Sciurus carolinensis,9/24/2020,11/7/2020
SEWA_S02_MWP2,47.56093,-122.31849,Fall20,10/23/2020 12:32,Sciurus carolinensis,9/24/2020,11/7/2020
SEWA_S02_MWP2,47.56093,-122.31849,Fall20,10/23/2020 13:05,Sciurus carolinensis,9/24/2020,11/7/2020
SEWA_S02_MWP2,47.56093,-122.31849,Fall20,10/23/2020 14:06,Felis catus,9/24/2020,11/7/2020
SEWA_S02_MWP2,47.56093,-122.31849,Fall20,10/23/2020 17:24,Sciurus carolinensis,9/24/2020,11/7/2020
SEWA_S02_MWP2,47.56093,-122.31849,Fall20,10/23/2020 20:19,Felis catus,9/24/2020,11/7/2020
SEWA_S02_MWP2,47.56093,-122.31849,Fall20,10/24/2020 12:29,Sciurus carolinensis,9/24/2020,11/7/2020
SEWA_S02_MWP2,47.56093,-122.31849,Fall20,10/24/2020 14:07,Sciurus carolinensis,9/24/2020,11/7/2020
SEWA_S02_MWP2,47.56093,-122.31849,Fall20,10/24/2020 14:49,Sciurus carolinensis,9/24/2020,11/7/2020
SEWA_S02_MWP2,47.56093,-122.31849,Fall20,10/24/2020 15:51,Sciurus carolinensis,9/24/2020,11/7/2020
SEWA_S02_MWP2,47.56093,-122.31849,Fall20,10/24/2020 15:58,Sciurus carolinensis,9/24/2020,11/7/2020
SEWA_S02_MWP2,47.56093,-122.31849,Fall20,10/25/2020 8:33,Sciurus carolinensis,9/24/2020,11/7/2020
SEWA_S02_MWP2,47.56093,-122.31849,Fall20,10/25/2020 9:54,Sciurus carolinensis,9/24/2020,11/7/2020
SEWA_S02_MWP2,47.56093,-122.31849,Fall20,10/25/2020 10:15,Sciurus carolinensis,9/24/2020,11/7/2020
SEWA_S02_MWP2,47.56093,-122.31849,Fall20,10/25/2020 11:03,Sciurus carolinensis,9/24/2020,11/7/2020
SEWA_S02_MWP2,47.56093,-122.31849,Fall20,10/25/2020 11:05,Sciurus carolinensis,9/24/2020,11/7/2020
SEWA_S02_MWP2,47.56093,-122.31849,Fall20,10/25/2020 12:29,Sciurus carolinensis,9/24/2020,11/7/2020
SEWA_S02_MWP2,47.56093,-122.31849,Fall20,10/25/2020 12:38,Sciurus carolinensis,9/24/2020,11/7/2020
SEWA_S02_MWP2,47.56093,-122.31849,Fall20,10/26/2020 4:18,Canis latrans,9/24/2020,11/7/2020
SEWA_S02_MWP2,47.56093,-122.31849,Fall20,10/26/2020 8:36,Sciurus carolinensis,9/24/2020,11/7/2020
SEWA_S02_MWP2,47.56093,-122.31849,Fall20,10/26/2020 9:24,Sciurus carolinensis,9/24/2020,11/7/2020
SEWA_S02_MWP2,47.56093,-122.31849,Fall20,10/26/2020 9:29,Sciurus carolinensis,9/24/2020,11/7/2020
SEWA_S02_MWP2,47.56093,-122.31849,Fall20,10/26/2020 11:49,Sciurus carolinensis,9/24/2020,11/7/2020
SEWA_S02_MWP2,47.56093,-122.31849,Fall20,10/26/2020 16:24,Sciurus carolinensis,9/24/2020,11/7/2020
SEWA_S02_MWP2,47.56093,-122.31849,Fall20,10/26/2020 16:29,Sciurus carolinensis,9/24/2020,11/7/2020
SEWA_S02_MWP2,47.56093,-122.31849,Fall20,10/26/2020 16:35,Sciurus carolinensis,9/24/2020,11/7/2020
SEWA_S02_MWP2,47.56093,-122.31849,Fall20,10/26/2020 16:38,Sciurus carolinensis,9/24/2020,11/7/2020
SEWA_S02_MWP2,47.56093,-122.31849,Fall20,10/26/2020 17:18,Sciurus carolinensis,9/24/2020,11/7/2020
SEWA_S02_MWP2,47.56093,-122.31849,Fall20,10/26/2020 17:34,Sciurus carolinensis,9/24/2020,11/7/2020
SEWA_S02_MWP2,47.56093,-122.31849,Fall20,10/26/2020 19:28,Felis catus,9/24/2020,11/7/2020
SEWA_S02_MWP2,47.56093,-122.31849,Fall20,10/26/2020 19:47,Felis catus,9/24/2020,11/7/2020
SEWA_S02_MWP2,47.56093,-122.31849,Fall20,10/27/2020 10:47,Sciurus carolinensis,9/24/2020,11/7/2020
SEWA_S02_MWP2,47.56093,-122.31849,Fall20,10/27/2020 11:42,Sciurus carolinensis,9/24/2020,11/7/2020
SEWA_S02_MWP2,47.56093,-122.31849,Fall20,10/27/2020 11:57,Homo sapiens,9/24/2020,11/7/2020
SEWA_S02_MWP2,47.56093,-122.31849,Fall20,10/27/2020 14:46,Sciurus carolinensis,9/24/2020,11/7/2020
SEWA_S02_MWP2,47.56093,-122.31849,Fall20,10/27/2020 16:11,Sciurus carolinensis,9/24/2020,11/7/2020
SEWA_S02_MWP2,47.56093,-122.31849,Fall20,10/27/2020 16:19,Sciurus carolinensis,9/24/2020,11/7/2020
SEWA_S02_MWP2,47.56093,-122.31849,Fall20,10/27/2020 16:21,Sciurus carolinensis,9/24/2020,11/7/2020
SEWA_S02_MWP2,47.56093,-122.31849,Fall20,10/27/2020 17:43,Homo sapiens,9/24/2020,11/7/2020
SEWA_S02_MWP2,47.56093,-122.31849,Fall20,10/27/2020 22:05,Procyon lotor,9/24/2020,11/7/2020
SEWA_S02_MWP2,47.56093,-122.31849,Fall20,10/27/2020 22:07,Procyon lotor,9/24/2020,11/7/2020
SEWA_S02_MWP2,47.56093,-122.31849,Fall20,10/28/2020 6:42,Felis catus,9/24/2020,11/7/2020
SEWA_S02_MWP2,47.56093,-122.31849,Fall20,10/28/2020 9:23,Sciurus carolinensis,9/24/2020,11/7/2020
SEWA_S02_MWP2,47.56093,-122.31849,Fall20,10/28/2020 9:57,Sciurus carolinensis,9/24/2020,11/7/2020
SEWA_S02_MWP2,47.56093,-122.31849,Fall20,10/28/2020 10:29,Sciurus carolinensis,9/24/2020,11/7/2020
SEWA_S02_MWP2,47.56093,-122.31849,Fall20,10/28/2020 15:14,Sciurus carolinensis,9/24/2020,11/7/2020
SEWA_S02_MWP2,47.56093,-122.31849,Fall20,10/28/2020 15:35,Felis catus,9/24/2020,11/7/2020
SEWA_S02_MWP2,47.56093,-122.31849,Fall20,10/28/2020 15:53,Sciurus carolinensis,9/24/2020,11/7/2020
SEWA_S02_MWP2,47.56093,-122.31849,Fall20,10/28/2020 16:59,Sylvilagus floridanus,9/24/2020,11/7/2020
SEWA_S02_MWP2,47.56093,-122.31849,Fall20,10/28/2020 20:56,Procyon lotor,9/24/2020,11/7/2020
SEWA_S02_MWP2,47.56093,-122.31849,Fall20,10/28/2020 21:24,Felis catus,9/24/2020,11/7/2020
SEWA_S02_MWP2,47.56093,-122.31849,Fall20,10/29/2020 9:46,Sciurus carolinensis,9/24/2020,11/7/2020
SEWA_S02_MWP2,47.56093,-122.31849,Fall20,10/29/2020 13:20,Sciurus carolinensis,9/24/2020,11/7/2020
SEWA_S02_MWP2,47.56093,-122.31849,Fall20,10/29/2020 13:57,Sciurus carolinensis,9/24/2020,11/7/2020
SEWA_S02_MWP2,47.56093,-122.31849,Fall20,10/29/2020 13:59,Sciurus carolinensis,9/24/2020,11/7/2020
SEWA_S02_MWP2,47.56093,-122.31849,Fall20,10/29/2020 14:37,Sciurus carolinensis,9/24/2020,11/7/2020
SEWA_S02_MWP2,47.56093,-122.31849,Fall20,10/29/2020 15:50,Sciurus carolinensis,9/24/2020,11/7/2020
SEWA_S02_MWP2,47.56093,-122.31849,Fall20,10/29/2020 16:26,Sylvilagus floridanus,9/24/2020,11/7/2020
SEWA_S02_MWP2,47.56093,-122.31849,Fall20,10/29/2020 16:45,Sciurus carolinensis,9/24/2020,11/7/2020
SEWA_S02_MWP2,47.56093,-122.31849,Fall20,10/30/2020 0:29,Procyon lotor,9/24/2020,11/7/2020
SEWA_S02_MWP2,47.56093,-122.31849,Fall20,10/30/2020 9:03,Sciurus carolinensis,9/24/2020,11/7/2020
SEWA_S02_MWP2,47.56093,-122.31849,Fall20,10/30/2020 11:23,Sciurus carolinensis,9/24/2020,11/7/2020
SEWA_S02_MWP2,47.56093,-122.31849,Fall20,10/30/2020 12:36,Sciurus carolinensis,9/24/2020,11/7/2020
SEWA_S02_MWP2,47.56093,-122.31849,Fall20,10/30/2020 13:29,Homo sapiens,9/24/2020,11/7/2020
SEWA_S02_MWP2,47.56093,-122.31849,Fall20,10/30/2020 14:34,Homo sapiens,9/24/2020,11/7/2020
SEWA_S02_MWP2,47.56093,-122.31849,Fall20,10/30/2020 14:48,Homo sapiens,9/24/2020,11/7/2020
SEWA_S02_MWP2,47.56093,-122.31849,Fall20,10/30/2020 18:06,Felis catus,9/24/2020,11/7/2020
SEWA_S02_MWP2,47.56093,-122.31849,Fall20,10/30/2020 18:21,Felis catus,9/24/2020,11/7/2020
SEWA_S02_MWP2,47.56093,-122.31849,Fall20,10/30/2020 18:24,Felis catus,9/24/2020,11/7/2020
SEWA_S02_MWP2,47.56093,-122.31849,Fall20,10/30/2020 21:43,Felis catus,9/24/2020,11/7/2020
SEWA_S02_MWP2,47.56093,-122.31849,Fall20,10/31/2020 9:01,Sciurus carolinensis,9/24/2020,11/7/2020
SEWA_S02_MWP2,47.56093,-122.31849,Fall20,10/31/2020 11:06,Sciurus carolinensis,9/24/2020,11/7/2020
SEWA_S02_MWP2,47.56093,-122.31849,Fall20,10/31/2020 11:17,Sciurus carolinensis,9/24/2020,11/7/2020
SEWA_S02_MWP2,47.56093,-122.31849,Fall20,10/31/2020 11:18,Sciurus carolinensis,9/24/2020,11/7/2020
SEWA_S02_MWP2,47.56093,-122.31849,Fall20,10/31/2020 11:21,Sciurus carolinensis,9/24/2020,11/7/2020
SEWA_S02_MWP2,47.56093,-122.31849,Fall20,10/31/2020 12:23,Sciurus carolinensis,9/24/2020,11/7/2020
SEWA_S02_MWP2,47.56093,-122.31849,Fall20,10/31/2020 15:20,Sciurus carolinensis,9/24/2020,11/7/2020
SEWA_S02_MWP2,47.56093,-122.31849,Fall20,10/31/2020 15:24,Sciurus carolinensis,9/24/2020,11/7/2020
SEWA_S02_MWP2,47.56093,-122.31849,Fall20,10/31/2020 20:18,Sylvilagus floridanus,9/24/2020,11/7/2020
SEWA_S02_MWP2,47.56093,-122.31849,Fall20,11/1/2020 9:29,Sciurus carolinensis,9/24/2020,11/7/2020
SEWA_S02_MWP2,47.56093,-122.31849,Fall20,11/1/2020 11:05,Sciurus carolinensis,9/24/2020,11/7/2020
SEWA_S02_MWP2,47.56093,-122.31849,Fall20,11/1/2020 12:08,Sciurus carolinensis,9/24/2020,11/7/2020
SEWA_S02_MWP2,47.56093,-122.31849,Fall20,11/1/2020 12:37,Sciurus carolinensis,9/24/2020,11/7/2020
SEWA_S02_MWP2,47.56093,-122.31849,Fall20,11/1/2020 12:41,Sciurus carolinensis,9/24/2020,11/7/2020
SEWA_S02_MWP2,47.56093,-122.31849,Fall20,11/1/2020 17:04,Sciurus carolinensis,9/24/2020,11/7/2020
SEWA_S02_MWP2,47.56093,-122.31849,Fall20,11/1/2020 17:09,Sciurus carolinensis,9/24/2020,11/7/2020
SEWA_S02_MWP2,47.56093,-122.31849,Fall20,11/2/2020 9:06,Sciurus carolinensis,9/24/2020,11/7/2020
SEWA_S02_MWP2,47.56093,-122.31849,Fall20,11/2/2020 9:10,Sciurus carolinensis,9/24/2020,11/7/2020
SEWA_S02_MWP2,47.56093,-122.31849,Fall20,11/2/2020 9:12,Sciurus carolinensis,9/24/2020,11/7/2020
SEWA_S02_MWP2,47.56093,-122.31849,Fall20,11/2/2020 14:11,Sciurus carolinensis,9/24/2020,11/7/2020
SEWA_S02_MWP2,47.56093,-122.31849,Fall20,11/2/2020 14:57,Sciurus carolinensis,9/24/2020,11/7/2020
SEWA_S02_MWP2,47.56093,-122.31849,Fall20,11/2/2020 23:36,Procyon lotor,9/24/2020,11/7/2020
SEWA_S02_MWP2,47.56093,-122.31849,Fall20,11/2/2020 23:41,Procyon lotor,9/24/2020,11/7/2020
SEWA_S02_MWP2,47.56093,-122.31849,Fall20,11/3/2020 11:09,Sciurus carolinensis,9/24/2020,11/7/2020
SEWA_S02_MWP2,47.56093,-122.31849,Fall20,11/3/2020 14:22,Sciurus carolinensis,9/24/2020,11/7/2020
SEWA_S02_MWP2,47.56093,-122.31849,Fall20,11/3/2020 17:16,Sciurus carolinensis,9/24/2020,11/7/2020
SEWA_S02_MWP2,47.56093,-122.31849,Fall20,11/4/2020 15:32,Sciurus carolinensis,9/24/2020,11/7/2020
SEWA_S02_MWP2,47.56093,-122.31849,Fall20,11/5/2020 13:11,Sciurus carolinensis,9/24/2020,11/7/2020
SEWA_S02_MWP2,47.56093,-122.31849,Fall20,11/6/2020 0:32,Didelphis virginiana,9/24/2020,11/7/2020
SEWA_S02_MWP2,47.56093,-122.31849,Fall20,11/6/2020 0:43,Didelphis virginiana,9/24/2020,11/7/2020
SEWA_S02_MWP2,47.56093,-122.31849,Fall20,11/6/2020 11:31,Sciurus carolinensis,9/24/2020,11/7/2020
SEWA_S02_MWP2,47.56093,-122.31849,Fall20,11/6/2020 13:00,Homo sapiens,9/24/2020,11/7/2020
SEWA_S02_MWP2,47.56093,-122.31849,Fall20,11/6/2020 13:00,Canis familiaris,9/24/2020,11/7/2020
SEWA_S02_MWP2,47.56093,-122.31849,Fall20,11/6/2020 13:04,Canis familiaris,9/24/2020,11/7/2020
SEWA_S02_MWP2,47.56093,-122.31849,Fall20,11/6/2020 13:04,Homo sapiens,9/24/2020,11/7/2020
SEWA_S02_MWP2,47.56093,-122.31849,Fall20,11/6/2020 16:11,Sciurus carolinensis,9/24/2020,11/7/2020
SEWA_S02_MWP2,47.56093,-122.31849,Fall20,11/6/2020 18:49,Felis catus,9/24/2020,11/7/2020
SEWA_S02_MWP2,47.56093,-122.31849,Fall20,11/6/2020 23:01,Procyon lotor,9/24/2020,11/7/2020
SEWA_S02_MWP2,47.56093,-122.31849,Fall20,11/6/2020 23:06,Procyon lotor,9/24/2020,11/7/2020
SEWA_S02_WCP2,47.52699,-122.33736,Fall20,10/1/2020 13:38,Homo sapiens,9/24/2020,11/7/2020
SEWA_S02_WCP2,47.52699,-122.33736,Fall20,10/1/2020 13:44,Homo sapiens,9/24/2020,11/7/2020
SEWA_S02_WCP2,47.52699,-122.33736,Fall20,11/5/2020 12:48,Homo sapiens,9/24/2020,11/7/2020
SEWA_S02_WCP2,47.52699,-122.33736,Fall20,11/5/2020 12:50,Homo sapiens,9/24/2020,11/7/2020
SEWA_S02_WCP2,47.52699,-122.33736,Fall20,11/5/2020 13:40,Homo sapiens,9/24/2020,11/7/2020
SEWA_S02_WDG1,47.54149,-122.34569,Fall20,9/28/2020 12:31,Sciurus carolinensis,9/24/2020,11/7/2020
SEWA_S02_WDG1,47.54149,-122.34569,Fall20,9/29/2020 15:04,Sciurus carolinensis,9/24/2020,11/7/2020
SEWA_S02_WDG1,47.54149,-122.34569,Fall20,9/30/2020 10:04,Sciurus carolinensis,9/24/2020,11/7/2020
SEWA_S02_WDG1,47.54149,-122.34569,Fall20,10/1/2020 13:06,Homo sapiens,9/24/2020,11/7/2020
SEWA_S02_WDG1,47.54149,-122.34569,Fall20,10/1/2020 13:11,Homo sapiens,9/24/2020,11/7/2020
SEWA_S02_WDG1,47.54149,-122.34569,Fall20,10/26/2020 13:38,Sciurus carolinensis,9/24/2020,11/7/2020
SEWA_S02_WDG1,47.54149,-122.34569,Fall20,10/26/2020 13:40,Sciurus carolinensis,9/24/2020,11/7/2020
SEWA_S02_WDG1,47.54149,-122.34569,Fall20,10/26/2020 13:42,Sciurus carolinensis,9/24/2020,11/7/2020
SEWA_S02_WDG1,47.54149,-122.34569,Fall20,11/5/2020 12:08,Homo sapiens,9/24/2020,11/7/2020
SEWA_S02_WDG1,47.54149,-122.34569,Fall20,11/5/2020 13:02,Homo sapiens,9/24/2020,11/7/2020
SEWA_S04_BRF2,47.47647,-122.23516,Fall20,10/1/2020 11:31,Homo sapiens,9/24/2020,11/7/2020
SEWA_S04_BRF2,47.47647,-122.23516,Fall20,10/14/2020 15:18,Sciurus carolinensis,9/24/2020,11/7/2020
SEWA_S04_BRF2,47.47647,-122.23516,Fall20,10/26/2020 1:47,Sylvilagus floridanus,9/24/2020,11/7/2020
SEWA_S04_BRF2,47.47647,-122.23516,Fall20,11/5/2020 12:02,Homo sapiens,9/24/2020,11/7/2020
SEWA_S04_FGL1,47.48434,-122.26262,Fall20,9/26/2020 19:33,Lontra canadensis,9/24/2020,11/7/2020
SEWA_S04_FGL1,47.48434,-122.26262,Fall20,10/1/2020 1:23,Procyon lotor,9/24/2020,11/7/2020
SEWA_S04_FGL1,47.48434,-122.26262,Fall20,10/1/2020 10:49,Homo sapiens,9/24/2020,11/7/2020
SEWA_S04_FGL1,47.48434,-122.26262,Fall20,10/1/2020 10:56,Homo sapiens,9/24/2020,11/7/2020
SEWA_S04_FGL1,47.48434,-122.26262,Fall20,10/7/2020 3:59,Procyon lotor,9/24/2020,11/7/2020
SEWA_S04_FGL1,47.48434,-122.26262,Fall20,10/7/2020 6:24,Procyon lotor,9/24/2020,11/7/2020
SEWA_S04_FGL1,47.48434,-122.26262,Fall20,10/28/2020 2:58,Canis latrans,9/24/2020,11/7/2020
SEWA_S04_FGL1,47.48434,-122.26262,Fall20,10/28/2020 5:03,Canis latrans,9/24/2020,11/7/2020
SEWA_S04_FGL1,47.48434,-122.26262,Fall20,10/28/2020 5:04,Canis latrans,9/24/2020,11/7/2020
SEWA_S04_FGL1,47.48434,-122.26262,Fall20,10/28/2020 5:23,Procyon lotor,9/24/2020,11/7/2020
SEWA_S04_FGL1,47.48434,-122.26262,Fall20,10/28/2020 12:44,Canis latrans,9/24/2020,11/7/2020
SEWA_S04_FGL1,47.48434,-122.26262,Fall20,11/5/2020 10:46,Homo sapiens,9/24/2020,11/7/2020
SEWA_S04_FGL1,47.48434,-122.26262,Fall20,11/5/2020 11:35,Homo sapiens,9/24/2020,11/7/2020
SEWA_S05_TCC1,47.46189,-122.17861,Fall20,10/2/2020 14:38,Homo sapiens,9/24/2020,11/7/2020
SEWA_S05_TCC1,47.46189,-122.17861,Fall20,10/8/2020 15:28,Felis catus,9/24/2020,11/7/2020
SEWA_S05_TCC1,47.46189,-122.17861,Fall20,10/8/2020 15:32,Felis catus,9/24/2020,11/7/2020
SEWA_S05_TCC1,47.46189,-122.17861,Fall20,10/8/2020 15:34,Felis catus,9/24/2020,11/7/2020
SEWA_S05_TCC1,47.46189,-122.17861,Fall20,10/8/2020 15:37,Felis catus,9/24/2020,11/7/2020
SEWA_S05_TCC1,47.46189,-122.17861,Fall20,10/9/2020 14:00,Felis catus,9/24/2020,11/7/2020
SEWA_S05_TCC1,47.46189,-122.17861,Fall20,10/9/2020 14:02,Felis catus,9/24/2020,11/7/2020
SEWA_S05_TCC1,47.46189,-122.17861,Fall20,10/12/2020 14:01,Homo sapiens,9/24/2020,11/7/2020
SEWA_S05_TCC1,47.46189,-122.17861,Fall20,10/27/2020 9:55,Felis catus,9/24/2020,11/7/2020
SEWA_S06_MPO1,47.44997,-122.11071,Fall20,9/28/2020 13:41,Homo sapiens,9/24/2020,11/7/2020
SEWA_S06_MPO1,47.44997,-122.11071,Fall20,9/30/2020 10:19,Sciurus carolinensis,9/24/2020,11/7/2020
SEWA_S06_MPO1,47.44997,-122.11071,Fall20,9/30/2020 10:22,Sciurus carolinensis,9/24/2020,11/7/2020
SEWA_S06_MPO1,47.44997,-122.11071,Fall20,10/9/2020 8:40,Sciurus carolinensis,9/24/2020,11/7/2020
SEWA_S06_MPO1,47.44997,-122.11071,Fall20,10/13/2020 12:38,Odocoileus hemionus,9/24/2020,11/7/2020
SEWA_S06_MPO1,47.44997,-122.11071,Fall20,10/13/2020 18:56,Odocoileus hemionus,9/24/2020,11/7/2020
SEWA_S06_MPO1,47.44997,-122.11071,Fall20,10/13/2020 19:05,Odocoileus hemionus,9/24/2020,11/7/2020
SEWA_S06_MPO1,47.44997,-122.11071,Fall20,10/14/2020 9:50,Sciurus carolinensis,9/24/2020,11/7/2020
SEWA_S06_MPO1,47.44997,-122.11071,Fall20,10/20/2020 20:55,Odocoileus hemionus,9/24/2020,11/7/2020
SEWA_S06_MPO1,47.44997,-122.11071,Fall20,10/23/2020 10:12,Odocoileus hemionus,9/24/2020,11/7/2020
SEWA_S06_MPO1,47.44997,-122.11071,Fall20,10/27/2020 7:57,Odocoileus hemionus,9/24/2020,11/7/2020
SEWA_S06_MPO1,47.44997,-122.11071,Fall20,11/5/2020 17:32,Odocoileus hemionus,9/24/2020,11/7/2020
SEWA_S06_MPO1,47.44997,-122.11071,Fall20,11/5/2020 17:34,Odocoileus hemionus,9/24/2020,11/7/2020
SEWA_S06_MPO1,47.44997,-122.11071,Fall20,11/5/2020 17:50,Odocoileus hemionus,9/24/2020,11/7/2020
SEWA_S06_MPO1,47.44997,-122.11071,Fall20,11/5/2020 17:52,Odocoileus hemionus,9/24/2020,11/7/2020
SEWA_S06_MPO1,47.44997,-122.11071,Fall20,11/5/2020 17:53,Odocoileus hemionus,9/24/2020,11/7/2020
SEWA_S06_MPO1,47.44997,-122.11071,Fall20,11/5/2020 21:39,Odocoileus hemionus,9/24/2020,11/7/2020
SEWA_S06_MPO1,47.44997,-122.11071,Fall20,11/5/2020 21:43,Odocoileus hemionus,9/24/2020,11/7/2020
SEWA_S06_MPO1,47.44997,-122.11071,Fall20,11/5/2020 21:44,Odocoileus hemionus,9/24/2020,11/7/2020
SEWA_S06_MPO1,47.44997,-122.11071,Fall20,11/6/2020 15:05,Homo sapiens,9/24/2020,11/7/2020
SEWA_S08_TMF1,47.42278,-121.94978,Fall20,10/2/2020 11:18,Homo sapiens,9/24/2020,11/7/2020
SEWA_S08_TMF1,47.42278,-121.94978,Fall20,10/6/2020 0:54,Cervus canadensis,9/24/2020,11/7/2020
SEWA_S08_TMF1,47.42278,-121.94978,Fall20,10/6/2020 0:57,Cervus canadensis,9/24/2020,11/7/2020
SEWA_S08_TMF1,47.42278,-121.94978,Fall20,10/8/2020 10:08,Canis latrans,9/24/2020,11/7/2020
SEWA_S08_TMF1,47.42278,-121.94978,Fall20,10/14/2020 7:57,Tamiasciurus douglasii,9/24/2020,11/7/2020
SEWA_S08_TMF1,47.42278,-121.94978,Fall20,10/24/2020 17:41,Tamiasciurus douglasii,9/24/2020,11/7/2020
SEWA_S08_TMF1,47.42278,-121.94978,Fall20,10/26/2020 8:33,Canis latrans,9/24/2020,11/7/2020
SEWA_S08_TMF1,47.42278,-121.94978,Fall20,10/31/2020 15:16,Homo sapiens,9/24/2020,11/7/2020
SEWA_N01_DRP2,47.64354,-122.36046,Winter21,1/7/2021 12:41,Sciurus carolinensis,12/25/2020,2/7/2021
SEWA_N01_DRP2,47.64354,-122.36046,Winter21,1/7/2021 13:10,Pipilo maculatus,12/25/2020,2/7/2021
SEWA_N01_DRP2,47.64354,-122.36046,Winter21,1/7/2021 15:34,Sciurus carolinensis,12/25/2020,2/7/2021
SEWA_N01_DRP2,47.64354,-122.36046,Winter21,1/7/2021 16:21,Sciurus carolinensis,12/25/2020,2/7/2021
SEWA_N01_DRP2,47.64354,-122.36046,Winter21,1/7/2021 17:50,Sylvilagus floridanus,12/25/2020,2/7/2021
SEWA_N01_DRP2,47.64354,-122.36046,Winter21,1/8/2021 11:00,Sciurus carolinensis,12/25/2020,2/7/2021
SEWA_N01_DRP2,47.64354,-122.36046,Winter21,1/8/2021 11:28,Sciurus carolinensis,12/25/2020,2/7/2021
SEWA_N01_DRP2,47.64354,-122.36046,Winter21,1/8/2021 17:37,Sylvilagus floridanus,12/25/2020,2/7/2021
SEWA_N01_DRP2,47.64354,-122.36046,Winter21,1/9/2021 6:44,Procyon lotor,12/25/2020,2/7/2021
SEWA_N01_DRP2,47.64354,-122.36046,Winter21,1/9/2021 6:45,Procyon lotor,12/25/2020,2/7/2021
SEWA_N01_DRP2,47.64354,-122.36046,Winter21,1/9/2021 10:00,Sciurus carolinensis,12/25/2020,2/7/2021
SEWA_N01_DRP2,47.64354,-122.36046,Winter21,1/9/2021 20:17,Procyon lotor,12/25/2020,2/7/2021
SEWA_N01_DRP2,47.64354,-122.36046,Winter21,1/10/2021 13:36,Pipilo maculatus,12/25/2020,2/7/2021
SEWA_N01_DRP2,47.64354,-122.36046,Winter21,1/11/2021 5:07,Procyon lotor,12/25/2020,2/7/2021
SEWA_N01_DRP2,47.64354,-122.36046,Winter21,1/12/2021 11:21,Sciurus carolinensis,12/25/2020,2/7/2021
SEWA_N01_DRP2,47.64354,-122.36046,Winter21,1/12/2021 11:32,Sciurus carolinensis,12/25/2020,2/7/2021
SEWA_N01_DRP2,47.64354,-122.36046,Winter21,1/12/2021 11:38,Sciurus carolinensis,12/25/2020,2/7/2021
SEWA_N01_DRP2,47.64354,-122.36046,Winter21,1/12/2021 21:37,Procyon lotor,12/25/2020,2/7/2021
SEWA_N01_DRP2,47.64354,-122.36046,Winter21,1/13/2021 0:22,Sylvilagus floridanus,12/25/2020,2/7/2021
SEWA_N01_DRP2,47.64354,-122.36046,Winter21,1/13/2021 4:34,Procyon lotor,12/25/2020,2/7/2021
SEWA_N01_DRP2,47.64354,-122.36046,Winter21,1/13/2021 14:00,Sciurus carolinensis,12/25/2020,2/7/2021
SEWA_N01_DRP2,47.64354,-122.36046,Winter21,1/13/2021 16:26,Pipilo maculatus,12/25/2020,2/7/2021
SEWA_N01_DRP2,47.64354,-122.36046,Winter21,1/14/2021 9:52,Sciurus carolinensis,12/25/2020,2/7/2021
SEWA_N01_DRP2,47.64354,-122.36046,Winter21,1/14/2021 15:24,Sciurus carolinensis,12/25/2020,2/7/2021
SEWA_N01_DRP2,47.64354,-122.36046,Winter21,1/17/2021 10:47,Ixoreus naevius,12/25/2020,2/7/2021
SEWA_N01_DRP2,47.64354,-122.36046,Winter21,1/17/2021 10:50,Ixoreus naevius,12/25/2020,2/7/2021
SEWA_N01_DRP2,47.64354,-122.36046,Winter21,1/17/2021 11:05,Pipilo maculatus,12/25/2020,2/7/2021
SEWA_N01_DRP2,47.64354,-122.36046,Winter21,1/17/2021 13:22,Sciurus carolinensis,12/25/2020,2/7/2021
SEWA_N01_DRP2,47.64354,-122.36046,Winter21,1/18/2021 12:34,Sciurus carolinensis,12/25/2020,2/7/2021
SEWA_N01_DRP2,47.64354,-122.36046,Winter21,1/28/2021 16:25,Sciurus carolinensis,12/25/2020,2/7/2021
SEWA_N01_DRP2,47.64354,-122.36046,Winter21,1/28/2021 16:29,Sciurus carolinensis,12/25/2020,2/7/2021
SEWA_N02_BGP2,47.66616,-122.28327,Winter21,1/6/2021 5:50,Procyon lotor,12/25/2020,2/7/2021
SEWA_N02_PHY1,47.6708,-122.3596,Winter21,12/25/2020 12:00,Sciurus carolinensis,12/25/2020,2/7/2021
SEWA_N02_PHY1,47.6708,-122.3596,Winter21,12/25/2020 16:13,Homo sapiens,12/25/2020,2/7/2021
SEWA_N02_PHY1,47.6708,-122.3596,Winter21,12/26/2020 4:45,Procyon lotor,12/25/2020,2/7/2021
SEWA_N02_PHY1,47.6708,-122.3596,Winter21,12/27/2020 2:24,Procyon lotor,12/25/2020,2/7/2021
SEWA_N02_PHY1,47.6708,-122.3596,Winter21,12/27/2020 3:29,Procyon lotor,12/25/2020,2/7/2021
SEWA_N02_PHY1,47.6708,-122.3596,Winter21,12/27/2020 11:50,Canis familiaris,12/25/2020,2/7/2021
SEWA_N02_PHY1,47.6708,-122.3596,Winter21,12/27/2020 11:50,Homo sapiens,12/25/2020,2/7/2021
SEWA_N02_PHY1,47.6708,-122.3596,Winter21,12/27/2020 12:22,Homo sapiens,12/25/2020,2/7/2021
SEWA_N02_PHY1,47.6708,-122.3596,Winter21,12/27/2020 12:22,Canis familiaris,12/25/2020,2/7/2021
SEWA_N02_PHY1,47.6708,-122.3596,Winter21,12/27/2020 15:54,Homo sapiens,12/25/2020,2/7/2021
SEWA_N02_PHY1,47.6708,-122.3596,Winter21,12/27/2020 15:54,Canis familiaris,12/25/2020,2/7/2021
SEWA_N02_PHY1,47.6708,-122.3596,Winter21,12/27/2020 16:49,Homo sapiens,12/25/2020,2/7/2021
SEWA_N02_PHY1,47.6708,-122.3596,Winter21,12/28/2020 4:17,Canis latrans,12/25/2020,2/7/2021
SEWA_N02_PHY1,47.6708,-122.3596,Winter21,12/28/2020 13:24,Canis familiaris,12/25/2020,2/7/2021
SEWA_N02_PHY1,47.6708,-122.3596,Winter21,12/28/2020 13:24,Homo sapiens,12/25/2020,2/7/2021
SEWA_N02_PHY1,47.6708,-122.3596,Winter21,12/28/2020 17:10,Homo sapiens,12/25/2020,2/7/2021
SEWA_N02_PHY1,47.6708,-122.3596,Winter21,12/28/2020 17:10,Canis familiaris,12/25/2020,2/7/2021
SEWA_N02_PHY1,47.6708,-122.3596,Winter21,12/29/2020 4:48,Procyon lotor,12/25/2020,2/7/2021
SEWA_N02_PHY1,47.6708,-122.3596,Winter21,12/29/2020 10:08,Sciurus carolinensis,12/25/2020,2/7/2021
SEWA_N02_PHY1,47.6708,-122.3596,Winter21,12/29/2020 10:31,Sciurus carolinensis,12/25/2020,2/7/2021
SEWA_N02_PHY1,47.6708,-122.3596,Winter21,12/29/2020 11:32,Sciurus carolinensis,12/25/2020,2/7/2021
SEWA_N02_PHY1,47.6708,-122.3596,Winter21,12/29/2020 11:43,Sciurus carolinensis,12/25/2020,2/7/2021
SEWA_N02_PHY1,47.6708,-122.3596,Winter21,12/29/2020 11:55,Sciurus carolinensis,12/25/2020,2/7/2021
SEWA_N02_PHY1,47.6708,-122.3596,Winter21,12/29/2020 17:51,Homo sapiens,12/25/2020,2/7/2021
SEWA_N02_PHY1,47.6708,-122.3596,Winter21,12/30/2020 11:24,Sciurus carolinensis,12/25/2020,2/7/2021
SEWA_N02_PHY1,47.6708,-122.3596,Winter21,12/30/2020 11:30,Sciurus carolinensis,12/25/2020,2/7/2021
SEWA_N02_PHY1,47.6708,-122.3596,Winter21,12/30/2020 12:40,Homo sapiens,12/25/2020,2/7/2021
SEWA_N02_PHY1,47.6708,-122.3596,Winter21,12/30/2020 12:40,Canis familiaris,12/25/2020,2/7/2021
SEWA_N02_PHY1,47.6708,-122.3596,Winter21,12/31/2020 13:07,Homo sapiens,12/25/2020,2/7/2021
SEWA_N02_PHY1,47.6708,-122.3596,Winter21,12/31/2020 13:38,Homo sapiens,12/25/2020,2/7/2021
SEWA_N02_PHY1,47.6708,-122.3596,Winter21,12/31/2020 13:38,Canis familiaris,12/25/2020,2/7/2021
SEWA_N02_PHY1,47.6708,-122.3596,Winter21,12/31/2020 13:47,Homo sapiens,12/25/2020,2/7/2021
SEWA_N02_PHY1,47.6708,-122.3596,Winter21,12/31/2020 14:22,Homo sapiens,12/25/2020,2/7/2021
SEWA_N02_PHY1,47.6708,-122.3596,Winter21,12/31/2020 14:23,Homo sapiens,12/25/2020,2/7/2021
SEWA_N02_PHY1,47.6708,-122.3596,Winter21,12/31/2020 14:24,Homo sapiens,12/25/2020,2/7/2021
SEWA_N02_PHY1,47.6708,-122.3596,Winter21,12/31/2020 14:54,Homo sapiens,12/25/2020,2/7/2021
SEWA_N02_PHY1,47.6708,-122.3596,Winter21,12/31/2020 18:24,Homo sapiens,12/25/2020,2/7/2021
SEWA_N03_IRP1,47.69055,-122.28101,Winter21,12/25/2020 2:06,Rattus rattus,12/25/2020,2/7/2021
SEWA_N03_IRP1,47.69055,-122.28101,Winter21,12/25/2020 2:29,Rattus rattus,12/25/2020,2/7/2021
SEWA_N03_IRP1,47.69055,-122.28101,Winter21,12/25/2020 10:53,Sciurus carolinensis,12/25/2020,2/7/2021
SEWA_N03_IRP1,47.69055,-122.28101,Winter21,12/25/2020 11:51,Sciurus carolinensis,12/25/2020,2/7/2021
SEWA_N03_IRP1,47.69055,-122.28101,Winter21,12/25/2020 14:09,Sciurus carolinensis,12/25/2020,2/7/2021
SEWA_N03_IRP1,47.69055,-122.28101,Winter21,12/25/2020 14:11,Sciurus carolinensis,12/25/2020,2/7/2021
SEWA_N03_IRP1,47.69055,-122.28101,Winter21,12/25/2020 14:15,Sciurus carolinensis,12/25/2020,2/7/2021
SEWA_N03_IRP1,47.69055,-122.28101,Winter21,12/25/2020 14:21,Sciurus carolinensis,12/25/2020,2/7/2021
SEWA_N03_IRP1,47.69055,-122.28101,Winter21,12/25/2020 14:56,Sciurus carolinensis,12/25/2020,2/7/2021
SEWA_N03_IRP1,47.69055,-122.28101,Winter21,12/26/2020 7:23,Sylvilagus floridanus,12/25/2020,2/7/2021
SEWA_N03_IRP1,47.69055,-122.28101,Winter21,12/27/2020 13:26,Sciurus carolinensis,12/25/2020,2/7/2021
SEWA_N03_IRP1,47.69055,-122.28101,Winter21,12/27/2020 13:30,Sciurus carolinensis,12/25/2020,2/7/2021
SEWA_N03_IRP1,47.69055,-122.28101,Winter21,12/27/2020 14:32,Sciurus carolinensis,12/25/2020,2/7/2021
SEWA_N03_IRP1,47.69055,-122.28101,Winter21,12/27/2020 22:26,Canis latrans,12/25/2020,2/7/2021
SEWA_N03_IRP1,47.69055,-122.28101,Winter21,12/27/2020 22:43,Canis latrans,12/25/2020,2/7/2021
SEWA_N03_IRP1,47.69055,-122.28101,Winter21,12/29/2020 13:47,Sciurus carolinensis,12/25/2020,2/7/2021
SEWA_N03_IRP1,47.69055,-122.28101,Winter21,12/29/2020 16:08,Sciurus carolinensis,12/25/2020,2/7/2021
SEWA_N03_IRP1,47.69055,-122.28101,Winter21,12/29/2020 16:11,Sciurus carolinensis,12/25/2020,2/7/2021
SEWA_N03_IRP1,47.69055,-122.28101,Winter21,12/29/2020 16:14,Sciurus carolinensis,12/25/2020,2/7/2021
SEWA_N03_IRP1,47.69055,-122.28101,Winter21,12/30/2020 12:56,Sciurus carolinensis,12/25/2020,2/7/2021
SEWA_N03_IRP1,47.69055,-122.28101,Winter21,12/30/2020 12:57,Sciurus carolinensis,12/25/2020,2/7/2021
SEWA_N03_IRP1,47.69055,-122.28101,Winter21,12/30/2020 13:17,Sciurus carolinensis,12/25/2020,2/7/2021
SEWA_N03_IRP1,47.69055,-122.28101,Winter21,12/30/2020 20:23,Rattus rattus,12/25/2020,2/7/2021
SEWA_N03_IRP1,47.69055,-122.28101,Winter21,1/1/2021 17:09,Canis latrans,12/25/2020,2/7/2021
SEWA_N03_IRP1,47.69055,-122.28101,Winter21,1/3/2021 11:26,Homo sapiens,12/25/2020,2/7/2021
SEWA_N03_IRP1,47.69055,-122.28101,Winter21,1/3/2021 11:28,Homo sapiens,12/25/2020,2/7/2021
SEWA_N03_IRP1,47.69055,-122.28101,Winter21,1/3/2021 11:43,Homo sapiens,12/25/2020,2/7/2021
SEWA_N03_IRP1,47.69055,-122.28101,Winter21,1/3/2021 11:57,Homo sapiens,12/25/2020,2/7/2021
SEWA_N03_IRP1,47.69055,-122.28101,Winter21,1/3/2021 12:03,Homo sapiens,12/25/2020,2/7/2021
SEWA_N03_IRP1,47.69055,-122.28101,Winter21,1/6/2021 14:29,Sciurus carolinensis,12/25/2020,2/7/2021
SEWA_N03_IRP1,47.69055,-122.28101,Winter21,1/7/2021 14:18,Sciurus carolinensis,12/25/2020,2/7/2021
SEWA_N03_IRP1,47.69055,-122.28101,Winter21,1/7/2021 14:20,Sciurus carolinensis,12/25/2020,2/7/2021
SEWA_N03_IRP1,47.69055,-122.28101,Winter21,1/7/2021 15:18,Sciurus carolinensis,12/25/2020,2/7/2021
SEWA_N03_IRP1,47.69055,-122.28101,Winter21,1/8/2021 5:27,Canis latrans,12/25/2020,2/7/2021
SEWA_N03_IRP1,47.69055,-122.28101,Winter21,1/10/2021 16:01,Sciurus carolinensis,12/25/2020,2/7/2021
SEWA_N03_IRP1,47.69055,-122.28101,Winter21,1/14/2021 17:23,Sylvilagus floridanus,12/25/2020,2/7/2021
SEWA_N03_IRP1,47.69055,-122.28101,Winter21,1/15/2021 13:51,Sciurus carolinensis,12/25/2020,2/7/2021
SEWA_N03_IRP1,47.69055,-122.28101,Winter21,1/16/2021 1:15,Sylvilagus floridanus,12/25/2020,2/7/2021
SEWA_N03_IRP1,47.69055,-122.28101,Winter21,1/16/2021 1:24,Sylvilagus floridanus,12/25/2020,2/7/2021
SEWA_N03_IRP1,47.69055,-122.28101,Winter21,1/16/2021 8:58,Canis latrans,12/25/2020,2/7/2021
SEWA_N03_IRP1,47.69055,-122.28101,Winter21,1/16/2021 19:49,Canis latrans,12/25/2020,2/7/2021
SEWA_N03_IRP1,47.69055,-122.28101,Winter21,1/17/2021 15:48,Canis latrans,12/25/2020,2/7/2021
SEWA_N03_IRP1,47.69055,-122.28101,Winter21,1/18/2021 14:29,Homo sapiens,12/25/2020,2/7/2021
SEWA_N03_IRP1,47.69055,-122.28101,Winter21,1/19/2021 0:49,Procyon lotor,12/25/2020,2/7/2021
SEWA_N03_IRP1,47.69055,-122.28101,Winter21,1/19/2021 7:32,Canis latrans,12/25/2020,2/7/2021
SEWA_N03_IRP1,47.69055,-122.28101,Winter21,1/20/2021 12:45,Canis latrans,12/25/2020,2/7/2021
SEWA_N03_IRP1,47.69055,-122.28101,Winter21,1/25/2021 7:34,Canis latrans,12/25/2020,2/7/2021
SEWA_N03_IRP1,47.69055,-122.28101,Winter21,1/25/2021 7:36,Canis latrans,12/25/2020,2/7/2021
SEWA_N03_IRP1,47.69055,-122.28101,Winter21,1/27/2021 14:47,Canis latrans,12/25/2020,2/7/2021
SEWA_N03_IRP1,47.69055,-122.28101,Winter21,1/27/2021 19:50,Sylvilagus floridanus,12/25/2020,2/7/2021
SEWA_N03_IRP1,47.69055,-122.28101,Winter21,1/28/2021 21:05,Sylvilagus floridanus,12/25/2020,2/7/2021
SEWA_N03_IRP1,47.69055,-122.28101,Winter21,1/30/2021 1:46,Canis latrans,12/25/2020,2/7/2021
SEWA_N03_IRP1,47.69055,-122.28101,Winter21,1/30/2021 1:49,Canis latrans,12/25/2020,2/7/2021
SEWA_N03_IRP1,47.69055,-122.28101,Winter21,1/31/2021 16:27,Sciurus carolinensis,12/25/2020,2/7/2021
SEWA_N03_IRP1,47.69055,-122.28101,Winter21,1/31/2021 16:28,Sciurus carolinensis,12/25/2020,2/7/2021
SEWA_N03_IRP1,47.69055,-122.28101,Winter21,1/31/2021 16:40,Sciurus carolinensis,12/25/2020,2/7/2021
SEWA_N03_IRP1,47.69055,-122.28101,Winter21,2/1/2021 15:20,Homo sapiens,12/25/2020,2/7/2021
SEWA_N03_MGP1,47.68166,-122.25092,Winter21,12/27/2020 12:47,Homo sapiens,12/25/2020,2/7/2021
SEWA_N03_MGP1,47.68166,-122.25092,Winter21,12/27/2020 12:47,Homo sapiens,12/25/2020,2/7/2021
SEWA_N03_MGP1,47.68166,-122.25092,Winter21,12/27/2020 12:49,Homo sapiens,12/25/2020,2/7/2021
SEWA_N03_MGP1,47.68166,-122.25092,Winter21,12/27/2020 12:49,Canis familiaris,12/25/2020,2/7/2021
SEWA_N03_MGP1,47.68166,-122.25092,Winter21,12/27/2020 12:49,Homo sapiens,12/25/2020,2/7/2021
SEWA_N03_MGP1,47.68166,-122.25092,Winter21,1/2/2021 11:26,Homo sapiens,12/25/2020,2/7/2021
SEWA_N03_MGP1,47.68166,-122.25092,Winter21,1/2/2021 11:26,Homo sapiens,12/25/2020,2/7/2021
SEWA_N03_MGP1,47.68166,-122.25092,Winter21,1/2/2021 11:31,Homo sapiens,12/25/2020,2/7/2021
SEWA_N03_MGP1,47.68166,-122.25092,Winter21,1/2/2021 13:35,Sciurus carolinensis,12/25/2020,2/7/2021
SEWA_N03_MGP1,47.68166,-122.25092,Winter21,1/3/2021 5:18,Canis familiaris,12/25/2020,2/7/2021
SEWA_N03_MGP1,47.68166,-122.25092,Winter21,1/3/2021 12:09,Canis familiaris,12/25/2020,2/7/2021
SEWA_N03_MGP1,47.68166,-122.25092,Winter21,1/6/2021 8:45,Sciurus carolinensis,12/25/2020,2/7/2021
SEWA_N03_MGP1,47.68166,-122.25092,Winter21,1/6/2021 10:34,Sciurus carolinensis,12/25/2020,2/7/2021
SEWA_N03_MGP1,47.68166,-122.25092,Winter21,1/14/2021 11:17,Sciurus carolinensis,12/25/2020,2/7/2021
SEWA_N03_MGP1,47.68166,-122.25092,Winter21,1/16/2021 9:29,Sciurus carolinensis,12/25/2020,2/7/2021
SEWA_N03_MGP1,47.68166,-122.25092,Winter21,1/16/2021 16:34,Sciurus carolinensis,12/25/2020,2/7/2021
SEWA_N03_MGP1,47.68166,-122.25092,Winter21,1/26/2021 8:24,Canis latrans,12/25/2020,2/7/2021
SEWA_N03_MGP1,47.68166,-122.25092,Winter21,1/30/2021 11:28,Homo sapiens,12/25/2020,2/7/2021
SEWA_N03_RVP1,47.67354,-122.31119,Winter21,12/25/2020 11:36,Canis familiaris,12/25/2020,2/7/2021
SEWA_N03_RVP1,47.67354,-122.31119,Winter21,12/25/2020 14:01,Sciurus carolinensis,12/25/2020,2/7/2021
SEWA_N03_RVP1,47.67354,-122.31119,Winter21,12/25/2020 14:14,Sciurus carolinensis,12/25/2020,2/7/2021
SEWA_N03_RVP1,47.67354,-122.31119,Winter21,12/25/2020 14:16,Sciurus carolinensis,12/25/2020,2/7/2021
SEWA_N03_RVP1,47.67354,-122.31119,Winter21,12/25/2020 14:18,Sciurus carolinensis,12/25/2020,2/7/2021
SEWA_N03_RVP1,47.67354,-122.31119,Winter21,12/25/2020 14:51,Sciurus carolinensis,12/25/2020,2/7/2021
SEWA_N03_RVP1,47.67354,-122.31119,Winter21,12/25/2020 14:53,Sciurus carolinensis,12/25/2020,2/7/2021
SEWA_N03_RVP1,47.67354,-122.31119,Winter21,12/26/2020 9:35,Sciurus carolinensis,12/25/2020,2/7/2021
SEWA_N03_RVP1,47.67354,-122.31119,Winter21,12/26/2020 9:54,Sciurus carolinensis,12/25/2020,2/7/2021
SEWA_N03_RVP1,47.67354,-122.31119,Winter21,12/26/2020 11:42,Sciurus carolinensis,12/25/2020,2/7/2021
SEWA_N03_RVP1,47.67354,-122.31119,Winter21,12/26/2020 11:43,Sciurus carolinensis,12/25/2020,2/7/2021
SEWA_N03_RVP1,47.67354,-122.31119,Winter21,12/26/2020 13:44,Sciurus carolinensis,12/25/2020,2/7/2021
SEWA_N03_RVP1,47.67354,-122.31119,Winter21,12/26/2020 16:19,Sciurus carolinensis,12/25/2020,2/7/2021
SEWA_N03_RVP1,47.67354,-122.31119,Winter21,12/27/2020 8:00,Sciurus carolinensis,12/25/2020,2/7/2021
SEWA_N03_RVP1,47.67354,-122.31119,Winter21,12/27/2020 8:17,Sciurus carolinensis,12/25/2020,2/7/2021
SEWA_N03_RVP1,47.67354,-122.31119,Winter21,12/27/2020 16:23,Sciurus carolinensis,12/25/2020,2/7/2021
SEWA_N03_RVP1,47.67354,-122.31119,Winter21,12/27/2020 17:55,Procyon lotor,12/25/2020,2/7/2021
SEWA_N03_RVP1,47.67354,-122.31119,Winter21,12/28/2020 9:15,Sciurus carolinensis,12/25/2020,2/7/2021
SEWA_N03_RVP1,47.67354,-122.31119,Winter21,12/28/2020 13:36,Sciurus carolinensis,12/25/2020,2/7/2021
SEWA_N03_RVP1,47.67354,-122.31119,Winter21,12/28/2020 15:51,Sciurus carolinensis,12/25/2020,2/7/2021
SEWA_N03_RVP1,47.67354,-122.31119,Winter21,12/28/2020 16:21,Sciurus carolinensis,12/25/2020,2/7/2021
SEWA_N03_RVP1,47.67354,-122.31119,Winter21,12/28/2020 16:26,Sciurus carolinensis,12/25/2020,2/7/2021
SEWA_N03_RVP1,47.67354,-122.31119,Winter21,12/28/2020 17:59,Procyon lotor,12/25/2020,2/7/2021
SEWA_N03_RVP1,47.67354,-122.31119,Winter21,12/29/2020 8:09,Sciurus carolinensis,12/25/2020,2/7/2021
SEWA_N03_RVP1,47.67354,-122.31119,Winter21,12/29/2020 8:17,Sciurus carolinensis,12/25/2020,2/7/2021
SEWA_N03_RVP1,47.67354,-122.31119,Winter21,12/29/2020 9:04,Sciurus carolinensis,12/25/2020,2/7/2021
SEWA_N03_RVP1,47.67354,-122.31119,Winter21,12/29/2020 9:25,Sciurus carolinensis,12/25/2020,2/7/2021
SEWA_N03_RVP1,47.67354,-122.31119,Winter21,12/29/2020 10:09,Sciurus carolinensis,12/25/2020,2/7/2021
SEWA_N03_RVP1,47.67354,-122.31119,Winter21,12/29/2020 10:57,Sciurus carolinensis,12/25/2020,2/7/2021
SEWA_N03_RVP1,47.67354,-122.31119,Winter21,12/29/2020 11:21,Sciurus carolinensis,12/25/2020,2/7/2021
SEWA_N03_RVP1,47.67354,-122.31119,Winter21,12/29/2020 11:23,Sciurus carolinensis,12/25/2020,2/7/2021
SEWA_N03_RVP1,47.67354,-122.31119,Winter21,12/29/2020 12:48,Sciurus carolinensis,12/25/2020,2/7/2021
SEWA_N03_RVP1,47.67354,-122.31119,Winter21,12/29/2020 15:48,Sciurus carolinensis,12/25/2020,2/7/2021
SEWA_N03_RVP1,47.67354,-122.31119,Winter21,12/29/2020 16:04,Sciurus carolinensis,12/25/2020,2/7/2021
SEWA_N03_RVP1,47.67354,-122.31119,Winter21,12/30/2020 9:39,Sciurus carolinensis,12/25/2020,2/7/2021
SEWA_N03_RVP1,47.67354,-122.31119,Winter21,12/31/2020 9:48,Sciurus carolinensis,12/25/2020,2/7/2021
SEWA_N03_RVP1,47.67354,-122.31119,Winter21,12/31/2020 11:05,Sciurus carolinensis,12/25/2020,2/7/2021
SEWA_N03_RVP1,47.67354,-122.31119,Winter21,12/31/2020 11:24,Sciurus carolinensis,12/25/2020,2/7/2021
SEWA_N03_RVP1,47.67354,-122.31119,Winter21,12/31/2020 11:26,Sciurus carolinensis,12/25/2020,2/7/2021
SEWA_N03_RVP1,47.67354,-122.31119,Winter21,12/31/2020 16:25,Sciurus carolinensis,12/25/2020,2/7/2021
SEWA_N03_RVP1,47.67354,-122.31119,Winter21,12/31/2020 16:28,Sciurus carolinensis,12/25/2020,2/7/2021
SEWA_N03_RVP1,47.67354,-122.31119,Winter21,12/31/2020 19:07,Procyon lotor,12/25/2020,2/7/2021
SEWA_N03_RVP1,47.67354,-122.31119,Winter21,12/31/2020 19:13,Procyon lotor,12/25/2020,2/7/2021
SEWA_N03_RVP1,47.67354,-122.31119,Winter21,12/31/2020 19:21,Procyon lotor,12/25/2020,2/7/2021
SEWA_N04_HFW1,47.70676,-122.19162,Winter21,12/26/2020 23:14,Procyon lotor,12/25/2020,2/7/2021
SEWA_N04_HFW1,47.70676,-122.19162,Winter21,12/26/2020 23:17,Procyon lotor,12/25/2020,2/7/2021
SEWA_N04_HFW1,47.70676,-122.19162,Winter21,12/27/2020 3:20,Procyon lotor,12/25/2020,2/7/2021
SEWA_N04_HFW1,47.70676,-122.19162,Winter21,12/27/2020 3:36,Procyon lotor,12/25/2020,2/7/2021
SEWA_N04_HFW1,47.70676,-122.19162,Winter21,12/27/2020 3:39,Procyon lotor,12/25/2020,2/7/2021
SEWA_N04_HFW1,47.70676,-122.19162,Winter21,12/27/2020 3:51,Procyon lotor,12/25/2020,2/7/2021
SEWA_N04_HFW1,47.70676,-122.19162,Winter21,12/27/2020 4:01,Procyon lotor,12/25/2020,2/7/2021
SEWA_N04_HFW1,47.70676,-122.19162,Winter21,12/27/2020 4:04,Procyon lotor,12/25/2020,2/7/2021
SEWA_N04_HFW1,47.70676,-122.19162,Winter21,12/27/2020 4:06,Procyon lotor,12/25/2020,2/7/2021
SEWA_N04_HFW1,47.70676,-122.19162,Winter21,12/27/2020 4:13,Procyon lotor,12/25/2020,2/7/2021
SEWA_N04_HFW1,47.70676,-122.19162,Winter21,12/29/2020 4:40,Procyon lotor,12/25/2020,2/7/2021
SEWA_N04_HFW1,47.70676,-122.19162,Winter21,12/29/2020 20:17,Procyon lotor,12/25/2020,2/7/2021
SEWA_N04_HFW1,47.70676,-122.19162,Winter21,12/30/2020 8:19,Canis latrans,12/25/2020,2/7/2021
SEWA_N04_HFW1,47.70676,-122.19162,Winter21,12/31/2020 5:19,Didelphis virginiana,12/25/2020,2/7/2021
SEWA_N04_HFW1,47.70676,-122.19162,Winter21,12/31/2020 8:32,Didelphis virginiana,12/25/2020,2/7/2021
SEWA_N04_HFW1,47.70676,-122.19162,Winter21,12/31/2020 8:35,Didelphis virginiana,12/25/2020,2/7/2021
SEWA_N04_HFW1,47.70676,-122.19162,Winter21,12/31/2020 8:38,Didelphis virginiana,12/25/2020,2/7/2021
SEWA_N04_HFW1,47.70676,-122.19162,Winter21,1/1/2021 1:25,Procyon lotor,12/25/2020,2/7/2021
SEWA_N04_HFW1,47.70676,-122.19162,Winter21,1/1/2021 1:32,Procyon lotor,12/25/2020,2/7/2021
SEWA_N04_HFW1,47.70676,-122.19162,Winter21,1/3/2021 20:29,Canis latrans,12/25/2020,2/7/2021
SEWA_N04_HFW1,47.70676,-122.19162,Winter21,1/3/2021 23:53,Procyon lotor,12/25/2020,2/7/2021
SEWA_N04_HFW1,47.70676,-122.19162,Winter21,1/6/2021 23:02,Procyon lotor,12/25/2020,2/7/2021
SEWA_N04_HFW1,47.70676,-122.19162,Winter21,1/7/2021 0:12,Canis latrans,12/25/2020,2/7/2021
SEWA_N04_HFW1,47.70676,-122.19162,Winter21,1/7/2021 23:39,Didelphis virginiana,12/25/2020,2/7/2021
SEWA_N04_HFW1,47.70676,-122.19162,Winter21,1/7/2021 23:42,Didelphis virginiana,12/25/2020,2/7/2021
SEWA_N04_HFW1,47.70676,-122.19162,Winter21,1/8/2021 5:44,Sylvilagus floridanus,12/25/2020,2/7/2021
SEWA_N04_HFW1,47.70676,-122.19162,Winter21,1/9/2021 20:50,Procyon lotor,12/25/2020,2/7/2021
SEWA_N04_HFW1,47.70676,-122.19162,Winter21,1/10/2021 12:10,Homo sapiens,12/25/2020,2/7/2021
SEWA_N04_HFW1,47.70676,-122.19162,Winter21,1/28/2021 22:25,Procyon lotor,12/25/2020,2/7/2021
SEWA_N04_JBP1,47.69558,-122.20348,Winter21,12/27/2020 8:18,Homo sapiens,12/25/2020,2/7/2021
SEWA_N04_JBP1,47.69558,-122.20348,Winter21,12/28/2020 11:31,Homo sapiens,12/25/2020,2/7/2021
SEWA_N04_JBP1,47.69558,-122.20348,Winter21,12/30/2020 11:28,Odocoileus virginianus,12/25/2020,2/7/2021
SEWA_N04_JBP1,47.69558,-122.20348,Winter21,1/31/2021 10:56,Homo sapiens,12/25/2020,2/7/2021
SEWA_N04_JBP1,47.69558,-122.20348,Winter21,1/31/2021 10:56,Canis familiaris,12/25/2020,2/7/2021
SEWA_N05_SVP1,47.70675,-122.15123,Winter21,12/26/2020 8:42,Canis latrans,12/25/2020,2/7/2021
SEWA_N05_SVP1,47.70675,-122.15123,Winter21,12/28/2020 12:41,Canis latrans,12/25/2020,2/7/2021
SEWA_N05_SVP1,47.70675,-122.15123,Winter21,1/2/2021 10:53,Canis latrans,12/25/2020,2/7/2021
SEWA_N05_SVP1,47.70675,-122.15123,Winter21,1/3/2021 13:56,Homo sapiens,12/25/2020,2/7/2021
SEWA_N05_SVP1,47.70675,-122.15123,Winter21,1/3/2021 13:57,Homo sapiens,12/25/2020,2/7/2021
SEWA_N06_MBC2,47.70431,-122.08896,Winter21,12/27/2020 4:31,Canis latrans,12/25/2020,2/7/2021
SEWA_N06_MBC2,47.70431,-122.08896,Winter21,12/27/2020 10:13,Sciurus carolinensis,12/25/2020,2/7/2021
SEWA_N06_MBC2,47.70431,-122.08896,Winter21,12/27/2020 16:07,Sciurus carolinensis,12/25/2020,2/7/2021
SEWA_N06_MBC2,47.70431,-122.08896,Winter21,12/28/2020 9:59,Sciurus carolinensis,12/25/2020,2/7/2021
SEWA_N06_MBC2,47.70431,-122.08896,Winter21,12/28/2020 15:44,Sciurus carolinensis,12/25/2020,2/7/2021
SEWA_N06_MBC2,47.70431,-122.08896,Winter21,12/30/2020 4:04,Sylvilagus floridanus,12/25/2020,2/7/2021
SEWA_N06_MBC2,47.70431,-122.08896,Winter21,12/30/2020 18:46,Didelphis virginiana,12/25/2020,2/7/2021
SEWA_N06_MBC2,47.70431,-122.08896,Winter21,1/2/2021 5:20,Didelphis virginiana,12/25/2020,2/7/2021
SEWA_N06_MBC2,47.70431,-122.08896,Winter21,1/3/2021 1:46,Procyon lotor,12/25/2020,2/7/2021
SEWA_N06_MBC2,47.70431,-122.08896,Winter21,1/4/2021 19:27,Didelphis virginiana,12/25/2020,2/7/2021
SEWA_N06_MBC2,47.70431,-122.08896,Winter21,1/6/2021 21:55,Didelphis virginiana,12/25/2020,2/7/2021
SEWA_N06_MBC2,47.70431,-122.08896,Winter21,1/7/2021 7:47,Sciurus carolinensis,12/25/2020,2/7/2021
SEWA_N06_MBC2,47.70431,-122.08896,Winter21,1/7/2021 11:28,Sciurus carolinensis,12/25/2020,2/7/2021
SEWA_N06_MBC2,47.70431,-122.08896,Winter21,1/8/2021 16:33,Sciurus carolinensis,12/25/2020,2/7/2021
SEWA_N06_MBC2,47.70431,-122.08896,Winter21,1/9/2021 8:12,Sciurus carolinensis,12/25/2020,2/7/2021
SEWA_N06_MBC2,47.70431,-122.08896,Winter21,1/9/2021 14:33,Homo sapiens,12/25/2020,2/7/2021
SEWA_N06_MBC2,47.70431,-122.08896,Winter21,1/10/2021 1:20,Didelphis virginiana,12/25/2020,2/7/2021
SEWA_N06_MBC2,47.70431,-122.08896,Winter21,1/10/2021 5:53,Didelphis virginiana,12/25/2020,2/7/2021
SEWA_N06_MBC2,47.70431,-122.08896,Winter21,1/11/2021 1:21,Didelphis virginiana,12/25/2020,2/7/2021
SEWA_N06_MBC2,47.70431,-122.08896,Winter21,1/11/2021 21:27,Didelphis virginiana,12/25/2020,2/7/2021
SEWA_N06_MBC2,47.70431,-122.08896,Winter21,1/13/2021 3:32,Didelphis virginiana,12/25/2020,2/7/2021
SEWA_N06_MBC2,47.70431,-122.08896,Winter21,1/14/2021 12:53,Callipepla californica,12/25/2020,2/7/2021
SEWA_N06_MBC2,47.70431,-122.08896,Winter21,1/14/2021 19:00,Procyon lotor,12/25/2020,2/7/2021
SEWA_N06_MBC2,47.70431,-122.08896,Winter21,1/15/2021 0:45,Didelphis virginiana,12/25/2020,2/7/2021
SEWA_N06_MBC2,47.70431,-122.08896,Winter21,1/16/2021 13:37,Cyanocitta stelleri,12/25/2020,2/7/2021
SEWA_N06_MBC2,47.70431,-122.08896,Winter21,1/16/2021 22:31,Didelphis virginiana,12/25/2020,2/7/2021
SEWA_N06_MBC2,47.70431,-122.08896,Winter21,1/17/2021 14:35,Callipepla californica,12/25/2020,2/7/2021
SEWA_N06_MBC2,47.70431,-122.08896,Winter21,1/17/2021 19:28,Didelphis virginiana,12/25/2020,2/7/2021
SEWA_N06_MBC2,47.70431,-122.08896,Winter21,1/19/2021 21:35,Didelphis virginiana,12/25/2020,2/7/2021
SEWA_N06_MBC2,47.70431,-122.08896,Winter21,1/20/2021 19:49,Didelphis virginiana,12/25/2020,2/7/2021
SEWA_N06_MBC2,47.70431,-122.08896,Winter21,1/21/2021 13:32,Turdus migratorius,12/25/2020,2/7/2021
SEWA_N06_MBC2,47.70431,-122.08896,Winter21,1/21/2021 22:25,Didelphis virginiana,12/25/2020,2/7/2021
SEWA_N06_MBC2,47.70431,-122.08896,Winter21,1/22/2021 10:11,Colaptes auratus,12/25/2020,2/7/2021
SEWA_N06_MBC2,47.70431,-122.08896,Winter21,1/22/2021 10:34,Cyanocitta stelleri,12/25/2020,2/7/2021
SEWA_N06_MBC2,47.70431,-122.08896,Winter21,1/22/2021 21:25,Castor canadensis,12/25/2020,2/7/2021
SEWA_N06_MBC2,47.70431,-122.08896,Winter21,1/23/2021 2:50,Castor canadensis,12/25/2020,2/7/2021
SEWA_N06_MBC2,47.70431,-122.08896,Winter21,1/23/2021 2:52,Castor canadensis,12/25/2020,2/7/2021
SEWA_N06_MBC2,47.70431,-122.08896,Winter21,1/23/2021 11:13,Callipepla californica,12/25/2020,2/7/2021
SEWA_N06_MBC2,47.70431,-122.08896,Winter21,1/24/2021 16:47,Sciurus carolinensis,12/25/2020,2/7/2021
SEWA_N06_MBC2,47.70431,-122.08896,Winter21,1/26/2021 22:15,Didelphis virginiana,12/25/2020,2/7/2021
SEWA_N06_MBC2,47.70431,-122.08896,Winter21,1/27/2021 12:53,Turdus migratorius,12/25/2020,2/7/2021
SEWA_N06_MBC2,47.70431,-122.08896,Winter21,1/27/2021 14:59,Sciurus carolinensis,12/25/2020,2/7/2021
SEWA_N06_MBC2,47.70431,-122.08896,Winter21,1/27/2021 19:25,Didelphis virginiana,12/25/2020,2/7/2021
SEWA_N06_MBC2,47.70431,-122.08896,Winter21,1/27/2021 19:34,Didelphis virginiana,12/25/2020,2/7/2021
SEWA_N06_MBC2,47.70431,-122.08896,Winter21,1/28/2021 0:28,Didelphis virginiana,12/25/2020,2/7/2021
SEWA_N06_MBC2,47.70431,-122.08896,Winter21,1/28/2021 1:18,Didelphis virginiana,12/25/2020,2/7/2021
SEWA_N06_MBC2,47.70431,-122.08896,Winter21,1/28/2021 1:40,Didelphis virginiana,12/25/2020,2/7/2021
SEWA_N06_MBC2,47.70431,-122.08896,Winter21,1/28/2021 5:01,Didelphis virginiana,12/25/2020,2/7/2021
SEWA_N06_MBC2,47.70431,-122.08896,Winter21,1/28/2021 10:55,Callipepla californica,12/25/2020,2/7/2021
SEWA_N06_MBC2,47.70431,-122.08896,Winter21,1/28/2021 12:59,Sciurus carolinensis,12/25/2020,2/7/2021
SEWA_N06_MBC2,47.70431,-122.08896,Winter21,1/28/2021 22:48,Didelphis virginiana,12/25/2020,2/7/2021
SEWA_N06_MBC2,47.70431,-122.08896,Winter21,1/29/2021 5:45,Didelphis virginiana,12/25/2020,2/7/2021
SEWA_N06_MBC2,47.70431,-122.08896,Winter21,1/29/2021 6:12,Didelphis virginiana,12/25/2020,2/7/2021
SEWA_N06_MBC2,47.70431,-122.08896,Winter21,1/29/2021 11:12,Cyanocitta stelleri,12/25/2020,2/7/2021
SEWA_N06_MBC2,47.70431,-122.08896,Winter21,1/29/2021 20:25,Didelphis virginiana,12/25/2020,2/7/2021
SEWA_N06_MBC2,47.70431,-122.08896,Winter21,1/29/2021 22:12,Didelphis virginiana,12/25/2020,2/7/2021
SEWA_N06_MBC2,47.70431,-122.08896,Winter21,1/30/2021 12:26,Turdus migratorius,12/25/2020,2/7/2021
SEWA_N06_MBC2,47.70431,-122.08896,Winter21,1/30/2021 13:00,Turdus migratorius,12/25/2020,2/7/2021
SEWA_N06_MBC2,47.70431,-122.08896,Winter21,1/30/2021 13:21,Colaptes auratus,12/25/2020,2/7/2021
SEWA_N06_MBC2,47.70431,-122.08896,Winter21,1/30/2021 22:04,Didelphis virginiana,12/25/2020,2/7/2021
SEWA_N06_MBC2,47.70431,-122.08896,Winter21,1/31/2021 2:36,Didelphis virginiana,12/25/2020,2/7/2021
SEWA_N06_MBC2,47.70431,-122.08896,Winter21,1/31/2021 3:36,Didelphis virginiana,12/25/2020,2/7/2021
SEWA_N06_MBC2,47.70431,-122.08896,Winter21,1/31/2021 4:57,Didelphis virginiana,12/25/2020,2/7/2021
SEWA_N06_MBC2,47.70431,-122.08896,Winter21,1/31/2021 5:36,Didelphis virginiana,12/25/2020,2/7/2021
SEWA_N06_MBC2,47.70431,-122.08896,Winter21,1/31/2021 19:39,Didelphis virginiana,12/25/2020,2/7/2021
SEWA_N06_MBC2,47.70431,-122.08896,Winter21,1/31/2021 23:06,Didelphis virginiana,12/25/2020,2/7/2021
SEWA_N06_MBC2,47.70431,-122.08896,Winter21,2/1/2021 2:05,Didelphis virginiana,12/25/2020,2/7/2021
SEWA_N06_MBC2,47.70431,-122.08896,Winter21,2/1/2021 4:29,Didelphis virginiana,12/25/2020,2/7/2021
SEWA_N06_MBC2,47.70431,-122.08896,Winter21,2/1/2021 11:34,Callipepla californica,12/25/2020,2/7/2021
SEWA_N06_MBC2,47.70431,-122.08896,Winter21,2/1/2021 22:01,Didelphis virginiana,12/25/2020,2/7/2021
SEWA_N06_MBC2,47.70431,-122.08896,Winter21,2/2/2021 2:28,Didelphis virginiana,12/25/2020,2/7/2021
SEWA_N06_MBC2,47.70431,-122.08896,Winter21,2/2/2021 6:25,Didelphis virginiana,12/25/2020,2/7/2021
SEWA_N06_MBC2,47.70431,-122.08896,Winter21,2/2/2021 14:33,Sciurus carolinensis,12/25/2020,2/7/2021
SEWA_N06_MBC2,47.70431,-122.08896,Winter21,2/2/2021 21:19,Didelphis virginiana,12/25/2020,2/7/2021
SEWA_N06_MBC2,47.70431,-122.08896,Winter21,2/2/2021 22:46,Didelphis virginiana,12/25/2020,2/7/2021
SEWA_N06_MBC2,47.70431,-122.08896,Winter21,2/2/2021 22:51,Didelphis virginiana,12/25/2020,2/7/2021
SEWA_N06_MBC2,47.70431,-122.08896,Winter21,2/2/2021 23:52,Didelphis virginiana,12/25/2020,2/7/2021
SEWA_N06_MBC2,47.70431,-122.08896,Winter21,2/3/2021 20:36,Didelphis virginiana,12/25/2020,2/7/2021
SEWA_N06_MBC2,47.70431,-122.08896,Winter21,2/3/2021 20:58,Didelphis virginiana,12/25/2020,2/7/2021
SEWA_N06_MBC2,47.70431,-122.08896,Winter21,2/3/2021 23:52,Didelphis virginiana,12/25/2020,2/7/2021
SEWA_N06_MBC2,47.70431,-122.08896,Winter21,2/4/2021 2:53,Didelphis virginiana,12/25/2020,2/7/2021
SEWA_N06_MBC2,47.70431,-122.08896,Winter21,2/5/2021 0:31,Didelphis virginiana,12/25/2020,2/7/2021
SEWA_N06_MBC2,47.70431,-122.08896,Winter21,2/5/2021 1:42,Didelphis virginiana,12/25/2020,2/7/2021
SEWA_N06_MBC2,47.70431,-122.08896,Winter21,2/5/2021 22:46,Didelphis virginiana,12/25/2020,2/7/2021
SEWA_N06_MBC2,47.70431,-122.08896,Winter21,2/6/2021 0:02,Didelphis virginiana,12/25/2020,2/7/2021
SEWA_N06_MBC2,47.70431,-122.08896,Winter21,2/6/2021 18:21,Didelphis virginiana,12/25/2020,2/7/2021
SEWA_N06_MBC2,47.70431,-122.08896,Winter21,2/6/2021 22:13,Didelphis virginiana,12/25/2020,2/7/2021
SEWA_N07_FRD1,47.75103,-122.00792,Winter21,12/28/2020 14:11,Homo sapiens,12/25/2020,2/7/2021
SEWA_N07_FRD1,47.75103,-122.00792,Winter21,12/28/2020 14:12,Homo sapiens,12/25/2020,2/7/2021
SEWA_N07_FRD1,47.75103,-122.00792,Winter21,12/30/2020 19:17,Canis latrans,12/25/2020,2/7/2021
SEWA_N07_FRD1,47.75103,-122.00792,Winter21,1/6/2021 4:27,Procyon lotor,12/25/2020,2/7/2021
SEWA_N07_FRD1,47.75103,-122.00792,Winter21,1/8/2021 20:15,Didelphis virginiana,12/25/2020,2/7/2021
SEWA_N07_FRD1,47.75103,-122.00792,Winter21,1/9/2021 12:27,Odocoileus hemionus,12/25/2020,2/7/2021
SEWA_N07_FRD1,47.75103,-122.00792,Winter21,1/9/2021 12:28,Odocoileus hemionus,12/25/2020,2/7/2021
SEWA_N07_FRD1,47.75103,-122.00792,Winter21,1/15/2021 17:54,Procyon lotor,12/25/2020,2/7/2021
SEWA_N07_FRD1,47.75103,-122.00792,Winter21,1/22/2021 13:51,Odocoileus hemionus,12/25/2020,2/7/2021
SEWA_N07_FRD1,47.75103,-122.00792,Winter21,1/23/2021 10:08,Canis latrans,12/25/2020,2/7/2021
SEWA_N07_FRD1,47.75103,-122.00792,Winter21,1/23/2021 10:09,Canis sp.,12/25/2020,2/7/2021
SEWA_N07_FRD1,47.75103,-122.00792,Winter21,1/24/2021 17:33,Procyon lotor,12/25/2020,2/7/2021
SEWA_N07_FRD1,47.75103,-122.00792,Winter21,1/26/2021 19:13,Canis latrans,12/25/2020,2/7/2021
SEWA_N07_FRD1,47.75103,-122.00792,Winter21,1/31/2021 11:13,Homo sapiens,12/25/2020,2/7/2021
SEWA_N07_RHF1,47.7406,-122.01764,Winter21,12/25/2020 17:49,Canis latrans,12/25/2020,2/7/2021
SEWA_N07_RHF1,47.7406,-122.01764,Winter21,12/27/2020 2:08,Canis latrans,12/25/2020,2/7/2021
SEWA_N07_RHF1,47.7406,-122.01764,Winter21,12/28/2020 18:56,Canis latrans,12/25/2020,2/7/2021
SEWA_N07_RHF1,47.7406,-122.01764,Winter21,12/29/2020 1:26,Canis latrans,12/25/2020,2/7/2021
SEWA_N07_RHF1,47.7406,-122.01764,Winter21,12/29/2020 1:28,Canis latrans,12/25/2020,2/7/2021
SEWA_N07_RHF1,47.7406,-122.01764,Winter21,1/2/2021 3:33,Canis latrans,12/25/2020,2/7/2021
SEWA_N07_RHF1,47.7406,-122.01764,Winter21,1/2/2021 14:21,Canis familiaris,12/25/2020,2/7/2021
SEWA_N07_RHF1,47.7406,-122.01764,Winter21,1/2/2021 14:21,Homo sapiens,12/25/2020,2/7/2021
SEWA_N07_RHF1,47.7406,-122.01764,Winter21,1/4/2021 23:26,Canis latrans,12/25/2020,2/7/2021
SEWA_N07_RHF1,47.7406,-122.01764,Winter21,1/8/2021 20:45,Canis latrans,12/25/2020,2/7/2021
SEWA_N07_RHF1,47.7406,-122.01764,Winter21,1/9/2021 21:27,Canis latrans,12/25/2020,2/7/2021
SEWA_N07_RHF1,47.7406,-122.01764,Winter21,1/10/2021 16:58,Lynx rufus,12/25/2020,2/7/2021
SEWA_N07_RHF1,47.7406,-122.01764,Winter21,1/13/2021 21:10,Canis latrans,12/25/2020,2/7/2021
SEWA_N07_RHF1,47.7406,-122.01764,Winter21,1/20/2021 3:38,Canis latrans,12/25/2020,2/7/2021
SEWA_N07_RHF1,47.7406,-122.01764,Winter21,1/27/2021 19:37,Canis latrans,12/25/2020,2/7/2021
SEWA_N07_RHF1,47.7406,-122.01764,Winter21,1/29/2021 15:57,Canis latrans,12/25/2020,2/7/2021
SEWA_N07_RHF1,47.7406,-122.01764,Winter21,2/3/2021 10:24,Homo sapiens,12/25/2020,2/7/2021
SEWA_N07_RHF1,47.7406,-122.01764,Winter21,2/3/2021 10:26,Homo sapiens,12/25/2020,2/7/2021
SEWA_S01_PGP2,47.55669,-122.35852,Winter21,12/31/2020 12:22,Homo sapiens,12/25/2020,2/7/2021
SEWA_S02_HCN1,47.51622,-122.30736,Winter21,1/15/2021 9:29,Canis familiaris,12/25/2020,2/7/2021
SEWA_S02_MSR1,47.54984,-122.3086,Winter21,12/25/2020 18:23,Sylvilagus floridanus,12/25/2020,2/7/2021
SEWA_S02_MSR1,47.54984,-122.3086,Winter21,12/26/2020 6:31,Procyon lotor,12/25/2020,2/7/2021
SEWA_S02_MSR1,47.54984,-122.3086,Winter21,12/26/2020 7:56,Sciurus carolinensis,12/25/2020,2/7/2021
SEWA_S02_MSR1,47.54984,-122.3086,Winter21,12/26/2020 14:38,Sciurus carolinensis,12/25/2020,2/7/2021
SEWA_S02_MSR1,47.54984,-122.3086,Winter21,12/26/2020 19:05,Rattus rattus,12/25/2020,2/7/2021
SEWA_S02_MSR1,47.54984,-122.3086,Winter21,12/26/2020 19:42,Rattus rattus,12/25/2020,2/7/2021
SEWA_S02_MSR1,47.54984,-122.3086,Winter21,12/27/2020 2:22,Rattus rattus,12/25/2020,2/7/2021
SEWA_S02_MSR1,47.54984,-122.3086,Winter21,12/27/2020 7:00,Rattus rattus,12/25/2020,2/7/2021
SEWA_S02_MSR1,47.54984,-122.3086,Winter21,12/27/2020 18:15,Rattus rattus,12/25/2020,2/7/2021
SEWA_S02_MSR1,47.54984,-122.3086,Winter21,12/28/2020 0:45,Rattus rattus,12/25/2020,2/7/2021
SEWA_S02_MSR1,47.54984,-122.3086,Winter21,12/28/2020 18:00,Rattus rattus,12/25/2020,2/7/2021
SEWA_S02_MSR1,47.54984,-122.3086,Winter21,12/28/2020 18:35,Rattus rattus,12/25/2020,2/7/2021
SEWA_S02_MSR1,47.54984,-122.3086,Winter21,12/29/2020 12:25,Sciurus carolinensis,12/25/2020,2/7/2021
SEWA_S02_MSR1,47.54984,-122.3086,Winter21,12/29/2020 12:33,Sciurus carolinensis,12/25/2020,2/7/2021
SEWA_S02_MSR1,47.54984,-122.3086,Winter21,12/29/2020 23:37,Rattus rattus,12/25/2020,2/7/2021
SEWA_S02_MSR1,47.54984,-122.3086,Winter21,12/30/2020 8:53,Sciurus carolinensis,12/25/2020,2/7/2021
SEWA_S02_MSR1,47.54984,-122.3086,Winter21,12/30/2020 18:59,Rattus rattus,12/25/2020,2/7/2021
SEWA_S02_MSR1,47.54984,-122.3086,Winter21,12/31/2020 4:55,Rattus rattus,12/25/2020,2/7/2021
SEWA_S02_MSR1,47.54984,-122.3086,Winter21,12/31/2020 15:40,Sciurus carolinensis,12/25/2020,2/7/2021
SEWA_S02_MSR1,47.54984,-122.3086,Winter21,12/31/2020 15:46,Sciurus carolinensis,12/25/2020,2/7/2021
SEWA_S02_MSR1,47.54984,-122.3086,Winter21,12/31/2020 16:20,Sciurus carolinensis,12/25/2020,2/7/2021
SEWA_S02_MSR1,47.54984,-122.3086,Winter21,12/31/2020 16:33,Sciurus carolinensis,12/25/2020,2/7/2021
SEWA_S02_MSR1,47.54984,-122.3086,Winter21,12/31/2020 18:05,Rattus rattus,12/25/2020,2/7/2021
SEWA_S02_MSR1,47.54984,-122.3086,Winter21,12/31/2020 18:07,Rattus rattus,12/25/2020,2/7/2021
SEWA_S02_MSR1,47.54984,-122.3086,Winter21,12/31/2020 20:22,Rattus rattus,12/25/2020,2/7/2021
SEWA_S02_MSR1,47.54984,-122.3086,Winter21,12/31/2020 20:24,Rattus rattus,12/25/2020,2/7/2021
SEWA_S02_MSR1,47.54984,-122.3086,Winter21,1/1/2021 3:31,Rattus rattus,12/25/2020,2/7/2021
SEWA_S02_MSR1,47.54984,-122.3086,Winter21,1/1/2021 4:24,Rattus rattus,12/25/2020,2/7/2021
SEWA_S02_MSR1,47.54984,-122.3086,Winter21,1/1/2021 8:20,Sciurus carolinensis,12/25/2020,2/7/2021
SEWA_S02_MSR1,47.54984,-122.3086,Winter21,1/1/2021 13:40,Sciurus carolinensis,12/25/2020,2/7/2021
SEWA_S02_MSR1,47.54984,-122.3086,Winter21,1/1/2021 17:13,Procyon lotor,12/25/2020,2/7/2021
SEWA_S02_MSR1,47.54984,-122.3086,Winter21,1/1/2021 17:41,Rattus rattus,12/25/2020,2/7/2021
SEWA_S02_MSR1,47.54984,-122.3086,Winter21,1/3/2021 4:09,Rattus rattus,12/25/2020,2/7/2021
SEWA_S02_MSR1,47.54984,-122.3086,Winter21,1/3/2021 11:35,Homo sapiens,12/25/2020,2/7/2021
SEWA_S02_MSR1,47.54984,-122.3086,Winter21,1/3/2021 20:52,Canis latrans,12/25/2020,2/7/2021
SEWA_S02_MWP2,47.56093,-122.31849,Winter21,12/25/2020 7:27,Sylvilagus floridanus,12/25/2020,2/7/2021
SEWA_S02_MWP2,47.56093,-122.31849,Winter21,12/25/2020 10:43,Sciurus carolinensis,12/25/2020,2/7/2021
SEWA_S02_MWP2,47.56093,-122.31849,Winter21,12/25/2020 13:32,Sciurus carolinensis,12/25/2020,2/7/2021
SEWA_S02_MWP2,47.56093,-122.31849,Winter21,12/25/2020 13:37,Sciurus carolinensis,12/25/2020,2/7/2021
SEWA_S02_MWP2,47.56093,-122.31849,Winter21,12/25/2020 13:38,Sciurus carolinensis,12/25/2020,2/7/2021
SEWA_S02_MWP2,47.56093,-122.31849,Winter21,12/25/2020 13:41,Sciurus carolinensis,12/25/2020,2/7/2021
SEWA_S02_MWP2,47.56093,-122.31849,Winter21,12/25/2020 13:42,Sciurus carolinensis,12/25/2020,2/7/2021
SEWA_S02_MWP2,47.56093,-122.31849,Winter21,12/25/2020 13:44,Sciurus carolinensis,12/25/2020,2/7/2021
SEWA_S02_MWP2,47.56093,-122.31849,Winter21,12/25/2020 13:52,Sciurus carolinensis,12/25/2020,2/7/2021
SEWA_S02_MWP2,47.56093,-122.31849,Winter21,12/25/2020 17:46,Sylvilagus floridanus,12/25/2020,2/7/2021
SEWA_S02_MWP2,47.56093,-122.31849,Winter21,12/25/2020 20:49,Sylvilagus floridanus,12/25/2020,2/7/2021
SEWA_S02_MWP2,47.56093,-122.31849,Winter21,12/25/2020 23:36,Sylvilagus floridanus,12/25/2020,2/7/2021
SEWA_S02_MWP2,47.56093,-122.31849,Winter21,12/25/2020 23:38,Sylvilagus floridanus,12/25/2020,2/7/2021
SEWA_S02_MWP2,47.56093,-122.31849,Winter21,12/25/2020 23:51,Felis catus,12/25/2020,2/7/2021
SEWA_S02_MWP2,47.56093,-122.31849,Winter21,12/26/2020 0:56,Sylvilagus floridanus,12/25/2020,2/7/2021
SEWA_S02_MWP2,47.56093,-122.31849,Winter21,12/26/2020 12:47,Sciurus carolinensis,12/25/2020,2/7/2021
SEWA_S02_MWP2,47.56093,-122.31849,Winter21,12/26/2020 15:43,Felis catus,12/25/2020,2/7/2021
SEWA_S02_MWP2,47.56093,-122.31849,Winter21,12/27/2020 8:06,Sylvilagus floridanus,12/25/2020,2/7/2021
SEWA_S02_MWP2,47.56093,-122.31849,Winter21,12/27/2020 8:10,Sylvilagus floridanus,12/25/2020,2/7/2021
SEWA_S02_MWP2,47.56093,-122.31849,Winter21,12/27/2020 14:02,Sciurus carolinensis,12/25/2020,2/7/2021
SEWA_S02_MWP2,47.56093,-122.31849,Winter21,12/28/2020 8:50,Sciurus carolinensis,12/25/2020,2/7/2021
SEWA_S02_MWP2,47.56093,-122.31849,Winter21,12/28/2020 12:04,Sciurus carolinensis,12/25/2020,2/7/2021
SEWA_S02_MWP2,47.56093,-122.31849,Winter21,12/28/2020 12:13,Felis catus,12/25/2020,2/7/2021
SEWA_S02_MWP2,47.56093,-122.31849,Winter21,12/28/2020 12:16,Sciurus carolinensis,12/25/2020,2/7/2021
SEWA_S02_MWP2,47.56093,-122.31849,Winter21,12/28/2020 14:36,Canis familiaris,12/25/2020,2/7/2021
SEWA_S02_MWP2,47.56093,-122.31849,Winter21,12/28/2020 16:43,Sciurus carolinensis,12/25/2020,2/7/2021
SEWA_S02_MWP2,47.56093,-122.31849,Winter21,12/28/2020 16:45,Sciurus carolinensis,12/25/2020,2/7/2021
SEWA_S02_MWP2,47.56093,-122.31849,Winter21,12/29/2020 9:33,Sciurus carolinensis,12/25/2020,2/7/2021
SEWA_S02_MWP2,47.56093,-122.31849,Winter21,12/29/2020 11:02,Felis catus,12/25/2020,2/7/2021
SEWA_S02_MWP2,47.56093,-122.31849,Winter21,12/29/2020 12:16,Sciurus carolinensis,12/25/2020,2/7/2021
SEWA_S02_MWP2,47.56093,-122.31849,Winter21,12/29/2020 12:21,Sciurus carolinensis,12/25/2020,2/7/2021
SEWA_S02_MWP2,47.56093,-122.31849,Winter21,12/29/2020 14:00,Sciurus carolinensis,12/25/2020,2/7/2021
SEWA_S02_MWP2,47.56093,-122.31849,Winter21,12/29/2020 14:59,Sciurus carolinensis,12/25/2020,2/7/2021
SEWA_S02_MWP2,47.56093,-122.31849,Winter21,12/29/2020 15:24,Sciurus carolinensis,12/25/2020,2/7/2021
SEWA_S02_MWP2,47.56093,-122.31849,Winter21,12/29/2020 18:23,Felis catus,12/25/2020,2/7/2021
SEWA_S02_MWP2,47.56093,-122.31849,Winter21,12/30/2020 13:21,Sciurus carolinensis,12/25/2020,2/7/2021
SEWA_S02_MWP2,47.56093,-122.31849,Winter21,12/30/2020 14:42,Sciurus carolinensis,12/25/2020,2/7/2021
SEWA_S02_MWP2,47.56093,-122.31849,Winter21,12/31/2020 11:08,Sciurus carolinensis,12/25/2020,2/7/2021
SEWA_S02_MWP2,47.56093,-122.31849,Winter21,12/31/2020 11:10,Sciurus carolinensis,12/25/2020,2/7/2021
SEWA_S02_MWP2,47.56093,-122.31849,Winter21,12/31/2020 11:53,Sciurus carolinensis,12/25/2020,2/7/2021
SEWA_S02_MWP2,47.56093,-122.31849,Winter21,12/31/2020 14:50,Sciurus carolinensis,12/25/2020,2/7/2021
SEWA_S02_MWP2,47.56093,-122.31849,Winter21,1/1/2021 10:48,Sciurus carolinensis,12/25/2020,2/7/2021
SEWA_S02_MWP2,47.56093,-122.31849,Winter21,1/1/2021 12:02,Sciurus carolinensis,12/25/2020,2/7/2021
SEWA_S02_MWP2,47.56093,-122.31849,Winter21,1/1/2021 12:16,Sciurus carolinensis,12/25/2020,2/7/2021
SEWA_S02_MWP2,47.56093,-122.31849,Winter21,1/1/2021 12:18,Sciurus carolinensis,12/25/2020,2/7/2021
SEWA_S02_MWP2,47.56093,-122.31849,Winter21,1/1/2021 12:21,Sciurus carolinensis,12/25/2020,2/7/2021
SEWA_S02_MWP2,47.56093,-122.31849,Winter21,1/1/2021 12:22,Sciurus carolinensis,12/25/2020,2/7/2021
SEWA_S02_MWP2,47.56093,-122.31849,Winter21,1/1/2021 12:41,Sciurus carolinensis,12/25/2020,2/7/2021
SEWA_S02_MWP2,47.56093,-122.31849,Winter21,1/1/2021 13:20,Sciurus carolinensis,12/25/2020,2/7/2021
SEWA_S02_MWP2,47.56093,-122.31849,Winter21,1/1/2021 13:34,Sciurus carolinensis,12/25/2020,2/7/2021
SEWA_S02_MWP2,47.56093,-122.31849,Winter21,1/1/2021 14:38,Sciurus carolinensis,12/25/2020,2/7/2021
SEWA_S02_MWP2,47.56093,-122.31849,Winter21,1/2/2021 9:33,Sciurus carolinensis,12/25/2020,2/7/2021
SEWA_S02_MWP2,47.56093,-122.31849,Winter21,1/2/2021 10:10,Sciurus carolinensis,12/25/2020,2/7/2021
SEWA_S02_MWP2,47.56093,-122.31849,Winter21,1/2/2021 14:21,Sciurus carolinensis,12/25/2020,2/7/2021
SEWA_S02_MWP2,47.56093,-122.31849,Winter21,1/2/2021 22:11,Sylvilagus floridanus,12/25/2020,2/7/2021
SEWA_S02_MWP2,47.56093,-122.31849,Winter21,1/2/2021 22:19,Sylvilagus floridanus,12/25/2020,2/7/2021
SEWA_S02_MWP2,47.56093,-122.31849,Winter21,1/3/2021 8:45,Canis latrans,12/25/2020,2/7/2021
SEWA_S02_MWP2,47.56093,-122.31849,Winter21,1/3/2021 11:56,Canis latrans,12/25/2020,2/7/2021
SEWA_S02_MWP2,47.56093,-122.31849,Winter21,1/3/2021 14:50,Sciurus carolinensis,12/25/2020,2/7/2021
SEWA_S02_MWP2,47.56093,-122.31849,Winter21,1/3/2021 17:35,Sylvilagus floridanus,12/25/2020,2/7/2021
SEWA_S02_MWP2,47.56093,-122.31849,Winter21,1/3/2021 17:40,Sylvilagus floridanus,12/25/2020,2/7/2021
SEWA_S02_MWP2,47.56093,-122.31849,Winter21,1/4/2021 8:06,Sylvilagus floridanus,12/25/2020,2/7/2021
SEWA_S02_MWP2,47.56093,-122.31849,Winter21,1/4/2021 13:34,Sciurus carolinensis,12/25/2020,2/7/2021
SEWA_S02_MWP2,47.56093,-122.31849,Winter21,1/4/2021 13:36,Sciurus carolinensis,12/25/2020,2/7/2021
SEWA_S02_MWP2,47.56093,-122.31849,Winter21,1/4/2021 15:38,Homo sapiens,12/25/2020,2/7/2021
SEWA_S02_MWP2,47.56093,-122.31849,Winter21,1/4/2021 15:39,Homo sapiens,12/25/2020,2/7/2021
SEWA_S02_MWP2,47.56093,-122.31849,Winter21,1/4/2021 16:54,Felis catus,12/25/2020,2/7/2021
SEWA_S02_WDG1,47.54149,-122.34569,Winter21,12/31/2020 10:58,Homo sapiens,12/25/2020,2/7/2021
SEWA_S04_BRF2,47.47647,-122.23516,Winter21,12/31/2020 10:06,Homo sapiens,12/25/2020,2/7/2021
SEWA_S04_FGL1,47.48434,-122.26262,Winter21,12/31/2020 9:30,Homo sapiens,12/25/2020,2/7/2021
SEWA_S06_MPO1,47.44997,-122.11071,Winter21,1/1/2021 1:17,Procyon lotor,12/25/2020,2/7/2021
SEWA_S06_MPO1,47.44997,-122.11071,Winter21,1/1/2021 1:19,Procyon lotor,12/25/2020,2/7/2021
SEWA_S07_BMR1,47.44628,-122.07147,Winter21,1/3/2021 10:45,Homo sapiens,12/25/2020,2/7/2021
SEWA_S07_BMR1,47.44628,-122.07147,Winter21,1/3/2021 10:47,Homo sapiens,12/25/2020,2/7/2021
SEWA_S07_BMR1,47.44628,-122.07147,Winter21,1/31/2021 14:05,Homo sapiens,12/25/2020,2/7/2021
SEWA_S07_BMR1,47.44628,-122.07147,Winter21,1/31/2021 14:06,Homo sapiens,12/25/2020,2/7/2021
SEWA_S07_BMR1,47.44628,-122.07147,Winter21,1/31/2021 14:14,Homo sapiens,12/25/2020,2/7/2021
SEWA_S08_TMF1,47.42278,-121.94978,Winter21,1/24/2021 15:02,Cervus canadensis,12/25/2020,2/7/2021
SEWA_N01_DRP2,47.64354,-122.36046,Spring21,4/30/2021 13:09,Homo sapiens,3/25/2021,5/7/2021
SEWA_N01_DRP2,47.64354,-122.36046,Spring21,4/30/2021 17:46,Sciurus carolinensis,3/25/2021,5/7/2021
SEWA_N01_DRP2,47.64354,-122.36046,Spring21,4/30/2021 18:05,Sciurus carolinensis,3/25/2021,5/7/2021
SEWA_N01_DRP2,47.64354,-122.36046,Spring21,4/30/2021 20:38,Rattus sp.,3/25/2021,5/7/2021
SEWA_N01_DRP2,47.64354,-122.36046,Spring21,4/30/2021 21:39,Rattus sp.,3/25/2021,5/7/2021
SEWA_N01_DRP2,47.64354,-122.36046,Spring21,4/30/2021 21:41,Rattus sp.,3/25/2021,5/7/2021
SEWA_N01_DRP2,47.64354,-122.36046,Spring21,4/30/2021 22:13,Rattus sp.,3/25/2021,5/7/2021
SEWA_N01_DRP2,47.64354,-122.36046,Spring21,4/30/2021 22:47,Rattus sp.,3/25/2021,5/7/2021
SEWA_N01_DRP2,47.64354,-122.36046,Spring21,5/1/2021 1:45,Rattus sp.,3/25/2021,5/7/2021
SEWA_N01_DRP2,47.64354,-122.36046,Spring21,5/1/2021 2:00,Sylvilagus floridanus,3/25/2021,5/7/2021
SEWA_N01_DRP2,47.64354,-122.36046,Spring21,5/1/2021 2:12,Rattus sp.,3/25/2021,5/7/2021
SEWA_N01_DRP2,47.64354,-122.36046,Spring21,5/1/2021 7:57,Canis latrans,3/25/2021,5/7/2021
SEWA_N01_DRP2,47.64354,-122.36046,Spring21,5/1/2021 9:12,Canis latrans,3/25/2021,5/7/2021
SEWA_N01_DRP2,47.64354,-122.36046,Spring21,5/1/2021 9:24,Sciurus carolinensis,3/25/2021,5/7/2021
SEWA_N01_DRP2,47.64354,-122.36046,Spring21,5/1/2021 10:00,Sciurus carolinensis,3/25/2021,5/7/2021
SEWA_N01_DRP2,47.64354,-122.36046,Spring21,5/1/2021 12:25,Sciurus carolinensis,3/25/2021,5/7/2021
SEWA_N01_DRP2,47.64354,-122.36046,Spring21,5/1/2021 12:26,Sciurus carolinensis,3/25/2021,5/7/2021
SEWA_N01_DRP2,47.64354,-122.36046,Spring21,5/1/2021 12:53,Sciurus carolinensis,3/25/2021,5/7/2021
SEWA_N01_DRP2,47.64354,-122.36046,Spring21,5/1/2021 13:10,Sciurus carolinensis,3/25/2021,5/7/2021
SEWA_N01_DRP2,47.64354,-122.36046,Spring21,5/1/2021 13:23,Sciurus carolinensis,3/25/2021,5/7/2021
SEWA_N01_DRP2,47.64354,-122.36046,Spring21,5/1/2021 15:03,Sciurus carolinensis,3/25/2021,5/7/2021
SEWA_N01_DRP2,47.64354,-122.36046,Spring21,5/1/2021 21:20,Sciurus carolinensis,3/25/2021,5/7/2021
SEWA_N01_DRP2,47.64354,-122.36046,Spring21,5/2/2021 0:33,Rattus sp.,3/25/2021,5/7/2021
SEWA_N01_DRP2,47.64354,-122.36046,Spring21,5/2/2021 0:49,Rattus sp.,3/25/2021,5/7/2021
SEWA_N01_DRP2,47.64354,-122.36046,Spring21,5/2/2021 1:30,Rattus sp.,3/25/2021,5/7/2021
SEWA_N01_DRP2,47.64354,-122.36046,Spring21,5/2/2021 3:00,Rattus sp.,3/25/2021,5/7/2021
SEWA_N01_DRP2,47.64354,-122.36046,Spring21,5/2/2021 9:48,Sciurus carolinensis,3/25/2021,5/7/2021
SEWA_N01_DRP2,47.64354,-122.36046,Spring21,5/2/2021 20:48,Procyon lotor,3/25/2021,5/7/2021
SEWA_N01_DRP2,47.64354,-122.36046,Spring21,5/2/2021 22:22,Rattus sp.,3/25/2021,5/7/2021
SEWA_N01_DRP2,47.64354,-122.36046,Spring21,5/2/2021 22:26,Rattus sp.,3/25/2021,5/7/2021
SEWA_N01_DRP2,47.64354,-122.36046,Spring21,5/2/2021 22:42,Rattus sp.,3/25/2021,5/7/2021
SEWA_N01_DRP2,47.64354,-122.36046,Spring21,5/3/2021 0:19,Rattus sp.,3/25/2021,5/7/2021
SEWA_N01_DRP2,47.64354,-122.36046,Spring21,5/3/2021 2:00,Rattus sp.,3/25/2021,5/7/2021
SEWA_N01_DRP2,47.64354,-122.36046,Spring21,5/3/2021 2:04,Rattus sp.,3/25/2021,5/7/2021
SEWA_N01_DRP2,47.64354,-122.36046,Spring21,5/3/2021 5:49,Melospiza melodia,3/25/2021,5/7/2021
SEWA_N01_DRP2,47.64354,-122.36046,Spring21,5/3/2021 6:46,Sciurus carolinensis,3/25/2021,5/7/2021
SEWA_N01_DRP2,47.64354,-122.36046,Spring21,5/3/2021 7:05,Sciurus carolinensis,3/25/2021,5/7/2021
SEWA_N01_DRP2,47.64354,-122.36046,Spring21,5/3/2021 7:43,Sciurus carolinensis,3/25/2021,5/7/2021
SEWA_N01_DRP2,47.64354,-122.36046,Spring21,5/3/2021 12:44,Sylvilagus floridanus,3/25/2021,5/7/2021
SEWA_N01_DRP2,47.64354,-122.36046,Spring21,5/4/2021 0:43,Rattus sp.,3/25/2021,5/7/2021
SEWA_N01_DRP2,47.64354,-122.36046,Spring21,5/4/2021 4:10,Rattus sp.,3/25/2021,5/7/2021
SEWA_N01_DRP2,47.64354,-122.36046,Spring21,5/4/2021 11:02,Sciurus carolinensis,3/25/2021,5/7/2021
SEWA_N01_DRP2,47.64354,-122.36046,Spring21,5/4/2021 19:54,Canis latrans,3/25/2021,5/7/2021
SEWA_N01_DRP2,47.64354,-122.36046,Spring21,5/4/2021 22:08,Rattus sp.,3/25/2021,5/7/2021
SEWA_N01_DRP2,47.64354,-122.36046,Spring21,5/5/2021 9:21,Canis latrans,3/25/2021,5/7/2021
SEWA_N01_DRP2,47.64354,-122.36046,Spring21,5/5/2021 19:28,Sciurus carolinensis,3/25/2021,5/7/2021
SEWA_N01_DRP2,47.64354,-122.36046,Spring21,5/5/2021 20:36,Sylvilagus floridanus,3/25/2021,5/7/2021
SEWA_N01_DRP2,47.64354,-122.36046,Spring21,5/5/2021 21:02,Rattus sp.,3/25/2021,5/7/2021
SEWA_N01_DRP2,47.64354,-122.36046,Spring21,5/5/2021 21:21,Rattus sp.,3/25/2021,5/7/2021
SEWA_N01_DRP2,47.64354,-122.36046,Spring21,5/5/2021 21:46,Rattus sp.,3/25/2021,5/7/2021
SEWA_N01_DRP2,47.64354,-122.36046,Spring21,5/5/2021 21:54,Rattus sp.,3/25/2021,5/7/2021
SEWA_N01_DRP2,47.64354,-122.36046,Spring21,5/5/2021 23:14,Rattus sp.,3/25/2021,5/7/2021
SEWA_N01_DRP2,47.64354,-122.36046,Spring21,5/6/2021 0:18,Procyon lotor,3/25/2021,5/7/2021
SEWA_N01_DRP2,47.64354,-122.36046,Spring21,5/6/2021 1:09,Rattus sp.,3/25/2021,5/7/2021
SEWA_N01_DRP2,47.64354,-122.36046,Spring21,5/6/2021 2:10,Rattus sp.,3/25/2021,5/7/2021
SEWA_N01_DRP2,47.64354,-122.36046,Spring21,5/6/2021 2:45,Rattus sp.,3/25/2021,5/7/2021
SEWA_N01_DRP2,47.64354,-122.36046,Spring21,5/6/2021 2:54,Rattus sp.,3/25/2021,5/7/2021
SEWA_N01_DRP2,47.64354,-122.36046,Spring21,5/6/2021 20:03,Rattus sp.,3/25/2021,5/7/2021
SEWA_N01_DRP2,47.64354,-122.36046,Spring21,5/6/2021 21:00,Procyon lotor,3/25/2021,5/7/2021
SEWA_N01_DRP2,47.64354,-122.36046,Spring21,5/6/2021 21:02,Procyon lotor,3/25/2021,5/7/2021
SEWA_N01_DRP2,47.64354,-122.36046,Spring21,5/6/2021 22:20,Rattus sp.,3/25/2021,5/7/2021
SEWA_N03_IRP1,47.69055,-122.28101,Spring21,3/25/2021 20:00,Canis latrans,3/25/2021,5/7/2021
SEWA_N03_IRP1,47.69055,-122.28101,Spring21,3/26/2021 15:34,Sciurus carolinensis,3/25/2021,5/7/2021
SEWA_N03_IRP1,47.69055,-122.28101,Spring21,3/27/2021 8:24,Sciurus carolinensis,3/25/2021,5/7/2021
SEWA_N03_IRP1,47.69055,-122.28101,Spring21,3/27/2021 10:10,Sciurus carolinensis,3/25/2021,5/7/2021
SEWA_N03_IRP1,47.69055,-122.28101,Spring21,3/27/2021 21:27,Canis latrans,3/25/2021,5/7/2021
SEWA_N03_IRP1,47.69055,-122.28101,Spring21,3/28/2021 8:34,Sciurus carolinensis,3/25/2021,5/7/2021
SEWA_N03_IRP1,47.69055,-122.28101,Spring21,3/30/2021 13:10,Homo sapiens,3/25/2021,5/7/2021
SEWA_N03_IRP1,47.69055,-122.28101,Spring21,3/31/2021 10:55,Homo sapiens,3/25/2021,5/7/2021
SEWA_N03_IRP1,47.69055,-122.28101,Spring21,3/31/2021 10:58,Homo sapiens,3/25/2021,5/7/2021
SEWA_N03_IRP1,47.69055,-122.28101,Spring21,4/2/2021 10:03,Sciurus carolinensis,3/25/2021,5/7/2021
SEWA_N03_IRP1,47.69055,-122.28101,Spring21,4/3/2021 3:52,Canis latrans,3/25/2021,5/7/2021
SEWA_N03_IRP1,47.69055,-122.28101,Spring21,4/3/2021 4:20,Canis latrans,3/25/2021,5/7/2021
SEWA_N03_IRP1,47.69055,-122.28101,Spring21,4/3/2021 17:22,Sciurus carolinensis,3/25/2021,5/7/2021
SEWA_N03_IRP1,47.69055,-122.28101,Spring21,4/3/2021 17:23,Sciurus carolinensis,3/25/2021,5/7/2021
SEWA_N03_IRP1,47.69055,-122.28101,Spring21,4/4/2021 9:39,Sciurus carolinensis,3/25/2021,5/7/2021
SEWA_N03_IRP1,47.69055,-122.28101,Spring21,4/4/2021 16:20,Homo sapiens,3/25/2021,5/7/2021
SEWA_N03_IRP1,47.69055,-122.28101,Spring21,4/5/2021 12:29,Sciurus carolinensis,3/25/2021,5/7/2021
SEWA_N03_IRP1,47.69055,-122.28101,Spring21,4/6/2021 10:37,Sciurus carolinensis,3/25/2021,5/7/2021
SEWA_N03_IRP1,47.69055,-122.28101,Spring21,4/6/2021 16:28,Sciurus carolinensis,3/25/2021,5/7/2021
SEWA_N03_IRP1,47.69055,-122.28101,Spring21,4/6/2021 17:19,Sylvilagus floridanus,3/25/2021,5/7/2021
SEWA_N03_IRP1,47.69055,-122.28101,Spring21,4/6/2021 18:48,Sylvilagus floridanus,3/25/2021,5/7/2021
SEWA_N03_IRP1,47.69055,-122.28101,Spring21,4/7/2021 3:01,Sylvilagus floridanus,3/25/2021,5/7/2021
SEWA_N03_IRP1,47.69055,-122.28101,Spring21,4/7/2021 5:14,Sylvilagus floridanus,3/25/2021,5/7/2021
SEWA_N03_IRP1,47.69055,-122.28101,Spring21,4/7/2021 22:37,Procyon lotor,3/25/2021,5/7/2021
SEWA_N03_IRP1,47.69055,-122.28101,Spring21,4/8/2021 10:31,Sciurus carolinensis,3/25/2021,5/7/2021
SEWA_N03_IRP1,47.69055,-122.28101,Spring21,4/8/2021 10:34,Sciurus carolinensis,3/25/2021,5/7/2021
SEWA_N03_IRP1,47.69055,-122.28101,Spring21,4/9/2021 6:22,Sylvilagus floridanus,3/25/2021,5/7/2021
SEWA_N03_IRP1,47.69055,-122.28101,Spring21,4/9/2021 12:20,Sciurus carolinensis,3/25/2021,5/7/2021
SEWA_N03_IRP1,47.69055,-122.28101,Spring21,4/10/2021 21:19,Procyon lotor,3/25/2021,5/7/2021
SEWA_N03_IRP1,47.69055,-122.28101,Spring21,4/11/2021 15:58,Sciurus carolinensis,3/25/2021,5/7/2021
SEWA_N03_IRP1,47.69055,-122.28101,Spring21,4/11/2021 20:15,Sylvilagus floridanus,3/25/2021,5/7/2021
SEWA_N03_IRP1,47.69055,-122.28101,Spring21,4/12/2021 11:08,Sciurus carolinensis,3/25/2021,5/7/2021
SEWA_N03_IRP1,47.69055,-122.28101,Spring21,4/12/2021 12:15,Sciurus carolinensis,3/25/2021,5/7/2021
SEWA_N03_IRP1,47.69055,-122.28101,Spring21,4/13/2021 10:06,Sciurus carolinensis,3/25/2021,5/7/2021
SEWA_N03_IRP1,47.69055,-122.28101,Spring21,4/13/2021 12:10,Sciurus carolinensis,3/25/2021,5/7/2021
SEWA_N03_IRP1,47.69055,-122.28101,Spring21,4/14/2021 3:14,Sylvilagus floridanus,3/25/2021,5/7/2021
SEWA_N03_IRP1,47.69055,-122.28101,Spring21,4/14/2021 17:28,Sciurus carolinensis,3/25/2021,5/7/2021
SEWA_N03_IRP1,47.69055,-122.28101,Spring21,4/16/2021 19:10,Sciurus carolinensis,3/25/2021,5/7/2021
SEWA_N03_IRP1,47.69055,-122.28101,Spring21,4/18/2021 0:40,Canis latrans,3/25/2021,5/7/2021
SEWA_N03_IRP1,47.69055,-122.28101,Spring21,4/18/2021 0:42,Canis latrans,3/25/2021,5/7/2021
SEWA_N03_IRP1,47.69055,-122.28101,Spring21,4/18/2021 0:43,Canis latrans,3/25/2021,5/7/2021
SEWA_N03_IRP1,47.69055,-122.28101,Spring21,4/18/2021 1:02,Canis latrans,3/25/2021,5/7/2021
SEWA_N03_IRP1,47.69055,-122.28101,Spring21,4/18/2021 1:04,Canis latrans,3/25/2021,5/7/2021
SEWA_N03_IRP1,47.69055,-122.28101,Spring21,4/18/2021 23:10,Canis latrans,3/25/2021,5/7/2021
SEWA_N03_IRP1,47.69055,-122.28101,Spring21,4/20/2021 8:45,Sciurus carolinensis,3/25/2021,5/7/2021
SEWA_N03_IRP1,47.69055,-122.28101,Spring21,4/20/2021 18:36,Sciurus carolinensis,3/25/2021,5/7/2021
SEWA_N03_IRP1,47.69055,-122.28101,Spring21,4/20/2021 21:28,Canis latrans,3/25/2021,5/7/2021
SEWA_N03_IRP1,47.69055,-122.28101,Spring21,4/21/2021 10:24,Sciurus carolinensis,3/25/2021,5/7/2021
SEWA_N03_IRP1,47.69055,-122.28101,Spring21,4/21/2021 10:32,Sciurus carolinensis,3/25/2021,5/7/2021
SEWA_N03_IRP1,47.69055,-122.28101,Spring21,4/22/2021 9:49,Sciurus carolinensis,3/25/2021,5/7/2021
SEWA_N03_IRP1,47.69055,-122.28101,Spring21,4/22/2021 13:43,Sciurus carolinensis,3/25/2021,5/7/2021
SEWA_N03_IRP1,47.69055,-122.28101,Spring21,4/25/2021 15:57,Homo sapiens,3/25/2021,5/7/2021
SEWA_N03_IRP1,47.69055,-122.28101,Spring21,4/25/2021 15:58,Homo sapiens,3/25/2021,5/7/2021
SEWA_N03_IRP1,47.69055,-122.28101,Spring21,4/25/2021 16:02,Homo sapiens,3/25/2021,5/7/2021
SEWA_N03_IRP1,47.69055,-122.28101,Spring21,4/26/2021 22:38,Procyon lotor,3/25/2021,5/7/2021
SEWA_N03_IRP1,47.69055,-122.28101,Spring21,4/27/2021 17:01,Sciurus carolinensis,3/25/2021,5/7/2021
SEWA_N03_IRP1,47.69055,-122.28101,Spring21,4/28/2021 8:29,Sciurus carolinensis,3/25/2021,5/7/2021
SEWA_N03_IRP1,47.69055,-122.28101,Spring21,5/1/2021 7:25,Sciurus carolinensis,3/25/2021,5/7/2021
SEWA_N03_IRP1,47.69055,-122.28101,Spring21,5/1/2021 10:38,Sciurus carolinensis,3/25/2021,5/7/2021
SEWA_N03_IRP1,47.69055,-122.28101,Spring21,5/2/2021 12:13,Sciurus carolinensis,3/25/2021,5/7/2021
SEWA_N03_IRP1,47.69055,-122.28101,Spring21,5/3/2021 10:17,Sciurus carolinensis,3/25/2021,5/7/2021
SEWA_N03_IRP1,47.69055,-122.28101,Spring21,5/3/2021 10:20,Sciurus carolinensis,3/25/2021,5/7/2021
SEWA_N03_IRP1,47.69055,-122.28101,Spring21,5/3/2021 15:00,Homo sapiens,3/25/2021,5/7/2021
SEWA_N03_IRP1,47.69055,-122.28101,Spring21,5/3/2021 15:16,Homo sapiens,3/25/2021,5/7/2021
SEWA_N03_IRP1,47.69055,-122.28101,Spring21,5/4/2021 14:50,Homo sapiens,3/25/2021,5/7/2021
SEWA_N03_IRP1,47.69055,-122.28101,Spring21,5/4/2021 14:59,Homo sapiens,3/25/2021,5/7/2021
SEWA_N03_IRP1,47.69055,-122.28101,Spring21,5/4/2021 15:02,Homo sapiens,3/25/2021,5/7/2021
SEWA_N03_IRP1,47.69055,-122.28101,Spring21,5/4/2021 15:09,Homo sapiens,3/25/2021,5/7/2021
SEWA_N03_IRP1,47.69055,-122.28101,Spring21,5/5/2021 9:46,Sciurus carolinensis,3/25/2021,5/7/2021
SEWA_N03_IRP1,47.69055,-122.28101,Spring21,5/6/2021 9:53,Sciurus carolinensis,3/25/2021,5/7/2021
SEWA_N06_MBC2,47.70431,-122.08896,Spring21,4/3/2021 16:48,Homo sapiens,3/25/2021,5/7/2021
SEWA_N06_MBC2,47.70431,-122.08896,Spring21,4/4/2021 5:03,Didelphis virginiana,3/25/2021,5/7/2021
SEWA_N06_MBC2,47.70431,-122.08896,Spring21,4/5/2021 1:32,Canis latrans,3/25/2021,5/7/2021
SEWA_N06_MBC2,47.70431,-122.08896,Spring21,4/5/2021 21:18,Didelphis virginiana,3/25/2021,5/7/2021
SEWA_N06_MBC2,47.70431,-122.08896,Spring21,4/6/2021 18:16,Colaptes auratus,3/25/2021,5/7/2021
SEWA_N06_MBC2,47.70431,-122.08896,Spring21,4/10/2021 3:20,Castor canadensis,3/25/2021,5/7/2021
SEWA_N06_MBC2,47.70431,-122.08896,Spring21,4/10/2021 22:51,Castor canadensis,3/25/2021,5/7/2021
SEWA_N06_MBC2,47.70431,-122.08896,Spring21,4/10/2021 23:03,Castor canadensis,3/25/2021,5/7/2021
SEWA_N06_MBC2,47.70431,-122.08896,Spring21,4/11/2021 5:31,Castor canadensis,3/25/2021,5/7/2021
SEWA_N06_MBC2,47.70431,-122.08896,Spring21,4/11/2021 10:27,Canis latrans,3/25/2021,5/7/2021
SEWA_N06_MBC2,47.70431,-122.08896,Spring21,4/11/2021 15:58,Canis latrans,3/25/2021,5/7/2021
SEWA_N06_MBC2,47.70431,-122.08896,Spring21,4/11/2021 20:41,Didelphis virginiana,3/25/2021,5/7/2021
SEWA_N06_MBC2,47.70431,-122.08896,Spring21,4/11/2021 21:28,Canis latrans,3/25/2021,5/7/2021
SEWA_N06_MBC2,47.70431,-122.08896,Spring21,4/11/2021 22:01,Canis latrans,3/25/2021,5/7/2021
SEWA_N06_MBC2,47.70431,-122.08896,Spring21,4/13/2021 21:32,Didelphis virginiana,3/25/2021,5/7/2021
SEWA_N06_MBC2,47.70431,-122.08896,Spring21,4/13/2021 22:18,Canis latrans,3/25/2021,5/7/2021
SEWA_N06_MBC2,47.70431,-122.08896,Spring21,4/14/2021 15:14,Ardea herodias,3/25/2021,5/7/2021
SEWA_N06_MBC2,47.70431,-122.08896,Spring21,4/17/2021 0:35,Castor canadensis,3/25/2021,5/7/2021
SEWA_N06_MBC2,47.70431,-122.08896,Spring21,4/17/2021 0:38,Lynx rufus,3/25/2021,5/7/2021
SEWA_N06_MBC2,47.70431,-122.08896,Spring21,4/18/2021 4:27,Castor canadensis,3/25/2021,5/7/2021
SEWA_N06_MBC2,47.70431,-122.08896,Spring21,4/18/2021 4:34,Castor canadensis,3/25/2021,5/7/2021
SEWA_N06_MBC2,47.70431,-122.08896,Spring21,4/19/2021 1:08,Didelphis virginiana,3/25/2021,5/7/2021
SEWA_N06_MBC2,47.70431,-122.08896,Spring21,4/19/2021 9:43,Turdus migratorius,3/25/2021,5/7/2021
SEWA_N06_MBC2,47.70431,-122.08896,Spring21,4/20/2021 4:37,Didelphis virginiana,3/25/2021,5/7/2021
SEWA_N06_MBC2,47.70431,-122.08896,Spring21,4/21/2021 4:31,Castor canadensis,3/25/2021,5/7/2021
SEWA_N06_MBC2,47.70431,-122.08896,Spring21,4/23/2021 16:12,Odocoileus hemionus,3/25/2021,5/7/2021
SEWA_N06_MBC2,47.70431,-122.08896,Spring21,4/23/2021 16:15,Odocoileus hemionus,3/25/2021,5/7/2021
SEWA_N06_MBC2,47.70431,-122.08896,Spring21,4/24/2021 1:39,Didelphis virginiana,3/25/2021,5/7/2021
SEWA_N06_MBC2,47.70431,-122.08896,Spring21,4/29/2021 2:49,Didelphis virginiana,3/25/2021,5/7/2021
SEWA_N06_MBC2,47.70431,-122.08896,Spring21,4/29/2021 10:52,Odocoileus hemionus,3/25/2021,5/7/2021
SEWA_N06_MBC2,47.70431,-122.08896,Spring21,4/29/2021 10:56,Odocoileus hemionus,3/25/2021,5/7/2021
SEWA_N06_MBC2,47.70431,-122.08896,Spring21,5/2/2021 16:30,Homo sapiens,3/25/2021,5/7/2021
SEWA_N07_FRD1,47.75103,-122.00792,Spring21,3/31/2021 10:59,Homo sapiens,3/25/2021,5/7/2021
SEWA_N07_FRD1,47.75103,-122.00792,Spring21,4/1/2021 10:50,Odocoileus hemionus,3/25/2021,5/7/2021
SEWA_N07_FRD1,47.75103,-122.00792,Spring21,4/12/2021 2:27,Odocoileus hemionus,3/25/2021,5/7/2021
SEWA_N07_FRD1,47.75103,-122.00792,Spring21,4/13/2021 9:12,Odocoileus hemionus,3/25/2021,5/7/2021
SEWA_N07_FRD1,47.75103,-122.00792,Spring21,4/13/2021 9:15,Odocoileus hemionus,3/25/2021,5/7/2021
SEWA_N07_FRD1,47.75103,-122.00792,Spring21,4/16/2021 13:26,Homo sapiens,3/25/2021,5/7/2021
SEWA_N07_FRD1,47.75103,-122.00792,Spring21,4/16/2021 13:41,Homo sapiens,3/25/2021,5/7/2021
SEWA_N07_FRD1,47.75103,-122.00792,Spring21,4/25/2021 11:35,Odocoileus hemionus,3/25/2021,5/7/2021
SEWA_N07_FRD1,47.75103,-122.00792,Spring21,4/25/2021 11:47,Odocoileus hemionus,3/25/2021,5/7/2021
SEWA_N07_FRD1,47.75103,-122.00792,Spring21,4/28/2021 8:33,Odocoileus hemionus,3/25/2021,5/7/2021
SEWA_N07_FRD1,47.75103,-122.00792,Spring21,4/30/2021 12:33,Homo sapiens,3/25/2021,5/7/2021
SEWA_N07_RHF1,47.7406,-122.01764,Spring21,3/30/2021 11:52,Homo sapiens,3/25/2021,5/7/2021
SEWA_N07_RHF1,47.7406,-122.01764,Spring21,4/2/2021 3:36,Canis latrans,3/25/2021,5/7/2021
SEWA_N07_RHF1,47.7406,-122.01764,Spring21,4/3/2021 5:52,Procyon lotor,3/25/2021,5/7/2021
SEWA_N07_RHF1,47.7406,-122.01764,Spring21,4/9/2021 2:35,Canis latrans,3/25/2021,5/7/2021
SEWA_N07_RHF1,47.7406,-122.01764,Spring21,4/9/2021 2:42,Canis latrans,3/25/2021,5/7/2021
SEWA_N07_RHF1,47.7406,-122.01764,Spring21,4/14/2021 16:40,Odocoileus hemionus,3/25/2021,5/7/2021
SEWA_N07_RHF1,47.7406,-122.01764,Spring21,4/16/2021 12:33,Odocoileus hemionus,3/25/2021,5/7/2021
SEWA_N07_RHF1,47.7406,-122.01764,Spring21,4/21/2021 5:57,Canis latrans,3/25/2021,5/7/2021
SEWA_N07_RHF1,47.7406,-122.01764,Spring21,4/25/2021 15:44,Lynx rufus,3/25/2021,5/7/2021
SEWA_N07_RHF1,47.7406,-122.01764,Spring21,4/30/2021 7:21,Odocoileus hemionus,3/25/2021,5/7/2021
SEWA_N07_RHF1,47.7406,-122.01764,Spring21,4/30/2021 9:32,Homo sapiens,3/25/2021,5/7/2021
SEWA_N07_RHF1,47.7406,-122.01764,Spring21,4/30/2021 9:33,Homo sapiens,3/25/2021,5/7/2021
SEWA_S04_BRF2,47.47647,-122.23516,Spring21,4/1/2021 22:47,Odocoileus hemionus,3/25/2021,5/7/2021
SEWA_S04_BRF2,47.47647,-122.23516,Spring21,4/1/2021 22:50,Odocoileus hemionus,3/25/2021,5/7/2021
SEWA_S04_BRF2,47.47647,-122.23516,Spring21,4/1/2021 22:52,Odocoileus hemionus,3/25/2021,5/7/2021
SEWA_S04_BRF2,47.47647,-122.23516,Spring21,4/7/2021 5:12,Odocoileus hemionus,3/25/2021,5/7/2021
SEWA_S04_BRF2,47.47647,-122.23516,Spring21,4/7/2021 5:16,Odocoileus hemionus,3/25/2021,5/7/2021
SEWA_S04_BRF2,47.47647,-122.23516,Spring21,4/7/2021 5:17,Odocoileus hemionus,3/25/2021,5/7/2021
SEWA_S04_BRF2,47.47647,-122.23516,Spring21,4/7/2021 6:00,Canis latrans,3/25/2021,5/7/2021
SEWA_S04_BRF2,47.47647,-122.23516,Spring21,4/15/2021 0:06,Odocoileus hemionus,3/25/2021,5/7/2021
SEWA_S04_BRF2,47.47647,-122.23516,Spring21,4/19/2021 14:21,Odocoileus virginianus,3/25/2021,5/7/2021
SEWA_S04_BRF2,47.47647,-122.23516,Spring21,4/19/2021 14:32,Odocoileus hemionus,3/25/2021,5/7/2021
SEWA_S04_BRF2,47.47647,-122.23516,Spring21,4/19/2021 17:11,Odocoileus hemionus,3/25/2021,5/7/2021
SEWA_S04_BRF2,47.47647,-122.23516,Spring21,4/20/2021 9:11,Odocoileus hemionus,3/25/2021,5/7/2021
SEWA_S04_BRF2,47.47647,-122.23516,Spring21,4/20/2021 9:24,Odocoileus hemionus,3/25/2021,5/7/2021
SEWA_S04_BRF2,47.47647,-122.23516,Spring21,4/25/2021 7:29,Odocoileus hemionus,3/25/2021,5/7/2021
SEWA_S04_BRF2,47.47647,-122.23516,Spring21,4/25/2021 7:36,Odocoileus hemionus,3/25/2021,5/7/2021
SEWA_S04_BRF2,47.47647,-122.23516,Spring21,4/25/2021 8:29,Odocoileus hemionus,3/25/2021,5/7/2021
SEWA_S04_BRF2,47.47647,-122.23516,Spring21,5/3/2021 7:10,Odocoileus hemionus,3/25/2021,5/7/2021
SEWA_S04_BRF2,47.47647,-122.23516,Spring21,5/4/2021 14:10,Sylvilagus floridanus,3/25/2021,5/7/2021
SEWA_S04_BRF2,47.47647,-122.23516,Spring21,5/4/2021 16:34,Sylvilagus floridanus,3/25/2021,5/7/2021
SEWA_S07_BMR2,47.44629,-122.07208,Spring21,4/4/2021 9:31,Homo sapiens,3/25/2021,5/7/2021
SEWA_S07_BMR2,47.44629,-122.07208,Spring21,4/4/2021 10:53,Homo sapiens,3/25/2021,5/7/2021
SEWA_S07_BMR2,47.44629,-122.07208,Spring21,4/4/2021 23:35,Canis latrans,3/25/2021,5/7/2021
SEWA_S07_BMR2,47.44629,-122.07208,Spring21,4/5/2021 18:49,Odocoileus hemionus,3/25/2021,5/7/2021
SEWA_S07_BMR2,47.44629,-122.07208,Spring21,4/5/2021 18:53,Odocoileus hemionus,3/25/2021,5/7/2021
SEWA_S07_BMR2,47.44629,-122.07208,Spring21,4/5/2021 18:59,Odocoileus hemionus,3/25/2021,5/7/2021
SEWA_S07_BMR2,47.44629,-122.07208,Spring21,4/7/2021 19:38,Odocoileus hemionus,3/25/2021,5/7/2021
SEWA_S07_BMR2,47.44629,-122.07208,Spring21,4/7/2021 19:40,Odocoileus hemionus,3/25/2021,5/7/2021
SEWA_S07_BMR2,47.44629,-122.07208,Spring21,4/19/2021 20:29,Odocoileus hemionus,3/25/2021,5/7/2021
SEWA_S07_BMR2,47.44629,-122.07208,Spring21,4/21/2021 5:54,Odocoileus hemionus,3/25/2021,5/7/2021
SEWA_S07_BMR2,47.44629,-122.07208,Spring21,4/21/2021 5:56,Odocoileus hemionus,3/25/2021,5/7/2021
SEWA_S07_BMR2,47.44629,-122.07208,Spring21,4/25/2021 4:39,Odocoileus hemionus,3/25/2021,5/7/2021
SEWA_S07_BMR2,47.44629,-122.07208,Spring21,4/30/2021 10:46,Homo sapiens,3/25/2021,5/7/2021
SEWA_S07_BMR2,47.44629,-122.07208,Spring21,4/30/2021 11:00,Homo sapiens,3/25/2021,5/7/2021
SEWA_N01_DRP2,47.64354,-122.36046,Summer21,6/25/2021 10:18,Canis latrans,6/24/2021,8/7/2021
SEWA_N01_DRP2,47.64354,-122.36046,Summer21,6/25/2021 15:10,Canis latrans,6/24/2021,8/7/2021
SEWA_N01_DRP2,47.64354,-122.36046,Summer21,6/25/2021 15:35,Canis latrans,6/24/2021,8/7/2021
SEWA_N01_DRP2,47.64354,-122.36046,Summer21,6/27/2021 23:54,Canis latrans,6/24/2021,8/7/2021
SEWA_N01_DRP2,47.64354,-122.36046,Summer21,6/28/2021 3:42,Canis latrans,6/24/2021,8/7/2021
SEWA_N01_DRP2,47.64354,-122.36046,Summer21,6/28/2021 3:46,Canis latrans,6/24/2021,8/7/2021
SEWA_N01_DRP2,47.64354,-122.36046,Summer21,6/28/2021 3:54,Canis latrans,6/24/2021,8/7/2021
SEWA_N01_DRP2,47.64354,-122.36046,Summer21,6/28/2021 3:59,Canis latrans,6/24/2021,8/7/2021
SEWA_N01_DRP2,47.64354,-122.36046,Summer21,6/28/2021 4:01,Canis latrans,6/24/2021,8/7/2021
SEWA_N01_DRP2,47.64354,-122.36046,Summer21,6/28/2021 5:31,Canis latrans,6/24/2021,8/7/2021
SEWA_N01_DRP2,47.64354,-122.36046,Summer21,6/28/2021 8:28,Canis latrans,6/24/2021,8/7/2021
SEWA_N01_DRP2,47.64354,-122.36046,Summer21,6/28/2021 8:30,Canis latrans,6/24/2021,8/7/2021
SEWA_N01_DRP2,47.64354,-122.36046,Summer21,6/28/2021 8:35,Canis latrans,6/24/2021,8/7/2021
SEWA_N01_DRP2,47.64354,-122.36046,Summer21,6/28/2021 15:38,Procyon lotor,6/24/2021,8/7/2021
SEWA_N01_DRP2,47.64354,-122.36046,Summer21,6/28/2021 16:26,Canis latrans,6/24/2021,8/7/2021
SEWA_N01_DRP2,47.64354,-122.36046,Summer21,6/28/2021 20:40,Canis latrans,6/24/2021,8/7/2021
SEWA_N01_DRP2,47.64354,-122.36046,Summer21,6/29/2021 7:22,Canis latrans,6/24/2021,8/7/2021
SEWA_N01_DRP2,47.64354,-122.36046,Summer21,6/29/2021 9:37,Canis latrans,6/24/2021,8/7/2021
SEWA_N01_DRP2,47.64354,-122.36046,Summer21,6/29/2021 10:19,Canis latrans,6/24/2021,8/7/2021
SEWA_N01_DRP2,47.64354,-122.36046,Summer21,6/29/2021 10:32,Canis latrans,6/24/2021,8/7/2021
SEWA_N01_DRP2,47.64354,-122.36046,Summer21,6/29/2021 13:13,Canis latrans,6/24/2021,8/7/2021
SEWA_N01_DRP2,47.64354,-122.36046,Summer21,6/30/2021 6:01,Canis latrans,6/24/2021,8/7/2021
SEWA_N01_DRP2,47.64354,-122.36046,Summer21,6/30/2021 6:49,Canis latrans,6/24/2021,8/7/2021
SEWA_N01_DRP2,47.64354,-122.36046,Summer21,6/30/2021 7:38,Canis latrans,6/24/2021,8/7/2021
SEWA_N01_DRP2,47.64354,-122.36046,Summer21,6/30/2021 16:01,Canis latrans,6/24/2021,8/7/2021
SEWA_N01_DRP2,47.64354,-122.36046,Summer21,6/30/2021 21:27,Canis latrans,6/24/2021,8/7/2021
SEWA_N01_DRP2,47.64354,-122.36046,Summer21,6/30/2021 21:47,Canis latrans,6/24/2021,8/7/2021
SEWA_N01_DRP2,47.64354,-122.36046,Summer21,7/1/2021 0:28,Canis latrans,6/24/2021,8/7/2021
SEWA_N01_DRP2,47.64354,-122.36046,Summer21,7/1/2021 0:30,Canis latrans,6/24/2021,8/7/2021
SEWA_N01_DRP2,47.64354,-122.36046,Summer21,7/1/2021 6:28,Canis latrans,6/24/2021,8/7/2021
SEWA_N01_DRP2,47.64354,-122.36046,Summer21,7/1/2021 6:40,Canis latrans,6/24/2021,8/7/2021
SEWA_N01_DRP2,47.64354,-122.36046,Summer21,7/1/2021 9:07,Turdus migratorius,6/24/2021,8/7/2021
SEWA_N01_DRP2,47.64354,-122.36046,Summer21,7/1/2021 11:17,Canis latrans,6/24/2021,8/7/2021
SEWA_N01_DRP2,47.64354,-122.36046,Summer21,7/8/2021 18:40,Sciurus carolinensis,6/24/2021,8/7/2021
SEWA_N01_DRP2,47.64354,-122.36046,Summer21,7/8/2021 18:51,Sciurus carolinensis,6/24/2021,8/7/2021
SEWA_N01_DRP2,47.64354,-122.36046,Summer21,7/15/2021 10:45,Sciurus carolinensis,6/24/2021,8/7/2021
SEWA_N01_DRP2,47.64354,-122.36046,Summer21,7/17/2021 18:23,Canis latrans,6/24/2021,8/7/2021
SEWA_N01_DRP2,47.64354,-122.36046,Summer21,7/18/2021 21:35,Canis latrans,6/24/2021,8/7/2021
SEWA_N01_DRP2,47.64354,-122.36046,Summer21,7/19/2021 7:34,Canis latrans,6/24/2021,8/7/2021
SEWA_N01_DRP2,47.64354,-122.36046,Summer21,7/20/2021 15:39,Canis latrans,6/24/2021,8/7/2021
SEWA_N01_DRP2,47.64354,-122.36046,Summer21,7/21/2021 11:29,Canis latrans,6/24/2021,8/7/2021
SEWA_N01_DRP2,47.64354,-122.36046,Summer21,7/21/2021 14:49,Canis latrans,6/24/2021,8/7/2021
SEWA_N01_DRP2,47.64354,-122.36046,Summer21,7/21/2021 14:51,Canis latrans,6/24/2021,8/7/2021
SEWA_N01_DRP2,47.64354,-122.36046,Summer21,7/22/2021 0:51,Procyon lotor,6/24/2021,8/7/2021
SEWA_N01_DRP2,47.64354,-122.36046,Summer21,7/22/2021 3:11,Canis latrans,6/24/2021,8/7/2021
SEWA_N01_DRP2,47.64354,-122.36046,Summer21,7/22/2021 12:43,Sciurus carolinensis,6/24/2021,8/7/2021
SEWA_N01_DRP2,47.64354,-122.36046,Summer21,7/22/2021 12:57,Sciurus carolinensis,6/24/2021,8/7/2021
SEWA_N01_DRP2,47.64354,-122.36046,Summer21,7/22/2021 23:48,Canis latrans,6/24/2021,8/7/2021
SEWA_N01_DRP2,47.64354,-122.36046,Summer21,7/24/2021 20:19,Procyon lotor,6/24/2021,8/7/2021
SEWA_N01_DRP2,47.64354,-122.36046,Summer21,7/26/2021 8:02,Sciurus carolinensis,6/24/2021,8/7/2021
SEWA_N01_DRP2,47.64354,-122.36046,Summer21,7/26/2021 14:11,Sciurus carolinensis,6/24/2021,8/7/2021
SEWA_N01_DRP2,47.64354,-122.36046,Summer21,7/28/2021 0:02,Canis latrans,6/24/2021,8/7/2021
SEWA_N01_DRP2,47.64354,-122.36046,Summer21,7/28/2021 20:08,Procyon lotor,6/24/2021,8/7/2021
SEWA_N01_DRP2,47.64354,-122.36046,Summer21,7/30/2021 5:51,Sciurus carolinensis,6/24/2021,8/7/2021
SEWA_N01_DRP2,47.64354,-122.36046,Summer21,7/30/2021 21:26,Procyon lotor,6/24/2021,8/7/2021
SEWA_N03_IRP1,47.69055,-122.28101,Summer21,6/27/2021 8:20,Procyon lotor,6/24/2021,8/7/2021
SEWA_N03_IRP1,47.69055,-122.28101,Summer21,6/29/2021 13:43,Procyon lotor,6/24/2021,8/7/2021
SEWA_N03_IRP1,47.69055,-122.28101,Summer21,6/30/2021 5:15,Canis latrans,6/24/2021,8/7/2021
SEWA_N03_IRP1,47.69055,-122.28101,Summer21,6/30/2021 5:40,Canis latrans,6/24/2021,8/7/2021
SEWA_N03_IRP1,47.69055,-122.28101,Summer21,7/1/2021 1:10,Canis latrans,6/24/2021,8/7/2021
SEWA_N03_IRP1,47.69055,-122.28101,Summer21,7/1/2021 7:51,Sciurus carolinensis,6/24/2021,8/7/2021
SEWA_N03_IRP1,47.69055,-122.28101,Summer21,7/1/2021 9:10,Sciurus carolinensis,6/24/2021,8/7/2021
SEWA_N03_IRP1,47.69055,-122.28101,Summer21,7/4/2021 14:45,Homo sapiens,6/24/2021,8/7/2021
SEWA_N03_IRP1,47.69055,-122.28101,Summer21,7/4/2021 14:49,Homo sapiens,6/24/2021,8/7/2021
SEWA_N06_MBC2,47.70431,-122.08896,Summer21,6/25/2021 1:40,Odocoileus hemionus,6/24/2021,8/7/2021
SEWA_N06_MBC2,47.70431,-122.08896,Summer21,6/25/2021 1:45,Odocoileus hemionus,6/24/2021,8/7/2021
SEWA_N06_MBC2,47.70431,-122.08896,Summer21,6/25/2021 1:54,Odocoileus hemionus,6/24/2021,8/7/2021
SEWA_N06_MBC2,47.70431,-122.08896,Summer21,6/25/2021 1:56,Odocoileus hemionus,6/24/2021,8/7/2021
SEWA_N06_MBC2,47.70431,-122.08896,Summer21,6/25/2021 5:20,Odocoileus hemionus,6/24/2021,8/7/2021
SEWA_N06_MBC2,47.70431,-122.08896,Summer21,6/26/2021 4:17,Lynx rufus,6/24/2021,8/7/2021
SEWA_N06_MBC2,47.70431,-122.08896,Summer21,6/30/2021 18:37,Canis latrans,6/24/2021,8/7/2021
SEWA_N06_MBC2,47.70431,-122.08896,Summer21,6/30/2021 20:06,Odocoileus hemionus,6/24/2021,8/7/2021
SEWA_N06_MBC2,47.70431,-122.08896,Summer21,7/3/2021 15:54,Homo sapiens,6/24/2021,8/7/2021
SEWA_N06_MBC2,47.70431,-122.08896,Summer21,7/19/2021 22:15,Lynx rufus,6/24/2021,8/7/2021
SEWA_N06_MBC2,47.70431,-122.08896,Summer21,7/20/2021 5:13,Procyon lotor,6/24/2021,8/7/2021
SEWA_N06_MBC2,47.70431,-122.08896,Summer21,8/2/2021 1:24,Lynx rufus,6/24/2021,8/7/2021
SEWA_N06_MBC2,47.70431,-122.08896,Summer21,8/2/2021 1:58,Lynx rufus,6/24/2021,8/7/2021
SEWA_N06_MBC2,47.70431,-122.08896,Summer21,8/2/2021 21:10,Didelphis virginiana,6/24/2021,8/7/2021
SEWA_N06_MBC2,47.70431,-122.08896,Summer21,8/2/2021 22:02,Didelphis virginiana,6/24/2021,8/7/2021
SEWA_N07_FRD1,47.75103,-122.00792,Summer21,6/30/2021 16:56,Homo sapiens,6/24/2021,8/7/2021
SEWA_N07_FRD1,47.75103,-122.00792,Summer21,6/30/2021 16:57,Homo sapiens,6/24/2021,8/7/2021
SEWA_N07_FRD1,47.75103,-122.00792,Summer21,7/2/2021 14:26,Homo sapiens,6/24/2021,8/7/2021
SEWA_N07_FRD1,47.75103,-122.00792,Summer21,7/4/2021 0:15,Didelphis virginiana,6/24/2021,8/7/2021
SEWA_N07_FRD1,47.75103,-122.00792,Summer21,7/4/2021 0:17,Didelphis virginiana,6/24/2021,8/7/2021
SEWA_N07_FRD1,47.75103,-122.00792,Summer21,7/4/2021 11:38,Odocoileus hemionus,6/24/2021,8/7/2021
SEWA_N07_FRD1,47.75103,-122.00792,Summer21,7/5/2021 3:44,Didelphis virginiana,6/24/2021,8/7/2021
SEWA_N07_FRD1,47.75103,-122.00792,Summer21,7/7/2021 20:46,Canis latrans,6/24/2021,8/7/2021
SEWA_N07_FRD1,47.75103,-122.00792,Summer21,7/8/2021 18:28,Odocoileus hemionus,6/24/2021,8/7/2021
SEWA_N07_FRD1,47.75103,-122.00792,Summer21,7/13/2021 9:18,Odocoileus hemionus,6/24/2021,8/7/2021
SEWA_N07_FRD1,47.75103,-122.00792,Summer21,7/16/2021 6:13,Odocoileus hemionus,6/24/2021,8/7/2021
SEWA_N07_FRD1,47.75103,-122.00792,Summer21,7/17/2021 1:46,Didelphis virginiana,6/24/2021,8/7/2021
SEWA_N07_FRD1,47.75103,-122.00792,Summer21,7/18/2021 10:00,Homo sapiens,6/24/2021,8/7/2021
SEWA_N07_FRD1,47.75103,-122.00792,Summer21,7/18/2021 10:03,Homo sapiens,6/24/2021,8/7/2021
SEWA_N07_FRD1,47.75103,-122.00792,Summer21,7/19/2021 10:10,Odocoileus hemionus,6/24/2021,8/7/2021
SEWA_N07_FRD1,47.75103,-122.00792,Summer21,7/19/2021 10:16,Odocoileus hemionus,6/24/2021,8/7/2021
SEWA_N07_FRD1,47.75103,-122.00792,Summer21,7/19/2021 11:05,Odocoileus hemionus,6/24/2021,8/7/2021
SEWA_N07_FRD1,47.75103,-122.00792,Summer21,7/20/2021 13:36,Sciurus carolinensis,6/24/2021,8/7/2021
SEWA_N07_FRD1,47.75103,-122.00792,Summer21,7/22/2021 10:05,Odocoileus hemionus,6/24/2021,8/7/2021
SEWA_N07_FRD1,47.75103,-122.00792,Summer21,7/23/2021 12:55,Sciurus carolinensis,6/24/2021,8/7/2021
SEWA_N07_FRD1,47.75103,-122.00792,Summer21,7/25/2021 8:37,Odocoileus hemionus,6/24/2021,8/7/2021
SEWA_N07_FRD1,47.75103,-122.00792,Summer21,7/31/2021 6:33,Odocoileus hemionus,6/24/2021,8/7/2021
SEWA_N07_FRD1,47.75103,-122.00792,Summer21,7/31/2021 9:01,Odocoileus hemionus,6/24/2021,8/7/2021
SEWA_N07_FRD1,47.75103,-122.00792,Summer21,8/1/2021 16:25,Homo sapiens,6/24/2021,8/7/2021
SEWA_N07_RHF1,47.7406,-122.01764,Summer21,7/1/2021 8:48,Homo sapiens,6/24/2021,8/7/2021
SEWA_N07_RHF1,47.7406,-122.01764,Summer21,7/1/2021 20:18,Odocoileus hemionus,6/24/2021,8/7/2021
SEWA_N07_RHF1,47.7406,-122.01764,Summer21,7/7/2021 14:08,Ursus americanus,6/24/2021,8/7/2021
SEWA_N07_RHF1,47.7406,-122.01764,Summer21,7/9/2021 0:50,Lynx rufus,6/24/2021,8/7/2021
SEWA_N07_RHF1,47.7406,-122.01764,Summer21,7/10/2021 7:53,Ursus americanus,6/24/2021,8/7/2021
SEWA_N07_RHF1,47.7406,-122.01764,Summer21,7/12/2021 18:31,Canis latrans,6/24/2021,8/7/2021
SEWA_N07_RHF1,47.7406,-122.01764,Summer21,7/13/2021 22:48,Canis latrans,6/24/2021,8/7/2021
SEWA_N07_RHF1,47.7406,-122.01764,Summer21,7/21/2021 3:24,Sylvilagus floridanus,6/24/2021,8/7/2021
SEWA_N07_RHF1,47.7406,-122.01764,Summer21,7/22/2021 22:49,Sylvilagus floridanus,6/24/2021,8/7/2021
SEWA_N07_RHF1,47.7406,-122.01764,Summer21,7/28/2021 11:18,Odocoileus hemionus,6/24/2021,8/7/2021
SEWA_N07_RHF1,47.7406,-122.01764,Summer21,8/2/2021 13:24,Homo sapiens,6/24/2021,8/7/2021
SEWA_S04_BRF2,47.47647,-122.23516,Summer21,7/2/2021 11:15,Homo sapiens,6/24/2021,8/7/2021
SEWA_S04_BRF2,47.47647,-122.23516,Summer21,7/10/2021 8:53,Odocoileus hemionus,6/24/2021,8/7/2021
SEWA_S04_BRF2,47.47647,-122.23516,Summer21,7/10/2021 20:52,Odocoileus hemionus,6/24/2021,8/7/2021
SEWA_S04_BRF2,47.47647,-122.23516,Summer21,7/19/2021 14:05,Odocoileus hemionus,6/24/2021,8/7/2021
SEWA_S04_BRF2,47.47647,-122.23516,Summer21,7/19/2021 15:04,Odocoileus hemionus,6/24/2021,8/7/2021
SEWA_S04_BRF2,47.47647,-122.23516,Summer21,7/19/2021 15:56,Odocoileus hemionus,6/24/2021,8/7/2021
SEWA_S04_BRF2,47.47647,-122.23516,Summer21,7/27/2021 10:57,Odocoileus hemionus,6/24/2021,8/7/2021
SEWA_S04_BRF2,47.47647,-122.23516,Summer21,7/27/2021 12:07,Odocoileus hemionus,6/24/2021,8/7/2021
SEWA_S04_BRF2,47.47647,-122.23516,Summer21,7/27/2021 12:32,Odocoileus hemionus,6/24/2021,8/7/2021
SEWA_S04_BRF2,47.47647,-122.23516,Summer21,7/27/2021 12:59,Odocoileus hemionus,6/24/2021,8/7/2021
SEWA_S04_BRF2,47.47647,-122.23516,Summer21,7/27/2021 13:18,Odocoileus hemionus,6/24/2021,8/7/2021
SEWA_S04_BRF2,47.47647,-122.23516,Summer21,7/27/2021 13:43,Odocoileus hemionus,6/24/2021,8/7/2021
SEWA_S04_BRF2,47.47647,-122.23516,Summer21,7/27/2021 14:15,Odocoileus hemionus,6/24/2021,8/7/2021
SEWA_S04_BRF2,47.47647,-122.23516,Summer21,7/27/2021 14:18,Odocoileus hemionus,6/24/2021,8/7/2021
SEWA_S04_BRF2,47.47647,-122.23516,Summer21,7/27/2021 14:19,Odocoileus hemionus,6/24/2021,8/7/2021
SEWA_S04_BRF2,47.47647,-122.23516,Summer21,8/4/2021 4:07,Sylvilagus floridanus,6/24/2021,8/7/2021
SEWA_S07_BMR2,47.44629,-122.07208,Summer21,6/24/2021 1:25,Cervus canadensis,6/24/2021,8/7/2021
SEWA_S07_BMR2,47.44629,-122.07208,Summer21,6/28/2021 17:23,Homo sapiens,6/24/2021,8/7/2021
SEWA_S07_BMR2,47.44629,-122.07208,Summer21,6/28/2021 17:28,Homo sapiens,6/24/2021,8/7/2021
SEWA_S07_BMR2,47.44629,-122.07208,Summer21,6/30/2021 21:43,Cervus canadensis,6/24/2021,8/7/2021
SEWA_S07_BMR2,47.44629,-122.07208,Summer21,7/3/2021 4:16,Cervus canadensis,6/24/2021,8/7/2021
SEWA_S07_BMR2,47.44629,-122.07208,Summer21,7/3/2021 18:45,Odocoileus hemionus,6/24/2021,8/7/2021
SEWA_S07_BMR2,47.44629,-122.07208,Summer21,7/4/2021 4:57,Odocoileus hemionus,6/24/2021,8/7/2021
SEWA_S07_BMR2,47.44629,-122.07208,Summer21,7/5/2021 18:05,Odocoileus hemionus,6/24/2021,8/7/2021
SEWA_S07_BMR2,47.44629,-122.07208,Summer21,7/6/2021 19:32,Odocoileus hemionus,6/24/2021,8/7/2021
SEWA_S07_BMR2,47.44629,-122.07208,Summer21,7/10/2021 11:33,Canis latrans,6/24/2021,8/7/2021
SEWA_S07_BMR2,47.44629,-122.07208,Summer21,7/10/2021 12:19,Canis latrans,6/24/2021,8/7/2021
SEWA_S07_BMR2,47.44629,-122.07208,Summer21,7/10/2021 13:29,Canis latrans,6/24/2021,8/7/2021
SEWA_S07_BMR2,47.44629,-122.07208,Summer21,7/12/2021 14:42,Canis latrans,6/24/2021,8/7/2021
SEWA_S07_BMR2,47.44629,-122.07208,Summer21,7/12/2021 21:47,Canis latrans,6/24/2021,8/7/2021
SEWA_S07_BMR2,47.44629,-122.07208,Summer21,7/18/2021 17:18,Odocoileus hemionus,6/24/2021,8/7/2021
SEWA_S07_BMR2,47.44629,-122.07208,Summer21,7/18/2021 20:07,Cervus canadensis,6/24/2021,8/7/2021
SEWA_S07_BMR2,47.44629,-122.07208,Summer21,7/19/2021 3:33,Odocoileus hemionus,6/24/2021,8/7/2021
SEWA_S07_BMR2,47.44629,-122.07208,Summer21,7/21/2021 1:49,Cervus canadensis,6/24/2021,8/7/2021
SEWA_S07_BMR2,47.44629,-122.07208,Summer21,7/21/2021 14:59,Odocoileus hemionus,6/24/2021,8/7/2021
SEWA_S07_BMR2,47.44629,-122.07208,Summer21,7/22/2021 22:20,Procyon lotor,6/24/2021,8/7/2021
SEWA_S07_BMR2,47.44629,-122.07208,Summer21,7/26/2021 16:05,Odocoileus hemionus,6/24/2021,8/7/2021
SEWA_S07_BMR2,47.44629,-122.07208,Summer21,7/27/2021 1:57,Sylvilagus floridanus,6/24/2021,8/7/2021
SEWA_S07_BMR2,47.44629,-122.07208,Summer21,7/29/2021 4:55,Odocoileus hemionus,6/24/2021,8/7/2021
SEWA_S07_BMR2,47.44629,-122.07208,Summer21,7/31/2021 10:05,Odocoileus hemionus,6/24/2021,8/7/2021
SEWA_S07_BMR2,47.44629,-122.07208,Summer21,7/31/2021 12:23,Odocoileus hemionus,6/24/2021,8/7/2021
SEWA_S07_BMR2,47.44629,-122.07208,Summer21,7/31/2021 12:38,Odocoileus hemionus,6/24/2021,8/7/2021
SEWA_S07_BMR2,47.44629,-122.07208,Summer21,7/31/2021 12:39,Odocoileus hemionus,6/24/2021,8/7/2021
SEWA_S07_BMR2,47.44629,-122.07208,Summer21,8/1/2021 17:22,Odocoileus hemionus,6/24/2021,8/7/2021
SEWA_N02_BGP2,47.66616,-122.28327,Fall21,10/4/2021 16:19,Sciurus carolinensis,9/24/2021,11/7/2021
SEWA_N02_BGP2,47.66616,-122.28327,Fall21,10/4/2021 16:21,Sciurus carolinensis,9/24/2021,11/7/2021
SEWA_N02_BGP2,47.66616,-122.28327,Fall21,10/4/2021 16:32,Sciurus carolinensis,9/24/2021,11/7/2021
SEWA_N02_BGP2,47.66616,-122.28327,Fall21,10/4/2021 16:54,Sciurus carolinensis,9/24/2021,11/7/2021
SEWA_N02_BGP2,47.66616,-122.28327,Fall21,10/4/2021 17:18,Sciurus carolinensis,9/24/2021,11/7/2021
SEWA_N06_MBC2,47.70431,-122.08896,Fall21,9/25/2021 21:59,Didelphis virginiana,9/24/2021,11/7/2021
SEWA_N06_MBC2,47.70431,-122.08896,Fall21,9/25/2021 22:06,Didelphis virginiana,9/24/2021,11/7/2021
SEWA_N06_MBC2,47.70431,-122.08896,Fall21,9/28/2021 19:53,Didelphis virginiana,9/24/2021,11/7/2021
SEWA_N06_MBC2,47.70431,-122.08896,Fall21,10/1/2021 15:54,Colaptes auratus,9/24/2021,11/7/2021
SEWA_N06_MBC2,47.70431,-122.08896,Fall21,10/2/2021 4:09,Didelphis virginiana,9/24/2021,11/7/2021
SEWA_N06_MBC2,47.70431,-122.08896,Fall21,10/4/2021 21:07,Canis latrans,9/24/2021,11/7/2021
SEWA_N06_MBC2,47.70431,-122.08896,Fall21,10/7/2021 11:44,Homo sapiens,9/24/2021,11/7/2021
SEWA_N06_MBC2,47.70431,-122.08896,Fall21,10/8/2021 10:31,Felis catus,9/24/2021,11/7/2021
SEWA_N06_MBC2,47.70431,-122.08896,Fall21,10/8/2021 10:33,Felis catus,9/24/2021,11/7/2021
SEWA_N06_MBC2,47.70431,-122.08896,Fall21,10/8/2021 10:36,Felis catus,9/24/2021,11/7/2021
SEWA_N06_MBC2,47.70431,-122.08896,Fall21,10/9/2021 17:12,Felis catus,9/24/2021,11/7/2021
SEWA_N06_MBC2,47.70431,-122.08896,Fall21,10/9/2021 17:17,Felis catus,9/24/2021,11/7/2021
SEWA_N06_MBC2,47.70431,-122.08896,Fall21,10/10/2021 10:43,Sciurus carolinensis,9/24/2021,11/7/2021
SEWA_N06_MBC2,47.70431,-122.08896,Fall21,10/11/2021 19:10,Felis catus,9/24/2021,11/7/2021
SEWA_N06_MBC2,47.70431,-122.08896,Fall21,10/12/2021 13:22,Felis catus,9/24/2021,11/7/2021
SEWA_N06_MBC2,47.70431,-122.08896,Fall21,10/13/2021 20:13,Didelphis virginiana,9/24/2021,11/7/2021
SEWA_N06_MBC2,47.70431,-122.08896,Fall21,10/14/2021 13:10,Callipepla californica,9/24/2021,11/7/2021
SEWA_N06_MBC2,47.70431,-122.08896,Fall21,10/18/2021 9:15,Callipepla californica,9/24/2021,11/7/2021
SEWA_N06_MBC2,47.70431,-122.08896,Fall21,10/20/2021 3:55,Felis catus,9/24/2021,11/7/2021
SEWA_N06_MBC2,47.70431,-122.08896,Fall21,10/21/2021 20:26,Didelphis virginiana,9/24/2021,11/7/2021
SEWA_N06_MBC2,47.70431,-122.08896,Fall21,10/23/2021 15:35,Colaptes auratus,9/24/2021,11/7/2021
SEWA_N06_MBC2,47.70431,-122.08896,Fall21,10/23/2021 20:17,Didelphis virginiana,9/24/2021,11/7/2021
SEWA_N06_MBC2,47.70431,-122.08896,Fall21,10/23/2021 20:58,Didelphis virginiana,9/24/2021,11/7/2021
SEWA_N06_MBC2,47.70431,-122.08896,Fall21,10/25/2021 21:01,Didelphis virginiana,9/24/2021,11/7/2021
SEWA_N06_MBC2,47.70431,-122.08896,Fall21,10/25/2021 21:53,Didelphis virginiana,9/24/2021,11/7/2021
SEWA_N06_MBC2,47.70431,-122.08896,Fall21,10/26/2021 19:38,Didelphis virginiana,9/24/2021,11/7/2021
SEWA_N06_MBC2,47.70431,-122.08896,Fall21,10/26/2021 19:55,Didelphis virginiana,9/24/2021,11/7/2021
SEWA_N06_MBC2,47.70431,-122.08896,Fall21,10/31/2021 17:26,Lynx rufus,9/24/2021,11/7/2021
SEWA_N06_MBC2,47.70431,-122.08896,Fall21,10/31/2021 19:28,Didelphis virginiana,9/24/2021,11/7/2021
SEWA_N06_MBC2,47.70431,-122.08896,Fall21,10/31/2021 19:59,Didelphis virginiana,9/24/2021,11/7/2021
SEWA_N06_MBC2,47.70431,-122.08896,Fall21,10/31/2021 20:17,Didelphis virginiana,9/24/2021,11/7/2021
SEWA_N06_MBC2,47.70431,-122.08896,Fall21,11/1/2021 19:28,Didelphis virginiana,9/24/2021,11/7/2021
SEWA_N06_MBC2,47.70431,-122.08896,Fall21,11/1/2021 20:27,Didelphis virginiana,9/24/2021,11/7/2021
SEWA_N07_FRD1,47.75103,-122.00792,Fall21,10/1/2021 12:41,Homo sapiens,9/24/2021,11/7/2021
SEWA_N07_FRD1,47.75103,-122.00792,Fall21,10/1/2021 14:03,Sciurus carolinensis,9/24/2021,11/7/2021
SEWA_N07_FRD1,47.75103,-122.00792,Fall21,10/2/2021 11:10,Sciurus carolinensis,9/24/2021,11/7/2021
SEWA_N07_FRD1,47.75103,-122.00792,Fall21,10/3/2021 3:45,Canis latrans,9/24/2021,11/7/2021
SEWA_N07_FRD1,47.75103,-122.00792,Fall21,10/4/2021 14:44,Sciurus carolinensis,9/24/2021,11/7/2021
SEWA_N07_FRD1,47.75103,-122.00792,Fall21,10/4/2021 16:06,Sciurus carolinensis,9/24/2021,11/7/2021
SEWA_N07_FRD1,47.75103,-122.00792,Fall21,10/4/2021 16:15,Sciurus carolinensis,9/24/2021,11/7/2021
SEWA_N07_FRD1,47.75103,-122.00792,Fall21,10/5/2021 14:04,Sciurus carolinensis,9/24/2021,11/7/2021
SEWA_N07_FRD1,47.75103,-122.00792,Fall21,10/5/2021 15:52,Sciurus carolinensis,9/24/2021,11/7/2021
SEWA_N07_FRD1,47.75103,-122.00792,Fall21,10/6/2021 8:56,Squirrel sp.,9/24/2021,11/7/2021
SEWA_N07_FRD1,47.75103,-122.00792,Fall21,10/6/2021 15:01,Sciurus carolinensis,9/24/2021,11/7/2021
SEWA_N07_FRD1,47.75103,-122.00792,Fall21,10/7/2021 12:37,Sciurus carolinensis,9/24/2021,11/7/2021
SEWA_N07_FRD1,47.75103,-122.00792,Fall21,10/8/2021 15:11,Sciurus carolinensis,9/24/2021,11/7/2021
SEWA_N07_FRD1,47.75103,-122.00792,Fall21,10/8/2021 15:21,Sciurus carolinensis,9/24/2021,11/7/2021
SEWA_N07_FRD1,47.75103,-122.00792,Fall21,10/8/2021 16:31,Sciurus carolinensis,9/24/2021,11/7/2021
SEWA_N07_FRD1,47.75103,-122.00792,Fall21,10/9/2021 10:00,Sciurus carolinensis,9/24/2021,11/7/2021
SEWA_N07_FRD1,47.75103,-122.00792,Fall21,10/10/2021 9:09,Sciurus carolinensis,9/24/2021,11/7/2021
SEWA_N07_FRD1,47.75103,-122.00792,Fall21,10/10/2021 11:09,Sciurus carolinensis,9/24/2021,11/7/2021
SEWA_N07_FRD1,47.75103,-122.00792,Fall21,10/10/2021 11:12,Sciurus carolinensis,9/24/2021,11/7/2021
SEWA_N07_FRD1,47.75103,-122.00792,Fall21,10/11/2021 7:49,Sciurus carolinensis,9/24/2021,11/7/2021
SEWA_N07_FRD1,47.75103,-122.00792,Fall21,10/13/2021 16:12,Sciurus carolinensis,9/24/2021,11/7/2021
SEWA_N07_FRD1,47.75103,-122.00792,Fall21,10/13/2021 16:15,Sciurus carolinensis,9/24/2021,11/7/2021
SEWA_N07_FRD1,47.75103,-122.00792,Fall21,10/13/2021 18:10,Sciurus carolinensis,9/24/2021,11/7/2021
SEWA_N07_FRD1,47.75103,-122.00792,Fall21,10/14/2021 11:13,Sciurus carolinensis,9/24/2021,11/7/2021
SEWA_N07_FRD1,47.75103,-122.00792,Fall21,10/14/2021 11:16,Sciurus carolinensis,9/24/2021,11/7/2021
SEWA_N07_FRD1,47.75103,-122.00792,Fall21,10/14/2021 11:22,Sciurus carolinensis,9/24/2021,11/7/2021
SEWA_N07_FRD1,47.75103,-122.00792,Fall21,10/14/2021 11:30,Sciurus carolinensis,9/24/2021,11/7/2021
SEWA_N07_FRD1,47.75103,-122.00792,Fall21,10/15/2021 13:19,Sciurus carolinensis,9/24/2021,11/7/2021
SEWA_N07_FRD1,47.75103,-122.00792,Fall21,10/15/2021 13:23,Sciurus carolinensis,9/24/2021,11/7/2021
SEWA_N07_FRD1,47.75103,-122.00792,Fall21,10/16/2021 9:26,Sciurus carolinensis,9/24/2021,11/7/2021
SEWA_N07_FRD1,47.75103,-122.00792,Fall21,10/16/2021 10:36,Sciurus carolinensis,9/24/2021,11/7/2021
SEWA_N07_FRD1,47.75103,-122.00792,Fall21,10/16/2021 10:42,Sciurus carolinensis,9/24/2021,11/7/2021
SEWA_N07_FRD1,47.75103,-122.00792,Fall21,10/16/2021 13:25,Sciurus carolinensis,9/24/2021,11/7/2021
SEWA_N07_FRD1,47.75103,-122.00792,Fall21,10/16/2021 13:27,Sciurus carolinensis,9/24/2021,11/7/2021
SEWA_N07_FRD1,47.75103,-122.00792,Fall21,10/16/2021 13:35,Sciurus carolinensis,9/24/2021,11/7/2021
SEWA_N07_FRD1,47.75103,-122.00792,Fall21,10/16/2021 17:03,Lynx rufus,9/24/2021,11/7/2021
SEWA_N07_FRD1,47.75103,-122.00792,Fall21,10/17/2021 13:52,Sciurus carolinensis,9/24/2021,11/7/2021
SEWA_N07_FRD1,47.75103,-122.00792,Fall21,10/17/2021 13:54,Sciurus carolinensis,9/24/2021,11/7/2021
SEWA_N07_FRD1,47.75103,-122.00792,Fall21,10/18/2021 5:52,Canis latrans,9/24/2021,11/7/2021
SEWA_N07_FRD1,47.75103,-122.00792,Fall21,10/18/2021 12:12,Sciurus carolinensis,9/24/2021,11/7/2021
SEWA_N07_FRD1,47.75103,-122.00792,Fall21,10/18/2021 12:49,Sciurus carolinensis,9/24/2021,11/7/2021
SEWA_N07_FRD1,47.75103,-122.00792,Fall21,10/18/2021 12:52,Sciurus carolinensis,9/24/2021,11/7/2021
SEWA_N07_FRD1,47.75103,-122.00792,Fall21,10/18/2021 13:19,Sciurus carolinensis,9/24/2021,11/7/2021
SEWA_N07_FRD1,47.75103,-122.00792,Fall21,10/18/2021 13:20,Sciurus carolinensis,9/24/2021,11/7/2021
SEWA_N07_FRD1,47.75103,-122.00792,Fall21,10/18/2021 16:11,Sciurus carolinensis,9/24/2021,11/7/2021
SEWA_N07_FRD1,47.75103,-122.00792,Fall21,10/19/2021 16:52,Sciurus carolinensis,9/24/2021,11/7/2021
SEWA_N07_FRD1,47.75103,-122.00792,Fall21,10/20/2021 11:34,Sciurus carolinensis,9/24/2021,11/7/2021
SEWA_N07_FRD1,47.75103,-122.00792,Fall21,10/20/2021 16:05,Sciurus carolinensis,9/24/2021,11/7/2021
SEWA_N07_FRD1,47.75103,-122.00792,Fall21,10/20/2021 21:59,Odocoileus hemionus,9/24/2021,11/7/2021
SEWA_N07_FRD1,47.75103,-122.00792,Fall21,10/21/2021 18:31,Canis latrans,9/24/2021,11/7/2021
SEWA_N07_FRD1,47.75103,-122.00792,Fall21,10/22/2021 8:05,Sciurus carolinensis,9/24/2021,11/7/2021
SEWA_N07_FRD1,47.75103,-122.00792,Fall21,10/23/2021 8:36,Sciurus carolinensis,9/24/2021,11/7/2021
SEWA_N07_FRD1,47.75103,-122.00792,Fall21,10/23/2021 11:14,Sciurus carolinensis,9/24/2021,11/7/2021
SEWA_N07_FRD1,47.75103,-122.00792,Fall21,10/25/2021 12:27,Sciurus carolinensis,9/24/2021,11/7/2021
SEWA_N07_FRD1,47.75103,-122.00792,Fall21,10/26/2021 11:50,Sciurus carolinensis,9/24/2021,11/7/2021
SEWA_N07_FRD1,47.75103,-122.00792,Fall21,10/27/2021 8:35,Sciurus carolinensis,9/24/2021,11/7/2021
SEWA_N07_FRD1,47.75103,-122.00792,Fall21,10/28/2021 6:37,Canis latrans,9/24/2021,11/7/2021
SEWA_N07_FRD1,47.75103,-122.00792,Fall21,10/29/2021 9:27,Sciurus carolinensis,9/24/2021,11/7/2021
SEWA_N07_FRD1,47.75103,-122.00792,Fall21,10/29/2021 11:39,Sciurus carolinensis,9/24/2021,11/7/2021
SEWA_N07_FRD1,47.75103,-122.00792,Fall21,10/29/2021 13:32,Sciurus carolinensis,9/24/2021,11/7/2021
SEWA_N07_FRD1,47.75103,-122.00792,Fall21,10/31/2021 14:40,Sciurus carolinensis,9/24/2021,11/7/2021
SEWA_N07_FRD1,47.75103,-122.00792,Fall21,10/31/2021 15:03,Sciurus carolinensis,9/24/2021,11/7/2021
SEWA_N07_FRD1,47.75103,-122.00792,Fall21,10/31/2021 16:13,Homo sapiens,9/24/2021,11/7/2021
SEWA_N07_RHF1,47.7406,-122.01764,Fall21,10/1/2021 14:41,Homo sapiens,9/24/2021,11/7/2021
SEWA_N07_RHF1,47.7406,-122.01764,Fall21,10/1/2021 14:44,Homo sapiens,9/24/2021,11/7/2021
SEWA_N07_RHF1,47.7406,-122.01764,Fall21,10/1/2021 14:46,Homo sapiens,9/24/2021,11/7/2021
SEWA_N07_RHF1,47.7406,-122.01764,Fall21,10/6/2021 23:09,Ursus americanus,9/24/2021,11/7/2021
SEWA_N07_RHF1,47.7406,-122.01764,Fall21,10/27/2021 6:28,Odocoileus hemionus,9/24/2021,11/7/2021
SEWA_N07_RHF1,47.7406,-122.01764,Fall21,10/27/2021 8:50,Ursus americanus,9/24/2021,11/7/2021
SEWA_N07_RHF1,47.7406,-122.01764,Fall21,10/30/2021 10:05,Odocoileus hemionus,9/24/2021,11/7/2021
SEWA_N07_RHF1,47.7406,-122.01764,Fall21,10/31/2021 4:56,Odocoileus hemionus,9/24/2021,11/7/2021
SEWA_N07_RHF1,47.7406,-122.01764,Fall21,10/31/2021 10:03,Odocoileus hemionus,9/24/2021,11/7/2021
SEWA_N07_RHF1,47.7406,-122.01764,Fall21,10/31/2021 10:57,Homo sapiens,9/24/2021,11/7/2021
SEWA_S04_BRF2,47.47647,-122.23516,Fall21,10/6/2021 14:56,Homo sapiens,9/24/2021,11/7/2021
SEWA_S04_BRF2,47.47647,-122.23516,Fall21,10/8/2021 0:40,Procyon lotor,9/24/2021,11/7/2021
SEWA_S04_BRF2,47.47647,-122.23516,Fall21,10/13/2021 6:59,Canis latrans,9/24/2021,11/7/2021
SEWA_S04_BRF2,47.47647,-122.23516,Fall21,10/13/2021 7:01,Canis sp.,9/24/2021,11/7/2021
SEWA_S04_BRF2,47.47647,-122.23516,Fall21,10/17/2021 4:22,Odocoileus hemionus,9/24/2021,11/7/2021
SEWA_S04_BRF2,47.47647,-122.23516,Fall21,10/17/2021 4:26,Odocoileus hemionus,9/24/2021,11/7/2021
SEWA_S04_BRF2,47.47647,-122.23516,Fall21,10/17/2021 4:29,Odocoileus hemionus,9/24/2021,11/7/2021
SEWA_S04_BRF2,47.47647,-122.23516,Fall21,10/17/2021 4:31,Odocoileus hemionus,9/24/2021,11/7/2021
SEWA_S04_BRF2,47.47647,-122.23516,Fall21,10/17/2021 4:33,Odocoileus hemionus,9/24/2021,11/7/2021
SEWA_S04_BRF2,47.47647,-122.23516,Fall21,10/18/2021 13:12,Sciurus carolinensis,9/24/2021,11/7/2021
SEWA_S04_BRF2,47.47647,-122.23516,Fall21,10/19/2021 13:09,Sciurus carolinensis,9/24/2021,11/7/2021
SEWA_S04_BRF2,47.47647,-122.23516,Fall21,10/29/2021 5:34,Canis latrans,9/24/2021,11/7/2021
SEWA_S04_BRF2,47.47647,-122.23516,Fall21,11/4/2021 9:13,Homo sapiens,9/24/2021,11/7/2021
SEWA_S07_BMR2,47.44629,-122.07208,Fall21,9/26/2021 12:56,Canis latrans,9/24/2021,11/7/2021
SEWA_S07_BMR2,47.44629,-122.07208,Fall21,9/26/2021 14:04,Canis latrans,9/24/2021,11/7/2021
SEWA_S07_BMR2,47.44629,-122.07208,Fall21,10/7/2021 16:54,Homo sapiens,9/24/2021,11/7/2021
SEWA_S07_BMR2,47.44629,-122.07208,Fall21,10/7/2021 17:08,Homo sapiens,9/24/2021,11/7/2021
SEWA_S07_BMR2,47.44629,-122.07208,Fall21,10/8/2021 1:08,Sylvilagus floridanus,9/24/2021,11/7/2021
SEWA_S07_BMR2,47.44629,-122.07208,Fall21,10/8/2021 20:22,Canis latrans,9/24/2021,11/7/2021
SEWA_S07_BMR2,47.44629,-122.07208,Fall21,10/16/2021 7:14,Lynx rufus,9/24/2021,11/7/2021
SEWA_S07_BMR2,47.44629,-122.07208,Fall21,10/16/2021 16:11,Lynx rufus,9/24/2021,11/7/2021
SEWA_S07_BMR2,47.44629,-122.07208,Fall21,10/16/2021 18:11,Canis latrans,9/24/2021,11/7/2021
SEWA_S07_BMR2,47.44629,-122.07208,Fall21,10/17/2021 1:00,Lynx rufus,9/24/2021,11/7/2021
SEWA_S07_BMR2,47.44629,-122.07208,Fall21,10/17/2021 1:17,Lynx rufus,9/24/2021,11/7/2021
SEWA_S07_BMR2,47.44629,-122.07208,Fall21,10/18/2021 18:40,Sylvilagus floridanus,9/24/2021,11/7/2021
SEWA_S07_BMR2,47.44629,-122.07208,Fall21,10/22/2021 21:12,Procyon lotor,9/24/2021,11/7/2021
SEWA_S07_BMR2,47.44629,-122.07208,Fall21,10/24/2021 11:28,Odocoileus hemionus,9/24/2021,11/7/2021
SEWA_S07_BMR2,47.44629,-122.07208,Fall21,10/28/2021 5:54,Canis latrans,9/24/2021,11/7/2021
SEWA_S07_BMR2,47.44629,-122.07208,Fall21,10/28/2021 5:57,Canis latrans,9/24/2021,11/7/2021
SEWA_S07_BMR2,47.44629,-122.07208,Fall21,10/30/2021 11:15,Homo sapiens,9/24/2021,11/7/2021
SEWA_S07_BMR2,47.44629,-122.07208,Fall21,10/30/2021 11:26,Homo sapiens,9/24/2021,11/7/2021
SEWA_S07_BMR2,47.44629,-122.07208,Fall21,11/4/2021 15:18,Odocoileus hemionus,9/24/2021,11/7/2021
SEWA_N06_MBC2,47.70431,-122.08896,Winter22,12/31/2021 1:48,Lynx rufus,12/25/2021,2/7/2022
SEWA_N06_MBC2,47.70431,-122.08896,Winter22,1/8/2022 21:26,Didelphis virginiana,12/25/2021,2/7/2022
SEWA_N06_MBC2,47.70431,-122.08896,Winter22,2/1/2022 4:50,Procyon lotor,12/25/2021,2/7/2022
SEWA_N07_FRD1,47.75103,-122.00792,Winter22,12/31/2021 12:56,Homo sapiens,12/25/2021,2/7/2022
SEWA_N07_FRD1,47.75103,-122.00792,Winter22,1/8/2022 9:11,Sciurus carolinensis,12/25/2021,2/7/2022
SEWA_N07_FRD1,47.75103,-122.00792,Winter22,1/9/2022 11:24,Sciurus carolinensis,12/25/2021,2/7/2022
SEWA_N07_FRD1,47.75103,-122.00792,Winter22,1/9/2022 11:28,Sciurus carolinensis,12/25/2021,2/7/2022
SEWA_N07_FRD1,47.75103,-122.00792,Winter22,1/9/2022 13:15,Sciurus carolinensis,12/25/2021,2/7/2022
SEWA_N07_FRD1,47.75103,-122.00792,Winter22,1/9/2022 14:58,Sciurus carolinensis,12/25/2021,2/7/2022
SEWA_N07_FRD1,47.75103,-122.00792,Winter22,1/10/2022 23:41,Lynx rufus,12/25/2021,2/7/2022
SEWA_N07_FRD1,47.75103,-122.00792,Winter22,1/12/2022 20:21,Canis latrans,12/25/2021,2/7/2022
SEWA_N07_FRD1,47.75103,-122.00792,Winter22,1/14/2022 14:07,Sciurus carolinensis,12/25/2021,2/7/2022
SEWA_N07_FRD1,47.75103,-122.00792,Winter22,1/17/2022 1:05,Odocoileus hemionus,12/25/2021,2/7/2022
SEWA_N07_FRD1,47.75103,-122.00792,Winter22,1/21/2022 8:40,Sciurus carolinensis,12/25/2021,2/7/2022
SEWA_N07_FRD1,47.75103,-122.00792,Winter22,1/22/2022 19:35,Odocoileus hemionus,12/25/2021,2/7/2022
SEWA_N07_FRD1,47.75103,-122.00792,Winter22,1/22/2022 19:37,Odocoileus hemionus,12/25/2021,2/7/2022
SEWA_N07_FRD1,47.75103,-122.00792,Winter22,1/23/2022 8:04,Sciurus carolinensis,12/25/2021,2/7/2022
SEWA_N07_FRD1,47.75103,-122.00792,Winter22,1/23/2022 9:20,Sciurus carolinensis,12/25/2021,2/7/2022
SEWA_N07_FRD1,47.75103,-122.00792,Winter22,1/23/2022 17:14,Odocoileus hemionus,12/25/2021,2/7/2022
SEWA_N07_FRD1,47.75103,-122.00792,Winter22,1/25/2022 15:07,Odocoileus hemionus,12/25/2021,2/7/2022
SEWA_N07_FRD1,47.75103,-122.00792,Winter22,1/25/2022 18:21,Odocoileus hemionus,12/25/2021,2/7/2022
SEWA_N07_FRD1,47.75103,-122.00792,Winter22,2/2/2022 13:44,Homo sapiens,12/25/2021,2/7/2022
SEWA_N07_RHF1,47.7406,-122.01764,Winter22,1/9/2022 10:40,Homo sapiens,12/25/2021,2/7/2022
SEWA_N07_RHF1,47.7406,-122.01764,Winter22,1/10/2022 1:42,Canis latrans,12/25/2021,2/7/2022
SEWA_N07_RHF1,47.7406,-122.01764,Winter22,1/10/2022 3:28,Canis latrans,12/25/2021,2/7/2022
SEWA_N07_RHF1,47.7406,-122.01764,Winter22,1/11/2022 0:40,Didelphis virginiana,12/25/2021,2/7/2022
SEWA_N07_RHF1,47.7406,-122.01764,Winter22,1/13/2022 17:00,Canis latrans,12/25/2021,2/7/2022
SEWA_N07_RHF1,47.7406,-122.01764,Winter22,1/14/2022 4:40,Canis latrans,12/25/2021,2/7/2022
SEWA_N07_RHF1,47.7406,-122.01764,Winter22,1/15/2022 10:25,Odocoileus hemionus,12/25/2021,2/7/2022
SEWA_N07_RHF1,47.7406,-122.01764,Winter22,1/16/2022 18:59,Canis latrans,12/25/2021,2/7/2022
SEWA_N07_RHF1,47.7406,-122.01764,Winter22,1/16/2022 19:13,Canis latrans,12/25/2021,2/7/2022
SEWA_N07_RHF1,47.7406,-122.01764,Winter22,1/17/2022 3:24,Canis latrans,12/25/2021,2/7/2022
SEWA_N07_RHF1,47.7406,-122.01764,Winter22,1/17/2022 5:03,Canis latrans,12/25/2021,2/7/2022
SEWA_N07_RHF1,47.7406,-122.01764,Winter22,1/17/2022 5:06,Canis latrans,12/25/2021,2/7/2022
SEWA_N07_RHF1,47.7406,-122.01764,Winter22,1/17/2022 19:53,Canis latrans,12/25/2021,2/7/2022
SEWA_N07_RHF1,47.7406,-122.01764,Winter22,1/18/2022 3:43,Canis latrans,12/25/2021,2/7/2022
SEWA_N07_RHF1,47.7406,-122.01764,Winter22,1/20/2022 12:26,Canis latrans,12/25/2021,2/7/2022
SEWA_N07_RHF1,47.7406,-122.01764,Winter22,1/24/2022 19:37,Canis latrans,12/25/2021,2/7/2022
SEWA_N07_RHF1,47.7406,-122.01764,Winter22,1/26/2022 17:50,Lynx rufus,12/25/2021,2/7/2022
SEWA_N07_RHF1,47.7406,-122.01764,Winter22,1/30/2022 13:21,Canis latrans,12/25/2021,2/7/2022
SEWA_S02_MWP2,47.56093,-122.31849,Winter22,1/11/2022 14:51,Homo sapiens,12/25/2021,2/7/2022
SEWA_S02_MWP2,47.56093,-122.31849,Winter22,1/11/2022 14:51,Canis familiaris,12/25/2021,2/7/2022
SEWA_S02_MWP2,47.56093,-122.31849,Winter22,1/11/2022 15:11,Canis familiaris,12/25/2021,2/7/2022
SEWA_S02_MWP2,47.56093,-122.31849,Winter22,1/11/2022 15:11,Homo sapiens,12/25/2021,2/7/2022
SEWA_S07_BMR2,47.44629,-122.07208,Winter22,1/1/2022 0:08,Cervus canadensis,12/25/2021,2/7/2022
SEWA_S07_BMR2,47.44629,-122.07208,Winter22,1/1/2022 0:10,Cervus canadensis,12/25/2021,2/7/2022
SEWA_S07_BMR2,47.44629,-122.07208,Winter22,1/1/2022 0:12,Cervus canadensis,12/25/2021,2/7/2022
SEWA_S07_BMR2,47.44629,-122.07208,Winter22,1/1/2022 0:14,Cervus canadensis,12/25/2021,2/7/2022
SEWA_S07_BMR2,47.44629,-122.07208,Winter22,1/1/2022 0:16,Cervus canadensis,12/25/2021,2/7/2022
SEWA_S07_BMR2,47.44629,-122.07208,Winter22,1/1/2022 0:21,Cervus canadensis,12/25/2021,2/7/2022
SEWA_S07_BMR2,47.44629,-122.07208,Winter22,1/1/2022 0:28,Cervus canadensis,12/25/2021,2/7/2022
SEWA_S07_BMR2,47.44629,-122.07208,Winter22,1/1/2022 0:31,Cervus canadensis,12/25/2021,2/7/2022
SEWA_S07_BMR2,47.44629,-122.07208,Winter22,1/1/2022 0:39,Cervus canadensis,12/25/2021,2/7/2022
SEWA_S07_BMR2,47.44629,-122.07208,Winter22,1/1/2022 0:40,Cervus canadensis,12/25/2021,2/7/2022
SEWA_S07_BMR2,47.44629,-122.07208,Winter22,1/1/2022 0:42,Cervus canadensis,12/25/2021,2/7/2022
SEWA_S07_BMR2,47.44629,-122.07208,Winter22,1/1/2022 1:04,Cervus canadensis,12/25/2021,2/7/2022
SEWA_S07_BMR2,47.44629,-122.07208,Winter22,1/1/2022 1:18,Cervus canadensis,12/25/2021,2/7/2022
SEWA_S07_BMR2,47.44629,-122.07208,Winter22,1/1/2022 1:27,Cervus canadensis,12/25/2021,2/7/2022
SEWA_S07_BMR2,47.44629,-122.07208,Winter22,1/1/2022 1:28,Cervus canadensis,12/25/2021,2/7/2022
SEWA_S07_BMR2,47.44629,-122.07208,Winter22,1/1/2022 1:29,Cervus canadensis,12/25/2021,2/7/2022
SEWA_S07_BMR2,47.44629,-122.07208,Winter22,1/1/2022 1:33,Cervus canadensis,12/25/2021,2/7/2022
SEWA_S07_BMR2,47.44629,-122.07208,Winter22,1/1/2022 1:34,Cervus canadensis,12/25/2021,2/7/2022
SEWA_S07_BMR2,47.44629,-122.07208,Winter22,1/1/2022 2:01,Cervus canadensis,12/25/2021,2/7/2022
SEWA_S07_BMR2,47.44629,-122.07208,Winter22,1/1/2022 2:02,Cervus canadensis,12/25/2021,2/7/2022
SEWA_S07_BMR2,47.44629,-122.07208,Winter22,1/1/2022 2:04,Cervus canadensis,12/25/2021,2/7/2022
SEWA_S07_BMR2,47.44629,-122.07208,Winter22,1/1/2022 2:05,Cervus canadensis,12/25/2021,2/7/2022
SEWA_S07_BMR2,47.44629,-122.07208,Winter22,1/1/2022 2:11,Cervus canadensis,12/25/2021,2/7/2022
SEWA_S07_BMR2,47.44629,-122.07208,Winter22,1/1/2022 6:19,Cervus canadensis,12/25/2021,2/7/2022
SEWA_S07_BMR2,47.44629,-122.07208,Winter22,1/1/2022 6:24,Cervus canadensis,12/25/2021,2/7/2022
SEWA_S07_BMR2,47.44629,-122.07208,Winter22,1/1/2022 6:25,Cervus canadensis,12/25/2021,2/7/2022
SEWA_S07_BMR2,47.44629,-122.07208,Winter22,1/1/2022 6:30,Cervus canadensis,12/25/2021,2/7/2022
SEWA_S07_BMR2,47.44629,-122.07208,Winter22,1/1/2022 6:34,Cervus canadensis,12/25/2021,2/7/2022
SEWA_S07_BMR2,47.44629,-122.07208,Winter22,1/1/2022 14:34,Cervus canadensis,12/25/2021,2/7/2022
SEWA_S07_BMR2,47.44629,-122.07208,Winter22,1/1/2022 14:36,Cervus canadensis,12/25/2021,2/7/2022
SEWA_S07_BMR2,47.44629,-122.07208,Winter22,1/4/2022 17:09,Cervus canadensis,12/25/2021,2/7/2022
SEWA_S07_BMR2,47.44629,-122.07208,Winter22,1/4/2022 18:03,Cervus canadensis,12/25/2021,2/7/2022
SEWA_S07_BMR2,47.44629,-122.07208,Winter22,1/4/2022 18:06,Cervus canadensis,12/25/2021,2/7/2022
SEWA_S07_BMR2,47.44629,-122.07208,Winter22,1/4/2022 18:12,Cervus canadensis,12/25/2021,2/7/2022
SEWA_S07_BMR2,47.44629,-122.07208,Winter22,1/4/2022 18:42,Odocoileus hemionus,12/25/2021,2/7/2022
SEWA_S07_BMR2,47.44629,-122.07208,Winter22,1/4/2022 18:44,Cervus canadensis,12/25/2021,2/7/2022
SEWA_S07_BMR2,47.44629,-122.07208,Winter22,1/4/2022 18:49,Cervus canadensis,12/25/2021,2/7/2022
SEWA_S07_BMR2,47.44629,-122.07208,Winter22,1/4/2022 18:54,Cervus canadensis,12/25/2021,2/7/2022
SEWA_S07_BMR2,47.44629,-122.07208,Winter22,1/4/2022 18:55,Cervus canadensis,12/25/2021,2/7/2022
SEWA_S07_BMR2,47.44629,-122.07208,Winter22,1/4/2022 18:57,Cervus canadensis,12/25/2021,2/7/2022
SEWA_S07_BMR2,47.44629,-122.07208,Winter22,1/4/2022 19:04,Cervus canadensis,12/25/2021,2/7/2022
SEWA_S07_BMR2,47.44629,-122.07208,Winter22,1/11/2022 8:11,Odocoileus hemionus,12/25/2021,2/7/2022
SEWA_S07_BMR2,47.44629,-122.07208,Winter22,1/11/2022 8:14,Odocoileus hemionus,12/25/2021,2/7/2022
SEWA_S07_BMR2,47.44629,-122.07208,Winter22,1/11/2022 16:49,Odocoileus hemionus,12/25/2021,2/7/2022
SEWA_S07_BMR2,47.44629,-122.07208,Winter22,1/11/2022 17:09,Homo sapiens,12/25/2021,2/7/2022
SEWA_S07_BMR2,47.44629,-122.07208,Winter22,1/11/2022 17:16,Homo sapiens,12/25/2021,2/7/2022
SEWA_S07_BMR2,47.44629,-122.07208,Winter22,1/18/2022 1:41,Odocoileus hemionus,12/25/2021,2/7/2022
SEWA_S07_BMR2,47.44629,-122.07208,Winter22,1/19/2022 9:35,Odocoileus hemionus,12/25/2021,2/7/2022
SEWA_S07_BMR2,47.44629,-122.07208,Winter22,1/20/2022 18:12,Odocoileus hemionus,12/25/2021,2/7/2022
SEWA_S07_BMR2,47.44629,-122.07208,Winter22,2/3/2022 16:04,Homo sapiens,12/25/2021,2/7/2022
SEWA_S07_BMR2,47.44629,-122.07208,Winter22,2/3/2022 16:22,Homo sapiens,12/25/2021,2/7/2022
