city,site,lat,lon,start,end,date,sp,ndets
frge,1,48.039208499156715,7.849525673343904,2022-10-04,2022-11-02,2022-10-10,roe_deer,2
frge,1,48.039208499156715,7.849525673343904,2022-10-04,2022-11-02,2022-10-18,european_hare,1
frge,1,48.039208499156715,7.849525673343904,2022-10-04,2022-11-02,2022-10-23,european_hare,5
frge,1,48.039208499156715,7.849525673343904,2022-10-04,2022-11-02,2022-10-23,red_fox,1
frge,1,48.039208499156715,7.849525673343904,2022-10-04,2022-11-02,2022-10-24,roe_deer,2
frge,1,48.039208499156715,7.849525673343904,2022-10-04,2022-11-02,2022-10-28,european_hare,1
frge,1,48.039208499156715,7.849525673343904,2023-10-04,2023-11-02,2023-10-19,roe_deer,1
frge,1,48.039208499156715,7.849525673343904,2023-10-04,2023-11-02,2023-10-23,roe_deer,3
frge,1,48.039208499156715,7.849525673343904,2023-10-04,2023-11-02,2023-10-24,red_fox,1
frge,1,48.039208499156715,7.849525673343904,2023-10-04,2023-11-02,2023-11-01,roe_deer,8
frge,1,48.039208499156715,7.849525673343904,2024-10-09,2024-11-09,2024-10-11,wild_boar,3
frge,1,48.039208499156715,7.849525673343904,2024-10-09,2024-11-09,2024-10-17,wild_boar,1
frge,1,48.039208499156715,7.849525673343904,2024-10-09,2024-11-09,2024-10-24,roe_deer,1
frge,1,48.039208499156715,7.849525673343904,2024-10-09,2024-11-09,2024-10-25,wild_boar,2
frge,1,48.039208499156715,7.849525673343904,2024-10-09,2024-11-09,2024-10-26,roe_deer,1
frge,1,48.039208499156715,7.849525673343904,2024-10-09,2024-11-09,2024-10-26,wild_boar,1
frge,1,48.039208499156715,7.849525673343904,2024-10-09,2024-11-09,2024-10-29,roe_deer,1
frge,1,48.039208499156715,7.849525673343904,2024-10-09,2024-11-09,2024-11-02,wild_boar,2
frge,1,48.039208499156715,7.849525673343904,2024-10-09,2024-11-09,2024-11-03,wild_boar,1
frge,1,48.039208499156715,7.849525673343904,2024-10-09,2024-11-09,2024-11-05,red_fox,1
frge,1,48.039208499156715,7.849525673343904,2024-10-09,2024-11-09,2024-11-05,wild_boar,1
frge,1,48.039208499156715,7.849525673343904,2022-03-31,2022-04-29,2022-03-31,european_hare,1
frge,1,48.039208499156715,7.849525673343904,2023-04-12,2023-05-11,2023-04-16,roe_deer,1
frge,1,48.039208499156715,7.849525673343904,2023-04-12,2023-05-11,2023-04-19,red_fox,1
frge,1,48.039208499156715,7.849525673343904,2024-03-28,2024-05-02,2024-03-30,red_fox,1
frge,1,48.039208499156715,7.849525673343904,2024-03-28,2024-05-02,2024-04-03,roe_deer,1
frge,1,48.039208499156715,7.849525673343904,2024-03-28,2024-05-02,2024-04-04,roe_deer,13
frge,1,48.039208499156715,7.849525673343904,2024-03-28,2024-05-02,2024-04-05,roe_deer,14
frge,1,48.039208499156715,7.849525673343904,2024-03-28,2024-05-02,2024-04-12,roe_deer,1
frge,1,48.039208499156715,7.849525673343904,2024-03-28,2024-05-02,2024-04-13,roe_deer,2
frge,1,48.039208499156715,7.849525673343904,2024-03-28,2024-05-02,2024-04-16,roe_deer,2
frge,1,48.039208499156715,7.849525673343904,2024-03-28,2024-05-02,2024-04-17,roe_deer,2
frge,1,48.039208499156715,7.849525673343904,2024-03-28,2024-05-02,2024-04-18,roe_deer,2
frge,1,48.039208499156715,7.849525673343904,2024-03-28,2024-05-02,2024-04-20,roe_deer,2
frge,1,48.039208499156715,7.849525673343904,2024-03-28,2024-05-02,2024-04-22,roe_deer,4
frge,1,48.039208499156715,7.849525673343904,2024-03-28,2024-05-02,2024-04-24,roe_deer,3
frge,1,48.039208499156715,7.849525673343904,2024-03-28,2024-05-02,2024-04-25,roe_deer,1
frge,1,48.039208499156715,7.849525673343904,2024-03-28,2024-05-02,2024-04-26,roe_deer,2
frge,1,48.039208499156715,7.849525673343904,2024-03-28,2024-05-02,2024-04-27,roe_deer,1
frge,1,48.039208499156715,7.849525673343904,2024-03-28,2024-05-02,2024-04-28,roe_deer,2
frge,1,48.039208499156715,7.849525673343904,2024-03-28,2024-05-02,2024-04-29,roe_deer,3
frge,1,48.039208499156715,7.849525673343904,2022-06-28,2022-07-27,2022-07-19,roe_deer,4
frge,1,48.039208499156715,7.849525673343904,2022-06-28,2022-07-27,2022-07-21,stone_marten,1
frge,1,48.039208499156715,7.849525673343904,2022-06-28,2022-07-27,2022-07-26,european_red_squirrel,1
frge,1,48.039208499156715,7.849525673343904,2022-06-28,2022-07-27,2022-07-26,roe_deer,1
frge,1,48.039208499156715,7.849525673343904,2023-06-27,2023-07-26,2023-07-11,wild_boar,1
frge,1,48.039208499156715,7.849525673343904,2024-06-27,2024-07-30,2024-06-29,roe_deer,1
frge,1,48.039208499156715,7.849525673343904,2024-06-27,2024-07-30,2024-06-30,roe_deer,2
frge,1,48.039208499156715,7.849525673343904,2024-06-27,2024-07-30,2024-07-01,roe_deer,3
frge,1,48.039208499156715,7.849525673343904,2024-06-27,2024-07-30,2024-07-02,red_fox,1
frge,1,48.039208499156715,7.849525673343904,2024-06-27,2024-07-30,2024-07-03,roe_deer,4
frge,1,48.039208499156715,7.849525673343904,2024-06-27,2024-07-30,2024-07-04,roe_deer,2
frge,1,48.039208499156715,7.849525673343904,2024-06-27,2024-07-30,2024-07-05,roe_deer,2
frge,1,48.039208499156715,7.849525673343904,2024-06-27,2024-07-30,2024-07-07,red_fox,1
frge,1,48.039208499156715,7.849525673343904,2024-06-27,2024-07-30,2024-07-07,roe_deer,1
frge,1,48.039208499156715,7.849525673343904,2024-06-27,2024-07-30,2024-07-08,red_fox,1
frge,1,48.039208499156715,7.849525673343904,2024-06-27,2024-07-30,2024-07-11,roe_deer,2
frge,1,48.039208499156715,7.849525673343904,2024-06-27,2024-07-30,2024-07-12,roe_deer,3
frge,1,48.039208499156715,7.849525673343904,2024-06-27,2024-07-30,2024-07-13,roe_deer,2
frge,1,48.039208499156715,7.849525673343904,2024-06-27,2024-07-30,2024-07-14,roe_deer,1
frge,1,48.039208499156715,7.849525673343904,2024-06-27,2024-07-30,2024-07-15,wild_boar,1
frge,1,48.039208499156715,7.849525673343904,2024-06-27,2024-07-30,2024-07-17,roe_deer,2
frge,1,48.039208499156715,7.849525673343904,2024-06-27,2024-07-30,2024-07-18,roe_deer,1
frge,1,48.039208499156715,7.849525673343904,2024-06-27,2024-07-30,2024-07-20,roe_deer,3
frge,1,48.039208499156715,7.849525673343904,2024-06-27,2024-07-30,2024-07-20,wild_boar,1
frge,1,48.039208499156715,7.849525673343904,2024-06-27,2024-07-30,2024-07-27,wild_boar,1
frge,1,48.039208499156715,7.849525673343904,2024-06-27,2024-07-30,2024-07-28,roe_deer,1
frge,1,48.039208499156715,7.849525673343904,2024-06-27,2024-07-30,2024-07-29,roe_deer,1
frge,1,48.039208499156715,7.849525673343904,2024-06-27,2024-07-30,2024-07-29,wild_boar,1
frge,1,48.039208499156715,7.849525673343904,2024-06-27,2024-07-30,2024-07-30,wild_boar,2
frge,1,48.039208499156715,7.849525673343904,2023-12-29,2024-02-02,2023-12-30,red_fox,1
frge,1,48.039208499156715,7.849525673343904,2023-12-29,2024-02-02,2024-01-01,red_fox,1
frge,1,48.039208499156715,7.849525673343904,2023-12-29,2024-02-02,2024-01-20,red_fox,1
frge,2,48.02626800363218,7.858032001035223,2022-10-18,2022-11-02,2022-10-23,red_fox,1
frge,2,48.02626800363218,7.858032001035223,2022-10-18,2022-11-02,2022-10-24,stone_marten,4
frge,2,48.02626800363218,7.858032001035223,2022-10-18,2022-11-02,2022-10-27,coypu,1
frge,2,48.02626800363218,7.858032001035223,2022-10-18,2022-11-02,2022-10-29,coypu,1
frge,2,48.02626800363218,7.858032001035223,2022-10-18,2022-11-02,2022-10-29,red_fox,1
frge,2,48.02626800363218,7.858032001035223,2023-10-04,2023-11-02,2023-10-14,red_fox,3
frge,2,48.02626800363218,7.858032001035223,2023-10-04,2023-11-02,2023-10-16,red_fox,1
frge,2,48.02626800363218,7.858032001035223,2023-10-04,2023-11-02,2023-10-17,european_red_squirrel,1
frge,2,48.02626800363218,7.858032001035223,2023-10-04,2023-11-02,2023-10-18,domestic_cat,12
frge,2,48.02626800363218,7.858032001035223,2023-10-04,2023-11-02,2023-10-19,domestic_cat,2
frge,2,48.02626800363218,7.858032001035223,2023-10-04,2023-11-02,2023-10-21,red_fox,1
frge,2,48.02626800363218,7.858032001035223,2023-10-04,2023-11-02,2023-10-29,domestic_cat,1
frge,2,48.02626800363218,7.858032001035223,2023-10-04,2023-11-02,2023-10-31,domestic_cat,4
frge,2,48.02626800363218,7.858032001035223,2024-10-09,2024-11-11,2024-10-17,stone_marten,1
frge,2,48.02626800363218,7.858032001035223,2024-10-09,2024-11-11,2024-10-22,european_red_squirrel,2
frge,2,48.02626800363218,7.858032001035223,2024-10-09,2024-11-11,2024-10-25,european_red_squirrel,3
frge,2,48.02626800363218,7.858032001035223,2024-10-09,2024-11-11,2024-10-28,stone_marten,2
frge,2,48.02626800363218,7.858032001035223,2024-10-09,2024-11-11,2024-10-30,red_fox,1
frge,2,48.02626800363218,7.858032001035223,2024-10-09,2024-11-11,2024-11-01,red_fox,1
frge,2,48.02626800363218,7.858032001035223,2024-10-09,2024-11-11,2024-11-07,red_fox,2
frge,2,48.02626800363218,7.858032001035223,2024-10-09,2024-11-11,2024-11-09,red_fox,2
frge,2,48.02626800363218,7.858032001035223,2022-04-01,2022-05-10,2022-04-02,european_red_squirrel,1
frge,2,48.02626800363218,7.858032001035223,2022-04-01,2022-05-10,2022-04-03,european_red_squirrel,1
frge,2,48.02626800363218,7.858032001035223,2022-04-01,2022-05-10,2022-04-09,european_red_squirrel,1
frge,2,48.02626800363218,7.858032001035223,2023-04-03,2023-05-02,2023-04-06,domestic_cat,1
frge,2,48.02626800363218,7.858032001035223,2023-04-03,2023-05-02,2023-04-21,domestic_cat,1
frge,2,48.02626800363218,7.858032001035223,2023-04-03,2023-05-02,2023-04-23,domestic_cat,1
frge,2,48.02626800363218,7.858032001035223,2022-06-28,2022-07-27,2022-07-04,red_fox,1
frge,2,48.02626800363218,7.858032001035223,2022-06-28,2022-07-27,2022-07-12,domestic_cat,1
frge,2,48.02626800363218,7.858032001035223,2023-06-27,2023-07-26,2023-06-30,red_fox,1
frge,2,48.02626800363218,7.858032001035223,2023-06-27,2023-07-26,2023-07-01,domestic_cat,1
frge,2,48.02626800363218,7.858032001035223,2023-06-27,2023-07-26,2023-07-01,red_fox,1
frge,2,48.02626800363218,7.858032001035223,2023-06-27,2023-07-26,2023-07-04,red_fox,2
frge,2,48.02626800363218,7.858032001035223,2023-06-27,2023-07-26,2023-07-06,red_fox,2
frge,2,48.02626800363218,7.858032001035223,2023-06-27,2023-07-26,2023-07-07,red_fox,1
frge,2,48.02626800363218,7.858032001035223,2023-06-27,2023-07-26,2023-07-07,european_red_squirrel,1
frge,2,48.02626800363218,7.858032001035223,2023-06-27,2023-07-26,2023-07-08,red_fox,1
frge,2,48.02626800363218,7.858032001035223,2023-06-27,2023-07-26,2023-07-11,red_fox,1
frge,2,48.02626800363218,7.858032001035223,2023-06-27,2023-07-26,2023-07-13,red_fox,2
frge,2,48.02626800363218,7.858032001035223,2023-06-27,2023-07-26,2023-07-15,red_fox,5
frge,2,48.02626800363218,7.858032001035223,2023-06-27,2023-07-26,2023-07-16,red_fox,3
frge,2,48.02626800363218,7.858032001035223,2023-06-27,2023-07-26,2023-07-17,domestic_cat,2
frge,2,48.02626800363218,7.858032001035223,2023-06-27,2023-07-26,2023-07-17,red_fox,3
frge,2,48.02626800363218,7.858032001035223,2023-06-27,2023-07-26,2023-07-19,red_fox,1
frge,2,48.02626800363218,7.858032001035223,2023-06-27,2023-07-26,2023-07-24,red_fox,1
frge,2,48.02626800363218,7.858032001035223,2023-06-27,2023-07-26,2023-07-26,red_fox,2
frge,2,48.02626800363218,7.858032001035223,2022-01-10,2022-02-08,2022-01-11,red_fox,2
frge,2,48.02626800363218,7.858032001035223,2022-01-10,2022-02-08,2022-01-18,european_red_squirrel,1
frge,2,48.02626800363218,7.858032001035223,2022-01-10,2022-02-08,2022-01-20,red_fox,2
frge,2,48.02626800363218,7.858032001035223,2022-01-10,2022-02-08,2022-01-21,red_fox,1
frge,2,48.02626800363218,7.858032001035223,2022-01-10,2022-02-08,2022-01-27,european_red_squirrel,2
frge,2,48.02626800363218,7.858032001035223,2022-01-10,2022-02-08,2022-01-28,european_red_squirrel,14
frge,2,48.02626800363218,7.858032001035223,2022-01-10,2022-02-08,2022-01-30,european_red_squirrel,5
frge,2,48.02626800363218,7.858032001035223,2022-01-10,2022-02-08,2022-02-02,european_red_squirrel,1
frge,2,48.02626800363218,7.858032001035223,2022-01-10,2022-02-08,2022-02-03,european_red_squirrel,1
frge,2,48.02626800363218,7.858032001035223,2022-01-10,2022-02-08,2022-02-05,european_red_squirrel,2
frge,2,48.02626800363218,7.858032001035223,2022-01-10,2022-02-08,2022-02-07,european_red_squirrel,1
frge,2,48.02626800363218,7.858032001035223,2022-01-10,2022-02-08,2022-02-08,european_red_squirrel,1
frge,2,48.02626800363218,7.858032001035223,2023-01-10,2023-02-08,2023-01-12,domestic_cat,1
frge,2,48.02626800363218,7.858032001035223,2023-12-29,2024-02-02,2023-12-31,european_red_squirrel,2
frge,2,48.02626800363218,7.858032001035223,2023-12-29,2024-02-02,2024-01-22,domestic_cat,1
frge,8,47.98514600360513,7.796449000963868,2022-10-06,2022-10-28,2022-10-17,stone_marten,1
frge,8,47.98514600360513,7.796449000963868,2022-10-06,2022-10-28,2022-10-18,domestic_cat,1
frge,8,47.98514600360513,7.796449000963868,2023-10-05,2023-11-03,2023-10-07,domestic_cat,4
frge,8,47.98514600360513,7.796449000963868,2023-10-05,2023-11-03,2023-10-08,domestic_cat,3
frge,8,47.98514600360513,7.796449000963868,2023-10-05,2023-11-03,2023-10-09,domestic_cat,2
frge,8,47.98514600360513,7.796449000963868,2023-10-05,2023-11-03,2023-10-09,european_hedgehog,1
frge,8,47.98514600360513,7.796449000963868,2023-10-05,2023-11-03,2023-10-10,domestic_cat,2
frge,8,47.98514600360513,7.796449000963868,2023-10-05,2023-11-03,2023-10-11,red_fox,2
frge,8,47.98514600360513,7.796449000963868,2023-10-05,2023-11-03,2023-10-13,domestic_cat,1
frge,8,47.98514600360513,7.796449000963868,2023-10-05,2023-11-03,2023-10-14,domestic_cat,1
frge,8,47.98514600360513,7.796449000963868,2023-10-05,2023-11-03,2023-10-14,red_fox,6
frge,8,47.98514600360513,7.796449000963868,2023-10-05,2023-11-03,2023-10-14,stone_marten,1
frge,8,47.98514600360513,7.796449000963868,2023-10-05,2023-11-03,2023-10-15,domestic_cat,2
frge,8,47.98514600360513,7.796449000963868,2023-10-05,2023-11-03,2023-10-15,red_fox,2
frge,8,47.98514600360513,7.796449000963868,2023-10-05,2023-11-03,2023-10-17,domestic_cat,1
frge,8,47.98514600360513,7.796449000963868,2023-10-05,2023-11-03,2023-10-24,stone_marten,2
frge,8,47.98514600360513,7.796449000963868,2023-10-05,2023-11-03,2023-10-25,stone_marten,2
frge,8,47.98514600360513,7.796449000963868,2023-10-05,2023-11-03,2023-10-26,domestic_cat,1
frge,8,47.98514600360513,7.796449000963868,2023-10-05,2023-11-03,2023-10-27,domestic_cat,1
frge,8,47.98514600360513,7.796449000963868,2023-10-05,2023-11-03,2023-10-27,stone_marten,3
frge,8,47.98514600360513,7.796449000963868,2023-10-05,2023-11-03,2023-10-29,domestic_cat,1
frge,8,47.98514600360513,7.796449000963868,2023-10-05,2023-11-03,2023-11-01,red_fox,1
frge,8,47.98514600360513,7.796449000963868,2023-10-05,2023-11-03,2023-11-02,stone_marten,6
frge,8,47.98514600360513,7.796449000963868,2024-10-09,2024-10-19,2024-10-09,domestic_cat,1
frge,8,47.98514600360513,7.796449000963868,2024-10-09,2024-10-19,2024-10-11,domestic_cat,1
frge,8,47.98514600360513,7.796449000963868,2024-10-09,2024-10-19,2024-10-15,domestic_cat,6
frge,8,47.98514600360513,7.796449000963868,2024-10-09,2024-10-19,2024-10-16,red_fox,1
frge,8,47.98514600360513,7.796449000963868,2024-10-09,2024-10-19,2024-10-19,domestic_cat,1
frge,8,47.98514600360513,7.796449000963868,2024-10-09,2024-10-19,2024-10-19,red_fox,3
frge,8,47.98514600360513,7.796449000963868,2022-03-28,2022-04-27,2022-04-06,domestic_cat,1
frge,8,47.98514600360513,7.796449000963868,2022-03-28,2022-04-27,2022-04-12,stone_marten,1
frge,8,47.98514600360513,7.796449000963868,2022-03-28,2022-04-27,2022-04-14,domestic_cat,2
frge,8,47.98514600360513,7.796449000963868,2022-03-28,2022-04-27,2022-04-17,domestic_cat,1
frge,8,47.98514600360513,7.796449000963868,2022-03-28,2022-04-27,2022-04-20,domestic_cat,1
frge,8,47.98514600360513,7.796449000963868,2022-03-28,2022-04-27,2022-04-23,domestic_cat,1
frge,8,47.98514600360513,7.796449000963868,2023-04-05,2023-05-04,2023-04-06,domestic_cat,1
frge,8,47.98514600360513,7.796449000963868,2023-04-05,2023-05-04,2023-04-06,red_fox,3
frge,8,47.98514600360513,7.796449000963868,2023-04-05,2023-05-04,2023-04-08,european_hedgehog,2
frge,8,47.98514600360513,7.796449000963868,2023-04-05,2023-05-04,2023-04-08,red_fox,1
frge,8,47.98514600360513,7.796449000963868,2023-04-05,2023-05-04,2023-04-09,red_fox,2
frge,8,47.98514600360513,7.796449000963868,2023-04-05,2023-05-04,2023-04-15,european_hedgehog,2
frge,8,47.98514600360513,7.796449000963868,2023-04-05,2023-05-04,2023-04-16,european_hedgehog,1
frge,8,47.98514600360513,7.796449000963868,2023-04-05,2023-05-04,2023-04-17,red_fox,1
frge,8,47.98514600360513,7.796449000963868,2023-04-05,2023-05-04,2023-04-21,european_hedgehog,1
frge,8,47.98514600360513,7.796449000963868,2023-04-05,2023-05-04,2023-04-21,red_fox,1
frge,8,47.98514600360513,7.796449000963868,2023-04-05,2023-05-04,2023-04-22,domestic_cat,1
frge,8,47.98514600360513,7.796449000963868,2023-04-05,2023-05-04,2023-04-25,domestic_cat,2
frge,8,47.98514600360513,7.796449000963868,2023-04-05,2023-05-04,2023-04-25,red_fox,1
frge,8,47.98514600360513,7.796449000963868,2023-04-05,2023-05-04,2023-04-27,domestic_cat,1
frge,8,47.98514600360513,7.796449000963868,2023-04-05,2023-05-04,2023-04-27,red_fox,1
frge,8,47.98514600360513,7.796449000963868,2023-04-05,2023-05-04,2023-04-29,european_hedgehog,1
frge,8,47.98514600360513,7.796449000963868,2023-04-05,2023-05-04,2023-04-29,red_fox,1
frge,8,47.98514600360513,7.796449000963868,2024-03-26,2024-04-29,2024-03-28,domestic_cat,3
frge,8,47.98514600360513,7.796449000963868,2024-03-26,2024-04-29,2024-03-28,red_fox,1
frge,8,47.98514600360513,7.796449000963868,2024-03-26,2024-04-29,2024-04-01,red_fox,3
frge,8,47.98514600360513,7.796449000963868,2024-03-26,2024-04-29,2024-04-02,domestic_cat,2
frge,8,47.98514600360513,7.796449000963868,2024-03-26,2024-04-29,2024-04-02,european_badger,6
frge,8,47.98514600360513,7.796449000963868,2024-03-26,2024-04-29,2024-04-03,european_badger,1
frge,8,47.98514600360513,7.796449000963868,2024-03-26,2024-04-29,2024-04-04,domestic_cat,2
frge,8,47.98514600360513,7.796449000963868,2024-03-26,2024-04-29,2024-04-04,european_badger,2
frge,8,47.98514600360513,7.796449000963868,2024-03-26,2024-04-29,2024-04-05,european_badger,4
frge,8,47.98514600360513,7.796449000963868,2024-03-26,2024-04-29,2024-04-05,red_fox,1
frge,8,47.98514600360513,7.796449000963868,2024-03-26,2024-04-29,2024-04-06,domestic_cat,1
frge,8,47.98514600360513,7.796449000963868,2024-03-26,2024-04-29,2024-04-07,european_badger,1
frge,8,47.98514600360513,7.796449000963868,2024-03-26,2024-04-29,2024-04-08,domestic_cat,3
frge,8,47.98514600360513,7.796449000963868,2024-03-26,2024-04-29,2024-04-08,european_badger,2
frge,8,47.98514600360513,7.796449000963868,2024-03-26,2024-04-29,2024-04-08,red_fox,2
frge,8,47.98514600360513,7.796449000963868,2024-03-26,2024-04-29,2024-04-09,domestic_cat,1
frge,8,47.98514600360513,7.796449000963868,2024-03-26,2024-04-29,2024-04-10,domestic_cat,2
frge,8,47.98514600360513,7.796449000963868,2024-03-26,2024-04-29,2024-04-11,stone_marten,1
frge,8,47.98514600360513,7.796449000963868,2024-03-26,2024-04-29,2024-04-12,european_badger,11
frge,8,47.98514600360513,7.796449000963868,2024-03-26,2024-04-29,2024-04-13,domestic_cat,2
frge,8,47.98514600360513,7.796449000963868,2024-03-26,2024-04-29,2024-04-13,european_badger,4
frge,8,47.98514600360513,7.796449000963868,2024-03-26,2024-04-29,2024-04-17,domestic_cat,1
frge,8,47.98514600360513,7.796449000963868,2024-03-26,2024-04-29,2024-04-18,domestic_cat,3
frge,8,47.98514600360513,7.796449000963868,2024-03-26,2024-04-29,2024-04-20,domestic_cat,1
frge,8,47.98514600360513,7.796449000963868,2024-03-26,2024-04-29,2024-04-21,domestic_cat,1
frge,8,47.98514600360513,7.796449000963868,2024-03-26,2024-04-29,2024-04-22,stone_marten,2
frge,8,47.98514600360513,7.796449000963868,2024-03-26,2024-04-29,2024-04-24,domestic_cat,1
frge,8,47.98514600360513,7.796449000963868,2024-03-26,2024-04-29,2024-04-25,domestic_cat,2
frge,8,47.98514600360513,7.796449000963868,2024-03-26,2024-04-29,2024-04-25,european_badger,1
frge,8,47.98514600360513,7.796449000963868,2024-03-26,2024-04-29,2024-04-27,red_fox,1
frge,8,47.98514600360513,7.796449000963868,2024-03-26,2024-04-29,2024-04-28,domestic_cat,1
frge,8,47.98514600360513,7.796449000963868,2022-06-30,2022-07-29,2022-07-02,european_hedgehog,1
frge,8,47.98514600360513,7.796449000963868,2022-06-30,2022-07-29,2022-07-03,european_hedgehog,1
frge,8,47.98514600360513,7.796449000963868,2022-06-30,2022-07-29,2022-07-06,domestic_cat,1
frge,8,47.98514600360513,7.796449000963868,2022-06-30,2022-07-29,2022-07-11,red_fox,1
frge,8,47.98514600360513,7.796449000963868,2022-06-30,2022-07-29,2022-07-15,domestic_cat,1
frge,8,47.98514600360513,7.796449000963868,2022-06-30,2022-07-29,2022-07-15,stone_marten,1
frge,8,47.98514600360513,7.796449000963868,2022-06-30,2022-07-29,2022-07-16,european_hedgehog,1
frge,8,47.98514600360513,7.796449000963868,2022-06-30,2022-07-29,2022-07-21,european_hedgehog,1
frge,8,47.98514600360513,7.796449000963868,2022-06-30,2022-07-29,2022-07-22,red_fox,2
frge,8,47.98514600360513,7.796449000963868,2022-06-30,2022-07-29,2022-07-24,domestic_cat,1
frge,8,47.98514600360513,7.796449000963868,2022-06-30,2022-07-29,2022-07-28,red_fox,2
frge,8,47.98514600360513,7.796449000963868,2022-06-30,2022-07-29,2022-07-29,red_fox,2
frge,8,47.98514600360513,7.796449000963868,2023-06-28,2023-07-28,2023-06-29,domestic_cat,1
frge,8,47.98514600360513,7.796449000963868,2023-06-28,2023-07-28,2023-07-02,domestic_cat,3
frge,8,47.98514600360513,7.796449000963868,2023-06-28,2023-07-28,2023-07-03,domestic_cat,2
frge,8,47.98514600360513,7.796449000963868,2023-06-28,2023-07-28,2023-07-04,domestic_cat,1
frge,8,47.98514600360513,7.796449000963868,2023-06-28,2023-07-28,2023-07-07,domestic_cat,5
frge,8,47.98514600360513,7.796449000963868,2023-06-28,2023-07-28,2023-07-08,domestic_cat,2
frge,8,47.98514600360513,7.796449000963868,2023-06-28,2023-07-28,2023-07-13,domestic_cat,1
frge,8,47.98514600360513,7.796449000963868,2023-06-28,2023-07-28,2023-07-14,domestic_cat,2
frge,8,47.98514600360513,7.796449000963868,2023-06-28,2023-07-28,2023-07-17,domestic_cat,2
frge,8,47.98514600360513,7.796449000963868,2023-06-28,2023-07-28,2023-07-19,domestic_cat,1
frge,8,47.98514600360513,7.796449000963868,2023-06-28,2023-07-28,2023-07-21,stone_marten,1
frge,8,47.98514600360513,7.796449000963868,2023-06-28,2023-07-28,2023-07-22,domestic_cat,2
frge,8,47.98514600360513,7.796449000963868,2024-06-27,2024-08-21,2024-07-04,domestic_cat,1
frge,8,47.98514600360513,7.796449000963868,2024-06-27,2024-08-21,2024-07-05,domestic_cat,1
frge,8,47.98514600360513,7.796449000963868,2024-06-27,2024-08-21,2024-07-06,domestic_cat,1
frge,8,47.98514600360513,7.796449000963868,2024-06-27,2024-08-21,2024-07-11,domestic_cat,2
frge,8,47.98514600360513,7.796449000963868,2024-06-27,2024-08-21,2024-07-17,domestic_cat,1
frge,8,47.98514600360513,7.796449000963868,2024-06-27,2024-08-21,2024-07-18,domestic_cat,1
frge,8,47.98514600360513,7.796449000963868,2024-06-27,2024-08-21,2024-07-23,domestic_cat,1
frge,8,47.98514600360513,7.796449000963868,2024-06-27,2024-08-21,2024-07-25,domestic_cat,2
frge,8,47.98514600360513,7.796449000963868,2024-06-27,2024-08-21,2024-08-06,stone_marten,1
frge,8,47.98514600360513,7.796449000963868,2024-06-27,2024-08-21,2024-08-08,european_hedgehog,1
frge,8,47.98514600360513,7.796449000963868,2024-06-27,2024-08-21,2024-08-09,domestic_cat,3
frge,8,47.98514600360513,7.796449000963868,2024-06-27,2024-08-21,2024-08-11,domestic_cat,1
frge,8,47.98514600360513,7.796449000963868,2024-06-27,2024-08-21,2024-08-12,domestic_cat,3
frge,8,47.98514600360513,7.796449000963868,2024-06-27,2024-08-21,2024-08-12,stone_marten,1
frge,8,47.98514600360513,7.796449000963868,2024-06-27,2024-08-21,2024-08-13,domestic_cat,2
frge,8,47.98514600360513,7.796449000963868,2024-06-27,2024-08-21,2024-08-15,domestic_cat,2
frge,8,47.98514600360513,7.796449000963868,2024-06-27,2024-08-21,2024-08-19,domestic_cat,1
frge,8,47.98514600360513,7.796449000963868,2024-06-27,2024-08-21,2024-08-20,domestic_cat,1
frge,8,47.98514600360513,7.796449000963868,2024-06-27,2024-08-21,2024-08-20,stone_marten,1
frge,8,47.98514600360513,7.796449000963868,2024-06-27,2024-08-21,2024-08-21,domestic_cat,4
frge,8,47.98514600360513,7.796449000963868,2022-01-12,2022-02-10,2022-01-23,stone_marten,1
frge,8,47.98514600360513,7.796449000963868,2022-01-12,2022-02-10,2022-01-31,stone_marten,2
frge,8,47.98514600360513,7.796449000963868,2022-01-12,2022-02-10,2022-02-07,stone_marten,2
frge,8,47.98514600360513,7.796449000963868,2022-01-12,2022-02-10,2022-02-08,stone_marten,2
frge,8,47.98514600360513,7.796449000963868,2023-01-11,2023-02-09,2023-01-12,domestic_cat,1
frge,8,47.98514600360513,7.796449000963868,2023-01-11,2023-02-09,2023-01-16,domestic_cat,1
frge,8,47.98514600360513,7.796449000963868,2023-01-11,2023-02-09,2023-01-20,stone_marten,1
frge,8,47.98514600360513,7.796449000963868,2023-01-11,2023-02-09,2023-01-21,domestic_cat,5
frge,8,47.98514600360513,7.796449000963868,2023-01-11,2023-02-09,2023-01-23,stone_marten,1
frge,8,47.98514600360513,7.796449000963868,2023-01-11,2023-02-09,2023-01-24,domestic_cat,3
frge,8,47.98514600360513,7.796449000963868,2023-01-11,2023-02-09,2023-01-28,domestic_cat,2
frge,8,47.98514600360513,7.796449000963868,2023-01-11,2023-02-09,2023-01-30,domestic_cat,3
frge,8,47.98514600360513,7.796449000963868,2023-01-11,2023-02-09,2023-01-31,red_fox,1
frge,8,47.98514600360513,7.796449000963868,2023-01-11,2023-02-09,2023-02-05,stone_marten,1
frge,8,47.98514600360513,7.796449000963868,2023-12-30,2024-01-31,2023-12-31,stone_marten,1
frge,8,47.98514600360513,7.796449000963868,2023-12-30,2024-01-31,2024-01-03,stone_marten,1
frge,8,47.98514600360513,7.796449000963868,2023-12-30,2024-01-31,2024-01-05,domestic_cat,1
frge,8,47.98514600360513,7.796449000963868,2023-12-30,2024-01-31,2024-01-07,domestic_cat,2
frge,8,47.98514600360513,7.796449000963868,2023-12-30,2024-01-31,2024-01-07,red_fox,1
frge,8,47.98514600360513,7.796449000963868,2023-12-30,2024-01-31,2024-01-08,domestic_cat,2
frge,8,47.98514600360513,7.796449000963868,2023-12-30,2024-01-31,2024-01-08,stone_marten,2
frge,8,47.98514600360513,7.796449000963868,2023-12-30,2024-01-31,2024-01-18,red_fox,1
frge,8,47.98514600360513,7.796449000963868,2023-12-30,2024-01-31,2024-01-18,stone_marten,1
frge,8,47.98514600360513,7.796449000963868,2023-12-30,2024-01-31,2024-01-20,red_fox,1
frge,8,47.98514600360513,7.796449000963868,2023-12-30,2024-01-31,2024-01-22,domestic_cat,1
frge,8,47.98514600360513,7.796449000963868,2023-12-30,2024-01-31,2024-01-24,domestic_cat,1
frge,8,47.98514600360513,7.796449000963868,2023-12-30,2024-01-31,2024-01-26,european_red_squirrel,1
frge,8,47.98514600360513,7.796449000963868,2023-12-30,2024-01-31,2024-01-27,stone_marten,1
frge,9,48.015662003625515,7.82992400100258,2022-10-04,2022-11-02,2022-10-05,european_hare,8
frge,9,48.015662003625515,7.82992400100258,2022-10-04,2022-11-02,2022-10-06,domestic_cat,4
frge,9,48.015662003625515,7.82992400100258,2022-10-04,2022-11-02,2022-10-07,european_hare,3
frge,9,48.015662003625515,7.82992400100258,2022-10-04,2022-11-02,2022-10-09,european_hare,3
frge,9,48.015662003625515,7.82992400100258,2022-10-04,2022-11-02,2022-10-12,european_hare,2
frge,9,48.015662003625515,7.82992400100258,2022-10-04,2022-11-02,2022-10-13,european_hare,4
frge,9,48.015662003625515,7.82992400100258,2022-10-04,2022-11-02,2022-10-14,european_hare,1
frge,9,48.015662003625515,7.82992400100258,2022-10-04,2022-11-02,2022-10-16,european_hare,7
frge,9,48.015662003625515,7.82992400100258,2022-10-04,2022-11-02,2022-10-22,european_hare,2
frge,9,48.015662003625515,7.82992400100258,2022-10-04,2022-11-02,2022-10-28,coypu,1
frge,9,48.015662003625515,7.82992400100258,2022-10-04,2022-11-02,2022-11-01,european_hare,4
frge,9,48.015662003625515,7.82992400100258,2022-03-31,2022-04-29,2022-04-01,european_hare,1
frge,9,48.015662003625515,7.82992400100258,2022-03-31,2022-04-29,2022-04-03,european_hare,1
frge,9,48.015662003625515,7.82992400100258,2022-03-31,2022-04-29,2022-04-08,european_hare,1
frge,9,48.015662003625515,7.82992400100258,2022-03-31,2022-04-29,2022-04-09,european_hare,2
frge,9,48.015662003625515,7.82992400100258,2022-03-31,2022-04-29,2022-04-10,european_hare,1
frge,9,48.015662003625515,7.82992400100258,2022-03-31,2022-04-29,2022-04-10,european_rabbit,2
frge,9,48.015662003625515,7.82992400100258,2022-03-31,2022-04-29,2022-04-13,red_fox,1
frge,9,48.015662003625515,7.82992400100258,2022-03-31,2022-04-29,2022-04-17,european_hare,1
frge,9,48.015662003625515,7.82992400100258,2022-03-31,2022-04-29,2022-04-19,european_hare,1
frge,9,48.015662003625515,7.82992400100258,2022-03-31,2022-04-29,2022-04-19,european_rabbit,1
frge,9,48.015662003625515,7.82992400100258,2022-03-31,2022-04-29,2022-04-21,european_hare,1
frge,9,48.015662003625515,7.82992400100258,2023-04-03,2023-05-02,2023-04-04,domestic_cat,2
frge,9,48.015662003625515,7.82992400100258,2023-04-03,2023-05-02,2023-04-04,european_rabbit,2
frge,9,48.015662003625515,7.82992400100258,2023-04-03,2023-05-02,2023-04-07,european_hare,2
frge,9,48.015662003625515,7.82992400100258,2023-04-03,2023-05-02,2023-04-09,european_hare,1
frge,9,48.015662003625515,7.82992400100258,2023-04-03,2023-05-02,2023-04-13,european_hare,1
frge,9,48.015662003625515,7.82992400100258,2023-04-03,2023-05-02,2023-04-14,european_hare,1
frge,9,48.015662003625515,7.82992400100258,2023-04-03,2023-05-02,2023-04-16,european_hare,2
frge,9,48.015662003625515,7.82992400100258,2023-04-03,2023-05-02,2023-04-21,european_hare,2
frge,9,48.015662003625515,7.82992400100258,2023-04-03,2023-05-02,2023-04-25,european_hare,1
frge,9,48.015662003625515,7.82992400100258,2023-04-03,2023-05-02,2023-04-28,european_hare,1
frge,9,48.015662003625515,7.82992400100258,2022-06-27,2022-07-21,2022-06-27,european_hare,2
frge,9,48.015662003625515,7.82992400100258,2022-06-27,2022-07-21,2022-06-29,european_hare,20
frge,9,48.015662003625515,7.82992400100258,2022-06-27,2022-07-21,2022-07-01,european_hare,1
frge,9,48.015662003625515,7.82992400100258,2022-06-27,2022-07-21,2022-07-03,european_hare,4
frge,9,48.015662003625515,7.82992400100258,2022-06-27,2022-07-21,2022-07-03,red_fox,1
frge,9,48.015662003625515,7.82992400100258,2022-06-27,2022-07-21,2022-07-04,european_hare,2
frge,9,48.015662003625515,7.82992400100258,2022-06-27,2022-07-21,2022-07-05,domestic_cat,2
frge,9,48.015662003625515,7.82992400100258,2022-06-27,2022-07-21,2022-07-05,european_hare,2
frge,9,48.015662003625515,7.82992400100258,2022-06-27,2022-07-21,2022-07-06,european_hare,2
frge,9,48.015662003625515,7.82992400100258,2022-06-27,2022-07-21,2022-07-07,european_hare,2
frge,9,48.015662003625515,7.82992400100258,2022-06-27,2022-07-21,2022-07-08,domestic_cat,1
frge,9,48.015662003625515,7.82992400100258,2022-06-27,2022-07-21,2022-07-08,european_hare,3
frge,9,48.015662003625515,7.82992400100258,2022-06-27,2022-07-21,2022-07-09,domestic_cat,2
frge,9,48.015662003625515,7.82992400100258,2022-06-27,2022-07-21,2022-07-11,european_hare,2
frge,9,48.015662003625515,7.82992400100258,2022-06-27,2022-07-21,2022-07-13,european_hedgehog,1
frge,9,48.015662003625515,7.82992400100258,2022-06-27,2022-07-21,2022-07-14,european_hare,1
frge,9,48.015662003625515,7.82992400100258,2022-06-27,2022-07-21,2022-07-16,domestic_cat,4
frge,9,48.015662003625515,7.82992400100258,2022-06-27,2022-07-21,2022-07-16,european_hare,1
frge,9,48.015662003625515,7.82992400100258,2022-06-27,2022-07-21,2022-07-17,domestic_cat,2
frge,9,48.015662003625515,7.82992400100258,2022-06-27,2022-07-21,2022-07-17,european_hare,13
frge,9,48.015662003625515,7.82992400100258,2022-06-27,2022-07-21,2022-07-18,european_hare,5
frge,9,48.015662003625515,7.82992400100258,2022-06-27,2022-07-21,2022-07-19,domestic_cat,3
frge,9,48.015662003625515,7.82992400100258,2022-06-27,2022-07-21,2022-07-19,european_hare,1
frge,9,48.015662003625515,7.82992400100258,2022-06-27,2022-07-21,2022-07-20,domestic_cat,1
frge,9,48.015662003625515,7.82992400100258,2023-06-27,2023-07-26,2023-06-28,european_hare,3
frge,9,48.015662003625515,7.82992400100258,2023-06-27,2023-07-26,2023-06-29,domestic_cat,1
frge,9,48.015662003625515,7.82992400100258,2023-06-27,2023-07-26,2023-06-29,european_hare,2
frge,9,48.015662003625515,7.82992400100258,2023-06-27,2023-07-26,2023-07-01,european_hare,1
frge,9,48.015662003625515,7.82992400100258,2023-06-27,2023-07-26,2023-07-02,european_hare,4
frge,9,48.015662003625515,7.82992400100258,2023-06-27,2023-07-26,2023-07-03,european_hare,8
frge,9,48.015662003625515,7.82992400100258,2023-06-27,2023-07-26,2023-07-05,european_hare,1
frge,9,48.015662003625515,7.82992400100258,2023-06-27,2023-07-26,2023-07-07,domestic_cat,1
frge,9,48.015662003625515,7.82992400100258,2023-06-27,2023-07-26,2023-07-07,european_hare,2
frge,9,48.015662003625515,7.82992400100258,2023-06-27,2023-07-26,2023-07-09,european_hare,1
frge,9,48.015662003625515,7.82992400100258,2023-06-27,2023-07-26,2023-07-12,domestic_cat,1
frge,9,48.015662003625515,7.82992400100258,2023-06-27,2023-07-26,2023-07-12,european_hare,3
frge,9,48.015662003625515,7.82992400100258,2023-06-27,2023-07-26,2023-07-12,european_hedgehog,3
frge,9,48.015662003625515,7.82992400100258,2023-06-27,2023-07-26,2023-07-13,domestic_cat,1
frge,9,48.015662003625515,7.82992400100258,2023-06-27,2023-07-26,2023-07-13,european_hare,3
frge,9,48.015662003625515,7.82992400100258,2023-06-27,2023-07-26,2023-07-14,european_hare,2
frge,9,48.015662003625515,7.82992400100258,2023-06-27,2023-07-26,2023-07-16,european_hare,1
frge,9,48.015662003625515,7.82992400100258,2023-06-27,2023-07-26,2023-07-18,european_hare,1
frge,9,48.015662003625515,7.82992400100258,2023-06-27,2023-07-26,2023-07-19,european_hare,3
frge,9,48.015662003625515,7.82992400100258,2023-06-27,2023-07-26,2023-07-20,european_hare,3
frge,9,48.015662003625515,7.82992400100258,2023-06-27,2023-07-26,2023-07-21,domestic_cat,1
frge,9,48.015662003625515,7.82992400100258,2023-06-27,2023-07-26,2023-07-21,european_hare,3
frge,9,48.015662003625515,7.82992400100258,2023-06-27,2023-07-26,2023-07-22,european_hare,4
frge,9,48.015662003625515,7.82992400100258,2023-06-27,2023-07-26,2023-07-23,domestic_cat,1
frge,9,48.015662003625515,7.82992400100258,2023-06-27,2023-07-26,2023-07-23,european_hedgehog,1
frge,9,48.015662003625515,7.82992400100258,2023-06-27,2023-07-26,2023-07-24,european_hedgehog,3
frge,9,48.015662003625515,7.82992400100258,2023-06-27,2023-07-26,2023-07-25,european_hare,2
frge,9,48.015662003625515,7.82992400100258,2023-06-27,2023-07-26,2023-07-26,european_hare,3
frge,9,48.015662003625515,7.82992400100258,2022-01-18,2022-02-15,2022-01-19,european_hare,2
frge,9,48.015662003625515,7.82992400100258,2022-01-18,2022-02-15,2022-01-21,european_hare,2
frge,9,48.015662003625515,7.82992400100258,2022-01-18,2022-02-15,2022-01-22,european_hare,2
frge,9,48.015662003625515,7.82992400100258,2022-01-18,2022-02-15,2022-01-23,european_hare,2
frge,9,48.015662003625515,7.82992400100258,2022-01-18,2022-02-15,2022-01-24,european_hare,1
frge,9,48.015662003625515,7.82992400100258,2022-01-18,2022-02-15,2022-01-25,european_hare,1
frge,9,48.015662003625515,7.82992400100258,2022-01-18,2022-02-15,2022-01-26,european_hare,4
frge,9,48.015662003625515,7.82992400100258,2022-01-18,2022-02-15,2022-01-28,european_hare,1
frge,9,48.015662003625515,7.82992400100258,2022-01-18,2022-02-15,2022-01-29,european_hare,2
frge,9,48.015662003625515,7.82992400100258,2022-01-18,2022-02-15,2022-01-30,european_hare,8
frge,9,48.015662003625515,7.82992400100258,2022-01-18,2022-02-15,2022-02-01,european_hare,1
frge,9,48.015662003625515,7.82992400100258,2022-01-18,2022-02-15,2022-02-02,european_hare,2
frge,9,48.015662003625515,7.82992400100258,2022-01-18,2022-02-15,2022-02-03,european_hare,3
frge,9,48.015662003625515,7.82992400100258,2022-01-18,2022-02-15,2022-02-04,european_hare,7
frge,9,48.015662003625515,7.82992400100258,2022-01-18,2022-02-15,2022-02-07,european_hare,4
frge,9,48.015662003625515,7.82992400100258,2022-01-18,2022-02-15,2022-02-09,european_hare,2
frge,9,48.015662003625515,7.82992400100258,2022-01-18,2022-02-15,2022-02-12,european_hare,4
frge,9,48.015662003625515,7.82992400100258,2022-01-18,2022-02-15,2022-02-13,european_hare,9
frge,9,48.015662003625515,7.82992400100258,2022-01-18,2022-02-15,2022-02-14,european_hare,2
frge,9,48.015662003625515,7.82992400100258,2022-01-18,2022-02-15,2022-02-15,european_hare,1
frge,9,48.015662003625515,7.82992400100258,2023-01-10,2023-02-08,2023-01-10,european_hare,1
frge,9,48.015662003625515,7.82992400100258,2023-01-10,2023-02-08,2023-01-13,european_hare,2
frge,9,48.015662003625515,7.82992400100258,2023-01-10,2023-02-08,2023-01-16,european_hare,1
frge,9,48.015662003625515,7.82992400100258,2023-01-10,2023-02-08,2023-01-17,european_hare,1
frge,9,48.015662003625515,7.82992400100258,2023-01-10,2023-02-08,2023-01-20,european_hare,2
frge,9,48.015662003625515,7.82992400100258,2023-01-10,2023-02-08,2023-01-22,european_hare,1
frge,9,48.015662003625515,7.82992400100258,2023-01-10,2023-02-08,2023-01-23,european_hare,2
frge,9,48.015662003625515,7.82992400100258,2023-01-10,2023-02-08,2023-01-24,european_hare,1
frge,9,48.015662003625515,7.82992400100258,2023-01-10,2023-02-08,2023-01-25,european_hare,2
frge,9,48.015662003625515,7.82992400100258,2023-01-10,2023-02-08,2023-01-26,european_hare,1
frge,9,48.015662003625515,7.82992400100258,2023-01-10,2023-02-08,2023-01-28,european_hare,8
frge,9,48.015662003625515,7.82992400100258,2023-01-10,2023-02-08,2023-01-29,european_hare,3
frge,9,48.015662003625515,7.82992400100258,2023-01-10,2023-02-08,2023-01-30,european_hare,1
frge,11,48.01031900362278,7.78580600095119,2022-10-03,2022-11-03,2022-10-03,european_badger,3
frge,11,48.01031900362278,7.78580600095119,2022-10-03,2022-11-03,2022-10-05,domestic_cat,1
frge,11,48.01031900362278,7.78580600095119,2022-10-03,2022-11-03,2022-10-07,roe_deer,3
frge,11,48.01031900362278,7.78580600095119,2022-10-03,2022-11-03,2022-10-08,stone_marten,1
frge,11,48.01031900362278,7.78580600095119,2022-10-03,2022-11-03,2022-10-10,red_fox,2
frge,11,48.01031900362278,7.78580600095119,2022-10-03,2022-11-03,2022-10-10,roe_deer,2
frge,11,48.01031900362278,7.78580600095119,2022-10-03,2022-11-03,2022-10-10,stone_marten,1
frge,11,48.01031900362278,7.78580600095119,2022-10-03,2022-11-03,2022-10-11,european_badger,1
frge,11,48.01031900362278,7.78580600095119,2022-10-03,2022-11-03,2022-10-12,stone_marten,1
frge,11,48.01031900362278,7.78580600095119,2022-10-03,2022-11-03,2022-10-13,raccoon,2
frge,11,48.01031900362278,7.78580600095119,2022-10-03,2022-11-03,2022-10-14,european_badger,2
frge,11,48.01031900362278,7.78580600095119,2022-10-03,2022-11-03,2022-10-15,european_badger,1
frge,11,48.01031900362278,7.78580600095119,2022-10-03,2022-11-03,2022-10-17,stone_marten,1
frge,11,48.01031900362278,7.78580600095119,2022-10-03,2022-11-03,2022-10-20,red_fox,1
frge,11,48.01031900362278,7.78580600095119,2022-10-03,2022-11-03,2022-10-21,european_badger,1
frge,11,48.01031900362278,7.78580600095119,2022-10-03,2022-11-03,2022-10-22,stone_marten,2
frge,11,48.01031900362278,7.78580600095119,2022-10-03,2022-11-03,2022-10-23,european_badger,2
frge,11,48.01031900362278,7.78580600095119,2022-10-03,2022-11-03,2022-10-23,stone_marten,3
frge,11,48.01031900362278,7.78580600095119,2022-10-03,2022-11-03,2022-10-24,stone_marten,1
frge,11,48.01031900362278,7.78580600095119,2022-10-03,2022-11-03,2022-10-26,european_badger,5
frge,11,48.01031900362278,7.78580600095119,2022-10-03,2022-11-03,2022-10-27,european_badger,2
frge,11,48.01031900362278,7.78580600095119,2022-10-03,2022-11-03,2022-10-27,red_fox,1
frge,11,48.01031900362278,7.78580600095119,2022-10-03,2022-11-03,2022-10-28,stone_marten,1
frge,11,48.01031900362278,7.78580600095119,2022-10-03,2022-11-03,2022-10-30,european_badger,1
frge,11,48.01031900362278,7.78580600095119,2022-10-03,2022-11-03,2022-10-31,stone_marten,1
frge,11,48.01031900362278,7.78580600095119,2022-10-03,2022-11-03,2022-11-03,roe_deer,1
frge,11,48.01031900362278,7.78580600095119,2022-10-03,2022-11-03,2022-11-03,stone_marten,1
frge,11,48.01031900362278,7.78580600095119,2022-04-01,2022-04-30,2022-04-01,red_fox,1
frge,11,48.01031900362278,7.78580600095119,2022-04-01,2022-04-30,2022-04-03,red_fox,1
frge,11,48.01031900362278,7.78580600095119,2022-04-01,2022-04-30,2022-04-07,red_fox,2
frge,11,48.01031900362278,7.78580600095119,2022-04-01,2022-04-30,2022-04-08,eurasian_beaver,1
frge,11,48.01031900362278,7.78580600095119,2022-04-01,2022-04-30,2022-04-10,european_hare,7
frge,11,48.01031900362278,7.78580600095119,2022-04-01,2022-04-30,2022-04-15,red_fox,1
frge,11,48.01031900362278,7.78580600095119,2022-04-01,2022-04-30,2022-04-20,red_fox,1
frge,11,48.01031900362278,7.78580600095119,2022-04-01,2022-04-30,2022-04-21,roe_deer,1
frge,11,48.01031900362278,7.78580600095119,2023-04-05,2023-05-04,2023-04-10,roe_deer,2
frge,11,48.01031900362278,7.78580600095119,2023-04-05,2023-05-04,2023-04-12,european_badger,1
frge,11,48.01031900362278,7.78580600095119,2023-04-05,2023-05-04,2023-04-14,red_fox,1
frge,11,48.01031900362278,7.78580600095119,2023-04-05,2023-05-04,2023-04-15,red_fox,1
frge,11,48.01031900362278,7.78580600095119,2023-04-05,2023-05-04,2023-04-16,european_badger,6
frge,11,48.01031900362278,7.78580600095119,2023-04-05,2023-05-04,2023-04-16,red_fox,3
frge,11,48.01031900362278,7.78580600095119,2023-04-05,2023-05-04,2023-04-17,european_badger,1
frge,11,48.01031900362278,7.78580600095119,2023-04-05,2023-05-04,2023-04-18,european_badger,1
frge,11,48.01031900362278,7.78580600095119,2023-04-05,2023-05-04,2023-04-21,european_badger,1
frge,11,48.01031900362278,7.78580600095119,2023-04-05,2023-05-04,2023-04-23,european_badger,1
frge,11,48.01031900362278,7.78580600095119,2023-04-05,2023-05-04,2023-04-23,red_fox,1
frge,11,48.01031900362278,7.78580600095119,2023-04-05,2023-05-04,2023-04-24,red_fox,1
frge,11,48.01031900362278,7.78580600095119,2023-04-05,2023-05-04,2023-04-27,european_badger,1
frge,11,48.01031900362278,7.78580600095119,2023-04-05,2023-05-04,2023-04-29,european_badger,1
frge,11,48.01031900362278,7.78580600095119,2023-04-05,2023-05-04,2023-05-01,european_badger,1
frge,11,48.01031900362278,7.78580600095119,2022-06-29,2022-07-28,2022-07-08,red_fox,1
frge,11,48.01031900362278,7.78580600095119,2022-06-29,2022-07-28,2022-07-10,european_hare,1
frge,11,48.01031900362278,7.78580600095119,2022-06-29,2022-07-28,2022-07-11,european_badger,2
frge,11,48.01031900362278,7.78580600095119,2022-06-29,2022-07-28,2022-07-13,red_fox,1
frge,11,48.01031900362278,7.78580600095119,2022-06-29,2022-07-28,2022-07-14,stone_marten,3
frge,11,48.01031900362278,7.78580600095119,2022-06-29,2022-07-28,2022-07-16,stone_marten,1
frge,11,48.01031900362278,7.78580600095119,2022-06-29,2022-07-28,2022-07-20,red_fox,1
frge,11,48.01031900362278,7.78580600095119,2022-06-29,2022-07-28,2022-07-20,stone_marten,3
frge,11,48.01031900362278,7.78580600095119,2022-06-29,2022-07-28,2022-07-21,european_hare,1
frge,11,48.01031900362278,7.78580600095119,2022-06-29,2022-07-28,2022-07-21,stone_marten,1
frge,11,48.01031900362278,7.78580600095119,2022-06-29,2022-07-28,2022-07-23,stone_marten,7
frge,11,48.01031900362278,7.78580600095119,2022-06-29,2022-07-28,2022-07-24,european_hare,2
frge,11,48.01031900362278,7.78580600095119,2022-06-29,2022-07-28,2022-07-24,stone_marten,5
frge,11,48.01031900362278,7.78580600095119,2022-06-29,2022-07-28,2022-07-25,domestic_cat,1
frge,11,48.01031900362278,7.78580600095119,2022-06-29,2022-07-28,2022-07-25,stone_marten,1
frge,11,48.01031900362278,7.78580600095119,2022-06-29,2022-07-28,2022-07-27,european_hare,3
frge,11,48.01031900362278,7.78580600095119,2023-06-28,2023-07-28,2023-06-28,red_fox,4
frge,11,48.01031900362278,7.78580600095119,2023-06-28,2023-07-28,2023-06-29,red_fox,6
frge,11,48.01031900362278,7.78580600095119,2023-06-28,2023-07-28,2023-06-30,red_fox,7
frge,11,48.01031900362278,7.78580600095119,2023-06-28,2023-07-28,2023-07-01,red_fox,1
frge,11,48.01031900362278,7.78580600095119,2023-06-28,2023-07-28,2023-07-02,red_fox,12
frge,11,48.01031900362278,7.78580600095119,2023-06-28,2023-07-28,2023-07-03,red_fox,7
frge,11,48.01031900362278,7.78580600095119,2023-06-28,2023-07-28,2023-07-04,red_fox,7
frge,11,48.01031900362278,7.78580600095119,2023-06-28,2023-07-28,2023-07-05,red_fox,3
frge,11,48.01031900362278,7.78580600095119,2023-06-28,2023-07-28,2023-07-06,european_badger,1
frge,11,48.01031900362278,7.78580600095119,2023-06-28,2023-07-28,2023-07-06,red_fox,9
frge,11,48.01031900362278,7.78580600095119,2023-06-28,2023-07-28,2023-07-07,red_fox,3
frge,11,48.01031900362278,7.78580600095119,2023-06-28,2023-07-28,2023-07-08,red_fox,8
frge,11,48.01031900362278,7.78580600095119,2023-06-28,2023-07-28,2023-07-09,european_badger,2
frge,11,48.01031900362278,7.78580600095119,2023-06-28,2023-07-28,2023-07-09,red_fox,9
frge,11,48.01031900362278,7.78580600095119,2023-06-28,2023-07-28,2023-07-10,european_badger,2
frge,11,48.01031900362278,7.78580600095119,2023-06-28,2023-07-28,2023-07-10,red_fox,4
frge,11,48.01031900362278,7.78580600095119,2023-06-28,2023-07-28,2023-07-11,red_fox,13
frge,11,48.01031900362278,7.78580600095119,2023-06-28,2023-07-28,2023-07-12,red_fox,3
frge,11,48.01031900362278,7.78580600095119,2023-06-28,2023-07-28,2023-07-13,red_fox,4
frge,11,48.01031900362278,7.78580600095119,2023-06-28,2023-07-28,2023-07-13,stone_marten,1
frge,11,48.01031900362278,7.78580600095119,2023-06-28,2023-07-28,2023-07-14,red_fox,4
frge,11,48.01031900362278,7.78580600095119,2023-06-28,2023-07-28,2023-07-15,stone_marten,1
frge,11,48.01031900362278,7.78580600095119,2023-06-28,2023-07-28,2023-07-16,red_fox,1
frge,11,48.01031900362278,7.78580600095119,2023-06-28,2023-07-28,2023-07-16,stone_marten,1
frge,11,48.01031900362278,7.78580600095119,2023-06-28,2023-07-28,2023-07-17,stone_marten,1
frge,11,48.01031900362278,7.78580600095119,2023-06-28,2023-07-28,2023-07-18,red_fox,1
frge,11,48.01031900362278,7.78580600095119,2023-06-28,2023-07-28,2023-07-19,stone_marten,1
frge,11,48.01031900362278,7.78580600095119,2023-06-28,2023-07-28,2023-07-25,european_badger,2
frge,11,48.01031900362278,7.78580600095119,2023-06-28,2023-07-28,2023-07-25,red_fox,3
frge,11,48.01031900362278,7.78580600095119,2024-06-27,2024-07-30,2024-07-09,red_fox,1
frge,11,48.01031900362278,7.78580600095119,2024-06-27,2024-07-30,2024-07-11,red_fox,1
frge,11,48.01031900362278,7.78580600095119,2022-01-15,2022-02-13,2022-01-15,red_fox,1
frge,11,48.01031900362278,7.78580600095119,2022-01-15,2022-02-13,2022-01-22,red_fox,4
frge,11,48.01031900362278,7.78580600095119,2022-01-15,2022-02-13,2022-01-23,red_fox,2
frge,11,48.01031900362278,7.78580600095119,2023-01-11,2023-02-09,2023-01-11,red_fox,1
frge,11,48.01031900362278,7.78580600095119,2023-01-11,2023-02-09,2023-01-12,roe_deer,1
frge,11,48.01031900362278,7.78580600095119,2023-01-11,2023-02-09,2023-01-13,red_fox,1
frge,11,48.01031900362278,7.78580600095119,2023-01-11,2023-02-09,2023-01-14,stone_marten,1
frge,11,48.01031900362278,7.78580600095119,2023-01-11,2023-02-09,2023-01-15,stone_marten,1
frge,11,48.01031900362278,7.78580600095119,2023-01-11,2023-02-09,2023-01-16,red_fox,1
frge,11,48.01031900362278,7.78580600095119,2023-01-11,2023-02-09,2023-01-17,roe_deer,1
frge,11,48.01031900362278,7.78580600095119,2023-01-11,2023-02-09,2023-01-18,red_fox,1
frge,11,48.01031900362278,7.78580600095119,2023-01-11,2023-02-09,2023-01-20,european_hare,1
frge,11,48.01031900362278,7.78580600095119,2023-01-11,2023-02-09,2023-01-20,red_fox,2
frge,11,48.01031900362278,7.78580600095119,2023-01-11,2023-02-09,2023-01-23,european_badger,3
frge,11,48.01031900362278,7.78580600095119,2023-01-11,2023-02-09,2023-01-23,red_fox,1
frge,11,48.01031900362278,7.78580600095119,2023-01-11,2023-02-09,2023-01-24,red_fox,2
frge,11,48.01031900362278,7.78580600095119,2023-01-11,2023-02-09,2023-01-26,red_fox,4
frge,11,48.01031900362278,7.78580600095119,2023-01-11,2023-02-09,2023-01-29,european_hare,2
frge,11,48.01031900362278,7.78580600095119,2023-01-11,2023-02-09,2023-01-29,red_fox,1
frge,11,48.01031900362278,7.78580600095119,2023-01-11,2023-02-09,2023-01-29,roe_deer,4
frge,11,48.01031900362278,7.78580600095119,2023-01-11,2023-02-09,2023-01-30,european_badger,1
frge,11,48.01031900362278,7.78580600095119,2023-01-11,2023-02-09,2023-01-30,red_fox,1
frge,11,48.01031900362278,7.78580600095119,2023-01-11,2023-02-09,2023-01-31,red_fox,2
frge,11,48.01031900362278,7.78580600095119,2023-01-11,2023-02-09,2023-02-01,red_fox,3
frge,11,48.01031900362278,7.78580600095119,2023-01-11,2023-02-09,2023-02-02,european_hare,2
frge,11,48.01031900362278,7.78580600095119,2023-01-11,2023-02-09,2023-02-02,red_fox,2
frge,11,48.01031900362278,7.78580600095119,2023-01-11,2023-02-09,2023-02-05,red_fox,2
frge,11,48.01031900362278,7.78580600095119,2023-01-11,2023-02-09,2023-02-06,red_fox,1
frge,12,48.001922003616066,7.827660001000098,2022-10-04,2022-11-02,2022-10-05,european_red_squirrel,2
frge,12,48.001922003616066,7.827660001000098,2022-10-04,2022-11-02,2022-10-07,european_red_squirrel,4
frge,12,48.001922003616066,7.827660001000098,2022-10-04,2022-11-02,2022-10-08,domestic_cat,2
frge,12,48.001922003616066,7.827660001000098,2022-10-04,2022-11-02,2022-10-09,coypu,1
frge,12,48.001922003616066,7.827660001000098,2022-10-04,2022-11-02,2022-10-09,domestic_cat,1
frge,12,48.001922003616066,7.827660001000098,2022-10-04,2022-11-02,2022-10-10,domestic_cat,1
frge,12,48.001922003616066,7.827660001000098,2022-10-04,2022-11-02,2022-10-12,european_red_squirrel,7
frge,12,48.001922003616066,7.827660001000098,2022-10-04,2022-11-02,2022-10-13,domestic_cat,2
frge,12,48.001922003616066,7.827660001000098,2022-10-04,2022-11-02,2022-10-13,stone_marten,3
frge,12,48.001922003616066,7.827660001000098,2022-10-04,2022-11-02,2022-10-14,domestic_cat,2
frge,12,48.001922003616066,7.827660001000098,2022-10-04,2022-11-02,2022-10-16,stone_marten,3
frge,12,48.001922003616066,7.827660001000098,2022-10-04,2022-11-02,2022-10-17,european_red_squirrel,2
frge,12,48.001922003616066,7.827660001000098,2022-10-04,2022-11-02,2022-10-20,stone_marten,1
frge,12,48.001922003616066,7.827660001000098,2022-10-04,2022-11-02,2022-10-21,european_red_squirrel,8
frge,12,48.001922003616066,7.827660001000098,2022-10-04,2022-11-02,2022-10-22,european_hedgehog,3
frge,12,48.001922003616066,7.827660001000098,2022-10-04,2022-11-02,2022-10-22,stone_marten,1
frge,12,48.001922003616066,7.827660001000098,2022-10-04,2022-11-02,2022-10-23,european_hedgehog,1
frge,12,48.001922003616066,7.827660001000098,2022-10-04,2022-11-02,2022-10-23,european_red_squirrel,3
frge,12,48.001922003616066,7.827660001000098,2022-10-04,2022-11-02,2022-10-24,stone_marten,2
frge,12,48.001922003616066,7.827660001000098,2022-10-04,2022-11-02,2022-10-25,european_hedgehog,1
frge,12,48.001922003616066,7.827660001000098,2022-10-04,2022-11-02,2022-10-26,stone_marten,1
frge,12,48.001922003616066,7.827660001000098,2022-10-04,2022-11-02,2022-10-27,european_red_squirrel,4
frge,12,48.001922003616066,7.827660001000098,2022-10-04,2022-11-02,2022-10-27,stone_marten,1
frge,12,48.001922003616066,7.827660001000098,2022-10-04,2022-11-02,2022-10-29,european_red_squirrel,2
frge,12,48.001922003616066,7.827660001000098,2022-10-04,2022-11-02,2022-10-30,stone_marten,1
frge,12,48.001922003616066,7.827660001000098,2022-10-04,2022-11-02,2022-10-31,european_hedgehog,2
frge,12,48.001922003616066,7.827660001000098,2023-10-05,2023-11-03,2023-10-05,domestic_cat,7
frge,12,48.001922003616066,7.827660001000098,2023-10-05,2023-11-03,2023-10-05,stone_marten,8
frge,12,48.001922003616066,7.827660001000098,2023-10-05,2023-11-03,2023-10-06,domestic_cat,12
frge,12,48.001922003616066,7.827660001000098,2023-10-05,2023-11-03,2023-10-06,stone_marten,1
frge,12,48.001922003616066,7.827660001000098,2023-10-05,2023-11-03,2023-10-07,european_red_squirrel,2
frge,12,48.001922003616066,7.827660001000098,2023-10-05,2023-11-03,2023-10-08,domestic_cat,7
frge,12,48.001922003616066,7.827660001000098,2023-10-05,2023-11-03,2023-10-08,stone_marten,5
frge,12,48.001922003616066,7.827660001000098,2023-10-05,2023-11-03,2023-10-09,domestic_cat,14
frge,12,48.001922003616066,7.827660001000098,2023-10-05,2023-11-03,2023-10-10,domestic_cat,8
frge,12,48.001922003616066,7.827660001000098,2023-10-05,2023-11-03,2023-10-10,stone_marten,2
frge,12,48.001922003616066,7.827660001000098,2023-10-05,2023-11-03,2023-10-11,domestic_cat,16
frge,12,48.001922003616066,7.827660001000098,2023-10-05,2023-11-03,2023-10-11,stone_marten,1
frge,12,48.001922003616066,7.827660001000098,2023-10-05,2023-11-03,2023-10-12,domestic_cat,2
frge,12,48.001922003616066,7.827660001000098,2023-10-05,2023-11-03,2023-10-12,stone_marten,1
frge,12,48.001922003616066,7.827660001000098,2023-10-05,2023-11-03,2023-10-13,domestic_cat,4
frge,12,48.001922003616066,7.827660001000098,2023-10-05,2023-11-03,2023-10-15,domestic_cat,1
frge,12,48.001922003616066,7.827660001000098,2023-10-05,2023-11-03,2023-10-15,european_red_squirrel,2
frge,12,48.001922003616066,7.827660001000098,2023-10-05,2023-11-03,2023-10-15,stone_marten,7
frge,12,48.001922003616066,7.827660001000098,2023-10-05,2023-11-03,2023-10-16,domestic_cat,4
frge,12,48.001922003616066,7.827660001000098,2023-10-05,2023-11-03,2023-10-16,stone_marten,2
frge,12,48.001922003616066,7.827660001000098,2023-10-05,2023-11-03,2023-10-17,domestic_cat,2
frge,12,48.001922003616066,7.827660001000098,2023-10-05,2023-11-03,2023-10-17,european_red_squirrel,4
frge,12,48.001922003616066,7.827660001000098,2023-10-05,2023-11-03,2023-10-18,domestic_cat,9
frge,12,48.001922003616066,7.827660001000098,2023-10-05,2023-11-03,2023-10-18,european_red_squirrel,2
frge,12,48.001922003616066,7.827660001000098,2023-10-05,2023-11-03,2023-10-18,stone_marten,1
frge,12,48.001922003616066,7.827660001000098,2023-10-05,2023-11-03,2023-10-19,domestic_cat,4
frge,12,48.001922003616066,7.827660001000098,2023-10-05,2023-11-03,2023-10-19,european_red_squirrel,1
frge,12,48.001922003616066,7.827660001000098,2023-10-05,2023-11-03,2023-10-21,domestic_cat,7
frge,12,48.001922003616066,7.827660001000098,2023-10-05,2023-11-03,2023-10-21,european_red_squirrel,2
frge,12,48.001922003616066,7.827660001000098,2023-10-05,2023-11-03,2023-10-22,domestic_cat,2
frge,12,48.001922003616066,7.827660001000098,2023-10-05,2023-11-03,2023-10-23,domestic_cat,3
frge,12,48.001922003616066,7.827660001000098,2023-10-05,2023-11-03,2023-10-24,european_red_squirrel,2
frge,12,48.001922003616066,7.827660001000098,2023-10-05,2023-11-03,2023-10-24,stone_marten,1
frge,12,48.001922003616066,7.827660001000098,2023-10-05,2023-11-03,2023-10-25,domestic_cat,5
frge,12,48.001922003616066,7.827660001000098,2023-10-05,2023-11-03,2023-10-25,stone_marten,5
frge,12,48.001922003616066,7.827660001000098,2023-10-05,2023-11-03,2023-10-26,domestic_cat,1
frge,12,48.001922003616066,7.827660001000098,2023-10-05,2023-11-03,2023-10-26,european_red_squirrel,6
frge,12,48.001922003616066,7.827660001000098,2023-10-05,2023-11-03,2023-10-27,domestic_cat,2
frge,12,48.001922003616066,7.827660001000098,2023-10-05,2023-11-03,2023-10-28,domestic_cat,2
frge,12,48.001922003616066,7.827660001000098,2023-10-05,2023-11-03,2023-10-29,domestic_cat,10
frge,12,48.001922003616066,7.827660001000098,2023-10-05,2023-11-03,2023-10-29,european_red_squirrel,1
frge,12,48.001922003616066,7.827660001000098,2023-10-05,2023-11-03,2023-10-30,domestic_cat,3
frge,12,48.001922003616066,7.827660001000098,2023-10-05,2023-11-03,2023-10-31,stone_marten,3
frge,12,48.001922003616066,7.827660001000098,2023-10-05,2023-11-03,2023-11-01,domestic_cat,2
frge,12,48.001922003616066,7.827660001000098,2023-10-05,2023-11-03,2023-11-01,stone_marten,2
frge,12,48.001922003616066,7.827660001000098,2023-10-05,2023-11-03,2023-11-02,domestic_cat,2
frge,12,48.001922003616066,7.827660001000098,2023-10-05,2023-11-03,2023-11-02,european_red_squirrel,2
frge,12,48.001922003616066,7.827660001000098,2024-09-28,2024-11-09,2024-09-28,domestic_cat,2
frge,12,48.001922003616066,7.827660001000098,2024-09-28,2024-11-09,2024-09-28,stone_marten,3
frge,12,48.001922003616066,7.827660001000098,2024-09-28,2024-11-09,2024-09-29,domestic_cat,7
frge,12,48.001922003616066,7.827660001000098,2024-09-28,2024-11-09,2024-09-29,european_red_squirrel,1
frge,12,48.001922003616066,7.827660001000098,2024-09-28,2024-11-09,2024-09-30,domestic_cat,10
frge,12,48.001922003616066,7.827660001000098,2024-09-28,2024-11-09,2024-09-30,european_red_squirrel,2
frge,12,48.001922003616066,7.827660001000098,2024-09-28,2024-11-09,2024-09-30,stone_marten,7
frge,12,48.001922003616066,7.827660001000098,2024-09-28,2024-11-09,2024-10-01,domestic_cat,7
frge,12,48.001922003616066,7.827660001000098,2024-09-28,2024-11-09,2024-10-01,stone_marten,5
frge,12,48.001922003616066,7.827660001000098,2024-09-28,2024-11-09,2024-10-02,domestic_cat,9
frge,12,48.001922003616066,7.827660001000098,2024-09-28,2024-11-09,2024-10-02,stone_marten,1
frge,12,48.001922003616066,7.827660001000098,2024-09-28,2024-11-09,2024-10-03,domestic_cat,9
frge,12,48.001922003616066,7.827660001000098,2024-09-28,2024-11-09,2024-10-03,european_red_squirrel,1
frge,12,48.001922003616066,7.827660001000098,2024-09-28,2024-11-09,2024-10-03,stone_marten,1
frge,12,48.001922003616066,7.827660001000098,2024-09-28,2024-11-09,2024-10-04,domestic_cat,6
frge,12,48.001922003616066,7.827660001000098,2024-09-28,2024-11-09,2024-10-04,stone_marten,2
frge,12,48.001922003616066,7.827660001000098,2024-09-28,2024-11-09,2024-10-05,domestic_cat,6
frge,12,48.001922003616066,7.827660001000098,2024-09-28,2024-11-09,2024-10-06,domestic_cat,4
frge,12,48.001922003616066,7.827660001000098,2024-09-28,2024-11-09,2024-10-06,stone_marten,3
frge,12,48.001922003616066,7.827660001000098,2024-09-28,2024-11-09,2024-10-07,domestic_cat,4
frge,12,48.001922003616066,7.827660001000098,2024-09-28,2024-11-09,2024-10-07,stone_marten,4
frge,12,48.001922003616066,7.827660001000098,2024-09-28,2024-11-09,2024-10-08,domestic_cat,3
frge,12,48.001922003616066,7.827660001000098,2024-09-28,2024-11-09,2024-10-09,domestic_cat,7
frge,12,48.001922003616066,7.827660001000098,2024-09-28,2024-11-09,2024-10-10,domestic_cat,1
frge,12,48.001922003616066,7.827660001000098,2024-09-28,2024-11-09,2024-10-11,domestic_cat,3
frge,12,48.001922003616066,7.827660001000098,2024-09-28,2024-11-09,2024-10-11,stone_marten,1
frge,12,48.001922003616066,7.827660001000098,2024-09-28,2024-11-09,2024-10-12,domestic_cat,7
frge,12,48.001922003616066,7.827660001000098,2024-09-28,2024-11-09,2024-10-12,stone_marten,2
frge,12,48.001922003616066,7.827660001000098,2024-09-28,2024-11-09,2024-10-13,domestic_cat,5
frge,12,48.001922003616066,7.827660001000098,2024-09-28,2024-11-09,2024-10-14,domestic_cat,7
frge,12,48.001922003616066,7.827660001000098,2024-09-28,2024-11-09,2024-10-15,domestic_cat,7
frge,12,48.001922003616066,7.827660001000098,2024-09-28,2024-11-09,2024-10-15,stone_marten,3
frge,12,48.001922003616066,7.827660001000098,2024-09-28,2024-11-09,2024-10-16,domestic_cat,1
frge,12,48.001922003616066,7.827660001000098,2024-09-28,2024-11-09,2024-10-16,stone_marten,1
frge,12,48.001922003616066,7.827660001000098,2024-09-28,2024-11-09,2024-10-17,domestic_cat,5
frge,12,48.001922003616066,7.827660001000098,2024-09-28,2024-11-09,2024-10-17,stone_marten,1
frge,12,48.001922003616066,7.827660001000098,2024-09-28,2024-11-09,2024-10-18,domestic_cat,2
frge,12,48.001922003616066,7.827660001000098,2024-09-28,2024-11-09,2024-10-18,stone_marten,1
frge,12,48.001922003616066,7.827660001000098,2024-09-28,2024-11-09,2024-10-19,domestic_cat,12
frge,12,48.001922003616066,7.827660001000098,2024-09-28,2024-11-09,2024-10-19,stone_marten,2
frge,12,48.001922003616066,7.827660001000098,2024-09-28,2024-11-09,2024-10-20,domestic_cat,5
frge,12,48.001922003616066,7.827660001000098,2024-09-28,2024-11-09,2024-10-20,stone_marten,1
frge,12,48.001922003616066,7.827660001000098,2024-09-28,2024-11-09,2024-10-21,domestic_cat,1
frge,12,48.001922003616066,7.827660001000098,2024-09-28,2024-11-09,2024-10-22,domestic_cat,5
frge,12,48.001922003616066,7.827660001000098,2024-09-28,2024-11-09,2024-10-22,stone_marten,2
frge,12,48.001922003616066,7.827660001000098,2024-09-28,2024-11-09,2024-10-23,domestic_cat,2
frge,12,48.001922003616066,7.827660001000098,2024-09-28,2024-11-09,2024-10-24,domestic_cat,5
frge,12,48.001922003616066,7.827660001000098,2024-09-28,2024-11-09,2024-10-26,domestic_cat,1
frge,12,48.001922003616066,7.827660001000098,2024-09-28,2024-11-09,2024-10-26,stone_marten,4
frge,12,48.001922003616066,7.827660001000098,2024-09-28,2024-11-09,2024-10-27,domestic_cat,10
frge,12,48.001922003616066,7.827660001000098,2024-09-28,2024-11-09,2024-10-28,domestic_cat,1
frge,12,48.001922003616066,7.827660001000098,2024-09-28,2024-11-09,2024-10-28,stone_marten,4
frge,12,48.001922003616066,7.827660001000098,2024-09-28,2024-11-09,2024-10-29,domestic_cat,2
frge,12,48.001922003616066,7.827660001000098,2024-09-28,2024-11-09,2024-10-30,domestic_cat,4
frge,12,48.001922003616066,7.827660001000098,2024-09-28,2024-11-09,2024-11-01,domestic_cat,1
frge,12,48.001922003616066,7.827660001000098,2024-09-28,2024-11-09,2024-11-02,domestic_cat,3
frge,12,48.001922003616066,7.827660001000098,2024-09-28,2024-11-09,2024-11-02,stone_marten,2
frge,12,48.001922003616066,7.827660001000098,2024-09-28,2024-11-09,2024-11-03,domestic_cat,1
frge,12,48.001922003616066,7.827660001000098,2024-09-28,2024-11-09,2024-11-04,domestic_cat,4
frge,12,48.001922003616066,7.827660001000098,2024-09-28,2024-11-09,2024-11-04,european_red_squirrel,1
frge,12,48.001922003616066,7.827660001000098,2024-09-28,2024-11-09,2024-11-04,stone_marten,6
frge,12,48.001922003616066,7.827660001000098,2024-09-28,2024-11-09,2024-11-05,european_red_squirrel,1
frge,12,48.001922003616066,7.827660001000098,2024-09-28,2024-11-09,2024-11-05,stone_marten,1
frge,12,48.001922003616066,7.827660001000098,2024-09-28,2024-11-09,2024-11-06,stone_marten,4
frge,12,48.001922003616066,7.827660001000098,2024-09-28,2024-11-09,2024-11-07,domestic_cat,1
frge,12,48.001922003616066,7.827660001000098,2024-09-28,2024-11-09,2024-11-07,stone_marten,1
frge,12,48.001922003616066,7.827660001000098,2024-09-28,2024-11-09,2024-11-08,domestic_cat,3
frge,12,48.001922003616066,7.827660001000098,2024-09-28,2024-11-09,2024-11-09,domestic_cat,3
frge,12,48.001922003616066,7.827660001000098,2022-04-01,2022-04-30,2022-04-02,domestic_cat,3
frge,12,48.001922003616066,7.827660001000098,2022-04-01,2022-04-30,2022-04-02,european_red_squirrel,1
frge,12,48.001922003616066,7.827660001000098,2022-04-01,2022-04-30,2022-04-04,domestic_cat,1
frge,12,48.001922003616066,7.827660001000098,2022-04-01,2022-04-30,2022-04-05,domestic_cat,1
frge,12,48.001922003616066,7.827660001000098,2022-04-01,2022-04-30,2022-04-06,domestic_cat,1
frge,12,48.001922003616066,7.827660001000098,2022-04-01,2022-04-30,2022-04-07,domestic_cat,4
frge,12,48.001922003616066,7.827660001000098,2022-04-01,2022-04-30,2022-04-08,domestic_cat,1
frge,12,48.001922003616066,7.827660001000098,2022-04-01,2022-04-30,2022-04-08,european_red_squirrel,1
frge,12,48.001922003616066,7.827660001000098,2022-04-01,2022-04-30,2022-04-09,domestic_cat,1
frge,12,48.001922003616066,7.827660001000098,2022-04-01,2022-04-30,2022-04-10,domestic_cat,1
frge,12,48.001922003616066,7.827660001000098,2022-04-01,2022-04-30,2022-04-10,european_red_squirrel,2
frge,12,48.001922003616066,7.827660001000098,2022-04-01,2022-04-30,2022-04-11,european_red_squirrel,1
frge,12,48.001922003616066,7.827660001000098,2022-04-01,2022-04-30,2022-04-12,domestic_cat,1
frge,12,48.001922003616066,7.827660001000098,2022-04-01,2022-04-30,2022-04-13,european_red_squirrel,1
frge,12,48.001922003616066,7.827660001000098,2022-04-01,2022-04-30,2022-04-15,european_rabbit,1
frge,12,48.001922003616066,7.827660001000098,2022-04-01,2022-04-30,2022-04-16,domestic_cat,1
frge,12,48.001922003616066,7.827660001000098,2022-04-01,2022-04-30,2022-04-18,domestic_cat,2
frge,12,48.001922003616066,7.827660001000098,2022-04-01,2022-04-30,2022-04-18,european_hedgehog,1
frge,12,48.001922003616066,7.827660001000098,2022-04-01,2022-04-30,2022-04-24,domestic_cat,2
frge,12,48.001922003616066,7.827660001000098,2022-04-01,2022-04-30,2022-04-24,european_hedgehog,4
frge,12,48.001922003616066,7.827660001000098,2022-04-01,2022-04-30,2022-04-25,domestic_cat,1
frge,12,48.001922003616066,7.827660001000098,2022-04-01,2022-04-30,2022-04-25,european_hedgehog,7
frge,12,48.001922003616066,7.827660001000098,2022-04-01,2022-04-30,2022-04-25,european_red_squirrel,1
frge,12,48.001922003616066,7.827660001000098,2022-04-01,2022-04-30,2022-04-26,european_red_squirrel,1
frge,12,48.001922003616066,7.827660001000098,2022-04-01,2022-04-30,2022-04-27,domestic_cat,1
frge,12,48.001922003616066,7.827660001000098,2022-04-01,2022-04-30,2022-04-27,european_hedgehog,4
frge,12,48.001922003616066,7.827660001000098,2022-04-01,2022-04-30,2022-04-28,domestic_cat,1
frge,12,48.001922003616066,7.827660001000098,2022-04-01,2022-04-30,2022-04-29,domestic_cat,1
frge,12,48.001922003616066,7.827660001000098,2022-04-01,2022-04-30,2022-04-29,european_hedgehog,2
frge,12,48.001922003616066,7.827660001000098,2022-04-01,2022-04-30,2022-04-30,domestic_cat,2
frge,12,48.001922003616066,7.827660001000098,2022-04-01,2022-04-30,2022-04-30,european_hedgehog,1
frge,12,48.001922003616066,7.827660001000098,2023-04-12,2023-05-11,2023-04-29,european_red_squirrel,1
frge,12,48.001922003616066,7.827660001000098,2024-03-26,2024-04-29,2024-03-26,domestic_cat,1
frge,12,48.001922003616066,7.827660001000098,2024-03-26,2024-04-29,2024-03-27,domestic_cat,9
frge,12,48.001922003616066,7.827660001000098,2024-03-26,2024-04-29,2024-03-27,european_hedgehog,1
frge,12,48.001922003616066,7.827660001000098,2024-03-26,2024-04-29,2024-03-28,domestic_cat,4
frge,12,48.001922003616066,7.827660001000098,2024-03-26,2024-04-29,2024-03-29,domestic_cat,5
frge,12,48.001922003616066,7.827660001000098,2024-03-26,2024-04-29,2024-03-30,domestic_cat,4
frge,12,48.001922003616066,7.827660001000098,2024-03-26,2024-04-29,2024-03-31,domestic_cat,4
frge,12,48.001922003616066,7.827660001000098,2024-03-26,2024-04-29,2024-04-01,domestic_cat,6
frge,12,48.001922003616066,7.827660001000098,2024-03-26,2024-04-29,2024-04-01,european_red_squirrel,2
frge,12,48.001922003616066,7.827660001000098,2024-03-26,2024-04-29,2024-04-02,domestic_cat,4
frge,12,48.001922003616066,7.827660001000098,2024-03-26,2024-04-29,2024-04-03,domestic_cat,6
frge,12,48.001922003616066,7.827660001000098,2024-03-26,2024-04-29,2024-04-04,domestic_cat,9
frge,12,48.001922003616066,7.827660001000098,2024-03-26,2024-04-29,2024-04-06,domestic_cat,6
frge,12,48.001922003616066,7.827660001000098,2024-03-26,2024-04-29,2024-04-07,domestic_cat,5
frge,12,48.001922003616066,7.827660001000098,2024-03-26,2024-04-29,2024-04-09,domestic_cat,1
frge,12,48.001922003616066,7.827660001000098,2024-03-26,2024-04-29,2024-04-10,domestic_cat,2
frge,12,48.001922003616066,7.827660001000098,2024-03-26,2024-04-29,2024-04-10,european_hedgehog,1
frge,12,48.001922003616066,7.827660001000098,2024-03-26,2024-04-29,2024-04-11,domestic_cat,2
frge,12,48.001922003616066,7.827660001000098,2024-03-26,2024-04-29,2024-04-12,domestic_cat,1
frge,12,48.001922003616066,7.827660001000098,2024-03-26,2024-04-29,2024-04-12,stone_marten,1
frge,12,48.001922003616066,7.827660001000098,2024-03-26,2024-04-29,2024-04-13,domestic_cat,3
frge,12,48.001922003616066,7.827660001000098,2024-03-26,2024-04-29,2024-04-15,european_hedgehog,1
frge,12,48.001922003616066,7.827660001000098,2024-03-26,2024-04-29,2024-04-17,domestic_cat,1
frge,12,48.001922003616066,7.827660001000098,2024-03-26,2024-04-29,2024-04-18,domestic_cat,12
frge,12,48.001922003616066,7.827660001000098,2024-03-26,2024-04-29,2024-04-18,european_hedgehog,1
frge,12,48.001922003616066,7.827660001000098,2024-03-26,2024-04-29,2024-04-18,stone_marten,1
frge,12,48.001922003616066,7.827660001000098,2024-03-26,2024-04-29,2024-04-19,domestic_cat,18
frge,12,48.001922003616066,7.827660001000098,2024-03-26,2024-04-29,2024-04-21,domestic_cat,3
frge,12,48.001922003616066,7.827660001000098,2024-03-26,2024-04-29,2024-04-21,european_hedgehog,1
frge,12,48.001922003616066,7.827660001000098,2024-03-26,2024-04-29,2024-04-22,domestic_cat,11
frge,12,48.001922003616066,7.827660001000098,2024-03-26,2024-04-29,2024-04-23,domestic_cat,5
frge,12,48.001922003616066,7.827660001000098,2024-03-26,2024-04-29,2024-04-23,stone_marten,1
frge,12,48.001922003616066,7.827660001000098,2024-03-26,2024-04-29,2024-04-25,domestic_cat,6
frge,12,48.001922003616066,7.827660001000098,2024-03-26,2024-04-29,2024-04-26,stone_marten,1
frge,12,48.001922003616066,7.827660001000098,2024-03-26,2024-04-29,2024-04-27,domestic_cat,4
frge,12,48.001922003616066,7.827660001000098,2024-03-26,2024-04-29,2024-04-27,european_hedgehog,1
frge,12,48.001922003616066,7.827660001000098,2024-03-26,2024-04-29,2024-04-28,european_red_squirrel,1
frge,12,48.001922003616066,7.827660001000098,2022-06-27,2022-07-26,2022-06-28,domestic_cat,1
frge,12,48.001922003616066,7.827660001000098,2022-06-27,2022-07-26,2022-06-28,european_red_squirrel,1
frge,12,48.001922003616066,7.827660001000098,2022-06-27,2022-07-26,2022-06-30,domestic_cat,1
frge,12,48.001922003616066,7.827660001000098,2022-06-27,2022-07-26,2022-06-30,european_red_squirrel,10
frge,12,48.001922003616066,7.827660001000098,2022-06-27,2022-07-26,2022-07-01,domestic_cat,1
frge,12,48.001922003616066,7.827660001000098,2022-06-27,2022-07-26,2022-07-01,european_hare,1
frge,12,48.001922003616066,7.827660001000098,2022-06-27,2022-07-26,2022-07-01,european_red_squirrel,1
frge,12,48.001922003616066,7.827660001000098,2022-06-27,2022-07-26,2022-07-02,domestic_cat,1
frge,12,48.001922003616066,7.827660001000098,2022-06-27,2022-07-26,2022-07-02,european_red_squirrel,4
frge,12,48.001922003616066,7.827660001000098,2022-06-27,2022-07-26,2022-07-03,domestic_cat,1
frge,12,48.001922003616066,7.827660001000098,2022-06-27,2022-07-26,2022-07-08,domestic_cat,3
frge,12,48.001922003616066,7.827660001000098,2022-06-27,2022-07-26,2022-07-10,european_red_squirrel,1
frge,12,48.001922003616066,7.827660001000098,2022-06-27,2022-07-26,2022-07-13,european_red_squirrel,1
frge,12,48.001922003616066,7.827660001000098,2022-06-27,2022-07-26,2022-07-16,stone_marten,3
frge,12,48.001922003616066,7.827660001000098,2022-06-27,2022-07-26,2022-07-17,european_red_squirrel,4
frge,12,48.001922003616066,7.827660001000098,2022-06-27,2022-07-26,2022-07-19,domestic_cat,1
frge,12,48.001922003616066,7.827660001000098,2022-06-27,2022-07-26,2022-07-22,european_red_squirrel,5
frge,12,48.001922003616066,7.827660001000098,2022-06-27,2022-07-26,2022-07-26,european_red_squirrel,1
frge,12,48.001922003616066,7.827660001000098,2024-06-27,2024-07-27,2024-06-27,domestic_cat,3
frge,12,48.001922003616066,7.827660001000098,2024-06-27,2024-07-27,2024-06-29,domestic_cat,1
frge,12,48.001922003616066,7.827660001000098,2024-06-27,2024-07-27,2024-07-02,domestic_cat,1
frge,12,48.001922003616066,7.827660001000098,2024-06-27,2024-07-27,2024-07-04,stone_marten,1
frge,12,48.001922003616066,7.827660001000098,2024-06-27,2024-07-27,2024-07-05,domestic_cat,5
frge,12,48.001922003616066,7.827660001000098,2024-06-27,2024-07-27,2024-07-06,stone_marten,1
frge,12,48.001922003616066,7.827660001000098,2024-06-27,2024-07-27,2024-07-07,domestic_cat,1
frge,12,48.001922003616066,7.827660001000098,2024-06-27,2024-07-27,2024-07-07,stone_marten,1
frge,12,48.001922003616066,7.827660001000098,2024-06-27,2024-07-27,2024-07-08,domestic_cat,4
frge,12,48.001922003616066,7.827660001000098,2024-06-27,2024-07-27,2024-07-08,stone_marten,1
frge,12,48.001922003616066,7.827660001000098,2024-06-27,2024-07-27,2024-07-10,domestic_cat,3
frge,12,48.001922003616066,7.827660001000098,2024-06-27,2024-07-27,2024-07-11,european_red_squirrel,1
frge,12,48.001922003616066,7.827660001000098,2024-06-27,2024-07-27,2024-07-12,domestic_cat,1
frge,12,48.001922003616066,7.827660001000098,2024-06-27,2024-07-27,2024-07-13,domestic_cat,6
frge,12,48.001922003616066,7.827660001000098,2024-06-27,2024-07-27,2024-07-13,european_red_squirrel,2
frge,12,48.001922003616066,7.827660001000098,2024-06-27,2024-07-27,2024-07-13,stone_marten,1
frge,12,48.001922003616066,7.827660001000098,2024-06-27,2024-07-27,2024-07-14,domestic_cat,1
frge,12,48.001922003616066,7.827660001000098,2024-06-27,2024-07-27,2024-07-15,domestic_cat,2
frge,12,48.001922003616066,7.827660001000098,2024-06-27,2024-07-27,2024-07-16,domestic_cat,27
frge,12,48.001922003616066,7.827660001000098,2024-06-27,2024-07-27,2024-07-16,european_badger,1
frge,12,48.001922003616066,7.827660001000098,2024-06-27,2024-07-27,2024-07-16,stone_marten,3
frge,12,48.001922003616066,7.827660001000098,2024-06-27,2024-07-27,2024-07-17,domestic_cat,6
frge,12,48.001922003616066,7.827660001000098,2024-06-27,2024-07-27,2024-07-17,stone_marten,1
frge,12,48.001922003616066,7.827660001000098,2024-06-27,2024-07-27,2024-07-19,domestic_cat,8
frge,12,48.001922003616066,7.827660001000098,2024-06-27,2024-07-27,2024-07-20,domestic_cat,4
frge,12,48.001922003616066,7.827660001000098,2024-06-27,2024-07-27,2024-07-20,stone_marten,1
frge,12,48.001922003616066,7.827660001000098,2024-06-27,2024-07-27,2024-07-22,domestic_cat,1
frge,12,48.001922003616066,7.827660001000098,2024-06-27,2024-07-27,2024-07-22,stone_marten,3
frge,12,48.001922003616066,7.827660001000098,2024-06-27,2024-07-27,2024-07-23,domestic_cat,4
frge,12,48.001922003616066,7.827660001000098,2024-06-27,2024-07-27,2024-07-24,domestic_cat,1
frge,12,48.001922003616066,7.827660001000098,2024-06-27,2024-07-27,2024-07-25,stone_marten,1
frge,12,48.001922003616066,7.827660001000098,2024-06-27,2024-07-27,2024-07-26,domestic_cat,1
frge,12,48.001922003616066,7.827660001000098,2024-06-27,2024-07-27,2024-07-26,stone_marten,1
frge,12,48.001922003616066,7.827660001000098,2022-01-10,2022-02-04,2022-01-13,european_red_squirrel,1
frge,12,48.001922003616066,7.827660001000098,2022-01-10,2022-02-04,2022-01-18,european_red_squirrel,1
frge,12,48.001922003616066,7.827660001000098,2022-01-10,2022-02-04,2022-01-20,european_red_squirrel,1
frge,12,48.001922003616066,7.827660001000098,2022-01-10,2022-02-04,2022-01-23,european_red_squirrel,1
frge,12,48.001922003616066,7.827660001000098,2022-01-10,2022-02-04,2022-01-25,european_red_squirrel,1
frge,12,48.001922003616066,7.827660001000098,2022-01-10,2022-02-04,2022-01-26,european_red_squirrel,1
frge,12,48.001922003616066,7.827660001000098,2022-01-10,2022-02-04,2022-01-30,european_red_squirrel,1
frge,12,48.001922003616066,7.827660001000098,2022-01-10,2022-02-04,2022-01-31,red_fox,3
frge,12,48.001922003616066,7.827660001000098,2023-01-10,2023-02-02,2023-01-11,european_red_squirrel,2
frge,12,48.001922003616066,7.827660001000098,2023-01-10,2023-02-02,2023-01-12,european_red_squirrel,1
frge,12,48.001922003616066,7.827660001000098,2023-01-10,2023-02-02,2023-01-17,domestic_cat,1
frge,12,48.001922003616066,7.827660001000098,2023-01-10,2023-02-02,2023-01-18,european_red_squirrel,1
frge,12,48.001922003616066,7.827660001000098,2023-01-10,2023-02-02,2023-01-19,european_red_squirrel,1
frge,12,48.001922003616066,7.827660001000098,2023-01-10,2023-02-02,2023-01-27,domestic_cat,1
frge,12,48.001922003616066,7.827660001000098,2023-01-10,2023-02-02,2023-01-28,domestic_cat,1
frge,12,48.001922003616066,7.827660001000098,2023-01-10,2023-02-02,2023-01-29,european_red_squirrel,4
frge,12,48.001922003616066,7.827660001000098,2023-01-10,2023-02-02,2023-01-30,domestic_cat,2
frge,12,48.001922003616066,7.827660001000098,2023-01-10,2023-02-02,2023-01-31,european_red_squirrel,1
frge,12,48.001922003616066,7.827660001000098,2023-01-10,2023-02-02,2023-02-02,domestic_cat,3
frge,12,48.001922003616066,7.827660001000098,2023-12-30,2024-01-31,2023-12-31,stone_marten,1
frge,12,48.001922003616066,7.827660001000098,2023-12-30,2024-01-31,2024-01-01,domestic_cat,3
frge,12,48.001922003616066,7.827660001000098,2023-12-30,2024-01-31,2024-01-01,stone_marten,2
frge,12,48.001922003616066,7.827660001000098,2023-12-30,2024-01-31,2024-01-02,domestic_cat,3
frge,12,48.001922003616066,7.827660001000098,2023-12-30,2024-01-31,2024-01-03,domestic_cat,1
frge,12,48.001922003616066,7.827660001000098,2023-12-30,2024-01-31,2024-01-04,domestic_cat,19
frge,12,48.001922003616066,7.827660001000098,2023-12-30,2024-01-31,2024-01-05,domestic_cat,1
frge,12,48.001922003616066,7.827660001000098,2023-12-30,2024-01-31,2024-01-06,domestic_cat,11
frge,12,48.001922003616066,7.827660001000098,2023-12-30,2024-01-31,2024-01-08,stone_marten,1
frge,12,48.001922003616066,7.827660001000098,2023-12-30,2024-01-31,2024-01-09,domestic_cat,3
frge,12,48.001922003616066,7.827660001000098,2023-12-30,2024-01-31,2024-01-09,stone_marten,1
frge,12,48.001922003616066,7.827660001000098,2023-12-30,2024-01-31,2024-01-10,domestic_cat,2
frge,12,48.001922003616066,7.827660001000098,2023-12-30,2024-01-31,2024-01-11,domestic_cat,2
frge,12,48.001922003616066,7.827660001000098,2023-12-30,2024-01-31,2024-01-13,domestic_cat,18
frge,12,48.001922003616066,7.827660001000098,2023-12-30,2024-01-31,2024-01-14,domestic_cat,6
frge,12,48.001922003616066,7.827660001000098,2023-12-30,2024-01-31,2024-01-15,domestic_cat,5
frge,12,48.001922003616066,7.827660001000098,2023-12-30,2024-01-31,2024-01-15,stone_marten,1
frge,12,48.001922003616066,7.827660001000098,2023-12-30,2024-01-31,2024-01-16,domestic_cat,4
frge,12,48.001922003616066,7.827660001000098,2023-12-30,2024-01-31,2024-01-16,european_red_squirrel,4
frge,12,48.001922003616066,7.827660001000098,2023-12-30,2024-01-31,2024-01-18,domestic_cat,1
frge,12,48.001922003616066,7.827660001000098,2023-12-30,2024-01-31,2024-01-19,domestic_cat,1
frge,12,48.001922003616066,7.827660001000098,2023-12-30,2024-01-31,2024-01-19,stone_marten,2
frge,12,48.001922003616066,7.827660001000098,2023-12-30,2024-01-31,2024-01-20,domestic_cat,2
frge,12,48.001922003616066,7.827660001000098,2023-12-30,2024-01-31,2024-01-21,domestic_cat,13
frge,12,48.001922003616066,7.827660001000098,2023-12-30,2024-01-31,2024-01-22,domestic_cat,1
frge,12,48.001922003616066,7.827660001000098,2023-12-30,2024-01-31,2024-01-22,stone_marten,1
frge,12,48.001922003616066,7.827660001000098,2023-12-30,2024-01-31,2024-01-23,domestic_cat,1
frge,12,48.001922003616066,7.827660001000098,2023-12-30,2024-01-31,2024-01-24,domestic_cat,1
frge,12,48.001922003616066,7.827660001000098,2023-12-30,2024-01-31,2024-01-25,domestic_cat,1
frge,12,48.001922003616066,7.827660001000098,2023-12-30,2024-01-31,2024-01-25,european_red_squirrel,1
frge,12,48.001922003616066,7.827660001000098,2023-12-30,2024-01-31,2024-01-27,domestic_cat,15
frge,12,48.001922003616066,7.827660001000098,2023-12-30,2024-01-31,2024-01-28,domestic_cat,4
frge,12,48.001922003616066,7.827660001000098,2023-12-30,2024-01-31,2024-01-29,domestic_cat,19
frge,12,48.001922003616066,7.827660001000098,2023-12-30,2024-01-31,2024-01-29,stone_marten,1
frge,12,48.001922003616066,7.827660001000098,2023-12-30,2024-01-31,2024-01-30,domestic_cat,8
frge,12,48.001922003616066,7.827660001000098,2023-12-30,2024-01-31,2024-01-31,stone_marten,2
frge,13,48.00987100362128,7.840289001014732,2022-10-04,2022-11-02,2022-10-04,european_red_squirrel,1
frge,13,48.00987100362128,7.840289001014732,2022-10-04,2022-11-02,2022-10-05,european_red_squirrel,3
frge,13,48.00987100362128,7.840289001014732,2022-10-04,2022-11-02,2022-10-06,red_fox,1
frge,13,48.00987100362128,7.840289001014732,2022-10-04,2022-11-02,2022-10-06,european_red_squirrel,7
frge,13,48.00987100362128,7.840289001014732,2022-10-04,2022-11-02,2022-10-07,red_fox,1
frge,13,48.00987100362128,7.840289001014732,2022-10-04,2022-11-02,2022-10-07,european_red_squirrel,7
frge,13,48.00987100362128,7.840289001014732,2022-10-04,2022-11-02,2022-10-08,european_red_squirrel,5
frge,13,48.00987100362128,7.840289001014732,2022-10-04,2022-11-02,2022-10-09,european_red_squirrel,4
frge,13,48.00987100362128,7.840289001014732,2022-10-04,2022-11-02,2022-10-10,european_red_squirrel,3
frge,13,48.00987100362128,7.840289001014732,2022-10-04,2022-11-02,2022-10-11,european_red_squirrel,1
frge,13,48.00987100362128,7.840289001014732,2022-10-04,2022-11-02,2022-10-12,european_red_squirrel,2
frge,13,48.00987100362128,7.840289001014732,2022-10-04,2022-11-02,2022-10-13,european_red_squirrel,5
frge,13,48.00987100362128,7.840289001014732,2022-10-04,2022-11-02,2022-10-14,european_red_squirrel,3
frge,13,48.00987100362128,7.840289001014732,2022-10-04,2022-11-02,2022-10-15,european_red_squirrel,8
frge,13,48.00987100362128,7.840289001014732,2022-10-04,2022-11-02,2022-10-16,european_red_squirrel,5
frge,13,48.00987100362128,7.840289001014732,2022-10-04,2022-11-02,2022-10-17,coypu,1
frge,13,48.00987100362128,7.840289001014732,2022-10-04,2022-11-02,2022-10-17,european_red_squirrel,3
frge,13,48.00987100362128,7.840289001014732,2022-10-04,2022-11-02,2022-10-18,coypu,3
frge,13,48.00987100362128,7.840289001014732,2022-10-04,2022-11-02,2022-10-18,european_hare,2
frge,13,48.00987100362128,7.840289001014732,2022-10-04,2022-11-02,2022-10-18,european_red_squirrel,7
frge,13,48.00987100362128,7.840289001014732,2022-10-04,2022-11-02,2022-10-19,european_hare,1
frge,13,48.00987100362128,7.840289001014732,2022-10-04,2022-11-02,2022-10-19,european_red_squirrel,3
frge,13,48.00987100362128,7.840289001014732,2022-10-04,2022-11-02,2022-10-20,european_red_squirrel,2
frge,13,48.00987100362128,7.840289001014732,2022-10-04,2022-11-02,2022-10-21,european_red_squirrel,1
frge,13,48.00987100362128,7.840289001014732,2022-10-04,2022-11-02,2022-10-22,european_red_squirrel,6
frge,13,48.00987100362128,7.840289001014732,2022-10-04,2022-11-02,2022-10-23,european_red_squirrel,5
frge,13,48.00987100362128,7.840289001014732,2022-10-04,2022-11-02,2022-10-27,european_hare,4
frge,13,48.00987100362128,7.840289001014732,2022-10-04,2022-11-02,2022-10-27,european_red_squirrel,2
frge,13,48.00987100362128,7.840289001014732,2022-10-04,2022-11-02,2022-10-28,european_red_squirrel,6
frge,13,48.00987100362128,7.840289001014732,2022-10-04,2022-11-02,2022-10-29,european_red_squirrel,1
frge,13,48.00987100362128,7.840289001014732,2022-10-04,2022-11-02,2022-11-01,european_red_squirrel,2
frge,13,48.00987100362128,7.840289001014732,2022-10-04,2022-11-02,2022-11-02,european_hare,17
frge,13,48.00987100362128,7.840289001014732,2022-10-04,2022-11-02,2022-11-02,red_fox,1
frge,13,48.00987100362128,7.840289001014732,2022-10-04,2022-11-02,2022-11-02,european_red_squirrel,3
frge,13,48.00987100362128,7.840289001014732,2023-10-04,2023-11-02,2023-10-04,red_fox,1
frge,13,48.00987100362128,7.840289001014732,2023-10-04,2023-11-02,2023-10-05,european_hare,1
frge,13,48.00987100362128,7.840289001014732,2023-10-04,2023-11-02,2023-10-05,red_fox,3
frge,13,48.00987100362128,7.840289001014732,2023-10-04,2023-11-02,2023-10-06,european_hare,2
frge,13,48.00987100362128,7.840289001014732,2023-10-04,2023-11-02,2023-10-06,red_fox,2
frge,13,48.00987100362128,7.840289001014732,2023-10-04,2023-11-02,2023-10-07,european_hare,1
frge,13,48.00987100362128,7.840289001014732,2023-10-04,2023-11-02,2023-10-07,red_fox,1
frge,13,48.00987100362128,7.840289001014732,2023-10-04,2023-11-02,2023-10-08,european_hare,1
frge,13,48.00987100362128,7.840289001014732,2023-10-04,2023-11-02,2023-10-08,red_fox,2
frge,13,48.00987100362128,7.840289001014732,2023-10-04,2023-11-02,2023-10-09,european_hare,1
frge,13,48.00987100362128,7.840289001014732,2023-10-04,2023-11-02,2023-10-09,red_fox,3
frge,13,48.00987100362128,7.840289001014732,2023-10-04,2023-11-02,2023-10-09,european_red_squirrel,1
frge,13,48.00987100362128,7.840289001014732,2023-10-04,2023-11-02,2023-10-10,red_fox,3
frge,13,48.00987100362128,7.840289001014732,2023-10-04,2023-11-02,2023-10-11,european_hare,1
frge,13,48.00987100362128,7.840289001014732,2023-10-04,2023-11-02,2023-10-11,red_fox,4
frge,13,48.00987100362128,7.840289001014732,2023-10-04,2023-11-02,2023-10-12,european_hare,6
frge,13,48.00987100362128,7.840289001014732,2023-10-04,2023-11-02,2023-10-12,red_fox,1
frge,13,48.00987100362128,7.840289001014732,2023-10-04,2023-11-02,2023-10-13,european_hare,3
frge,13,48.00987100362128,7.840289001014732,2023-10-04,2023-11-02,2023-10-13,red_fox,1
frge,13,48.00987100362128,7.840289001014732,2023-10-04,2023-11-02,2023-10-14,european_hare,2
frge,13,48.00987100362128,7.840289001014732,2023-10-04,2023-11-02,2023-10-15,european_hare,2
frge,13,48.00987100362128,7.840289001014732,2023-10-04,2023-11-02,2023-10-15,european_red_squirrel,1
frge,13,48.00987100362128,7.840289001014732,2023-10-04,2023-11-02,2023-10-17,european_hare,2
frge,13,48.00987100362128,7.840289001014732,2023-10-04,2023-11-02,2023-10-18,european_hare,4
frge,13,48.00987100362128,7.840289001014732,2023-10-04,2023-11-02,2023-10-19,european_hare,2
frge,13,48.00987100362128,7.840289001014732,2023-10-04,2023-11-02,2023-10-19,red_fox,1
frge,13,48.00987100362128,7.840289001014732,2023-10-04,2023-11-02,2023-10-20,european_hare,2
frge,13,48.00987100362128,7.840289001014732,2023-10-04,2023-11-02,2023-10-21,european_hare,14
frge,13,48.00987100362128,7.840289001014732,2023-10-04,2023-11-02,2023-10-21,red_fox,2
frge,13,48.00987100362128,7.840289001014732,2023-10-04,2023-11-02,2023-10-22,european_red_squirrel,1
frge,13,48.00987100362128,7.840289001014732,2023-10-04,2023-11-02,2023-10-23,european_hare,4
frge,13,48.00987100362128,7.840289001014732,2023-10-04,2023-11-02,2023-10-23,red_fox,1
frge,13,48.00987100362128,7.840289001014732,2023-10-04,2023-11-02,2023-10-24,european_hare,2
frge,13,48.00987100362128,7.840289001014732,2023-10-04,2023-11-02,2023-10-24,red_fox,1
frge,13,48.00987100362128,7.840289001014732,2023-10-04,2023-11-02,2023-10-25,european_hare,5
frge,13,48.00987100362128,7.840289001014732,2023-10-04,2023-11-02,2023-10-26,european_hare,5
frge,13,48.00987100362128,7.840289001014732,2023-10-04,2023-11-02,2023-10-27,european_hare,4
frge,13,48.00987100362128,7.840289001014732,2023-10-04,2023-11-02,2023-10-27,red_fox,4
frge,13,48.00987100362128,7.840289001014732,2023-10-04,2023-11-02,2023-10-28,european_hare,4
frge,13,48.00987100362128,7.840289001014732,2023-10-04,2023-11-02,2023-10-28,red_fox,1
frge,13,48.00987100362128,7.840289001014732,2023-10-04,2023-11-02,2023-10-29,european_hare,2
frge,13,48.00987100362128,7.840289001014732,2023-10-04,2023-11-02,2023-10-29,red_fox,2
frge,13,48.00987100362128,7.840289001014732,2023-10-04,2023-11-02,2023-10-30,european_hare,1
frge,13,48.00987100362128,7.840289001014732,2023-10-04,2023-11-02,2023-11-01,european_badger,1
frge,13,48.00987100362128,7.840289001014732,2023-10-04,2023-11-02,2023-11-01,european_hare,3
frge,13,48.00987100362128,7.840289001014732,2024-09-28,2024-11-11,2024-09-30,european_hare,4
frge,13,48.00987100362128,7.840289001014732,2024-09-28,2024-11-11,2024-09-30,red_fox,2
frge,13,48.00987100362128,7.840289001014732,2024-09-28,2024-11-11,2024-10-01,european_hare,1
frge,13,48.00987100362128,7.840289001014732,2024-09-28,2024-11-11,2024-10-01,european_red_squirrel,5
frge,13,48.00987100362128,7.840289001014732,2024-09-28,2024-11-11,2024-10-01,stone_marten,1
frge,13,48.00987100362128,7.840289001014732,2024-09-28,2024-11-11,2024-10-02,european_hare,4
frge,13,48.00987100362128,7.840289001014732,2024-09-28,2024-11-11,2024-10-02,red_fox,1
frge,13,48.00987100362128,7.840289001014732,2024-09-28,2024-11-11,2024-10-02,european_red_squirrel,5
frge,13,48.00987100362128,7.840289001014732,2024-09-28,2024-11-11,2024-10-03,european_hare,3
frge,13,48.00987100362128,7.840289001014732,2024-09-28,2024-11-11,2024-10-05,european_hare,6
frge,13,48.00987100362128,7.840289001014732,2024-09-28,2024-11-11,2024-10-05,red_fox,1
frge,13,48.00987100362128,7.840289001014732,2024-09-28,2024-11-11,2024-10-05,european_red_squirrel,2
frge,13,48.00987100362128,7.840289001014732,2024-09-28,2024-11-11,2024-10-06,red_fox,3
frge,13,48.00987100362128,7.840289001014732,2024-09-28,2024-11-11,2024-10-06,european_red_squirrel,6
frge,13,48.00987100362128,7.840289001014732,2024-09-28,2024-11-11,2024-10-07,european_hare,1
frge,13,48.00987100362128,7.840289001014732,2024-09-28,2024-11-11,2024-10-07,european_red_squirrel,2
frge,13,48.00987100362128,7.840289001014732,2024-09-28,2024-11-11,2024-10-08,european_hare,1
frge,13,48.00987100362128,7.840289001014732,2024-09-28,2024-11-11,2024-10-09,european_hare,2
frge,13,48.00987100362128,7.840289001014732,2024-09-28,2024-11-11,2024-10-09,red_fox,1
frge,13,48.00987100362128,7.840289001014732,2024-09-28,2024-11-11,2024-10-09,european_red_squirrel,4
frge,13,48.00987100362128,7.840289001014732,2024-09-28,2024-11-11,2024-10-10,domestic_cat,1
frge,13,48.00987100362128,7.840289001014732,2024-09-28,2024-11-11,2024-10-10,european_hare,1
frge,13,48.00987100362128,7.840289001014732,2024-09-28,2024-11-11,2024-10-10,european_red_squirrel,1
frge,13,48.00987100362128,7.840289001014732,2024-09-28,2024-11-11,2024-10-11,european_hare,5
frge,13,48.00987100362128,7.840289001014732,2024-09-28,2024-11-11,2024-10-11,european_red_squirrel,5
frge,13,48.00987100362128,7.840289001014732,2024-09-28,2024-11-11,2024-10-12,european_hare,2
frge,13,48.00987100362128,7.840289001014732,2024-09-28,2024-11-11,2024-10-13,european_hare,2
frge,13,48.00987100362128,7.840289001014732,2024-09-28,2024-11-11,2024-10-13,red_fox,1
frge,13,48.00987100362128,7.840289001014732,2024-09-28,2024-11-11,2024-10-13,european_red_squirrel,1
frge,13,48.00987100362128,7.840289001014732,2024-09-28,2024-11-11,2024-10-14,european_hare,1
frge,13,48.00987100362128,7.840289001014732,2024-09-28,2024-11-11,2024-10-15,red_fox,3
frge,13,48.00987100362128,7.840289001014732,2024-09-28,2024-11-11,2024-10-15,european_red_squirrel,5
frge,13,48.00987100362128,7.840289001014732,2024-09-28,2024-11-11,2024-10-16,european_hare,7
frge,13,48.00987100362128,7.840289001014732,2024-09-28,2024-11-11,2024-10-16,red_fox,1
frge,13,48.00987100362128,7.840289001014732,2024-09-28,2024-11-11,2024-10-16,european_red_squirrel,4
frge,13,48.00987100362128,7.840289001014732,2024-09-28,2024-11-11,2024-10-17,european_hare,1
frge,13,48.00987100362128,7.840289001014732,2024-09-28,2024-11-11,2024-10-17,european_red_squirrel,2
frge,13,48.00987100362128,7.840289001014732,2024-09-28,2024-11-11,2024-10-18,european_hare,2
frge,13,48.00987100362128,7.840289001014732,2024-09-28,2024-11-11,2024-10-19,european_hare,1
frge,13,48.00987100362128,7.840289001014732,2024-09-28,2024-11-11,2024-10-19,european_red_squirrel,1
frge,13,48.00987100362128,7.840289001014732,2024-09-28,2024-11-11,2024-10-20,european_hare,1
frge,13,48.00987100362128,7.840289001014732,2024-09-28,2024-11-11,2024-10-20,european_red_squirrel,2
frge,13,48.00987100362128,7.840289001014732,2024-09-28,2024-11-11,2024-10-21,red_fox,2
frge,13,48.00987100362128,7.840289001014732,2024-09-28,2024-11-11,2024-10-22,european_hare,2
frge,13,48.00987100362128,7.840289001014732,2024-09-28,2024-11-11,2024-10-23,european_hare,1
frge,13,48.00987100362128,7.840289001014732,2024-09-28,2024-11-11,2024-10-23,red_fox,1
frge,13,48.00987100362128,7.840289001014732,2024-09-28,2024-11-11,2024-10-24,european_hare,1
frge,13,48.00987100362128,7.840289001014732,2024-09-28,2024-11-11,2024-10-24,red_fox,2
frge,13,48.00987100362128,7.840289001014732,2024-09-28,2024-11-11,2024-10-25,red_fox,9
frge,13,48.00987100362128,7.840289001014732,2024-09-28,2024-11-11,2024-10-26,european_hare,2
frge,13,48.00987100362128,7.840289001014732,2024-09-28,2024-11-11,2024-10-26,stone_marten,1
frge,13,48.00987100362128,7.840289001014732,2024-09-28,2024-11-11,2024-10-27,red_fox,1
frge,13,48.00987100362128,7.840289001014732,2024-09-28,2024-11-11,2024-10-27,european_red_squirrel,8
frge,13,48.00987100362128,7.840289001014732,2024-09-28,2024-11-11,2024-10-28,european_hare,2
frge,13,48.00987100362128,7.840289001014732,2024-09-28,2024-11-11,2024-10-29,european_red_squirrel,2
frge,13,48.00987100362128,7.840289001014732,2024-09-28,2024-11-11,2024-10-30,european_hare,3
frge,13,48.00987100362128,7.840289001014732,2024-09-28,2024-11-11,2024-10-31,european_hare,1
frge,13,48.00987100362128,7.840289001014732,2024-09-28,2024-11-11,2024-10-31,european_red_squirrel,1
frge,13,48.00987100362128,7.840289001014732,2024-09-28,2024-11-11,2024-11-01,european_hedgehog,2
frge,13,48.00987100362128,7.840289001014732,2024-09-28,2024-11-11,2024-11-02,european_hare,1
frge,13,48.00987100362128,7.840289001014732,2024-09-28,2024-11-11,2024-11-03,european_red_squirrel,3
frge,13,48.00987100362128,7.840289001014732,2024-09-28,2024-11-11,2024-11-04,european_hare,3
frge,13,48.00987100362128,7.840289001014732,2024-09-28,2024-11-11,2024-11-05,european_hare,3
frge,13,48.00987100362128,7.840289001014732,2024-09-28,2024-11-11,2024-11-06,european_hare,1
frge,13,48.00987100362128,7.840289001014732,2024-09-28,2024-11-11,2024-11-07,red_fox,1
frge,13,48.00987100362128,7.840289001014732,2024-09-28,2024-11-11,2024-11-08,red_fox,1
frge,13,48.00987100362128,7.840289001014732,2024-09-28,2024-11-11,2024-11-09,european_hare,2
frge,13,48.00987100362128,7.840289001014732,2024-09-28,2024-11-11,2024-11-09,red_fox,1
frge,13,48.00987100362128,7.840289001014732,2024-09-28,2024-11-11,2024-11-10,european_hare,2
frge,13,48.00987100362128,7.840289001014732,2024-09-28,2024-11-11,2024-11-10,european_red_squirrel,1
frge,13,48.00987100362128,7.840289001014732,2024-09-28,2024-11-11,2024-11-11,european_red_squirrel,1
frge,13,48.00987100362128,7.840289001014732,2022-03-31,2022-04-29,2022-03-31,european_red_squirrel,1
frge,13,48.00987100362128,7.840289001014732,2022-03-31,2022-04-29,2022-04-01,red_fox,1
frge,13,48.00987100362128,7.840289001014732,2022-03-31,2022-04-29,2022-04-02,european_hare,1
frge,13,48.00987100362128,7.840289001014732,2022-03-31,2022-04-29,2022-04-02,european_red_squirrel,1
frge,13,48.00987100362128,7.840289001014732,2022-03-31,2022-04-29,2022-04-03,european_red_squirrel,4
frge,13,48.00987100362128,7.840289001014732,2022-03-31,2022-04-29,2022-04-11,european_red_squirrel,2
frge,13,48.00987100362128,7.840289001014732,2022-03-31,2022-04-29,2022-04-11,stone_marten,1
frge,13,48.00987100362128,7.840289001014732,2022-03-31,2022-04-29,2022-04-12,european_red_squirrel,2
frge,13,48.00987100362128,7.840289001014732,2022-03-31,2022-04-29,2022-04-13,european_hare,1
frge,13,48.00987100362128,7.840289001014732,2022-03-31,2022-04-29,2022-04-13,european_red_squirrel,2
frge,13,48.00987100362128,7.840289001014732,2022-03-31,2022-04-29,2022-04-14,european_red_squirrel,1
frge,13,48.00987100362128,7.840289001014732,2022-03-31,2022-04-29,2022-04-15,european_red_squirrel,4
frge,13,48.00987100362128,7.840289001014732,2022-03-31,2022-04-29,2022-04-16,european_hedgehog,1
frge,13,48.00987100362128,7.840289001014732,2022-03-31,2022-04-29,2022-04-16,european_red_squirrel,5
frge,13,48.00987100362128,7.840289001014732,2022-03-31,2022-04-29,2022-04-17,european_hedgehog,1
frge,13,48.00987100362128,7.840289001014732,2022-03-31,2022-04-29,2022-04-17,european_red_squirrel,3
frge,13,48.00987100362128,7.840289001014732,2022-03-31,2022-04-29,2022-04-18,european_red_squirrel,3
frge,13,48.00987100362128,7.840289001014732,2022-03-31,2022-04-29,2022-04-19,european_hare,1
frge,13,48.00987100362128,7.840289001014732,2022-03-31,2022-04-29,2022-04-19,european_red_squirrel,1
frge,13,48.00987100362128,7.840289001014732,2022-03-31,2022-04-29,2022-04-20,european_hedgehog,1
frge,13,48.00987100362128,7.840289001014732,2022-03-31,2022-04-29,2022-04-20,european_red_squirrel,2
frge,13,48.00987100362128,7.840289001014732,2022-03-31,2022-04-29,2022-04-21,european_red_squirrel,4
frge,13,48.00987100362128,7.840289001014732,2022-03-31,2022-04-29,2022-04-23,european_red_squirrel,3
frge,13,48.00987100362128,7.840289001014732,2022-03-31,2022-04-29,2022-04-24,red_fox,1
frge,13,48.00987100362128,7.840289001014732,2022-03-31,2022-04-29,2022-04-24,european_red_squirrel,2
frge,13,48.00987100362128,7.840289001014732,2022-03-31,2022-04-29,2022-04-25,european_red_squirrel,2
frge,13,48.00987100362128,7.840289001014732,2022-03-31,2022-04-29,2022-04-26,european_hare,1
frge,13,48.00987100362128,7.840289001014732,2022-03-31,2022-04-29,2022-04-26,european_red_squirrel,2
frge,13,48.00987100362128,7.840289001014732,2022-03-31,2022-04-29,2022-04-27,european_hare,2
frge,13,48.00987100362128,7.840289001014732,2022-03-31,2022-04-29,2022-04-27,european_red_squirrel,3
frge,13,48.00987100362128,7.840289001014732,2022-03-31,2022-04-29,2022-04-28,european_red_squirrel,2
frge,13,48.00987100362128,7.840289001014732,2022-03-31,2022-04-29,2022-04-29,european_red_squirrel,3
frge,13,48.00987100362128,7.840289001014732,2023-04-05,2023-05-04,2023-04-06,european_red_squirrel,1
frge,13,48.00987100362128,7.840289001014732,2023-04-05,2023-05-04,2023-04-07,european_red_squirrel,1
frge,13,48.00987100362128,7.840289001014732,2023-04-05,2023-05-04,2023-04-08,european_red_squirrel,1
frge,13,48.00987100362128,7.840289001014732,2023-04-05,2023-05-04,2023-04-09,european_hare,1
frge,13,48.00987100362128,7.840289001014732,2023-04-05,2023-05-04,2023-04-09,european_red_squirrel,2
frge,13,48.00987100362128,7.840289001014732,2023-04-05,2023-05-04,2023-04-10,european_red_squirrel,5
frge,13,48.00987100362128,7.840289001014732,2023-04-05,2023-05-04,2023-04-11,european_red_squirrel,1
frge,13,48.00987100362128,7.840289001014732,2023-04-05,2023-05-04,2023-04-12,red_fox,1
frge,13,48.00987100362128,7.840289001014732,2023-04-05,2023-05-04,2023-04-23,european_red_squirrel,1
frge,13,48.00987100362128,7.840289001014732,2023-04-05,2023-05-04,2023-04-27,red_fox,1
frge,13,48.00987100362128,7.840289001014732,2023-04-05,2023-05-04,2023-05-01,european_red_squirrel,2
frge,13,48.00987100362128,7.840289001014732,2024-03-26,2024-04-29,2024-03-26,european_hare,3
frge,13,48.00987100362128,7.840289001014732,2024-03-26,2024-04-29,2024-03-27,european_hare,6
frge,13,48.00987100362128,7.840289001014732,2024-03-26,2024-04-29,2024-03-27,red_fox,1
frge,13,48.00987100362128,7.840289001014732,2024-03-26,2024-04-29,2024-03-28,european_hare,5
frge,13,48.00987100362128,7.840289001014732,2024-03-26,2024-04-29,2024-03-30,european_hare,1
frge,13,48.00987100362128,7.840289001014732,2024-03-26,2024-04-29,2024-03-31,european_hare,1
frge,13,48.00987100362128,7.840289001014732,2024-03-26,2024-04-29,2024-04-02,european_hare,1
frge,13,48.00987100362128,7.840289001014732,2024-03-26,2024-04-29,2024-04-02,red_fox,1
frge,13,48.00987100362128,7.840289001014732,2024-03-26,2024-04-29,2024-04-03,european_hare,6
frge,13,48.00987100362128,7.840289001014732,2024-03-26,2024-04-29,2024-04-04,european_hare,3
frge,13,48.00987100362128,7.840289001014732,2024-03-26,2024-04-29,2024-04-04,red_fox,1
frge,13,48.00987100362128,7.840289001014732,2024-03-26,2024-04-29,2024-04-05,european_hare,1
frge,13,48.00987100362128,7.840289001014732,2024-03-26,2024-04-29,2024-04-06,european_hare,2
frge,13,48.00987100362128,7.840289001014732,2024-03-26,2024-04-29,2024-04-06,european_red_squirrel,1
frge,13,48.00987100362128,7.840289001014732,2024-03-26,2024-04-29,2024-04-07,european_hare,3
frge,13,48.00987100362128,7.840289001014732,2024-03-26,2024-04-29,2024-04-08,european_hare,2
frge,13,48.00987100362128,7.840289001014732,2024-03-26,2024-04-29,2024-04-09,european_hare,1
frge,13,48.00987100362128,7.840289001014732,2024-03-26,2024-04-29,2024-04-10,european_hare,1
frge,13,48.00987100362128,7.840289001014732,2024-03-26,2024-04-29,2024-04-11,european_hare,1
frge,13,48.00987100362128,7.840289001014732,2024-03-26,2024-04-29,2024-04-12,european_hare,1
frge,13,48.00987100362128,7.840289001014732,2024-03-26,2024-04-29,2024-04-13,european_hare,1
frge,13,48.00987100362128,7.840289001014732,2024-03-26,2024-04-29,2024-04-13,european_red_squirrel,1
frge,13,48.00987100362128,7.840289001014732,2024-03-26,2024-04-29,2024-04-14,european_hare,1
frge,13,48.00987100362128,7.840289001014732,2024-03-26,2024-04-29,2024-04-15,european_hare,1
frge,13,48.00987100362128,7.840289001014732,2024-03-26,2024-04-29,2024-04-15,red_fox,1
frge,13,48.00987100362128,7.840289001014732,2024-03-26,2024-04-29,2024-04-16,european_hare,1
frge,13,48.00987100362128,7.840289001014732,2024-03-26,2024-04-29,2024-04-17,european_hare,1
frge,13,48.00987100362128,7.840289001014732,2024-03-26,2024-04-29,2024-04-17,red_fox,1
frge,13,48.00987100362128,7.840289001014732,2024-03-26,2024-04-29,2024-04-18,european_hare,1
frge,13,48.00987100362128,7.840289001014732,2024-03-26,2024-04-29,2024-04-18,red_fox,1
frge,13,48.00987100362128,7.840289001014732,2024-03-26,2024-04-29,2024-04-19,european_hare,2
frge,13,48.00987100362128,7.840289001014732,2024-03-26,2024-04-29,2024-04-20,european_hare,2
frge,13,48.00987100362128,7.840289001014732,2024-03-26,2024-04-29,2024-04-21,european_hare,1
frge,13,48.00987100362128,7.840289001014732,2024-03-26,2024-04-29,2024-04-22,european_hare,5
frge,13,48.00987100362128,7.840289001014732,2024-03-26,2024-04-29,2024-04-22,european_red_squirrel,1
frge,13,48.00987100362128,7.840289001014732,2024-03-26,2024-04-29,2024-04-24,european_hare,1
frge,13,48.00987100362128,7.840289001014732,2024-03-26,2024-04-29,2024-04-24,european_red_squirrel,1
frge,13,48.00987100362128,7.840289001014732,2024-03-26,2024-04-29,2024-04-25,european_hare,1
frge,13,48.00987100362128,7.840289001014732,2024-03-26,2024-04-29,2024-04-26,european_hare,2
frge,13,48.00987100362128,7.840289001014732,2024-03-26,2024-04-29,2024-04-27,european_hare,2
frge,13,48.00987100362128,7.840289001014732,2024-03-26,2024-04-29,2024-04-27,red_fox,2
frge,13,48.00987100362128,7.840289001014732,2024-03-26,2024-04-29,2024-04-28,european_hare,2
frge,13,48.00987100362128,7.840289001014732,2022-06-27,2022-07-26,2022-06-27,european_hare,2
frge,13,48.00987100362128,7.840289001014732,2022-06-27,2022-07-26,2022-06-27,stone_marten,1
frge,13,48.00987100362128,7.840289001014732,2022-06-27,2022-07-26,2022-06-28,european_hare,7
frge,13,48.00987100362128,7.840289001014732,2022-06-27,2022-07-26,2022-06-28,european_red_squirrel,6
frge,13,48.00987100362128,7.840289001014732,2022-06-27,2022-07-26,2022-06-30,european_hare,1
frge,13,48.00987100362128,7.840289001014732,2022-06-27,2022-07-26,2022-07-01,european_red_squirrel,2
frge,13,48.00987100362128,7.840289001014732,2022-06-27,2022-07-26,2022-07-02,european_hare,3
frge,13,48.00987100362128,7.840289001014732,2022-06-27,2022-07-26,2022-07-03,european_hare,1
frge,13,48.00987100362128,7.840289001014732,2022-06-27,2022-07-26,2022-07-03,european_red_squirrel,6
frge,13,48.00987100362128,7.840289001014732,2022-06-27,2022-07-26,2022-07-04,european_hare,3
frge,13,48.00987100362128,7.840289001014732,2022-06-27,2022-07-26,2022-07-04,european_red_squirrel,1
frge,13,48.00987100362128,7.840289001014732,2022-06-27,2022-07-26,2022-07-05,european_hare,3
frge,13,48.00987100362128,7.840289001014732,2022-06-27,2022-07-26,2022-07-05,european_red_squirrel,3
frge,13,48.00987100362128,7.840289001014732,2022-06-27,2022-07-26,2022-07-06,european_red_squirrel,8
frge,13,48.00987100362128,7.840289001014732,2022-06-27,2022-07-26,2022-07-07,european_red_squirrel,1
frge,13,48.00987100362128,7.840289001014732,2022-06-27,2022-07-26,2022-07-08,european_badger,1
frge,13,48.00987100362128,7.840289001014732,2022-06-27,2022-07-26,2022-07-08,european_red_squirrel,14
frge,13,48.00987100362128,7.840289001014732,2022-06-27,2022-07-26,2022-07-09,european_red_squirrel,7
frge,13,48.00987100362128,7.840289001014732,2022-06-27,2022-07-26,2022-07-10,european_hare,9
frge,13,48.00987100362128,7.840289001014732,2022-06-27,2022-07-26,2022-07-10,european_red_squirrel,2
frge,13,48.00987100362128,7.840289001014732,2022-06-27,2022-07-26,2022-07-11,european_hare,1
frge,13,48.00987100362128,7.840289001014732,2022-06-27,2022-07-26,2022-07-11,european_red_squirrel,2
frge,13,48.00987100362128,7.840289001014732,2022-06-27,2022-07-26,2022-07-12,european_red_squirrel,3
frge,13,48.00987100362128,7.840289001014732,2022-06-27,2022-07-26,2022-07-13,red_fox,1
frge,13,48.00987100362128,7.840289001014732,2022-06-27,2022-07-26,2022-07-13,european_red_squirrel,3
frge,13,48.00987100362128,7.840289001014732,2022-06-27,2022-07-26,2022-07-15,european_hare,4
frge,13,48.00987100362128,7.840289001014732,2022-06-27,2022-07-26,2022-07-15,european_red_squirrel,4
frge,13,48.00987100362128,7.840289001014732,2022-06-27,2022-07-26,2022-07-16,european_red_squirrel,4
frge,13,48.00987100362128,7.840289001014732,2022-06-27,2022-07-26,2022-07-17,european_red_squirrel,6
frge,13,48.00987100362128,7.840289001014732,2022-06-27,2022-07-26,2022-07-18,european_hedgehog,2
frge,13,48.00987100362128,7.840289001014732,2022-06-27,2022-07-26,2022-07-18,european_red_squirrel,4
frge,13,48.00987100362128,7.840289001014732,2022-06-27,2022-07-26,2022-07-19,european_hare,3
frge,13,48.00987100362128,7.840289001014732,2022-06-27,2022-07-26,2022-07-19,european_red_squirrel,2
frge,13,48.00987100362128,7.840289001014732,2022-06-27,2022-07-26,2022-07-20,european_red_squirrel,3
frge,13,48.00987100362128,7.840289001014732,2022-06-27,2022-07-26,2022-07-21,european_red_squirrel,1
frge,13,48.00987100362128,7.840289001014732,2022-06-27,2022-07-26,2022-07-22,european_hare,1
frge,13,48.00987100362128,7.840289001014732,2022-06-27,2022-07-26,2022-07-22,stone_marten,2
frge,13,48.00987100362128,7.840289001014732,2022-06-27,2022-07-26,2022-07-23,european_hare,1
frge,13,48.00987100362128,7.840289001014732,2022-06-27,2022-07-26,2022-07-23,european_red_squirrel,1
frge,13,48.00987100362128,7.840289001014732,2022-06-27,2022-07-26,2022-07-24,european_hare,5
frge,13,48.00987100362128,7.840289001014732,2022-06-27,2022-07-26,2022-07-25,european_red_squirrel,3
frge,13,48.00987100362128,7.840289001014732,2022-06-27,2022-07-26,2022-07-26,red_fox,1
frge,13,48.00987100362128,7.840289001014732,2022-06-27,2022-07-26,2022-07-26,european_red_squirrel,2
frge,13,48.00987100362128,7.840289001014732,2023-06-27,2023-07-26,2023-06-27,european_hedgehog,2
frge,13,48.00987100362128,7.840289001014732,2023-06-27,2023-07-26,2023-06-27,european_red_squirrel,1
frge,13,48.00987100362128,7.840289001014732,2023-06-27,2023-07-26,2023-06-28,european_hare,1
frge,13,48.00987100362128,7.840289001014732,2023-06-27,2023-07-26,2023-06-29,european_hare,2
frge,13,48.00987100362128,7.840289001014732,2023-06-27,2023-07-26,2023-07-02,european_hare,1
frge,13,48.00987100362128,7.840289001014732,2023-06-27,2023-07-26,2023-07-03,european_red_squirrel,1
frge,13,48.00987100362128,7.840289001014732,2023-06-27,2023-07-26,2023-07-08,european_hare,2
frge,13,48.00987100362128,7.840289001014732,2023-06-27,2023-07-26,2023-07-09,domestic_cat,1
frge,13,48.00987100362128,7.840289001014732,2023-06-27,2023-07-26,2023-07-09,european_hare,1
frge,13,48.00987100362128,7.840289001014732,2023-06-27,2023-07-26,2023-07-10,european_hare,1
frge,13,48.00987100362128,7.840289001014732,2023-06-27,2023-07-26,2023-07-12,european_hedgehog,1
frge,13,48.00987100362128,7.840289001014732,2023-06-27,2023-07-26,2023-07-13,european_hare,1
frge,13,48.00987100362128,7.840289001014732,2023-06-27,2023-07-26,2023-07-14,domestic_cat,1
frge,13,48.00987100362128,7.840289001014732,2023-06-27,2023-07-26,2023-07-15,red_fox,1
frge,13,48.00987100362128,7.840289001014732,2023-06-27,2023-07-26,2023-07-16,european_hedgehog,1
frge,13,48.00987100362128,7.840289001014732,2023-06-27,2023-07-26,2023-07-17,european_hedgehog,1
frge,13,48.00987100362128,7.840289001014732,2023-06-27,2023-07-26,2023-07-17,red_fox,2
frge,13,48.00987100362128,7.840289001014732,2023-06-27,2023-07-26,2023-07-18,european_hare,1
frge,13,48.00987100362128,7.840289001014732,2023-06-27,2023-07-26,2023-07-18,european_hedgehog,1
frge,13,48.00987100362128,7.840289001014732,2023-06-27,2023-07-26,2023-07-18,red_fox,1
frge,13,48.00987100362128,7.840289001014732,2023-06-27,2023-07-26,2023-07-21,european_hare,4
frge,13,48.00987100362128,7.840289001014732,2023-06-27,2023-07-26,2023-07-22,european_hare,1
frge,13,48.00987100362128,7.840289001014732,2023-06-27,2023-07-26,2023-07-25,european_hare,11
frge,13,48.00987100362128,7.840289001014732,2023-06-27,2023-07-26,2023-07-26,european_hare,2
frge,13,48.00987100362128,7.840289001014732,2023-06-27,2023-07-26,2023-07-26,red_fox,1
frge,13,48.00987100362128,7.840289001014732,2024-06-26,2024-07-26,2024-06-27,european_hare,1
frge,13,48.00987100362128,7.840289001014732,2024-06-26,2024-07-26,2024-06-27,red_fox,5
frge,13,48.00987100362128,7.840289001014732,2024-06-26,2024-07-26,2024-06-29,european_hare,1
frge,13,48.00987100362128,7.840289001014732,2024-06-26,2024-07-26,2024-06-30,european_hare,1
frge,13,48.00987100362128,7.840289001014732,2024-06-26,2024-07-26,2024-06-30,red_fox,1
frge,13,48.00987100362128,7.840289001014732,2024-06-26,2024-07-26,2024-07-01,european_hare,2
frge,13,48.00987100362128,7.840289001014732,2024-06-26,2024-07-26,2024-07-03,european_hare,28
frge,13,48.00987100362128,7.840289001014732,2024-06-26,2024-07-26,2024-07-04,european_hare,1
frge,13,48.00987100362128,7.840289001014732,2024-06-26,2024-07-26,2024-07-05,european_hare,3
frge,13,48.00987100362128,7.840289001014732,2024-06-26,2024-07-26,2024-07-06,european_hare,5
frge,13,48.00987100362128,7.840289001014732,2024-06-26,2024-07-26,2024-07-06,red_fox,1
frge,13,48.00987100362128,7.840289001014732,2024-06-26,2024-07-26,2024-07-08,red_fox,2
frge,13,48.00987100362128,7.840289001014732,2024-06-26,2024-07-26,2024-07-09,european_hare,5
frge,13,48.00987100362128,7.840289001014732,2024-06-26,2024-07-26,2024-07-10,european_hare,20
frge,13,48.00987100362128,7.840289001014732,2024-06-26,2024-07-26,2024-07-11,european_hare,7
frge,13,48.00987100362128,7.840289001014732,2024-06-26,2024-07-26,2024-07-12,european_hare,5
frge,13,48.00987100362128,7.840289001014732,2024-06-26,2024-07-26,2024-07-13,european_hare,9
frge,13,48.00987100362128,7.840289001014732,2024-06-26,2024-07-26,2024-07-14,european_hare,9
frge,13,48.00987100362128,7.840289001014732,2024-06-26,2024-07-26,2024-07-15,european_hare,2
frge,13,48.00987100362128,7.840289001014732,2024-06-26,2024-07-26,2024-07-15,european_hedgehog,2
frge,13,48.00987100362128,7.840289001014732,2024-06-26,2024-07-26,2024-07-17,european_hare,6
frge,13,48.00987100362128,7.840289001014732,2024-06-26,2024-07-26,2024-07-18,european_hare,5
frge,13,48.00987100362128,7.840289001014732,2024-06-26,2024-07-26,2024-07-18,european_hedgehog,1
frge,13,48.00987100362128,7.840289001014732,2024-06-26,2024-07-26,2024-07-19,european_hare,6
frge,13,48.00987100362128,7.840289001014732,2024-06-26,2024-07-26,2024-07-21,european_hare,1
frge,13,48.00987100362128,7.840289001014732,2024-06-26,2024-07-26,2024-07-22,european_hare,2
frge,13,48.00987100362128,7.840289001014732,2024-06-26,2024-07-26,2024-07-23,european_hare,3
frge,13,48.00987100362128,7.840289001014732,2024-06-26,2024-07-26,2024-07-24,european_hare,5
frge,13,48.00987100362128,7.840289001014732,2024-06-26,2024-07-26,2024-07-25,european_hare,1
frge,13,48.00987100362128,7.840289001014732,2024-06-26,2024-07-26,2024-07-26,european_hare,2
frge,13,48.00987100362128,7.840289001014732,2022-01-10,2022-02-07,2022-01-10,european_hare,1
frge,13,48.00987100362128,7.840289001014732,2022-01-10,2022-02-07,2022-01-11,european_red_squirrel,10
frge,13,48.00987100362128,7.840289001014732,2022-01-10,2022-02-07,2022-01-12,red_fox,3
frge,13,48.00987100362128,7.840289001014732,2022-01-10,2022-02-07,2022-01-12,european_red_squirrel,21
frge,13,48.00987100362128,7.840289001014732,2022-01-10,2022-02-07,2022-01-13,european_red_squirrel,4
frge,13,48.00987100362128,7.840289001014732,2022-01-10,2022-02-07,2022-01-24,european_red_squirrel,1
frge,13,48.00987100362128,7.840289001014732,2022-01-10,2022-02-07,2022-01-29,european_red_squirrel,2
frge,13,48.00987100362128,7.840289001014732,2022-01-10,2022-02-07,2022-01-30,european_red_squirrel,2
frge,13,48.00987100362128,7.840289001014732,2022-01-10,2022-02-07,2022-01-31,red_fox,1
frge,13,48.00987100362128,7.840289001014732,2022-01-10,2022-02-07,2022-02-01,european_hare,2
frge,13,48.00987100362128,7.840289001014732,2022-01-10,2022-02-07,2022-02-06,european_hare,1
frge,13,48.00987100362128,7.840289001014732,2022-01-10,2022-02-07,2022-02-07,red_fox,3
frge,13,48.00987100362128,7.840289001014732,2023-01-10,2023-02-08,2023-01-11,european_red_squirrel,3
frge,13,48.00987100362128,7.840289001014732,2023-01-10,2023-02-08,2023-01-12,european_red_squirrel,2
frge,13,48.00987100362128,7.840289001014732,2023-01-10,2023-02-08,2023-01-14,european_red_squirrel,1
frge,13,48.00987100362128,7.840289001014732,2023-01-10,2023-02-08,2023-01-15,european_red_squirrel,2
frge,13,48.00987100362128,7.840289001014732,2023-01-10,2023-02-08,2023-01-16,red_fox,1
frge,13,48.00987100362128,7.840289001014732,2023-01-10,2023-02-08,2023-01-16,european_red_squirrel,17
frge,13,48.00987100362128,7.840289001014732,2023-01-10,2023-02-08,2023-01-17,red_fox,1
frge,13,48.00987100362128,7.840289001014732,2023-01-10,2023-02-08,2023-01-20,european_red_squirrel,2
frge,13,48.00987100362128,7.840289001014732,2023-01-10,2023-02-08,2023-01-21,european_red_squirrel,5
frge,13,48.00987100362128,7.840289001014732,2023-01-10,2023-02-08,2023-01-24,european_red_squirrel,4
frge,13,48.00987100362128,7.840289001014732,2023-01-10,2023-02-08,2023-01-25,european_hare,1
frge,13,48.00987100362128,7.840289001014732,2023-01-10,2023-02-08,2023-01-25,european_red_squirrel,1
frge,13,48.00987100362128,7.840289001014732,2023-01-10,2023-02-08,2023-01-25,stone_marten,2
frge,13,48.00987100362128,7.840289001014732,2023-01-10,2023-02-08,2023-01-26,european_hare,1
frge,13,48.00987100362128,7.840289001014732,2023-01-10,2023-02-08,2023-01-29,european_hare,2
frge,13,48.00987100362128,7.840289001014732,2023-01-10,2023-02-08,2023-01-30,european_hare,1
frge,13,48.00987100362128,7.840289001014732,2023-01-10,2023-02-08,2023-01-31,european_hare,2
frge,13,48.00987100362128,7.840289001014732,2023-01-10,2023-02-08,2023-02-01,european_red_squirrel,1
frge,13,48.00987100362128,7.840289001014732,2023-01-10,2023-02-08,2023-02-02,european_hare,3
frge,13,48.00987100362128,7.840289001014732,2023-01-10,2023-02-08,2023-02-03,european_hare,1
frge,13,48.00987100362128,7.840289001014732,2023-01-10,2023-02-08,2023-02-03,red_fox,1
frge,13,48.00987100362128,7.840289001014732,2023-01-10,2023-02-08,2023-02-06,european_hare,1
frge,13,48.00987100362128,7.840289001014732,2023-01-10,2023-02-08,2023-02-06,red_fox,1
frge,13,48.00987100362128,7.840289001014732,2023-01-10,2023-02-08,2023-02-07,european_hare,5
frge,13,48.00987100362128,7.840289001014732,2023-01-10,2023-02-08,2023-02-08,european_hare,2
frge,13,48.00987100362128,7.840289001014732,2023-01-10,2023-02-08,2023-02-08,european_red_squirrel,4
frge,13,48.00987100362128,7.840289001014732,2023-12-29,2024-02-02,2023-12-29,domestic_cat,1
frge,13,48.00987100362128,7.840289001014732,2023-12-29,2024-02-02,2023-12-30,domestic_cat,1
frge,13,48.00987100362128,7.840289001014732,2023-12-29,2024-02-02,2023-12-30,european_red_squirrel,1
frge,13,48.00987100362128,7.840289001014732,2023-12-29,2024-02-02,2024-01-01,european_hare,1
frge,13,48.00987100362128,7.840289001014732,2023-12-29,2024-02-02,2024-01-02,european_hare,1
frge,13,48.00987100362128,7.840289001014732,2023-12-29,2024-02-02,2024-01-03,domestic_cat,1
frge,13,48.00987100362128,7.840289001014732,2023-12-29,2024-02-02,2024-01-06,european_hare,4
frge,13,48.00987100362128,7.840289001014732,2023-12-29,2024-02-02,2024-01-06,red_fox,2
frge,13,48.00987100362128,7.840289001014732,2023-12-29,2024-02-02,2024-01-07,european_hare,2
frge,13,48.00987100362128,7.840289001014732,2023-12-29,2024-02-02,2024-01-07,red_fox,1
frge,13,48.00987100362128,7.840289001014732,2023-12-29,2024-02-02,2024-01-08,european_hare,1
frge,13,48.00987100362128,7.840289001014732,2023-12-29,2024-02-02,2024-01-09,european_hare,9
frge,13,48.00987100362128,7.840289001014732,2023-12-29,2024-02-02,2024-01-09,red_fox,2
frge,13,48.00987100362128,7.840289001014732,2023-12-29,2024-02-02,2024-01-10,european_hare,6
frge,13,48.00987100362128,7.840289001014732,2023-12-29,2024-02-02,2024-01-11,european_hare,1
frge,13,48.00987100362128,7.840289001014732,2023-12-29,2024-02-02,2024-01-12,european_hare,11
frge,13,48.00987100362128,7.840289001014732,2023-12-29,2024-02-02,2024-01-13,european_hare,7
frge,13,48.00987100362128,7.840289001014732,2023-12-29,2024-02-02,2024-01-14,european_hare,1
frge,13,48.00987100362128,7.840289001014732,2023-12-29,2024-02-02,2024-01-15,european_hare,7
frge,13,48.00987100362128,7.840289001014732,2023-12-29,2024-02-02,2024-01-15,red_fox,1
frge,13,48.00987100362128,7.840289001014732,2023-12-29,2024-02-02,2024-01-16,european_hare,4
frge,13,48.00987100362128,7.840289001014732,2023-12-29,2024-02-02,2024-01-17,european_hare,1
frge,13,48.00987100362128,7.840289001014732,2023-12-29,2024-02-02,2024-01-17,red_fox,1
frge,13,48.00987100362128,7.840289001014732,2023-12-29,2024-02-02,2024-01-19,european_hare,2
frge,13,48.00987100362128,7.840289001014732,2023-12-29,2024-02-02,2024-01-20,european_hare,14
frge,13,48.00987100362128,7.840289001014732,2023-12-29,2024-02-02,2024-01-21,european_hare,1
frge,13,48.00987100362128,7.840289001014732,2023-12-29,2024-02-02,2024-01-23,red_fox,2
frge,13,48.00987100362128,7.840289001014732,2023-12-29,2024-02-02,2024-01-24,european_hare,1
frge,13,48.00987100362128,7.840289001014732,2023-12-29,2024-02-02,2024-01-25,european_hare,2
frge,13,48.00987100362128,7.840289001014732,2023-12-29,2024-02-02,2024-01-27,european_hare,4
frge,13,48.00987100362128,7.840289001014732,2023-12-29,2024-02-02,2024-01-28,domestic_cat,1
frge,13,48.00987100362128,7.840289001014732,2023-12-29,2024-02-02,2024-01-29,european_hare,2
frge,13,48.00987100362128,7.840289001014732,2023-12-29,2024-02-02,2024-01-30,european_hare,1
frge,13,48.00987100362128,7.840289001014732,2023-12-29,2024-02-02,2024-02-01,european_hare,1
frge,13,48.00987100362128,7.840289001014732,2023-12-29,2024-02-02,2024-02-02,domestic_cat,1
frge,13,48.00987100362128,7.840289001014732,2023-12-29,2024-02-02,2024-02-02,european_hare,1
frge,14,48.00097100361589,7.806277000975171,2022-10-06,2022-11-04,2022-10-06,european_rabbit,1
frge,14,48.00097100361589,7.806277000975171,2022-10-06,2022-11-04,2022-10-07,european_rabbit,9
frge,14,48.00097100361589,7.806277000975171,2022-10-06,2022-11-04,2022-10-08,european_rabbit,5
frge,14,48.00097100361589,7.806277000975171,2022-10-06,2022-11-04,2022-10-09,european_hare,1
frge,14,48.00097100361589,7.806277000975171,2022-10-06,2022-11-04,2022-10-09,european_rabbit,2
frge,14,48.00097100361589,7.806277000975171,2022-10-06,2022-11-04,2022-10-09,stone_marten,4
frge,14,48.00097100361589,7.806277000975171,2022-10-06,2022-11-04,2022-10-10,stone_marten,2
frge,14,48.00097100361589,7.806277000975171,2022-10-06,2022-11-04,2022-10-12,european_rabbit,1
frge,14,48.00097100361589,7.806277000975171,2022-10-06,2022-11-04,2022-10-13,european_rabbit,1
frge,14,48.00097100361589,7.806277000975171,2022-10-06,2022-11-04,2022-10-14,stone_marten,1
frge,14,48.00097100361589,7.806277000975171,2022-10-06,2022-11-04,2022-10-15,european_rabbit,1
frge,14,48.00097100361589,7.806277000975171,2022-10-06,2022-11-04,2022-10-16,european_rabbit,4
frge,14,48.00097100361589,7.806277000975171,2022-10-06,2022-11-04,2022-10-17,european_rabbit,2
frge,14,48.00097100361589,7.806277000975171,2022-10-06,2022-11-04,2022-10-18,european_rabbit,3
frge,14,48.00097100361589,7.806277000975171,2022-10-06,2022-11-04,2022-10-19,european_rabbit,4
frge,14,48.00097100361589,7.806277000975171,2022-10-06,2022-11-04,2022-10-20,european_rabbit,7
frge,14,48.00097100361589,7.806277000975171,2022-10-06,2022-11-04,2022-10-22,european_rabbit,1
frge,14,48.00097100361589,7.806277000975171,2022-10-06,2022-11-04,2022-10-23,european_rabbit,4
frge,14,48.00097100361589,7.806277000975171,2022-10-06,2022-11-04,2022-10-24,european_rabbit,7
frge,14,48.00097100361589,7.806277000975171,2022-10-06,2022-11-04,2022-10-25,european_rabbit,2
frge,14,48.00097100361589,7.806277000975171,2022-10-06,2022-11-04,2022-10-26,european_rabbit,1
frge,14,48.00097100361589,7.806277000975171,2022-10-06,2022-11-04,2022-10-27,european_rabbit,1
frge,14,48.00097100361589,7.806277000975171,2022-10-06,2022-11-04,2022-10-28,european_rabbit,2
frge,14,48.00097100361589,7.806277000975171,2022-10-06,2022-11-04,2022-10-30,european_rabbit,3
frge,14,48.00097100361589,7.806277000975171,2022-10-06,2022-11-04,2022-10-31,european_rabbit,2
frge,14,48.00097100361589,7.806277000975171,2022-10-06,2022-11-04,2022-11-01,european_rabbit,1
frge,14,48.00097100361589,7.806277000975171,2022-10-06,2022-11-04,2022-11-02,european_rabbit,12
frge,14,48.00097100361589,7.806277000975171,2022-10-06,2022-11-04,2022-11-03,european_rabbit,5
frge,14,48.00097100361589,7.806277000975171,2022-10-06,2022-11-04,2022-11-04,european_rabbit,2
frge,14,48.00097100361589,7.806277000975171,2023-10-05,2023-11-03,2023-10-05,european_rabbit,2
frge,14,48.00097100361589,7.806277000975171,2023-10-05,2023-11-03,2023-10-06,domestic_cat,2
frge,14,48.00097100361589,7.806277000975171,2023-10-05,2023-11-03,2023-10-06,european_rabbit,1
frge,14,48.00097100361589,7.806277000975171,2023-10-05,2023-11-03,2023-10-06,european_red_squirrel,1
frge,14,48.00097100361589,7.806277000975171,2023-10-05,2023-11-03,2023-10-07,european_rabbit,2
frge,14,48.00097100361589,7.806277000975171,2023-10-05,2023-11-03,2023-10-08,domestic_cat,3
frge,14,48.00097100361589,7.806277000975171,2023-10-05,2023-11-03,2023-10-08,european_rabbit,5
frge,14,48.00097100361589,7.806277000975171,2023-10-05,2023-11-03,2023-10-09,domestic_cat,2
frge,14,48.00097100361589,7.806277000975171,2023-10-05,2023-11-03,2023-10-09,european_red_squirrel,1
frge,14,48.00097100361589,7.806277000975171,2023-10-05,2023-11-03,2023-10-10,domestic_cat,2
frge,14,48.00097100361589,7.806277000975171,2023-10-05,2023-11-03,2023-10-10,european_rabbit,1
frge,14,48.00097100361589,7.806277000975171,2023-10-05,2023-11-03,2023-10-11,european_rabbit,4
frge,14,48.00097100361589,7.806277000975171,2023-10-05,2023-11-03,2023-10-13,domestic_cat,1
frge,14,48.00097100361589,7.806277000975171,2023-10-05,2023-11-03,2023-10-13,european_rabbit,4
frge,14,48.00097100361589,7.806277000975171,2023-10-05,2023-11-03,2023-10-14,european_rabbit,3
frge,14,48.00097100361589,7.806277000975171,2023-10-05,2023-11-03,2023-10-15,domestic_cat,3
frge,14,48.00097100361589,7.806277000975171,2023-10-05,2023-11-03,2023-10-15,european_rabbit,7
frge,14,48.00097100361589,7.806277000975171,2023-10-05,2023-11-03,2023-10-16,european_rabbit,1
frge,14,48.00097100361589,7.806277000975171,2023-10-05,2023-11-03,2023-10-16,stone_marten,2
frge,14,48.00097100361589,7.806277000975171,2023-10-05,2023-11-03,2023-10-17,domestic_cat,1
frge,14,48.00097100361589,7.806277000975171,2023-10-05,2023-11-03,2023-10-18,domestic_cat,2
frge,14,48.00097100361589,7.806277000975171,2023-10-05,2023-11-03,2023-10-18,european_rabbit,1
frge,14,48.00097100361589,7.806277000975171,2023-10-05,2023-11-03,2023-10-19,domestic_cat,1
frge,14,48.00097100361589,7.806277000975171,2023-10-05,2023-11-03,2023-10-19,european_rabbit,6
frge,14,48.00097100361589,7.806277000975171,2023-10-05,2023-11-03,2023-10-20,european_rabbit,1
frge,14,48.00097100361589,7.806277000975171,2023-10-05,2023-11-03,2023-10-21,domestic_cat,1
frge,14,48.00097100361589,7.806277000975171,2023-10-05,2023-11-03,2023-10-21,european_rabbit,1
frge,14,48.00097100361589,7.806277000975171,2023-10-05,2023-11-03,2023-10-22,european_rabbit,1
frge,14,48.00097100361589,7.806277000975171,2023-10-05,2023-11-03,2023-10-22,stone_marten,1
frge,14,48.00097100361589,7.806277000975171,2023-10-05,2023-11-03,2023-10-23,domestic_cat,2
frge,14,48.00097100361589,7.806277000975171,2023-10-05,2023-11-03,2023-10-23,stone_marten,1
frge,14,48.00097100361589,7.806277000975171,2023-10-05,2023-11-03,2023-10-24,european_rabbit,1
frge,14,48.00097100361589,7.806277000975171,2023-10-05,2023-11-03,2023-10-27,european_rabbit,2
frge,14,48.00097100361589,7.806277000975171,2023-10-05,2023-11-03,2023-10-28,european_rabbit,3
frge,14,48.00097100361589,7.806277000975171,2023-10-05,2023-11-03,2023-10-29,european_rabbit,2
frge,14,48.00097100361589,7.806277000975171,2023-10-05,2023-11-03,2023-10-29,european_red_squirrel,2
frge,14,48.00097100361589,7.806277000975171,2023-10-05,2023-11-03,2023-10-30,domestic_cat,1
frge,14,48.00097100361589,7.806277000975171,2023-10-05,2023-11-03,2023-10-30,european_rabbit,2
frge,14,48.00097100361589,7.806277000975171,2023-10-05,2023-11-03,2023-10-31,domestic_cat,1
frge,14,48.00097100361589,7.806277000975171,2023-10-05,2023-11-03,2023-10-31,european_rabbit,2
frge,14,48.00097100361589,7.806277000975171,2023-10-05,2023-11-03,2023-11-01,domestic_cat,1
frge,14,48.00097100361589,7.806277000975171,2023-10-05,2023-11-03,2023-11-01,stone_marten,2
frge,14,48.00097100361589,7.806277000975171,2023-10-05,2023-11-03,2023-11-02,domestic_cat,2
frge,14,48.00097100361589,7.806277000975171,2023-10-05,2023-11-03,2023-11-02,european_rabbit,1
frge,14,48.00097100361589,7.806277000975171,2023-10-05,2023-11-03,2023-11-03,domestic_cat,1
frge,14,48.00097100361589,7.806277000975171,2024-09-28,2024-11-09,2024-09-29,european_rabbit,3
frge,14,48.00097100361589,7.806277000975171,2024-09-28,2024-11-09,2024-09-29,european_red_squirrel,1
frge,14,48.00097100361589,7.806277000975171,2024-09-28,2024-11-09,2024-09-30,european_rabbit,2
frge,14,48.00097100361589,7.806277000975171,2024-09-28,2024-11-09,2024-09-30,european_red_squirrel,1
frge,14,48.00097100361589,7.806277000975171,2024-09-28,2024-11-09,2024-10-01,european_rabbit,7
frge,14,48.00097100361589,7.806277000975171,2024-09-28,2024-11-09,2024-10-01,stone_marten,1
frge,14,48.00097100361589,7.806277000975171,2024-09-28,2024-11-09,2024-10-02,european_rabbit,1
frge,14,48.00097100361589,7.806277000975171,2024-09-28,2024-11-09,2024-10-03,european_rabbit,4
frge,14,48.00097100361589,7.806277000975171,2024-09-28,2024-11-09,2024-10-03,european_red_squirrel,1
frge,14,48.00097100361589,7.806277000975171,2024-09-28,2024-11-09,2024-10-04,european_rabbit,4
frge,14,48.00097100361589,7.806277000975171,2024-09-28,2024-11-09,2024-10-05,european_rabbit,3
frge,14,48.00097100361589,7.806277000975171,2024-09-28,2024-11-09,2024-10-06,european_rabbit,2
frge,14,48.00097100361589,7.806277000975171,2024-09-28,2024-11-09,2024-10-09,european_rabbit,4
frge,14,48.00097100361589,7.806277000975171,2024-09-28,2024-11-09,2024-10-10,european_rabbit,5
frge,14,48.00097100361589,7.806277000975171,2024-09-28,2024-11-09,2024-10-10,european_red_squirrel,2
frge,14,48.00097100361589,7.806277000975171,2024-09-28,2024-11-09,2024-10-11,european_rabbit,2
frge,14,48.00097100361589,7.806277000975171,2024-09-28,2024-11-09,2024-10-13,european_rabbit,2
frge,14,48.00097100361589,7.806277000975171,2024-09-28,2024-11-09,2024-10-16,european_rabbit,2
frge,14,48.00097100361589,7.806277000975171,2024-09-28,2024-11-09,2024-10-16,stone_marten,1
frge,14,48.00097100361589,7.806277000975171,2024-09-28,2024-11-09,2024-10-17,european_rabbit,1
frge,14,48.00097100361589,7.806277000975171,2024-09-28,2024-11-09,2024-10-17,european_red_squirrel,1
frge,14,48.00097100361589,7.806277000975171,2024-09-28,2024-11-09,2024-10-19,european_rabbit,1
frge,14,48.00097100361589,7.806277000975171,2024-09-28,2024-11-09,2024-10-19,european_red_squirrel,2
frge,14,48.00097100361589,7.806277000975171,2024-09-28,2024-11-09,2024-10-20,european_red_squirrel,1
frge,14,48.00097100361589,7.806277000975171,2024-09-28,2024-11-09,2024-10-21,european_rabbit,1
frge,14,48.00097100361589,7.806277000975171,2024-09-28,2024-11-09,2024-10-21,red_fox,1
frge,14,48.00097100361589,7.806277000975171,2024-09-28,2024-11-09,2024-10-21,european_red_squirrel,1
frge,14,48.00097100361589,7.806277000975171,2024-09-28,2024-11-09,2024-10-22,european_rabbit,3
frge,14,48.00097100361589,7.806277000975171,2024-09-28,2024-11-09,2024-10-22,european_red_squirrel,1
frge,14,48.00097100361589,7.806277000975171,2024-09-28,2024-11-09,2024-10-23,european_rabbit,2
frge,14,48.00097100361589,7.806277000975171,2024-09-28,2024-11-09,2024-10-24,european_rabbit,1
frge,14,48.00097100361589,7.806277000975171,2024-09-28,2024-11-09,2024-10-25,european_rabbit,3
frge,14,48.00097100361589,7.806277000975171,2024-09-28,2024-11-09,2024-10-25,red_fox,2
frge,14,48.00097100361589,7.806277000975171,2024-09-28,2024-11-09,2024-10-26,european_rabbit,2
frge,14,48.00097100361589,7.806277000975171,2024-09-28,2024-11-09,2024-10-26,red_fox,1
frge,14,48.00097100361589,7.806277000975171,2024-09-28,2024-11-09,2024-10-27,european_rabbit,3
frge,14,48.00097100361589,7.806277000975171,2024-09-28,2024-11-09,2024-10-27,red_fox,2
frge,14,48.00097100361589,7.806277000975171,2024-09-28,2024-11-09,2024-10-28,european_rabbit,3
frge,14,48.00097100361589,7.806277000975171,2024-09-28,2024-11-09,2024-10-28,european_red_squirrel,1
frge,14,48.00097100361589,7.806277000975171,2024-09-28,2024-11-09,2024-10-29,european_rabbit,2
frge,14,48.00097100361589,7.806277000975171,2024-09-28,2024-11-09,2024-10-30,european_rabbit,1
frge,14,48.00097100361589,7.806277000975171,2024-09-28,2024-11-09,2024-10-31,european_rabbit,6
frge,14,48.00097100361589,7.806277000975171,2024-09-28,2024-11-09,2024-11-01,european_rabbit,3
frge,14,48.00097100361589,7.806277000975171,2024-09-28,2024-11-09,2024-11-02,european_rabbit,4
frge,14,48.00097100361589,7.806277000975171,2024-09-28,2024-11-09,2024-11-03,european_rabbit,5
frge,14,48.00097100361589,7.806277000975171,2024-09-28,2024-11-09,2024-11-04,european_rabbit,3
frge,14,48.00097100361589,7.806277000975171,2024-09-28,2024-11-09,2024-11-04,red_fox,3
frge,14,48.00097100361589,7.806277000975171,2024-09-28,2024-11-09,2024-11-04,european_red_squirrel,2
frge,14,48.00097100361589,7.806277000975171,2024-09-28,2024-11-09,2024-11-05,european_rabbit,6
frge,14,48.00097100361589,7.806277000975171,2024-09-28,2024-11-09,2024-11-06,european_red_squirrel,1
frge,14,48.00097100361589,7.806277000975171,2024-09-28,2024-11-09,2024-11-07,european_rabbit,2
frge,14,48.00097100361589,7.806277000975171,2024-09-28,2024-11-09,2024-11-08,european_rabbit,3
frge,14,48.00097100361589,7.806277000975171,2024-09-28,2024-11-09,2024-11-09,red_fox,2
frge,14,48.00097100361589,7.806277000975171,2022-04-01,2022-05-12,2022-04-01,european_rabbit,1
frge,14,48.00097100361589,7.806277000975171,2022-04-01,2022-05-12,2022-04-01,european_red_squirrel,1
frge,14,48.00097100361589,7.806277000975171,2022-04-01,2022-05-12,2022-04-02,european_hedgehog,1
frge,14,48.00097100361589,7.806277000975171,2022-04-01,2022-05-12,2022-04-02,european_rabbit,4
frge,14,48.00097100361589,7.806277000975171,2022-04-01,2022-05-12,2022-04-03,european_hedgehog,1
frge,14,48.00097100361589,7.806277000975171,2022-04-01,2022-05-12,2022-04-03,european_rabbit,2
frge,14,48.00097100361589,7.806277000975171,2022-04-01,2022-05-12,2022-04-03,european_red_squirrel,1
frge,14,48.00097100361589,7.806277000975171,2022-04-01,2022-05-12,2022-04-04,european_rabbit,1
frge,14,48.00097100361589,7.806277000975171,2022-04-01,2022-05-12,2022-04-04,european_red_squirrel,2
frge,14,48.00097100361589,7.806277000975171,2022-04-01,2022-05-12,2022-04-05,domestic_cat,1
frge,14,48.00097100361589,7.806277000975171,2022-04-01,2022-05-12,2022-04-05,european_red_squirrel,2
frge,14,48.00097100361589,7.806277000975171,2022-04-01,2022-05-12,2022-04-06,domestic_cat,1
frge,14,48.00097100361589,7.806277000975171,2022-04-01,2022-05-12,2022-04-06,european_red_squirrel,4
frge,14,48.00097100361589,7.806277000975171,2022-04-01,2022-05-12,2022-04-07,european_red_squirrel,1
frge,14,48.00097100361589,7.806277000975171,2022-04-01,2022-05-12,2022-04-07,stone_marten,1
frge,14,48.00097100361589,7.806277000975171,2022-04-01,2022-05-12,2022-04-08,european_rabbit,1
frge,14,48.00097100361589,7.806277000975171,2022-04-01,2022-05-12,2022-04-08,european_red_squirrel,2
frge,14,48.00097100361589,7.806277000975171,2022-04-01,2022-05-12,2022-04-09,european_red_squirrel,3
frge,14,48.00097100361589,7.806277000975171,2022-04-01,2022-05-12,2022-04-10,european_rabbit,1
frge,14,48.00097100361589,7.806277000975171,2022-04-01,2022-05-12,2022-04-10,european_red_squirrel,3
frge,14,48.00097100361589,7.806277000975171,2022-04-01,2022-05-12,2022-04-11,domestic_cat,1
frge,14,48.00097100361589,7.806277000975171,2022-04-01,2022-05-12,2022-04-11,european_rabbit,4
frge,14,48.00097100361589,7.806277000975171,2022-04-01,2022-05-12,2022-04-11,european_red_squirrel,1
frge,14,48.00097100361589,7.806277000975171,2022-04-01,2022-05-12,2022-04-11,stone_marten,1
frge,14,48.00097100361589,7.806277000975171,2022-04-01,2022-05-12,2022-04-12,domestic_cat,1
frge,14,48.00097100361589,7.806277000975171,2022-04-01,2022-05-12,2022-04-12,european_rabbit,2
frge,14,48.00097100361589,7.806277000975171,2022-04-01,2022-05-12,2022-04-12,european_red_squirrel,5
frge,14,48.00097100361589,7.806277000975171,2022-04-01,2022-05-12,2022-04-13,european_red_squirrel,9
frge,14,48.00097100361589,7.806277000975171,2022-04-01,2022-05-12,2022-04-14,european_rabbit,1
frge,14,48.00097100361589,7.806277000975171,2022-04-01,2022-05-12,2022-04-14,european_red_squirrel,3
frge,14,48.00097100361589,7.806277000975171,2022-04-01,2022-05-12,2022-04-15,european_rabbit,1
frge,14,48.00097100361589,7.806277000975171,2022-04-01,2022-05-12,2022-04-16,european_red_squirrel,1
frge,14,48.00097100361589,7.806277000975171,2022-04-01,2022-05-12,2022-04-17,european_red_squirrel,1
frge,14,48.00097100361589,7.806277000975171,2022-04-01,2022-05-12,2022-04-19,european_red_squirrel,2
frge,14,48.00097100361589,7.806277000975171,2022-04-01,2022-05-12,2022-04-20,european_red_squirrel,2
frge,14,48.00097100361589,7.806277000975171,2022-04-01,2022-05-12,2022-04-21,european_red_squirrel,2
frge,14,48.00097100361589,7.806277000975171,2022-04-01,2022-05-12,2022-04-24,european_red_squirrel,1
frge,14,48.00097100361589,7.806277000975171,2022-04-01,2022-05-12,2022-04-25,european_red_squirrel,1
frge,14,48.00097100361589,7.806277000975171,2022-04-01,2022-05-12,2022-04-26,european_red_squirrel,2
frge,14,48.00097100361589,7.806277000975171,2022-04-01,2022-05-12,2022-04-29,european_red_squirrel,1
frge,14,48.00097100361589,7.806277000975171,2022-04-01,2022-05-12,2022-05-02,european_red_squirrel,1
frge,14,48.00097100361589,7.806277000975171,2022-04-01,2022-05-12,2022-05-03,european_red_squirrel,1
frge,14,48.00097100361589,7.806277000975171,2022-04-01,2022-05-12,2022-05-09,european_red_squirrel,1
frge,14,48.00097100361589,7.806277000975171,2022-04-01,2022-05-12,2022-05-12,european_red_squirrel,1
frge,14,48.00097100361589,7.806277000975171,2023-04-05,2023-05-04,2023-04-05,european_red_squirrel,2
frge,14,48.00097100361589,7.806277000975171,2023-04-05,2023-05-04,2023-04-09,european_red_squirrel,1
frge,14,48.00097100361589,7.806277000975171,2023-04-05,2023-05-04,2023-04-09,stone_marten,1
frge,14,48.00097100361589,7.806277000975171,2023-04-05,2023-05-04,2023-04-14,stone_marten,1
frge,14,48.00097100361589,7.806277000975171,2023-04-05,2023-05-04,2023-04-19,european_rabbit,1
frge,14,48.00097100361589,7.806277000975171,2023-04-05,2023-05-04,2023-04-21,domestic_cat,2
frge,14,48.00097100361589,7.806277000975171,2023-04-05,2023-05-04,2023-04-21,european_rabbit,1
frge,14,48.00097100361589,7.806277000975171,2023-04-05,2023-05-04,2023-04-23,domestic_cat,2
frge,14,48.00097100361589,7.806277000975171,2023-04-05,2023-05-04,2023-04-23,european_hedgehog,2
frge,14,48.00097100361589,7.806277000975171,2023-04-05,2023-05-04,2023-04-26,stone_marten,2
frge,14,48.00097100361589,7.806277000975171,2023-04-05,2023-05-04,2023-04-27,coypu,1
frge,14,48.00097100361589,7.806277000975171,2023-04-05,2023-05-04,2023-04-27,european_rabbit,2
frge,14,48.00097100361589,7.806277000975171,2023-04-05,2023-05-04,2023-04-28,stone_marten,2
frge,14,48.00097100361589,7.806277000975171,2023-04-05,2023-05-04,2023-04-29,domestic_cat,2
frge,14,48.00097100361589,7.806277000975171,2023-04-05,2023-05-04,2023-04-30,domestic_cat,1
frge,14,48.00097100361589,7.806277000975171,2023-04-05,2023-05-04,2023-05-01,european_rabbit,2
frge,14,48.00097100361589,7.806277000975171,2023-04-05,2023-05-04,2023-05-02,european_rabbit,1
frge,14,48.00097100361589,7.806277000975171,2023-04-05,2023-05-04,2023-05-03,domestic_cat,1
frge,14,48.00097100361589,7.806277000975171,2023-04-05,2023-05-04,2023-05-03,european_hedgehog,1
frge,14,48.00097100361589,7.806277000975171,2023-04-05,2023-05-04,2023-05-03,european_red_squirrel,1
frge,14,48.00097100361589,7.806277000975171,2024-03-10,2024-04-29,2024-03-27,european_rabbit,3
frge,14,48.00097100361589,7.806277000975171,2024-03-10,2024-04-29,2024-03-27,european_red_squirrel,2
frge,14,48.00097100361589,7.806277000975171,2024-03-10,2024-04-29,2024-03-27,roe_deer,1
frge,14,48.00097100361589,7.806277000975171,2024-03-10,2024-04-29,2024-03-27,stone_marten,1
frge,14,48.00097100361589,7.806277000975171,2024-03-10,2024-04-29,2024-03-29,domestic_cat,5
frge,14,48.00097100361589,7.806277000975171,2024-03-10,2024-04-29,2024-03-30,european_rabbit,2
frge,14,48.00097100361589,7.806277000975171,2024-03-10,2024-04-29,2024-04-01,european_rabbit,2
frge,14,48.00097100361589,7.806277000975171,2024-03-10,2024-04-29,2024-04-02,european_rabbit,1
frge,14,48.00097100361589,7.806277000975171,2024-03-10,2024-04-29,2024-04-02,stone_marten,1
frge,14,48.00097100361589,7.806277000975171,2024-03-10,2024-04-29,2024-04-03,european_rabbit,1
frge,14,48.00097100361589,7.806277000975171,2024-03-10,2024-04-29,2024-04-03,stone_marten,2
frge,14,48.00097100361589,7.806277000975171,2024-03-10,2024-04-29,2024-04-04,domestic_cat,1
frge,14,48.00097100361589,7.806277000975171,2024-03-10,2024-04-29,2024-04-04,european_rabbit,2
frge,14,48.00097100361589,7.806277000975171,2024-03-10,2024-04-29,2024-04-04,stone_marten,1
frge,14,48.00097100361589,7.806277000975171,2024-03-10,2024-04-29,2024-04-05,european_rabbit,5
frge,14,48.00097100361589,7.806277000975171,2024-03-10,2024-04-29,2024-04-06,domestic_cat,3
frge,14,48.00097100361589,7.806277000975171,2024-03-10,2024-04-29,2024-04-07,domestic_cat,1
frge,14,48.00097100361589,7.806277000975171,2024-03-10,2024-04-29,2024-04-08,domestic_cat,2
frge,14,48.00097100361589,7.806277000975171,2024-03-10,2024-04-29,2024-04-08,european_badger,1
frge,14,48.00097100361589,7.806277000975171,2024-03-10,2024-04-29,2024-04-08,european_rabbit,1
frge,14,48.00097100361589,7.806277000975171,2024-03-10,2024-04-29,2024-04-08,european_red_squirrel,3
frge,14,48.00097100361589,7.806277000975171,2024-03-10,2024-04-29,2024-04-09,domestic_cat,3
frge,14,48.00097100361589,7.806277000975171,2024-03-10,2024-04-29,2024-04-09,european_rabbit,1
frge,14,48.00097100361589,7.806277000975171,2024-03-10,2024-04-29,2024-04-10,domestic_cat,2
frge,14,48.00097100361589,7.806277000975171,2024-03-10,2024-04-29,2024-04-10,european_rabbit,2
frge,14,48.00097100361589,7.806277000975171,2024-03-10,2024-04-29,2024-04-11,european_rabbit,1
frge,14,48.00097100361589,7.806277000975171,2024-03-10,2024-04-29,2024-04-13,domestic_cat,2
frge,14,48.00097100361589,7.806277000975171,2024-03-10,2024-04-29,2024-04-15,stone_marten,2
frge,14,48.00097100361589,7.806277000975171,2024-03-10,2024-04-29,2024-04-16,domestic_cat,1
frge,14,48.00097100361589,7.806277000975171,2024-03-10,2024-04-29,2024-04-17,european_rabbit,2
frge,14,48.00097100361589,7.806277000975171,2024-03-10,2024-04-29,2024-04-18,european_rabbit,4
frge,14,48.00097100361589,7.806277000975171,2024-03-10,2024-04-29,2024-04-18,stone_marten,2
frge,14,48.00097100361589,7.806277000975171,2024-03-10,2024-04-29,2024-04-19,domestic_cat,1
frge,14,48.00097100361589,7.806277000975171,2024-03-10,2024-04-29,2024-04-19,european_rabbit,1
frge,14,48.00097100361589,7.806277000975171,2024-03-10,2024-04-29,2024-04-20,european_rabbit,4
frge,14,48.00097100361589,7.806277000975171,2024-03-10,2024-04-29,2024-04-21,domestic_cat,1
frge,14,48.00097100361589,7.806277000975171,2024-03-10,2024-04-29,2024-04-21,european_rabbit,4
frge,14,48.00097100361589,7.806277000975171,2024-03-10,2024-04-29,2024-04-21,stone_marten,2
frge,14,48.00097100361589,7.806277000975171,2024-03-10,2024-04-29,2024-04-22,domestic_cat,1
frge,14,48.00097100361589,7.806277000975171,2024-03-10,2024-04-29,2024-04-22,european_rabbit,4
frge,14,48.00097100361589,7.806277000975171,2024-03-10,2024-04-29,2024-04-23,european_rabbit,2
frge,14,48.00097100361589,7.806277000975171,2024-03-10,2024-04-29,2024-04-24,domestic_cat,3
frge,14,48.00097100361589,7.806277000975171,2024-03-10,2024-04-29,2024-04-24,european_rabbit,1
frge,14,48.00097100361589,7.806277000975171,2024-03-10,2024-04-29,2024-04-25,domestic_cat,37
frge,14,48.00097100361589,7.806277000975171,2024-03-10,2024-04-29,2024-04-25,european_rabbit,1
frge,14,48.00097100361589,7.806277000975171,2024-03-10,2024-04-29,2024-04-26,domestic_cat,5
frge,14,48.00097100361589,7.806277000975171,2024-03-10,2024-04-29,2024-04-26,european_rabbit,3
frge,14,48.00097100361589,7.806277000975171,2024-03-10,2024-04-29,2024-04-27,domestic_cat,3
frge,14,48.00097100361589,7.806277000975171,2024-03-10,2024-04-29,2024-04-28,european_rabbit,2
frge,14,48.00097100361589,7.806277000975171,2024-03-10,2024-04-29,2024-04-29,domestic_cat,1
frge,14,48.00097100361589,7.806277000975171,2024-03-10,2024-04-29,2024-04-29,european_rabbit,1
frge,14,48.00097100361589,7.806277000975171,2022-06-29,2022-07-28,2022-07-02,european_rabbit,4
frge,14,48.00097100361589,7.806277000975171,2022-06-29,2022-07-28,2022-07-03,european_rabbit,9
frge,14,48.00097100361589,7.806277000975171,2022-06-29,2022-07-28,2022-07-04,european_rabbit,3
frge,14,48.00097100361589,7.806277000975171,2022-06-29,2022-07-28,2022-07-05,european_rabbit,1
frge,14,48.00097100361589,7.806277000975171,2022-06-29,2022-07-28,2022-07-06,european_rabbit,6
frge,14,48.00097100361589,7.806277000975171,2022-06-29,2022-07-28,2022-07-07,european_rabbit,2
frge,14,48.00097100361589,7.806277000975171,2022-06-29,2022-07-28,2022-07-08,european_rabbit,2
frge,14,48.00097100361589,7.806277000975171,2022-06-29,2022-07-28,2022-07-09,european_rabbit,3
frge,14,48.00097100361589,7.806277000975171,2022-06-29,2022-07-28,2022-07-10,european_rabbit,1
frge,14,48.00097100361589,7.806277000975171,2022-06-29,2022-07-28,2022-07-11,european_rabbit,1
frge,14,48.00097100361589,7.806277000975171,2022-06-29,2022-07-28,2022-07-12,european_rabbit,5
frge,14,48.00097100361589,7.806277000975171,2022-06-29,2022-07-28,2022-07-13,european_rabbit,2
frge,14,48.00097100361589,7.806277000975171,2022-06-29,2022-07-28,2022-07-14,european_rabbit,2
frge,14,48.00097100361589,7.806277000975171,2022-06-29,2022-07-28,2022-07-15,european_rabbit,6
frge,14,48.00097100361589,7.806277000975171,2022-06-29,2022-07-28,2022-07-16,european_rabbit,5
frge,14,48.00097100361589,7.806277000975171,2022-06-29,2022-07-28,2022-07-17,european_rabbit,2
frge,14,48.00097100361589,7.806277000975171,2022-06-29,2022-07-28,2022-07-18,european_rabbit,8
frge,14,48.00097100361589,7.806277000975171,2022-06-29,2022-07-28,2022-07-19,european_rabbit,16
frge,14,48.00097100361589,7.806277000975171,2022-06-29,2022-07-28,2022-07-20,european_rabbit,2
frge,14,48.00097100361589,7.806277000975171,2022-06-29,2022-07-28,2022-07-21,european_rabbit,5
frge,14,48.00097100361589,7.806277000975171,2022-06-29,2022-07-28,2022-07-22,european_rabbit,3
frge,14,48.00097100361589,7.806277000975171,2022-06-29,2022-07-28,2022-07-23,european_rabbit,6
frge,14,48.00097100361589,7.806277000975171,2022-06-29,2022-07-28,2022-07-24,european_rabbit,8
frge,14,48.00097100361589,7.806277000975171,2022-06-29,2022-07-28,2022-07-25,european_rabbit,3
frge,14,48.00097100361589,7.806277000975171,2022-06-29,2022-07-28,2022-07-26,european_rabbit,5
frge,14,48.00097100361589,7.806277000975171,2022-06-29,2022-07-28,2022-07-27,european_rabbit,1
frge,14,48.00097100361589,7.806277000975171,2022-06-29,2022-07-28,2022-07-28,european_rabbit,2
frge,14,48.00097100361589,7.806277000975171,2023-06-28,2023-07-28,2023-07-06,domestic_cat,2
frge,14,48.00097100361589,7.806277000975171,2023-06-28,2023-07-28,2023-07-08,domestic_cat,1
frge,14,48.00097100361589,7.806277000975171,2023-06-28,2023-07-28,2023-07-11,european_hedgehog,1
frge,14,48.00097100361589,7.806277000975171,2023-06-28,2023-07-28,2023-07-15,domestic_cat,1
frge,14,48.00097100361589,7.806277000975171,2023-06-28,2023-07-28,2023-07-16,domestic_cat,2
frge,14,48.00097100361589,7.806277000975171,2023-06-28,2023-07-28,2023-07-16,stone_marten,1
frge,14,48.00097100361589,7.806277000975171,2023-06-28,2023-07-28,2023-07-17,domestic_cat,1
frge,14,48.00097100361589,7.806277000975171,2023-06-28,2023-07-28,2023-07-17,european_hedgehog,1
frge,14,48.00097100361589,7.806277000975171,2023-06-28,2023-07-28,2023-07-20,european_rabbit,1
frge,14,48.00097100361589,7.806277000975171,2023-06-28,2023-07-28,2023-07-21,european_rabbit,3
frge,14,48.00097100361589,7.806277000975171,2023-06-28,2023-07-28,2023-07-22,domestic_cat,1
frge,14,48.00097100361589,7.806277000975171,2023-06-28,2023-07-28,2023-07-27,domestic_cat,1
frge,14,48.00097100361589,7.806277000975171,2023-06-28,2023-07-28,2023-07-27,european_rabbit,4
frge,14,48.00097100361589,7.806277000975171,2024-06-27,2024-07-27,2024-06-27,european_rabbit,5
frge,14,48.00097100361589,7.806277000975171,2024-06-27,2024-07-27,2024-06-28,european_rabbit,15
frge,14,48.00097100361589,7.806277000975171,2024-06-27,2024-07-27,2024-06-29,european_rabbit,11
frge,14,48.00097100361589,7.806277000975171,2024-06-27,2024-07-27,2024-06-30,european_hedgehog,1
frge,14,48.00097100361589,7.806277000975171,2024-06-27,2024-07-27,2024-06-30,european_rabbit,11
frge,14,48.00097100361589,7.806277000975171,2024-06-27,2024-07-27,2024-07-01,european_hedgehog,1
frge,14,48.00097100361589,7.806277000975171,2024-06-27,2024-07-27,2024-07-01,european_rabbit,7
frge,14,48.00097100361589,7.806277000975171,2024-06-27,2024-07-27,2024-07-01,stone_marten,1
frge,14,48.00097100361589,7.806277000975171,2024-06-27,2024-07-27,2024-07-02,european_hedgehog,4
frge,14,48.00097100361589,7.806277000975171,2024-06-27,2024-07-27,2024-07-02,european_rabbit,14
frge,14,48.00097100361589,7.806277000975171,2024-06-27,2024-07-27,2024-07-03,european_hedgehog,2
frge,14,48.00097100361589,7.806277000975171,2024-06-27,2024-07-27,2024-07-03,european_rabbit,14
frge,14,48.00097100361589,7.806277000975171,2024-06-27,2024-07-27,2024-07-04,european_hedgehog,2
frge,14,48.00097100361589,7.806277000975171,2024-06-27,2024-07-27,2024-07-04,european_rabbit,14
frge,14,48.00097100361589,7.806277000975171,2024-06-27,2024-07-27,2024-07-05,european_rabbit,8
frge,14,48.00097100361589,7.806277000975171,2024-06-27,2024-07-27,2024-07-06,european_rabbit,5
frge,14,48.00097100361589,7.806277000975171,2024-06-27,2024-07-27,2024-07-07,european_rabbit,19
frge,14,48.00097100361589,7.806277000975171,2024-06-27,2024-07-27,2024-07-08,european_hedgehog,1
frge,14,48.00097100361589,7.806277000975171,2024-06-27,2024-07-27,2024-07-08,european_rabbit,1
frge,14,48.00097100361589,7.806277000975171,2024-06-27,2024-07-27,2024-07-08,stone_marten,1
frge,14,48.00097100361589,7.806277000975171,2024-06-27,2024-07-27,2024-07-09,european_rabbit,8
frge,14,48.00097100361589,7.806277000975171,2024-06-27,2024-07-27,2024-07-10,european_hedgehog,3
frge,14,48.00097100361589,7.806277000975171,2024-06-27,2024-07-27,2024-07-10,european_rabbit,5
frge,14,48.00097100361589,7.806277000975171,2024-06-27,2024-07-27,2024-07-11,european_hedgehog,1
frge,14,48.00097100361589,7.806277000975171,2024-06-27,2024-07-27,2024-07-11,european_rabbit,17
frge,14,48.00097100361589,7.806277000975171,2024-06-27,2024-07-27,2024-07-12,domestic_cat,1
frge,14,48.00097100361589,7.806277000975171,2024-06-27,2024-07-27,2024-07-12,european_hedgehog,1
frge,14,48.00097100361589,7.806277000975171,2024-06-27,2024-07-27,2024-07-12,european_rabbit,17
frge,14,48.00097100361589,7.806277000975171,2024-06-27,2024-07-27,2024-07-13,european_hedgehog,1
frge,14,48.00097100361589,7.806277000975171,2024-06-27,2024-07-27,2024-07-13,european_rabbit,5
frge,14,48.00097100361589,7.806277000975171,2024-06-27,2024-07-27,2024-07-14,european_rabbit,12
frge,14,48.00097100361589,7.806277000975171,2024-06-27,2024-07-27,2024-07-15,european_rabbit,8
frge,14,48.00097100361589,7.806277000975171,2024-06-27,2024-07-27,2024-07-16,european_hedgehog,3
frge,14,48.00097100361589,7.806277000975171,2024-06-27,2024-07-27,2024-07-16,european_rabbit,20
frge,14,48.00097100361589,7.806277000975171,2024-06-27,2024-07-27,2024-07-17,european_rabbit,17
frge,14,48.00097100361589,7.806277000975171,2024-06-27,2024-07-27,2024-07-18,european_hedgehog,1
frge,14,48.00097100361589,7.806277000975171,2024-06-27,2024-07-27,2024-07-18,european_rabbit,10
frge,14,48.00097100361589,7.806277000975171,2024-06-27,2024-07-27,2024-07-19,european_hedgehog,1
frge,14,48.00097100361589,7.806277000975171,2024-06-27,2024-07-27,2024-07-19,european_rabbit,13
frge,14,48.00097100361589,7.806277000975171,2024-06-27,2024-07-27,2024-07-20,european_rabbit,2
frge,14,48.00097100361589,7.806277000975171,2024-06-27,2024-07-27,2024-07-20,stone_marten,1
frge,14,48.00097100361589,7.806277000975171,2024-06-27,2024-07-27,2024-07-21,european_rabbit,13
frge,14,48.00097100361589,7.806277000975171,2024-06-27,2024-07-27,2024-07-22,european_rabbit,17
frge,14,48.00097100361589,7.806277000975171,2024-06-27,2024-07-27,2024-07-23,european_hedgehog,1
frge,14,48.00097100361589,7.806277000975171,2024-06-27,2024-07-27,2024-07-23,european_rabbit,4
frge,14,48.00097100361589,7.806277000975171,2024-06-27,2024-07-27,2024-07-24,european_rabbit,26
frge,14,48.00097100361589,7.806277000975171,2024-06-27,2024-07-27,2024-07-25,european_hedgehog,2
frge,14,48.00097100361589,7.806277000975171,2024-06-27,2024-07-27,2024-07-25,european_rabbit,12
frge,14,48.00097100361589,7.806277000975171,2024-06-27,2024-07-27,2024-07-26,domestic_cat,2
frge,14,48.00097100361589,7.806277000975171,2024-06-27,2024-07-27,2024-07-26,european_hedgehog,2
frge,14,48.00097100361589,7.806277000975171,2024-06-27,2024-07-27,2024-07-26,european_rabbit,29
frge,14,48.00097100361589,7.806277000975171,2024-06-27,2024-07-27,2024-07-26,european_red_squirrel,3
frge,14,48.00097100361589,7.806277000975171,2024-06-27,2024-07-27,2024-07-27,domestic_cat,2
frge,14,48.00097100361589,7.806277000975171,2024-06-27,2024-07-27,2024-07-27,european_hedgehog,1
frge,14,48.00097100361589,7.806277000975171,2024-06-27,2024-07-27,2024-07-27,european_rabbit,2
frge,14,48.00097100361589,7.806277000975171,2022-01-12,2022-02-10,2022-01-12,stone_marten,1
frge,14,48.00097100361589,7.806277000975171,2022-01-12,2022-02-10,2022-01-13,european_rabbit,2
frge,14,48.00097100361589,7.806277000975171,2022-01-12,2022-02-10,2022-01-13,stone_marten,1
frge,14,48.00097100361589,7.806277000975171,2022-01-12,2022-02-10,2022-01-14,european_rabbit,5
frge,14,48.00097100361589,7.806277000975171,2022-01-12,2022-02-10,2022-01-14,stone_marten,1
frge,14,48.00097100361589,7.806277000975171,2022-01-12,2022-02-10,2022-01-15,stone_marten,1
frge,14,48.00097100361589,7.806277000975171,2022-01-12,2022-02-10,2022-01-16,european_rabbit,1
frge,14,48.00097100361589,7.806277000975171,2022-01-12,2022-02-10,2022-01-17,european_rabbit,2
frge,14,48.00097100361589,7.806277000975171,2022-01-12,2022-02-10,2022-01-18,european_rabbit,5
frge,14,48.00097100361589,7.806277000975171,2022-01-12,2022-02-10,2022-01-18,stone_marten,1
frge,14,48.00097100361589,7.806277000975171,2022-01-12,2022-02-10,2022-01-19,european_rabbit,2
frge,14,48.00097100361589,7.806277000975171,2022-01-12,2022-02-10,2022-01-19,stone_marten,1
frge,14,48.00097100361589,7.806277000975171,2022-01-12,2022-02-10,2022-01-20,european_rabbit,2
frge,14,48.00097100361589,7.806277000975171,2022-01-12,2022-02-10,2022-01-20,stone_marten,2
frge,14,48.00097100361589,7.806277000975171,2022-01-12,2022-02-10,2022-01-21,european_rabbit,2
frge,14,48.00097100361589,7.806277000975171,2022-01-12,2022-02-10,2022-01-22,european_rabbit,1
frge,14,48.00097100361589,7.806277000975171,2022-01-12,2022-02-10,2022-01-23,european_rabbit,1
frge,14,48.00097100361589,7.806277000975171,2022-01-12,2022-02-10,2022-01-24,european_rabbit,2
frge,14,48.00097100361589,7.806277000975171,2022-01-12,2022-02-10,2022-01-24,stone_marten,1
frge,14,48.00097100361589,7.806277000975171,2022-01-12,2022-02-10,2022-01-25,european_rabbit,2
frge,14,48.00097100361589,7.806277000975171,2022-01-12,2022-02-10,2022-01-27,european_rabbit,1
frge,14,48.00097100361589,7.806277000975171,2022-01-12,2022-02-10,2022-01-27,european_red_squirrel,1
frge,14,48.00097100361589,7.806277000975171,2022-01-12,2022-02-10,2022-01-28,european_rabbit,3
frge,14,48.00097100361589,7.806277000975171,2022-01-12,2022-02-10,2022-01-29,european_red_squirrel,3
frge,14,48.00097100361589,7.806277000975171,2022-01-12,2022-02-10,2022-01-30,european_rabbit,2
frge,14,48.00097100361589,7.806277000975171,2022-01-12,2022-02-10,2022-01-31,european_rabbit,1
frge,14,48.00097100361589,7.806277000975171,2022-01-12,2022-02-10,2022-02-01,european_rabbit,1
frge,14,48.00097100361589,7.806277000975171,2022-01-12,2022-02-10,2022-02-02,european_rabbit,1
frge,14,48.00097100361589,7.806277000975171,2022-01-12,2022-02-10,2022-02-03,european_rabbit,1
frge,14,48.00097100361589,7.806277000975171,2022-01-12,2022-02-10,2022-02-04,european_rabbit,2
frge,14,48.00097100361589,7.806277000975171,2022-01-12,2022-02-10,2022-02-04,european_red_squirrel,1
frge,14,48.00097100361589,7.806277000975171,2022-01-12,2022-02-10,2022-02-06,european_rabbit,1
frge,14,48.00097100361589,7.806277000975171,2022-01-12,2022-02-10,2022-02-07,european_rabbit,1
frge,14,48.00097100361589,7.806277000975171,2022-01-12,2022-02-10,2022-02-08,european_rabbit,3
frge,14,48.00097100361589,7.806277000975171,2022-01-12,2022-02-10,2022-02-09,european_rabbit,4
frge,14,48.00097100361589,7.806277000975171,2022-01-12,2022-02-10,2022-02-10,european_rabbit,1
frge,14,48.00097100361589,7.806277000975171,2023-01-11,2023-02-09,2023-01-11,european_red_squirrel,1
frge,14,48.00097100361589,7.806277000975171,2023-01-11,2023-02-09,2023-01-13,european_rabbit,1
frge,14,48.00097100361589,7.806277000975171,2023-01-11,2023-02-09,2023-01-14,european_red_squirrel,4
frge,14,48.00097100361589,7.806277000975171,2023-01-11,2023-02-09,2023-01-19,european_hare,1
frge,14,48.00097100361589,7.806277000975171,2023-01-11,2023-02-09,2023-01-19,european_red_squirrel,2
frge,14,48.00097100361589,7.806277000975171,2023-01-11,2023-02-09,2023-01-19,stone_marten,1
frge,14,48.00097100361589,7.806277000975171,2023-01-11,2023-02-09,2023-01-21,european_red_squirrel,1
frge,14,48.00097100361589,7.806277000975171,2023-01-11,2023-02-09,2023-01-22,european_red_squirrel,1
frge,14,48.00097100361589,7.806277000975171,2023-01-11,2023-02-09,2023-01-23,stone_marten,1
frge,14,48.00097100361589,7.806277000975171,2023-01-11,2023-02-09,2023-01-24,european_red_squirrel,3
frge,14,48.00097100361589,7.806277000975171,2023-01-11,2023-02-09,2023-01-28,stone_marten,1
frge,14,48.00097100361589,7.806277000975171,2023-01-11,2023-02-09,2023-01-31,european_rabbit,1
frge,14,48.00097100361589,7.806277000975171,2023-12-30,2024-01-31,2023-12-30,domestic_cat,1
frge,14,48.00097100361589,7.806277000975171,2023-12-30,2024-01-31,2024-01-07,red_fox,1
frge,14,48.00097100361589,7.806277000975171,2023-12-30,2024-01-31,2024-01-16,red_fox,1
frge,17,48.02154600362991,7.815206000985354,2022-10-04,2022-11-02,2022-10-04,stone_marten,2
frge,17,48.02154600362991,7.815206000985354,2022-10-04,2022-11-02,2022-10-05,european_red_squirrel,1
frge,17,48.02154600362991,7.815206000985354,2022-10-04,2022-11-02,2022-10-06,european_red_squirrel,1
frge,17,48.02154600362991,7.815206000985354,2022-10-04,2022-11-02,2022-10-06,stone_marten,2
frge,17,48.02154600362991,7.815206000985354,2022-10-04,2022-11-02,2022-10-08,red_fox,1
frge,17,48.02154600362991,7.815206000985354,2022-10-04,2022-11-02,2022-10-11,european_red_squirrel,1
frge,17,48.02154600362991,7.815206000985354,2022-10-04,2022-11-02,2022-10-13,european_hare,6
frge,17,48.02154600362991,7.815206000985354,2022-10-04,2022-11-02,2022-10-14,european_red_squirrel,1
frge,17,48.02154600362991,7.815206000985354,2022-10-04,2022-11-02,2022-10-18,domestic_cat,1
frge,17,48.02154600362991,7.815206000985354,2022-10-04,2022-11-02,2022-10-22,european_red_squirrel,2
frge,17,48.02154600362991,7.815206000985354,2022-10-04,2022-11-02,2022-10-23,european_hare,1
frge,17,48.02154600362991,7.815206000985354,2022-10-04,2022-11-02,2022-10-23,european_red_squirrel,3
frge,17,48.02154600362991,7.815206000985354,2022-10-04,2022-11-02,2022-10-24,european_hare,9
frge,17,48.02154600362991,7.815206000985354,2022-10-04,2022-11-02,2022-10-24,red_fox,1
frge,17,48.02154600362991,7.815206000985354,2022-10-04,2022-11-02,2022-10-24,european_red_squirrel,2
frge,17,48.02154600362991,7.815206000985354,2022-10-04,2022-11-02,2022-10-26,european_hare,1
frge,17,48.02154600362991,7.815206000985354,2022-10-04,2022-11-02,2022-10-26,european_red_squirrel,1
frge,17,48.02154600362991,7.815206000985354,2022-10-04,2022-11-02,2022-10-27,red_fox,2
frge,17,48.02154600362991,7.815206000985354,2022-10-04,2022-11-02,2022-10-27,european_red_squirrel,1
frge,17,48.02154600362991,7.815206000985354,2022-10-04,2022-11-02,2022-10-29,european_red_squirrel,1
frge,17,48.02154600362991,7.815206000985354,2022-10-04,2022-11-02,2022-10-29,stone_marten,1
frge,17,48.02154600362991,7.815206000985354,2022-10-04,2022-11-02,2022-10-31,european_red_squirrel,1
frge,17,48.02154600362991,7.815206000985354,2022-10-04,2022-11-02,2022-11-01,european_hare,2
frge,17,48.02154600362991,7.815206000985354,2022-10-04,2022-11-02,2022-11-01,red_fox,1
frge,17,48.02154600362991,7.815206000985354,2023-10-04,2023-11-02,2023-10-05,red_fox,1
frge,17,48.02154600362991,7.815206000985354,2023-10-04,2023-11-02,2023-10-08,domestic_cat,1
frge,17,48.02154600362991,7.815206000985354,2023-10-04,2023-11-02,2023-10-11,european_badger,2
frge,17,48.02154600362991,7.815206000985354,2023-10-04,2023-11-02,2023-10-15,domestic_cat,1
frge,17,48.02154600362991,7.815206000985354,2023-10-04,2023-11-02,2023-10-15,red_fox,3
frge,17,48.02154600362991,7.815206000985354,2023-10-04,2023-11-02,2023-10-17,red_fox,1
frge,17,48.02154600362991,7.815206000985354,2023-10-04,2023-11-02,2023-10-23,red_fox,1
frge,17,48.02154600362991,7.815206000985354,2023-10-04,2023-11-02,2023-10-28,red_fox,5
frge,17,48.02154600362991,7.815206000985354,2023-10-04,2023-11-02,2023-10-29,red_fox,2
frge,17,48.02154600362991,7.815206000985354,2023-10-04,2023-11-02,2023-10-30,red_fox,1
frge,17,48.02154600362991,7.815206000985354,2024-10-09,2024-11-09,2024-10-30,red_fox,1
frge,17,48.02154600362991,7.815206000985354,2024-10-09,2024-11-09,2024-11-02,european_hare,1
frge,17,48.02154600362991,7.815206000985354,2024-10-09,2024-11-09,2024-11-06,european_red_squirrel,1
frge,17,48.02154600362991,7.815206000985354,2022-03-31,2022-04-29,2022-04-09,european_red_squirrel,1
frge,17,48.02154600362991,7.815206000985354,2022-03-31,2022-04-29,2022-04-14,stone_marten,1
frge,17,48.02154600362991,7.815206000985354,2022-03-31,2022-04-29,2022-04-15,stone_marten,2
frge,17,48.02154600362991,7.815206000985354,2022-03-31,2022-04-29,2022-04-20,european_red_squirrel,1
frge,17,48.02154600362991,7.815206000985354,2022-03-31,2022-04-29,2022-04-24,stone_marten,1
frge,17,48.02154600362991,7.815206000985354,2022-03-31,2022-04-29,2022-04-26,european_red_squirrel,1
frge,17,48.02154600362991,7.815206000985354,2022-03-31,2022-04-29,2022-04-28,red_fox,1
frge,17,48.02154600362991,7.815206000985354,2022-03-31,2022-04-29,2022-04-29,stone_marten,1
frge,17,48.02154600362991,7.815206000985354,2023-04-03,2023-05-02,2023-04-04,european_hedgehog,2
frge,17,48.02154600362991,7.815206000985354,2023-04-03,2023-05-02,2023-04-06,european_hedgehog,1
frge,17,48.02154600362991,7.815206000985354,2023-04-03,2023-05-02,2023-04-09,european_hedgehog,1
frge,17,48.02154600362991,7.815206000985354,2023-04-03,2023-05-02,2023-04-11,red_fox,1
frge,17,48.02154600362991,7.815206000985354,2023-04-03,2023-05-02,2023-04-13,european_hedgehog,1
frge,17,48.02154600362991,7.815206000985354,2023-04-03,2023-05-02,2023-04-14,red_fox,1
frge,17,48.02154600362991,7.815206000985354,2023-04-03,2023-05-02,2023-04-18,red_fox,1
frge,17,48.02154600362991,7.815206000985354,2023-04-03,2023-05-02,2023-04-21,european_hedgehog,3
frge,17,48.02154600362991,7.815206000985354,2023-04-03,2023-05-02,2023-04-29,european_hare,1
frge,17,48.02154600362991,7.815206000985354,2023-04-03,2023-05-02,2023-04-29,european_hedgehog,1
frge,17,48.02154600362991,7.815206000985354,2023-04-03,2023-05-02,2023-04-30,european_hedgehog,2
frge,17,48.02154600362991,7.815206000985354,2024-04-01,2024-05-02,2024-04-04,stone_marten,1
frge,17,48.02154600362991,7.815206000985354,2024-04-01,2024-05-02,2024-04-10,european_badger,2
frge,17,48.02154600362991,7.815206000985354,2024-04-01,2024-05-02,2024-04-11,european_red_squirrel,1
frge,17,48.02154600362991,7.815206000985354,2024-04-01,2024-05-02,2024-04-13,european_badger,1
frge,17,48.02154600362991,7.815206000985354,2024-04-01,2024-05-02,2024-04-16,european_red_squirrel,2
frge,17,48.02154600362991,7.815206000985354,2024-04-01,2024-05-02,2024-04-24,stone_marten,1
frge,17,48.02154600362991,7.815206000985354,2024-04-01,2024-05-02,2024-04-30,european_badger,1
frge,17,48.02154600362991,7.815206000985354,2022-06-30,2022-07-24,2022-06-30,european_hedgehog,2
frge,17,48.02154600362991,7.815206000985354,2022-06-30,2022-07-24,2022-07-01,red_fox,1
frge,17,48.02154600362991,7.815206000985354,2022-06-30,2022-07-24,2022-07-02,red_fox,1
frge,17,48.02154600362991,7.815206000985354,2022-06-30,2022-07-24,2022-07-04,european_hedgehog,2
frge,17,48.02154600362991,7.815206000985354,2022-06-30,2022-07-24,2022-07-08,european_hedgehog,1
frge,17,48.02154600362991,7.815206000985354,2022-06-30,2022-07-24,2022-07-09,european_hedgehog,3
frge,17,48.02154600362991,7.815206000985354,2022-06-30,2022-07-24,2022-07-09,red_fox,3
frge,17,48.02154600362991,7.815206000985354,2022-06-30,2022-07-24,2022-07-10,stone_marten,1
frge,17,48.02154600362991,7.815206000985354,2023-06-27,2023-07-26,2023-07-22,european_hare,1
frge,17,48.02154600362991,7.815206000985354,2023-06-27,2023-07-26,2023-07-26,european_hare,2
frge,17,48.02154600362991,7.815206000985354,2024-06-27,2024-07-30,2024-06-30,red_fox,1
frge,17,48.02154600362991,7.815206000985354,2022-01-15,2022-02-12,2022-01-15,stone_marten,1
frge,17,48.02154600362991,7.815206000985354,2022-01-15,2022-02-12,2022-01-16,european_red_squirrel,1
frge,17,48.02154600362991,7.815206000985354,2022-01-15,2022-02-12,2022-01-18,european_red_squirrel,2
frge,17,48.02154600362991,7.815206000985354,2022-01-15,2022-02-12,2022-01-18,stone_marten,1
frge,17,48.02154600362991,7.815206000985354,2022-01-15,2022-02-12,2022-01-21,european_red_squirrel,1
frge,17,48.02154600362991,7.815206000985354,2022-01-15,2022-02-12,2022-01-22,european_red_squirrel,1
frge,17,48.02154600362991,7.815206000985354,2022-01-15,2022-02-12,2022-01-24,european_red_squirrel,1
frge,17,48.02154600362991,7.815206000985354,2022-01-15,2022-02-12,2022-01-25,european_red_squirrel,1
frge,17,48.02154600362991,7.815206000985354,2022-01-15,2022-02-12,2022-01-26,red_fox,1
frge,17,48.02154600362991,7.815206000985354,2022-01-15,2022-02-12,2022-01-26,european_red_squirrel,2
frge,17,48.02154600362991,7.815206000985354,2022-01-15,2022-02-12,2022-01-27,european_red_squirrel,1
frge,17,48.02154600362991,7.815206000985354,2022-01-15,2022-02-12,2022-02-01,european_red_squirrel,1
frge,17,48.02154600362991,7.815206000985354,2022-01-15,2022-02-12,2022-02-02,stone_marten,2
frge,17,48.02154600362991,7.815206000985354,2022-01-15,2022-02-12,2022-02-04,european_red_squirrel,1
frge,17,48.02154600362991,7.815206000985354,2022-01-15,2022-02-12,2022-02-06,european_red_squirrel,1
frge,17,48.02154600362991,7.815206000985354,2022-01-15,2022-02-12,2022-02-08,european_red_squirrel,3
frge,17,48.02154600362991,7.815206000985354,2022-01-15,2022-02-12,2022-02-11,european_red_squirrel,1
frge,17,48.02154600362991,7.815206000985354,2022-01-15,2022-02-12,2022-02-12,european_red_squirrel,4
frge,17,48.02154600362991,7.815206000985354,2023-01-10,2023-02-08,2023-01-12,red_fox,2
frge,17,48.02154600362991,7.815206000985354,2023-01-10,2023-02-08,2023-01-13,domestic_cat,1
frge,17,48.02154600362991,7.815206000985354,2023-01-10,2023-02-08,2023-01-13,stone_marten,1
frge,17,48.02154600362991,7.815206000985354,2023-01-10,2023-02-08,2023-01-14,red_fox,1
frge,17,48.02154600362991,7.815206000985354,2023-01-10,2023-02-08,2023-01-16,red_fox,1
frge,17,48.02154600362991,7.815206000985354,2023-01-10,2023-02-08,2023-01-18,red_fox,2
frge,17,48.02154600362991,7.815206000985354,2023-01-10,2023-02-08,2023-01-21,red_fox,1
frge,17,48.02154600362991,7.815206000985354,2023-01-10,2023-02-08,2023-01-23,red_fox,4
frge,17,48.02154600362991,7.815206000985354,2023-01-10,2023-02-08,2023-01-26,red_fox,1
frge,17,48.02154600362991,7.815206000985354,2023-01-10,2023-02-08,2023-01-28,domestic_cat,2
frge,17,48.02154600362991,7.815206000985354,2023-01-10,2023-02-08,2023-01-29,red_fox,4
frge,17,48.02154600362991,7.815206000985354,2023-01-10,2023-02-08,2023-01-30,red_fox,2
frge,17,48.02154600362991,7.815206000985354,2023-01-10,2023-02-08,2023-01-31,red_fox,3
frge,17,48.02154600362991,7.815206000985354,2023-01-10,2023-02-08,2023-02-01,red_fox,3
frge,17,48.02154600362991,7.815206000985354,2023-01-10,2023-02-08,2023-02-02,red_fox,1
frge,17,48.02154600362991,7.815206000985354,2023-01-10,2023-02-08,2023-02-04,red_fox,1
frge,17,48.02154600362991,7.815206000985354,2023-01-10,2023-02-08,2023-02-05,red_fox,2
frge,17,48.02154600362991,7.815206000985354,2023-01-10,2023-02-08,2023-02-07,red_fox,1
frge,18,48.02701500363341,7.8267900009988,2022-10-04,2022-11-02,2022-10-04,european_hare,1
frge,18,48.02701500363341,7.8267900009988,2022-10-04,2022-11-02,2022-10-07,european_badger,1
frge,18,48.02701500363341,7.8267900009988,2022-10-04,2022-11-02,2022-10-07,european_red_squirrel,2
frge,18,48.02701500363341,7.8267900009988,2022-10-04,2022-11-02,2022-10-11,european_red_squirrel,1
frge,18,48.02701500363341,7.8267900009988,2022-10-04,2022-11-02,2022-10-14,european_badger,2
frge,18,48.02701500363341,7.8267900009988,2022-10-04,2022-11-02,2022-10-19,european_red_squirrel,2
frge,18,48.02701500363341,7.8267900009988,2022-10-04,2022-11-02,2022-10-22,european_badger,2
frge,18,48.02701500363341,7.8267900009988,2022-10-04,2022-11-02,2022-10-23,european_badger,1
frge,18,48.02701500363341,7.8267900009988,2022-10-04,2022-11-02,2022-10-23,european_hare,4
frge,18,48.02701500363341,7.8267900009988,2022-10-04,2022-11-02,2022-10-24,european_hare,2
frge,18,48.02701500363341,7.8267900009988,2022-10-04,2022-11-02,2022-10-27,european_hare,1
frge,18,48.02701500363341,7.8267900009988,2022-10-04,2022-11-02,2022-10-27,european_red_squirrel,1
frge,18,48.02701500363341,7.8267900009988,2022-10-04,2022-11-02,2022-11-01,european_hare,3
frge,18,48.02701500363341,7.8267900009988,2022-10-04,2022-11-02,2022-11-02,european_red_squirrel,1
frge,18,48.02701500363341,7.8267900009988,2023-10-04,2023-11-02,2023-10-06,european_red_squirrel,2
frge,18,48.02701500363341,7.8267900009988,2023-10-04,2023-11-02,2023-10-07,european_hare,1
frge,18,48.02701500363341,7.8267900009988,2023-10-04,2023-11-02,2023-10-07,red_fox,1
frge,18,48.02701500363341,7.8267900009988,2023-10-04,2023-11-02,2023-10-07,stone_marten,1
frge,18,48.02701500363341,7.8267900009988,2023-10-04,2023-11-02,2023-10-08,red_fox,1
frge,18,48.02701500363341,7.8267900009988,2023-10-04,2023-11-02,2023-10-08,european_red_squirrel,1
frge,18,48.02701500363341,7.8267900009988,2023-10-04,2023-11-02,2023-10-10,european_badger,1
frge,18,48.02701500363341,7.8267900009988,2023-10-04,2023-11-02,2023-10-10,european_red_squirrel,1
frge,18,48.02701500363341,7.8267900009988,2023-10-04,2023-11-02,2023-10-11,european_badger,1
frge,18,48.02701500363341,7.8267900009988,2023-10-04,2023-11-02,2023-10-14,european_badger,2
frge,18,48.02701500363341,7.8267900009988,2023-10-04,2023-11-02,2023-10-15,european_badger,3
frge,18,48.02701500363341,7.8267900009988,2023-10-04,2023-11-02,2023-10-15,red_fox,1
frge,18,48.02701500363341,7.8267900009988,2023-10-04,2023-11-02,2023-10-15,stone_marten,2
frge,18,48.02701500363341,7.8267900009988,2023-10-04,2023-11-02,2023-10-18,european_badger,1
frge,18,48.02701500363341,7.8267900009988,2023-10-04,2023-11-02,2023-10-18,red_fox,1
frge,18,48.02701500363341,7.8267900009988,2023-10-04,2023-11-02,2023-10-18,european_red_squirrel,2
frge,18,48.02701500363341,7.8267900009988,2023-10-04,2023-11-02,2023-10-20,stone_marten,2
frge,18,48.02701500363341,7.8267900009988,2023-10-04,2023-11-02,2023-10-21,european_badger,2
frge,18,48.02701500363341,7.8267900009988,2023-10-04,2023-11-02,2023-10-21,european_red_squirrel,2
frge,18,48.02701500363341,7.8267900009988,2023-10-04,2023-11-02,2023-10-21,stone_marten,2
frge,18,48.02701500363341,7.8267900009988,2023-10-04,2023-11-02,2023-10-22,red_fox,1
frge,18,48.02701500363341,7.8267900009988,2023-10-04,2023-11-02,2023-10-24,european_badger,2
frge,18,48.02701500363341,7.8267900009988,2023-10-04,2023-11-02,2023-10-25,european_red_squirrel,2
frge,18,48.02701500363341,7.8267900009988,2023-10-04,2023-11-02,2023-10-26,european_hare,2
frge,18,48.02701500363341,7.8267900009988,2023-10-04,2023-11-02,2023-10-26,red_fox,2
frge,18,48.02701500363341,7.8267900009988,2023-10-04,2023-11-02,2023-10-27,european_red_squirrel,6
frge,18,48.02701500363341,7.8267900009988,2023-10-04,2023-11-02,2023-10-27,stone_marten,1
frge,18,48.02701500363341,7.8267900009988,2023-10-04,2023-11-02,2023-10-28,european_badger,1
frge,18,48.02701500363341,7.8267900009988,2023-10-04,2023-11-02,2023-10-28,european_red_squirrel,3
frge,18,48.02701500363341,7.8267900009988,2023-10-04,2023-11-02,2023-10-29,european_badger,2
frge,18,48.02701500363341,7.8267900009988,2023-10-04,2023-11-02,2023-10-30,european_badger,1
frge,18,48.02701500363341,7.8267900009988,2023-10-04,2023-11-02,2023-10-30,european_hare,1
frge,18,48.02701500363341,7.8267900009988,2023-10-04,2023-11-02,2023-10-30,european_red_squirrel,1
frge,18,48.02701500363341,7.8267900009988,2023-10-04,2023-11-02,2023-10-31,european_badger,2
frge,18,48.02701500363341,7.8267900009988,2023-10-04,2023-11-02,2023-11-01,european_red_squirrel,3
frge,18,48.02701500363341,7.8267900009988,2023-10-04,2023-11-02,2023-11-02,european_badger,3
frge,18,48.02701500363341,7.8267900009988,2024-10-09,2024-11-09,2024-10-12,european_hare,1
frge,18,48.02701500363341,7.8267900009988,2024-10-09,2024-11-09,2024-10-13,european_hare,1
frge,18,48.02701500363341,7.8267900009988,2024-10-09,2024-11-09,2024-10-14,european_hare,1
frge,18,48.02701500363341,7.8267900009988,2024-10-09,2024-11-09,2024-10-16,european_hare,1
frge,18,48.02701500363341,7.8267900009988,2022-03-31,2022-04-29,2022-04-01,european_badger,3
frge,18,48.02701500363341,7.8267900009988,2022-03-31,2022-04-29,2022-04-02,european_badger,1
frge,18,48.02701500363341,7.8267900009988,2022-03-31,2022-04-29,2022-04-02,european_red_squirrel,1
frge,18,48.02701500363341,7.8267900009988,2022-03-31,2022-04-29,2022-04-04,european_hare,1
frge,18,48.02701500363341,7.8267900009988,2022-03-31,2022-04-29,2022-04-07,european_red_squirrel,2
frge,18,48.02701500363341,7.8267900009988,2022-03-31,2022-04-29,2022-04-09,european_badger,2
frge,18,48.02701500363341,7.8267900009988,2022-03-31,2022-04-29,2022-04-09,red_fox,1
frge,18,48.02701500363341,7.8267900009988,2022-03-31,2022-04-29,2022-04-11,european_red_squirrel,1
frge,18,48.02701500363341,7.8267900009988,2022-03-31,2022-04-29,2022-04-22,red_fox,1
frge,18,48.02701500363341,7.8267900009988,2022-03-31,2022-04-29,2022-04-24,european_hare,1
frge,18,48.02701500363341,7.8267900009988,2022-03-31,2022-04-29,2022-04-25,european_red_squirrel,1
frge,18,48.02701500363341,7.8267900009988,2022-03-31,2022-04-29,2022-04-27,roe_deer,1
frge,18,48.02701500363341,7.8267900009988,2022-03-31,2022-04-29,2022-04-28,european_red_squirrel,1
frge,18,48.02701500363341,7.8267900009988,2023-04-03,2023-05-02,2023-04-03,european_hare,1
frge,18,48.02701500363341,7.8267900009988,2023-04-03,2023-05-02,2023-04-04,european_hare,1
frge,18,48.02701500363341,7.8267900009988,2023-04-03,2023-05-02,2023-04-05,european_hare,2
frge,18,48.02701500363341,7.8267900009988,2023-04-03,2023-05-02,2023-04-07,european_badger,1
frge,18,48.02701500363341,7.8267900009988,2023-04-03,2023-05-02,2023-04-08,european_hare,3
frge,18,48.02701500363341,7.8267900009988,2023-04-03,2023-05-02,2023-04-12,european_hare,4
frge,18,48.02701500363341,7.8267900009988,2023-04-03,2023-05-02,2023-04-13,european_badger,1
frge,18,48.02701500363341,7.8267900009988,2023-04-03,2023-05-02,2023-04-13,european_red_squirrel,2
frge,18,48.02701500363341,7.8267900009988,2023-04-03,2023-05-02,2023-04-20,european_hare,2
frge,18,48.02701500363341,7.8267900009988,2023-04-03,2023-05-02,2023-04-21,european_hare,2
frge,18,48.02701500363341,7.8267900009988,2023-04-03,2023-05-02,2023-04-22,european_hare,1
frge,18,48.02701500363341,7.8267900009988,2023-04-03,2023-05-02,2023-04-23,european_hare,1
frge,18,48.02701500363341,7.8267900009988,2023-04-03,2023-05-02,2023-04-28,european_badger,1
frge,18,48.02701500363341,7.8267900009988,2024-03-28,2024-05-02,2024-03-29,european_badger,2
frge,18,48.02701500363341,7.8267900009988,2024-03-28,2024-05-02,2024-03-30,stone_marten,1
frge,18,48.02701500363341,7.8267900009988,2024-03-28,2024-05-02,2024-03-31,domestic_cat,1
frge,18,48.02701500363341,7.8267900009988,2024-03-28,2024-05-02,2024-03-31,european_badger,1
frge,18,48.02701500363341,7.8267900009988,2024-03-28,2024-05-02,2024-04-01,european_badger,2
frge,18,48.02701500363341,7.8267900009988,2024-03-28,2024-05-02,2024-04-02,european_red_squirrel,1
frge,18,48.02701500363341,7.8267900009988,2024-03-28,2024-05-02,2024-04-03,european_badger,1
frge,18,48.02701500363341,7.8267900009988,2024-03-28,2024-05-02,2024-04-04,european_hare,1
frge,18,48.02701500363341,7.8267900009988,2024-03-28,2024-05-02,2024-04-04,european_red_squirrel,23
frge,18,48.02701500363341,7.8267900009988,2024-03-28,2024-05-02,2024-04-05,european_badger,3
frge,18,48.02701500363341,7.8267900009988,2024-03-28,2024-05-02,2024-04-07,european_badger,1
frge,18,48.02701500363341,7.8267900009988,2024-03-28,2024-05-02,2024-04-09,european_badger,1
frge,18,48.02701500363341,7.8267900009988,2024-03-28,2024-05-02,2024-04-11,european_badger,1
frge,18,48.02701500363341,7.8267900009988,2024-03-28,2024-05-02,2024-04-11,red_fox,1
frge,18,48.02701500363341,7.8267900009988,2024-03-28,2024-05-02,2024-04-12,domestic_cat,1
frge,18,48.02701500363341,7.8267900009988,2024-03-28,2024-05-02,2024-04-12,european_badger,3
frge,18,48.02701500363341,7.8267900009988,2024-03-28,2024-05-02,2024-04-14,european_badger,3
frge,18,48.02701500363341,7.8267900009988,2024-03-28,2024-05-02,2024-04-16,european_hare,7
frge,18,48.02701500363341,7.8267900009988,2024-03-28,2024-05-02,2024-04-17,european_hare,6
frge,18,48.02701500363341,7.8267900009988,2024-03-28,2024-05-02,2024-04-17,roe_deer,1
frge,18,48.02701500363341,7.8267900009988,2024-03-28,2024-05-02,2024-04-18,european_hare,3
frge,18,48.02701500363341,7.8267900009988,2024-03-28,2024-05-02,2024-04-18,european_red_squirrel,2
frge,18,48.02701500363341,7.8267900009988,2024-03-28,2024-05-02,2024-04-19,european_hare,5
frge,18,48.02701500363341,7.8267900009988,2024-03-28,2024-05-02,2024-04-19,red_fox,1
frge,18,48.02701500363341,7.8267900009988,2024-03-28,2024-05-02,2024-04-20,european_badger,2
frge,18,48.02701500363341,7.8267900009988,2024-03-28,2024-05-02,2024-04-20,european_hare,5
frge,18,48.02701500363341,7.8267900009988,2024-03-28,2024-05-02,2024-04-21,european_badger,1
frge,18,48.02701500363341,7.8267900009988,2024-03-28,2024-05-02,2024-04-21,european_hare,13
frge,18,48.02701500363341,7.8267900009988,2024-03-28,2024-05-02,2024-04-22,european_hare,7
frge,18,48.02701500363341,7.8267900009988,2024-03-28,2024-05-02,2024-04-23,european_hare,20
frge,18,48.02701500363341,7.8267900009988,2024-03-28,2024-05-02,2024-04-23,red_fox,4
frge,18,48.02701500363341,7.8267900009988,2024-03-28,2024-05-02,2024-04-24,european_hare,16
frge,18,48.02701500363341,7.8267900009988,2024-03-28,2024-05-02,2024-04-25,european_badger,3
frge,18,48.02701500363341,7.8267900009988,2024-03-28,2024-05-02,2024-04-25,european_hare,1
frge,18,48.02701500363341,7.8267900009988,2024-03-28,2024-05-02,2024-04-26,domestic_cat,2
frge,18,48.02701500363341,7.8267900009988,2024-03-28,2024-05-02,2024-04-26,european_badger,1
frge,18,48.02701500363341,7.8267900009988,2024-03-28,2024-05-02,2024-04-26,european_hare,59
frge,18,48.02701500363341,7.8267900009988,2024-03-28,2024-05-02,2024-04-27,european_hare,2
frge,18,48.02701500363341,7.8267900009988,2024-03-28,2024-05-02,2024-04-28,red_fox,2
frge,18,48.02701500363341,7.8267900009988,2024-03-28,2024-05-02,2024-04-28,european_red_squirrel,1
frge,18,48.02701500363341,7.8267900009988,2024-03-28,2024-05-02,2024-04-28,stone_marten,3
frge,18,48.02701500363341,7.8267900009988,2024-03-28,2024-05-02,2024-04-30,european_hare,9
frge,18,48.02701500363341,7.8267900009988,2024-03-28,2024-05-02,2024-04-30,european_red_squirrel,15
frge,18,48.02701500363341,7.8267900009988,2024-03-28,2024-05-02,2024-05-01,european_hare,5
frge,18,48.02701500363341,7.8267900009988,2022-06-28,2022-07-27,2022-07-02,european_rabbit,3
frge,18,48.02701500363341,7.8267900009988,2022-06-28,2022-07-27,2022-07-08,european_rabbit,1
frge,18,48.02701500363341,7.8267900009988,2022-06-28,2022-07-27,2022-07-12,red_fox,1
frge,18,48.02701500363341,7.8267900009988,2022-06-28,2022-07-27,2022-07-17,red_fox,2
frge,18,48.02701500363341,7.8267900009988,2022-06-28,2022-07-27,2022-07-20,european_hare,1
frge,18,48.02701500363341,7.8267900009988,2023-06-27,2023-07-26,2023-06-28,european_badger,2
frge,18,48.02701500363341,7.8267900009988,2023-06-27,2023-07-26,2023-07-05,european_badger,1
frge,18,48.02701500363341,7.8267900009988,2023-06-27,2023-07-26,2023-07-05,stone_marten,1
frge,18,48.02701500363341,7.8267900009988,2023-06-27,2023-07-26,2023-07-06,european_badger,1
frge,18,48.02701500363341,7.8267900009988,2023-06-27,2023-07-26,2023-07-09,european_red_squirrel,1
frge,18,48.02701500363341,7.8267900009988,2023-06-27,2023-07-26,2023-07-13,european_badger,1
frge,18,48.02701500363341,7.8267900009988,2023-06-27,2023-07-26,2023-07-13,european_red_squirrel,1
frge,18,48.02701500363341,7.8267900009988,2023-06-27,2023-07-26,2023-07-14,european_badger,1
frge,18,48.02701500363341,7.8267900009988,2023-06-27,2023-07-26,2023-07-15,european_hare,1
frge,18,48.02701500363341,7.8267900009988,2023-06-27,2023-07-26,2023-07-16,european_badger,1
frge,18,48.02701500363341,7.8267900009988,2023-06-27,2023-07-26,2023-07-16,european_hare,2
frge,18,48.02701500363341,7.8267900009988,2023-06-27,2023-07-26,2023-07-17,red_fox,1
frge,18,48.02701500363341,7.8267900009988,2023-06-27,2023-07-26,2023-07-18,european_hare,2
frge,18,48.02701500363341,7.8267900009988,2024-06-27,2024-07-30,2024-07-01,domestic_cat,1
frge,18,48.02701500363341,7.8267900009988,2024-06-27,2024-07-30,2024-07-02,stone_marten,1
frge,18,48.02701500363341,7.8267900009988,2024-06-27,2024-07-30,2024-07-03,european_badger,1
frge,18,48.02701500363341,7.8267900009988,2024-06-27,2024-07-30,2024-07-04,european_red_squirrel,1
frge,18,48.02701500363341,7.8267900009988,2024-06-27,2024-07-30,2024-07-06,stone_marten,1
frge,18,48.02701500363341,7.8267900009988,2024-06-27,2024-07-30,2024-07-07,european_badger,1
frge,18,48.02701500363341,7.8267900009988,2024-06-27,2024-07-30,2024-07-09,european_red_squirrel,2
frge,18,48.02701500363341,7.8267900009988,2024-06-27,2024-07-30,2024-07-16,european_red_squirrel,2
frge,18,48.02701500363341,7.8267900009988,2024-06-27,2024-07-30,2024-07-17,stone_marten,1
frge,18,48.02701500363341,7.8267900009988,2024-06-27,2024-07-30,2024-07-18,roe_deer,1
frge,18,48.02701500363341,7.8267900009988,2024-06-27,2024-07-30,2024-07-18,stone_marten,1
frge,18,48.02701500363341,7.8267900009988,2024-06-27,2024-07-30,2024-07-19,european_red_squirrel,1
frge,18,48.02701500363341,7.8267900009988,2024-06-27,2024-07-30,2024-07-21,european_badger,2
frge,18,48.02701500363341,7.8267900009988,2024-06-27,2024-07-30,2024-07-22,european_red_squirrel,1
frge,18,48.02701500363341,7.8267900009988,2024-06-27,2024-07-30,2024-07-22,stone_marten,1
frge,18,48.02701500363341,7.8267900009988,2024-06-27,2024-07-30,2024-07-23,stone_marten,1
frge,18,48.02701500363341,7.8267900009988,2024-06-27,2024-07-30,2024-07-26,european_red_squirrel,1
frge,18,48.02701500363341,7.8267900009988,2024-06-27,2024-07-30,2024-07-27,stone_marten,2
frge,18,48.02701500363341,7.8267900009988,2024-06-27,2024-07-30,2024-07-28,european_badger,1
frge,18,48.02701500363341,7.8267900009988,2022-01-14,2022-02-12,2022-01-17,european_red_squirrel,1
frge,18,48.02701500363341,7.8267900009988,2022-01-14,2022-02-12,2022-01-18,european_badger,1
frge,18,48.02701500363341,7.8267900009988,2022-01-14,2022-02-12,2022-01-18,european_hare,2
frge,18,48.02701500363341,7.8267900009988,2022-01-14,2022-02-12,2022-01-19,european_hare,1
frge,18,48.02701500363341,7.8267900009988,2022-01-14,2022-02-12,2022-01-20,european_red_squirrel,1
frge,18,48.02701500363341,7.8267900009988,2022-01-14,2022-02-12,2022-01-27,roe_deer,1
frge,18,48.02701500363341,7.8267900009988,2022-01-14,2022-02-12,2022-01-28,european_hare,1
frge,18,48.02701500363341,7.8267900009988,2022-01-14,2022-02-12,2022-01-31,european_hare,1
frge,18,48.02701500363341,7.8267900009988,2022-01-14,2022-02-12,2022-01-31,red_fox,2
frge,18,48.02701500363341,7.8267900009988,2022-01-14,2022-02-12,2022-02-02,european_hare,1
frge,18,48.02701500363341,7.8267900009988,2022-01-14,2022-02-12,2022-02-02,european_rabbit,8
frge,18,48.02701500363341,7.8267900009988,2022-01-14,2022-02-12,2022-02-02,european_red_squirrel,1
frge,18,48.02701500363341,7.8267900009988,2022-01-14,2022-02-12,2022-02-04,european_rabbit,1
frge,18,48.02701500363341,7.8267900009988,2022-01-14,2022-02-12,2022-02-05,european_badger,2
frge,18,48.02701500363341,7.8267900009988,2022-01-14,2022-02-12,2022-02-05,european_hare,1
frge,18,48.02701500363341,7.8267900009988,2022-01-14,2022-02-12,2022-02-06,european_hare,1
frge,18,48.02701500363341,7.8267900009988,2022-01-14,2022-02-12,2022-02-07,european_badger,1
frge,18,48.02701500363341,7.8267900009988,2022-01-14,2022-02-12,2022-02-11,european_hare,1
frge,18,48.02701500363341,7.8267900009988,2023-01-10,2023-02-08,2023-01-12,european_badger,1
frge,18,48.02701500363341,7.8267900009988,2023-01-10,2023-02-08,2023-01-13,european_badger,1
frge,18,48.02701500363341,7.8267900009988,2023-01-10,2023-02-08,2023-01-14,european_badger,7
frge,18,48.02701500363341,7.8267900009988,2023-01-10,2023-02-08,2023-01-16,european_badger,1
frge,18,48.02701500363341,7.8267900009988,2023-01-10,2023-02-08,2023-01-18,european_hare,1
frge,18,48.02701500363341,7.8267900009988,2023-01-10,2023-02-08,2023-01-18,european_red_squirrel,1
frge,18,48.02701500363341,7.8267900009988,2023-01-10,2023-02-08,2023-01-25,european_badger,1
frge,18,48.02701500363341,7.8267900009988,2023-01-10,2023-02-08,2023-01-26,european_hare,1
frge,18,48.02701500363341,7.8267900009988,2023-01-10,2023-02-08,2023-01-27,european_hare,2
frge,18,48.02701500363341,7.8267900009988,2023-01-10,2023-02-08,2023-01-27,red_fox,1
frge,18,48.02701500363341,7.8267900009988,2023-01-10,2023-02-08,2023-01-30,european_hare,1
frge,18,48.02701500363341,7.8267900009988,2023-01-10,2023-02-08,2023-01-31,european_hare,8
frge,18,48.02701500363341,7.8267900009988,2023-01-10,2023-02-08,2023-02-01,european_badger,7
frge,18,48.02701500363341,7.8267900009988,2023-01-10,2023-02-08,2023-02-02,european_hare,9
frge,18,48.02701500363341,7.8267900009988,2023-01-10,2023-02-08,2023-02-03,european_badger,3
frge,18,48.02701500363341,7.8267900009988,2023-01-10,2023-02-08,2023-02-03,european_hare,2
frge,18,48.02701500363341,7.8267900009988,2023-01-10,2023-02-08,2023-02-04,red_fox,1
frge,18,48.02701500363341,7.8267900009988,2023-01-10,2023-02-08,2023-02-05,european_badger,2
frge,18,48.02701500363341,7.8267900009988,2023-01-10,2023-02-08,2023-02-05,european_hare,1
frge,18,48.02701500363341,7.8267900009988,2023-01-10,2023-02-08,2023-02-05,red_fox,1
frge,18,48.02701500363341,7.8267900009988,2023-01-10,2023-02-08,2023-02-07,european_red_squirrel,1
frge,18,48.02701500363341,7.8267900009988,2023-12-29,2024-02-02,2023-12-31,european_badger,6
frge,18,48.02701500363341,7.8267900009988,2023-12-29,2024-02-02,2024-01-06,european_hare,1
frge,18,48.02701500363341,7.8267900009988,2023-12-29,2024-02-02,2024-01-13,european_hare,2
frge,18,48.02701500363341,7.8267900009988,2023-12-29,2024-02-02,2024-01-15,european_hare,1
frge,18,48.02701500363341,7.8267900009988,2023-12-29,2024-02-02,2024-01-17,european_badger,2
frge,18,48.02701500363341,7.8267900009988,2023-12-29,2024-02-02,2024-01-17,red_fox,1
frge,18,48.02701500363341,7.8267900009988,2023-12-29,2024-02-02,2024-01-17,wild_boar,1
frge,18,48.02701500363341,7.8267900009988,2023-12-29,2024-02-02,2024-01-18,european_badger,8
frge,18,48.02701500363341,7.8267900009988,2023-12-29,2024-02-02,2024-01-18,european_hare,1
frge,18,48.02701500363341,7.8267900009988,2023-12-29,2024-02-02,2024-01-21,european_badger,6
frge,18,48.02701500363341,7.8267900009988,2023-12-29,2024-02-02,2024-01-21,european_hare,2
frge,18,48.02701500363341,7.8267900009988,2023-12-29,2024-02-02,2024-01-22,european_badger,10
frge,18,48.02701500363341,7.8267900009988,2023-12-29,2024-02-02,2024-01-22,red_fox,1
frge,18,48.02701500363341,7.8267900009988,2023-12-29,2024-02-02,2024-01-23,european_badger,17
frge,18,48.02701500363341,7.8267900009988,2023-12-29,2024-02-02,2024-01-23,european_hare,2
frge,18,48.02701500363341,7.8267900009988,2023-12-29,2024-02-02,2024-01-23,wild_boar,1
frge,18,48.02701500363341,7.8267900009988,2023-12-29,2024-02-02,2024-01-24,european_badger,7
frge,18,48.02701500363341,7.8267900009988,2023-12-29,2024-02-02,2024-01-24,red_fox,1
frge,18,48.02701500363341,7.8267900009988,2023-12-29,2024-02-02,2024-01-26,european_badger,8
frge,18,48.02701500363341,7.8267900009988,2023-12-29,2024-02-02,2024-01-26,european_hare,1
frge,18,48.02701500363341,7.8267900009988,2023-12-29,2024-02-02,2024-01-27,european_badger,7
frge,18,48.02701500363341,7.8267900009988,2023-12-29,2024-02-02,2024-01-27,european_hare,1
frge,18,48.02701500363341,7.8267900009988,2023-12-29,2024-02-02,2024-01-27,red_fox,1
frge,18,48.02701500363341,7.8267900009988,2023-12-29,2024-02-02,2024-01-28,european_badger,1
frge,18,48.02701500363341,7.8267900009988,2023-12-29,2024-02-02,2024-01-29,european_badger,4
frge,18,48.02701500363341,7.8267900009988,2023-12-29,2024-02-02,2024-01-30,european_badger,6
frge,18,48.02701500363341,7.8267900009988,2023-12-29,2024-02-02,2024-01-31,european_badger,3
frge,18,48.02701500363341,7.8267900009988,2023-12-29,2024-02-02,2024-01-31,european_hare,1
frge,18,48.02701500363341,7.8267900009988,2023-12-29,2024-02-02,2024-02-01,european_badger,7
frge,18,48.02701500363341,7.8267900009988,2023-12-29,2024-02-02,2024-02-01,red_fox,1
frge,19,48.01274300362252,7.872538001052288,2022-10-06,2022-11-04,2022-10-08,red_fox,1
frge,19,48.01274300362252,7.872538001052288,2022-10-06,2022-11-04,2022-10-10,european_hare,1
frge,19,48.01274300362252,7.872538001052288,2022-10-06,2022-11-04,2022-10-11,stone_marten,2
frge,19,48.01274300362252,7.872538001052288,2022-10-06,2022-11-04,2022-10-12,domestic_cat,1
frge,19,48.01274300362252,7.872538001052288,2022-10-06,2022-11-04,2022-10-19,european_hare,1
frge,19,48.01274300362252,7.872538001052288,2022-10-06,2022-11-04,2022-10-21,european_badger,1
frge,19,48.01274300362252,7.872538001052288,2022-10-06,2022-11-04,2022-10-22,european_badger,1
frge,19,48.01274300362252,7.872538001052288,2022-10-06,2022-11-04,2022-11-03,european_hare,1
frge,19,48.01274300362252,7.872538001052288,2022-10-06,2022-11-04,2022-11-04,red_fox,1
frge,19,48.01274300362252,7.872538001052288,2023-10-04,2023-11-02,2023-10-05,roe_deer,2
frge,19,48.01274300362252,7.872538001052288,2023-10-04,2023-11-02,2023-10-06,roe_deer,3
frge,19,48.01274300362252,7.872538001052288,2023-10-04,2023-11-02,2023-10-09,red_fox,1
frge,19,48.01274300362252,7.872538001052288,2023-10-04,2023-11-02,2023-10-12,roe_deer,1
frge,19,48.01274300362252,7.872538001052288,2023-10-04,2023-11-02,2023-10-15,roe_deer,2
frge,19,48.01274300362252,7.872538001052288,2023-10-04,2023-11-02,2023-10-16,roe_deer,4
frge,19,48.01274300362252,7.872538001052288,2023-10-04,2023-11-02,2023-10-23,roe_deer,1
frge,19,48.01274300362252,7.872538001052288,2023-10-04,2023-11-02,2023-10-28,european_hare,1
frge,19,48.01274300362252,7.872538001052288,2023-10-04,2023-11-02,2023-11-01,roe_deer,2
frge,19,48.01274300362252,7.872538001052288,2024-10-10,2024-11-21,2024-10-24,roe_deer,2
frge,19,48.01274300362252,7.872538001052288,2024-10-10,2024-11-21,2024-11-13,european_hare,1
frge,19,48.01274300362252,7.872538001052288,2022-03-31,2022-04-29,2022-03-31,european_badger,1
frge,19,48.01274300362252,7.872538001052288,2022-03-31,2022-04-29,2022-03-31,red_fox,1
frge,19,48.01274300362252,7.872538001052288,2022-03-31,2022-04-29,2022-04-01,red_fox,1
frge,19,48.01274300362252,7.872538001052288,2022-03-31,2022-04-29,2022-04-02,european_hare,2
frge,19,48.01274300362252,7.872538001052288,2022-03-31,2022-04-29,2022-04-02,roe_deer,2
frge,19,48.01274300362252,7.872538001052288,2022-03-31,2022-04-29,2022-04-03,red_fox,1
frge,19,48.01274300362252,7.872538001052288,2022-03-31,2022-04-29,2022-04-05,european_badger,1
frge,19,48.01274300362252,7.872538001052288,2022-03-31,2022-04-29,2022-04-05,stone_marten,3
frge,19,48.01274300362252,7.872538001052288,2022-03-31,2022-04-29,2022-04-06,stone_marten,1
frge,19,48.01274300362252,7.872538001052288,2022-03-31,2022-04-29,2022-04-07,roe_deer,1
frge,19,48.01274300362252,7.872538001052288,2022-03-31,2022-04-29,2022-04-08,european_hare,1
frge,19,48.01274300362252,7.872538001052288,2022-03-31,2022-04-29,2022-04-08,roe_deer,2
frge,19,48.01274300362252,7.872538001052288,2022-03-31,2022-04-29,2022-04-08,stone_marten,1
frge,19,48.01274300362252,7.872538001052288,2022-03-31,2022-04-29,2022-04-09,domestic_cat,1
frge,19,48.01274300362252,7.872538001052288,2022-03-31,2022-04-29,2022-04-09,european_hare,2
frge,19,48.01274300362252,7.872538001052288,2022-03-31,2022-04-29,2022-04-09,stone_marten,1
frge,19,48.01274300362252,7.872538001052288,2022-03-31,2022-04-29,2022-04-10,red_fox,1
frge,19,48.01274300362252,7.872538001052288,2022-03-31,2022-04-29,2022-04-10,roe_deer,1
frge,19,48.01274300362252,7.872538001052288,2022-03-31,2022-04-29,2022-04-10,stone_marten,2
frge,19,48.01274300362252,7.872538001052288,2022-03-31,2022-04-29,2022-04-11,european_hare,1
frge,19,48.01274300362252,7.872538001052288,2022-03-31,2022-04-29,2022-04-11,red_fox,1
frge,19,48.01274300362252,7.872538001052288,2022-03-31,2022-04-29,2022-04-12,european_hare,2
frge,19,48.01274300362252,7.872538001052288,2022-03-31,2022-04-29,2022-04-12,stone_marten,1
frge,19,48.01274300362252,7.872538001052288,2022-03-31,2022-04-29,2022-04-13,european_red_squirrel,1
frge,19,48.01274300362252,7.872538001052288,2022-03-31,2022-04-29,2022-04-13,stone_marten,3
frge,19,48.01274300362252,7.872538001052288,2022-03-31,2022-04-29,2022-04-15,european_hare,3
frge,19,48.01274300362252,7.872538001052288,2022-03-31,2022-04-29,2022-04-16,european_hare,2
frge,19,48.01274300362252,7.872538001052288,2022-03-31,2022-04-29,2022-04-16,red_fox,1
frge,19,48.01274300362252,7.872538001052288,2022-03-31,2022-04-29,2022-04-18,red_fox,1
frge,19,48.01274300362252,7.872538001052288,2022-03-31,2022-04-29,2022-04-19,stone_marten,1
frge,19,48.01274300362252,7.872538001052288,2022-03-31,2022-04-29,2022-04-20,european_badger,1
frge,19,48.01274300362252,7.872538001052288,2022-03-31,2022-04-29,2022-04-20,stone_marten,2
frge,19,48.01274300362252,7.872538001052288,2022-03-31,2022-04-29,2022-04-21,stone_marten,1
frge,19,48.01274300362252,7.872538001052288,2022-03-31,2022-04-29,2022-04-23,european_hare,1
frge,19,48.01274300362252,7.872538001052288,2022-03-31,2022-04-29,2022-04-23,stone_marten,1
frge,19,48.01274300362252,7.872538001052288,2022-03-31,2022-04-29,2022-04-24,domestic_cat,1
frge,19,48.01274300362252,7.872538001052288,2022-03-31,2022-04-29,2022-04-25,stone_marten,2
frge,19,48.01274300362252,7.872538001052288,2022-03-31,2022-04-29,2022-04-26,stone_marten,1
frge,19,48.01274300362252,7.872538001052288,2022-03-31,2022-04-29,2022-04-27,european_badger,1
frge,19,48.01274300362252,7.872538001052288,2022-03-31,2022-04-29,2022-04-27,red_fox,1
frge,19,48.01274300362252,7.872538001052288,2022-03-31,2022-04-29,2022-04-27,roe_deer,1
frge,19,48.01274300362252,7.872538001052288,2022-03-31,2022-04-29,2022-04-27,stone_marten,3
frge,19,48.01274300362252,7.872538001052288,2022-03-31,2022-04-29,2022-04-29,red_fox,1
frge,19,48.01274300362252,7.872538001052288,2022-03-31,2022-04-29,2022-04-29,roe_deer,1
frge,19,48.01274300362252,7.872538001052288,2023-04-04,2023-05-04,2023-04-04,roe_deer,1
frge,19,48.01274300362252,7.872538001052288,2023-04-04,2023-05-04,2023-04-05,european_hare,1
frge,19,48.01274300362252,7.872538001052288,2023-04-04,2023-05-04,2023-04-05,red_fox,1
frge,19,48.01274300362252,7.872538001052288,2023-04-04,2023-05-04,2023-04-05,roe_deer,1
frge,19,48.01274300362252,7.872538001052288,2023-04-04,2023-05-04,2023-04-06,european_hare,1
frge,19,48.01274300362252,7.872538001052288,2023-04-04,2023-05-04,2023-04-06,roe_deer,2
frge,19,48.01274300362252,7.872538001052288,2023-04-04,2023-05-04,2023-04-07,roe_deer,2
frge,19,48.01274300362252,7.872538001052288,2023-04-04,2023-05-04,2023-04-08,roe_deer,2
frge,19,48.01274300362252,7.872538001052288,2023-04-04,2023-05-04,2023-04-09,roe_deer,2
frge,19,48.01274300362252,7.872538001052288,2023-04-04,2023-05-04,2023-04-11,red_fox,1
frge,19,48.01274300362252,7.872538001052288,2023-04-04,2023-05-04,2023-04-13,roe_deer,1
frge,19,48.01274300362252,7.872538001052288,2023-04-04,2023-05-04,2023-04-14,roe_deer,1
frge,19,48.01274300362252,7.872538001052288,2023-04-04,2023-05-04,2023-04-17,red_fox,1
frge,19,48.01274300362252,7.872538001052288,2023-04-04,2023-05-04,2023-04-17,roe_deer,1
frge,19,48.01274300362252,7.872538001052288,2023-04-04,2023-05-04,2023-04-22,roe_deer,3
frge,19,48.01274300362252,7.872538001052288,2023-04-04,2023-05-04,2023-04-23,roe_deer,1
frge,19,48.01274300362252,7.872538001052288,2023-04-04,2023-05-04,2023-04-24,european_badger,1
frge,19,48.01274300362252,7.872538001052288,2023-04-04,2023-05-04,2023-04-24,red_fox,1
frge,19,48.01274300362252,7.872538001052288,2023-04-04,2023-05-04,2023-04-24,roe_deer,1
frge,19,48.01274300362252,7.872538001052288,2023-04-04,2023-05-04,2023-04-25,roe_deer,1
frge,19,48.01274300362252,7.872538001052288,2023-04-04,2023-05-04,2023-04-26,european_badger,1
frge,19,48.01274300362252,7.872538001052288,2023-04-04,2023-05-04,2023-04-26,roe_deer,1
frge,19,48.01274300362252,7.872538001052288,2023-04-04,2023-05-04,2023-04-28,roe_deer,1
frge,19,48.01274300362252,7.872538001052288,2023-04-04,2023-05-04,2023-04-29,roe_deer,1
frge,19,48.01274300362252,7.872538001052288,2023-04-04,2023-05-04,2023-04-30,roe_deer,1
frge,19,48.01274300362252,7.872538001052288,2023-04-04,2023-05-04,2023-05-02,roe_deer,1
frge,19,48.01274300362252,7.872538001052288,2024-03-26,2024-05-01,2024-03-27,roe_deer,1
frge,19,48.01274300362252,7.872538001052288,2024-03-26,2024-05-01,2024-03-28,roe_deer,2
frge,19,48.01274300362252,7.872538001052288,2024-03-26,2024-05-01,2024-03-30,roe_deer,4
frge,19,48.01274300362252,7.872538001052288,2024-03-26,2024-05-01,2024-03-31,roe_deer,1
frge,19,48.01274300362252,7.872538001052288,2024-03-26,2024-05-01,2024-04-03,roe_deer,1
frge,19,48.01274300362252,7.872538001052288,2024-03-26,2024-05-01,2024-04-04,european_hare,2
frge,19,48.01274300362252,7.872538001052288,2024-03-26,2024-05-01,2024-04-04,roe_deer,4
frge,19,48.01274300362252,7.872538001052288,2024-03-26,2024-05-01,2024-04-05,roe_deer,8
frge,19,48.01274300362252,7.872538001052288,2024-03-26,2024-05-01,2024-04-09,roe_deer,1
frge,19,48.01274300362252,7.872538001052288,2024-03-26,2024-05-01,2024-04-10,european_hare,1
frge,19,48.01274300362252,7.872538001052288,2024-03-26,2024-05-01,2024-04-12,roe_deer,2
frge,19,48.01274300362252,7.872538001052288,2024-03-26,2024-05-01,2024-04-14,roe_deer,2
frge,19,48.01274300362252,7.872538001052288,2024-03-26,2024-05-01,2024-04-15,roe_deer,1
frge,19,48.01274300362252,7.872538001052288,2024-03-26,2024-05-01,2024-04-18,roe_deer,2
frge,19,48.01274300362252,7.872538001052288,2024-03-26,2024-05-01,2024-04-19,roe_deer,4
frge,19,48.01274300362252,7.872538001052288,2024-03-26,2024-05-01,2024-04-21,roe_deer,3
frge,19,48.01274300362252,7.872538001052288,2024-03-26,2024-05-01,2024-04-24,roe_deer,1
frge,19,48.01274300362252,7.872538001052288,2024-03-26,2024-05-01,2024-04-26,roe_deer,1
frge,19,48.01274300362252,7.872538001052288,2024-03-26,2024-05-01,2024-04-28,roe_deer,1
frge,19,48.01274300362252,7.872538001052288,2024-03-26,2024-05-01,2024-04-29,red_fox,1
frge,19,48.01274300362252,7.872538001052288,2024-03-26,2024-05-01,2024-04-30,roe_deer,1
frge,19,48.01274300362252,7.872538001052288,2022-06-27,2022-07-26,2022-06-27,european_hare,6
frge,19,48.01274300362252,7.872538001052288,2022-06-27,2022-07-26,2022-06-27,stone_marten,2
frge,19,48.01274300362252,7.872538001052288,2022-06-27,2022-07-26,2022-06-28,european_hare,22
frge,19,48.01274300362252,7.872538001052288,2022-06-27,2022-07-26,2022-06-28,red_fox,4
frge,19,48.01274300362252,7.872538001052288,2022-06-27,2022-07-26,2022-06-28,stone_marten,5
frge,19,48.01274300362252,7.872538001052288,2022-06-27,2022-07-26,2022-06-29,european_hare,2
frge,19,48.01274300362252,7.872538001052288,2022-06-27,2022-07-26,2022-06-29,red_fox,2
frge,19,48.01274300362252,7.872538001052288,2022-06-27,2022-07-26,2022-06-29,roe_deer,1
frge,19,48.01274300362252,7.872538001052288,2022-06-27,2022-07-26,2022-06-29,stone_marten,1
frge,19,48.01274300362252,7.872538001052288,2022-06-27,2022-07-26,2022-06-29,wild_boar,2
frge,19,48.01274300362252,7.872538001052288,2022-06-27,2022-07-26,2022-06-30,european_hare,4
frge,19,48.01274300362252,7.872538001052288,2022-06-27,2022-07-26,2022-07-01,european_badger,1
frge,19,48.01274300362252,7.872538001052288,2022-06-27,2022-07-26,2022-07-01,european_hare,2
frge,19,48.01274300362252,7.872538001052288,2022-06-27,2022-07-26,2022-07-01,red_fox,1
frge,19,48.01274300362252,7.872538001052288,2022-06-27,2022-07-26,2022-07-01,roe_deer,1
frge,19,48.01274300362252,7.872538001052288,2022-06-27,2022-07-26,2022-07-02,european_hare,14
frge,19,48.01274300362252,7.872538001052288,2022-06-27,2022-07-26,2022-07-02,stone_marten,1
frge,19,48.01274300362252,7.872538001052288,2022-06-27,2022-07-26,2022-07-03,european_hare,2
frge,19,48.01274300362252,7.872538001052288,2022-06-27,2022-07-26,2022-07-03,stone_marten,2
frge,19,48.01274300362252,7.872538001052288,2022-06-27,2022-07-26,2022-07-04,stone_marten,1
frge,19,48.01274300362252,7.872538001052288,2022-06-27,2022-07-26,2022-07-05,domestic_cat,2
frge,19,48.01274300362252,7.872538001052288,2022-06-27,2022-07-26,2022-07-05,european_hare,4
frge,19,48.01274300362252,7.872538001052288,2022-06-27,2022-07-26,2022-07-06,domestic_cat,1
frge,19,48.01274300362252,7.872538001052288,2022-06-27,2022-07-26,2022-07-06,european_hare,6
frge,19,48.01274300362252,7.872538001052288,2022-06-27,2022-07-26,2022-07-06,stone_marten,1
frge,19,48.01274300362252,7.872538001052288,2022-06-27,2022-07-26,2022-07-07,european_hare,13
frge,19,48.01274300362252,7.872538001052288,2022-06-27,2022-07-26,2022-07-07,european_rabbit,2
frge,19,48.01274300362252,7.872538001052288,2022-06-27,2022-07-26,2022-07-07,stone_marten,1
frge,19,48.01274300362252,7.872538001052288,2022-06-27,2022-07-26,2022-07-08,european_hare,4
frge,19,48.01274300362252,7.872538001052288,2022-06-27,2022-07-26,2022-07-08,red_fox,2
frge,19,48.01274300362252,7.872538001052288,2022-06-27,2022-07-26,2022-07-09,european_hare,3
frge,19,48.01274300362252,7.872538001052288,2022-06-27,2022-07-26,2022-07-09,red_fox,2
frge,19,48.01274300362252,7.872538001052288,2022-06-27,2022-07-26,2022-07-09,stone_marten,1
frge,19,48.01274300362252,7.872538001052288,2022-06-27,2022-07-26,2022-07-10,european_hare,3
frge,19,48.01274300362252,7.872538001052288,2022-06-27,2022-07-26,2022-07-10,stone_marten,1
frge,19,48.01274300362252,7.872538001052288,2022-06-27,2022-07-26,2022-07-11,european_hare,3
frge,19,48.01274300362252,7.872538001052288,2022-06-27,2022-07-26,2022-07-11,red_fox,1
frge,19,48.01274300362252,7.872538001052288,2022-06-27,2022-07-26,2022-07-11,stone_marten,2
frge,19,48.01274300362252,7.872538001052288,2022-06-27,2022-07-26,2022-07-12,european_rabbit,2
frge,19,48.01274300362252,7.872538001052288,2022-06-27,2022-07-26,2022-07-12,red_fox,2
frge,19,48.01274300362252,7.872538001052288,2022-06-27,2022-07-26,2022-07-13,domestic_cat,1
frge,19,48.01274300362252,7.872538001052288,2022-06-27,2022-07-26,2022-07-13,european_hare,11
frge,19,48.01274300362252,7.872538001052288,2022-06-27,2022-07-26,2022-07-13,red_fox,3
frge,19,48.01274300362252,7.872538001052288,2022-06-27,2022-07-26,2022-07-13,roe_deer,1
frge,19,48.01274300362252,7.872538001052288,2022-06-27,2022-07-26,2022-07-14,european_hare,6
frge,19,48.01274300362252,7.872538001052288,2022-06-27,2022-07-26,2022-07-14,stone_marten,3
frge,19,48.01274300362252,7.872538001052288,2022-06-27,2022-07-26,2022-07-15,domestic_cat,1
frge,19,48.01274300362252,7.872538001052288,2022-06-27,2022-07-26,2022-07-15,european_hare,2
frge,19,48.01274300362252,7.872538001052288,2022-06-27,2022-07-26,2022-07-15,red_fox,1
frge,19,48.01274300362252,7.872538001052288,2022-06-27,2022-07-26,2022-07-15,stone_marten,3
frge,19,48.01274300362252,7.872538001052288,2022-06-27,2022-07-26,2022-07-16,european_hare,7
frge,19,48.01274300362252,7.872538001052288,2022-06-27,2022-07-26,2022-07-16,red_fox,3
frge,19,48.01274300362252,7.872538001052288,2022-06-27,2022-07-26,2022-07-17,red_fox,5
frge,19,48.01274300362252,7.872538001052288,2022-06-27,2022-07-26,2022-07-17,stone_marten,1
frge,19,48.01274300362252,7.872538001052288,2022-06-27,2022-07-26,2022-07-18,european_hare,13
frge,19,48.01274300362252,7.872538001052288,2022-06-27,2022-07-26,2022-07-18,red_fox,5
frge,19,48.01274300362252,7.872538001052288,2022-06-27,2022-07-26,2022-07-18,stone_marten,1
frge,19,48.01274300362252,7.872538001052288,2022-06-27,2022-07-26,2022-07-19,european_hare,10
frge,19,48.01274300362252,7.872538001052288,2022-06-27,2022-07-26,2022-07-19,stone_marten,1
frge,19,48.01274300362252,7.872538001052288,2022-06-27,2022-07-26,2022-07-20,domestic_cat,1
frge,19,48.01274300362252,7.872538001052288,2022-06-27,2022-07-26,2022-07-20,european_hare,1
frge,19,48.01274300362252,7.872538001052288,2022-06-27,2022-07-26,2022-07-20,stone_marten,1
frge,19,48.01274300362252,7.872538001052288,2022-06-27,2022-07-26,2022-07-21,european_hare,3
frge,19,48.01274300362252,7.872538001052288,2022-06-27,2022-07-26,2022-07-21,red_fox,1
frge,19,48.01274300362252,7.872538001052288,2022-06-27,2022-07-26,2022-07-22,domestic_cat,1
frge,19,48.01274300362252,7.872538001052288,2022-06-27,2022-07-26,2022-07-22,european_hare,3
frge,19,48.01274300362252,7.872538001052288,2022-06-27,2022-07-26,2022-07-23,european_hare,1
frge,19,48.01274300362252,7.872538001052288,2022-06-27,2022-07-26,2022-07-23,red_fox,1
frge,19,48.01274300362252,7.872538001052288,2022-06-27,2022-07-26,2022-07-23,stone_marten,1
frge,19,48.01274300362252,7.872538001052288,2022-06-27,2022-07-26,2022-07-24,domestic_cat,3
frge,19,48.01274300362252,7.872538001052288,2022-06-27,2022-07-26,2022-07-24,red_fox,1
frge,19,48.01274300362252,7.872538001052288,2022-06-27,2022-07-26,2022-07-25,red_fox,1
frge,19,48.01274300362252,7.872538001052288,2022-06-27,2022-07-26,2022-07-26,domestic_cat,1
frge,19,48.01274300362252,7.872538001052288,2023-06-27,2023-07-11,2023-06-28,roe_deer,1
frge,19,48.01274300362252,7.872538001052288,2023-06-27,2023-07-11,2023-06-29,red_fox,1
frge,19,48.01274300362252,7.872538001052288,2023-06-27,2023-07-11,2023-06-29,roe_deer,3
frge,19,48.01274300362252,7.872538001052288,2023-06-27,2023-07-11,2023-06-30,red_fox,1
frge,19,48.01274300362252,7.872538001052288,2023-06-27,2023-07-11,2023-06-30,roe_deer,1
frge,19,48.01274300362252,7.872538001052288,2023-06-27,2023-07-11,2023-07-01,roe_deer,2
frge,19,48.01274300362252,7.872538001052288,2023-06-27,2023-07-11,2023-07-02,roe_deer,12
frge,19,48.01274300362252,7.872538001052288,2023-06-27,2023-07-11,2023-07-03,roe_deer,1
frge,19,48.01274300362252,7.872538001052288,2023-06-27,2023-07-11,2023-07-04,roe_deer,5
frge,19,48.01274300362252,7.872538001052288,2023-06-27,2023-07-11,2023-07-05,roe_deer,36
frge,19,48.01274300362252,7.872538001052288,2023-06-27,2023-07-11,2023-07-06,roe_deer,100
frge,19,48.01274300362252,7.872538001052288,2023-06-27,2023-07-11,2023-07-07,roe_deer,55
frge,19,48.01274300362252,7.872538001052288,2023-06-27,2023-07-11,2023-07-08,red_fox,2
frge,19,48.01274300362252,7.872538001052288,2023-06-27,2023-07-11,2023-07-08,roe_deer,43
frge,19,48.01274300362252,7.872538001052288,2023-06-27,2023-07-11,2023-07-09,european_hare,2
frge,19,48.01274300362252,7.872538001052288,2023-06-27,2023-07-11,2023-07-09,roe_deer,18
frge,19,48.01274300362252,7.872538001052288,2023-06-27,2023-07-11,2023-07-10,roe_deer,32
frge,19,48.01274300362252,7.872538001052288,2023-06-27,2023-07-11,2023-07-11,roe_deer,20
frge,19,48.01274300362252,7.872538001052288,2024-06-26,2024-07-29,2024-07-05,red_fox,1
frge,19,48.01274300362252,7.872538001052288,2024-06-26,2024-07-29,2024-07-16,roe_deer,2
frge,19,48.01274300362252,7.872538001052288,2024-06-26,2024-07-29,2024-07-19,roe_deer,3
frge,19,48.01274300362252,7.872538001052288,2022-01-13,2022-02-12,2022-01-14,european_hare,1
frge,19,48.01274300362252,7.872538001052288,2022-01-13,2022-02-12,2022-01-15,red_fox,1
frge,19,48.01274300362252,7.872538001052288,2022-01-13,2022-02-12,2022-01-16,european_hare,1
frge,19,48.01274300362252,7.872538001052288,2022-01-13,2022-02-12,2022-01-19,red_fox,1
frge,19,48.01274300362252,7.872538001052288,2022-01-13,2022-02-12,2022-01-20,roe_deer,1
frge,19,48.01274300362252,7.872538001052288,2022-01-13,2022-02-12,2022-01-23,european_red_squirrel,1
frge,19,48.01274300362252,7.872538001052288,2022-01-13,2022-02-12,2022-01-26,european_hare,1
frge,19,48.01274300362252,7.872538001052288,2022-01-13,2022-02-12,2022-01-26,roe_deer,1
frge,19,48.01274300362252,7.872538001052288,2022-01-13,2022-02-12,2022-01-27,roe_deer,1
frge,19,48.01274300362252,7.872538001052288,2022-01-13,2022-02-12,2022-01-28,european_hare,2
frge,19,48.01274300362252,7.872538001052288,2022-01-13,2022-02-12,2022-01-29,red_fox,1
frge,19,48.01274300362252,7.872538001052288,2022-01-13,2022-02-12,2022-01-30,stone_marten,1
frge,19,48.01274300362252,7.872538001052288,2022-01-13,2022-02-12,2022-01-31,european_hare,2
frge,19,48.01274300362252,7.872538001052288,2022-01-13,2022-02-12,2022-02-01,european_hare,1
frge,19,48.01274300362252,7.872538001052288,2022-01-13,2022-02-12,2022-02-02,stone_marten,2
frge,19,48.01274300362252,7.872538001052288,2022-01-13,2022-02-12,2022-02-03,red_fox,2
frge,19,48.01274300362252,7.872538001052288,2022-01-13,2022-02-12,2022-02-03,roe_deer,1
frge,19,48.01274300362252,7.872538001052288,2022-01-13,2022-02-12,2022-02-05,european_hare,1
frge,19,48.01274300362252,7.872538001052288,2022-01-13,2022-02-12,2022-02-07,european_hare,1
frge,19,48.01274300362252,7.872538001052288,2022-01-13,2022-02-12,2022-02-07,stone_marten,1
frge,19,48.01274300362252,7.872538001052288,2022-01-13,2022-02-12,2022-02-08,european_hare,3
frge,19,48.01274300362252,7.872538001052288,2022-01-13,2022-02-12,2022-02-08,european_red_squirrel,2
frge,19,48.01274300362252,7.872538001052288,2022-01-13,2022-02-12,2022-02-09,european_hare,2
frge,19,48.01274300362252,7.872538001052288,2022-01-13,2022-02-12,2022-02-10,stone_marten,1
frge,19,48.01274300362252,7.872538001052288,2022-01-13,2022-02-12,2022-02-11,european_hare,2
frge,19,48.01274300362252,7.872538001052288,2022-01-13,2022-02-12,2022-02-12,european_hare,1
frge,19,48.01274300362252,7.872538001052288,2023-01-10,2023-02-09,2023-01-11,european_hare,2
frge,19,48.01274300362252,7.872538001052288,2023-01-10,2023-02-09,2023-01-11,stone_marten,1
frge,19,48.01274300362252,7.872538001052288,2023-01-10,2023-02-09,2023-01-12,red_fox,2
frge,19,48.01274300362252,7.872538001052288,2023-01-10,2023-02-09,2023-01-12,stone_marten,1
frge,19,48.01274300362252,7.872538001052288,2023-01-10,2023-02-09,2023-01-13,european_hare,1
frge,19,48.01274300362252,7.872538001052288,2023-01-10,2023-02-09,2023-01-14,european_hare,1
frge,19,48.01274300362252,7.872538001052288,2023-01-10,2023-02-09,2023-01-14,roe_deer,3
frge,19,48.01274300362252,7.872538001052288,2023-01-10,2023-02-09,2023-01-15,stone_marten,1
frge,19,48.01274300362252,7.872538001052288,2023-01-10,2023-02-09,2023-01-16,european_hare,1
frge,19,48.01274300362252,7.872538001052288,2023-01-10,2023-02-09,2023-01-16,red_fox,1
frge,19,48.01274300362252,7.872538001052288,2023-01-10,2023-02-09,2023-01-17,european_hare,4
frge,19,48.01274300362252,7.872538001052288,2023-01-10,2023-02-09,2023-01-17,roe_deer,4
frge,19,48.01274300362252,7.872538001052288,2023-01-10,2023-02-09,2023-01-18,european_hare,1
frge,19,48.01274300362252,7.872538001052288,2023-01-10,2023-02-09,2023-01-18,red_fox,1
frge,19,48.01274300362252,7.872538001052288,2023-01-10,2023-02-09,2023-01-19,european_hare,1
frge,19,48.01274300362252,7.872538001052288,2023-01-10,2023-02-09,2023-01-19,red_fox,2
frge,19,48.01274300362252,7.872538001052288,2023-01-10,2023-02-09,2023-01-20,european_hare,5
frge,19,48.01274300362252,7.872538001052288,2023-01-10,2023-02-09,2023-01-21,european_hare,1
frge,19,48.01274300362252,7.872538001052288,2023-01-10,2023-02-09,2023-01-21,roe_deer,1
frge,19,48.01274300362252,7.872538001052288,2023-01-10,2023-02-09,2023-01-22,roe_deer,4
frge,19,48.01274300362252,7.872538001052288,2023-01-10,2023-02-09,2023-01-23,european_hare,1
frge,19,48.01274300362252,7.872538001052288,2023-01-10,2023-02-09,2023-01-23,roe_deer,1
frge,19,48.01274300362252,7.872538001052288,2023-01-10,2023-02-09,2023-01-24,roe_deer,2
frge,19,48.01274300362252,7.872538001052288,2023-01-10,2023-02-09,2023-01-25,european_hare,1
frge,19,48.01274300362252,7.872538001052288,2023-01-10,2023-02-09,2023-01-25,roe_deer,1
frge,19,48.01274300362252,7.872538001052288,2023-01-10,2023-02-09,2023-01-25,stone_marten,1
frge,19,48.01274300362252,7.872538001052288,2023-01-10,2023-02-09,2023-01-26,european_hare,1
frge,19,48.01274300362252,7.872538001052288,2023-01-10,2023-02-09,2023-01-26,stone_marten,2
frge,19,48.01274300362252,7.872538001052288,2023-01-10,2023-02-09,2023-01-28,red_fox,3
frge,19,48.01274300362252,7.872538001052288,2023-01-10,2023-02-09,2023-01-29,european_hare,1
frge,19,48.01274300362252,7.872538001052288,2023-01-10,2023-02-09,2023-01-29,red_fox,1
frge,19,48.01274300362252,7.872538001052288,2023-01-10,2023-02-09,2023-01-29,stone_marten,1
frge,19,48.01274300362252,7.872538001052288,2023-01-10,2023-02-09,2023-01-30,european_hare,4
frge,19,48.01274300362252,7.872538001052288,2023-01-10,2023-02-09,2023-01-30,roe_deer,3
frge,19,48.01274300362252,7.872538001052288,2023-01-10,2023-02-09,2023-01-30,stone_marten,2
frge,19,48.01274300362252,7.872538001052288,2023-01-10,2023-02-09,2023-01-31,european_hare,8
frge,19,48.01274300362252,7.872538001052288,2023-01-10,2023-02-09,2023-01-31,stone_marten,1
frge,19,48.01274300362252,7.872538001052288,2023-01-10,2023-02-09,2023-02-01,european_hare,1
frge,19,48.01274300362252,7.872538001052288,2023-01-10,2023-02-09,2023-02-01,stone_marten,2
frge,19,48.01274300362252,7.872538001052288,2023-01-10,2023-02-09,2023-02-02,european_hare,2
frge,19,48.01274300362252,7.872538001052288,2023-01-10,2023-02-09,2023-02-03,european_badger,1
frge,19,48.01274300362252,7.872538001052288,2023-01-10,2023-02-09,2023-02-03,european_hare,4
frge,19,48.01274300362252,7.872538001052288,2023-01-10,2023-02-09,2023-02-03,roe_deer,2
frge,19,48.01274300362252,7.872538001052288,2023-01-10,2023-02-09,2023-02-05,red_fox,1
frge,19,48.01274300362252,7.872538001052288,2023-01-10,2023-02-09,2023-02-06,european_hare,1
frge,19,48.01274300362252,7.872538001052288,2023-01-10,2023-02-09,2023-02-07,european_hare,1
frge,19,48.01274300362252,7.872538001052288,2023-01-10,2023-02-09,2023-02-08,european_hare,3
frge,19,48.01274300362252,7.872538001052288,2023-01-10,2023-02-09,2023-02-08,stone_marten,1
frge,19,48.01274300362252,7.872538001052288,2023-12-29,2024-01-31,2023-12-30,european_hare,1
frge,19,48.01274300362252,7.872538001052288,2023-12-29,2024-01-31,2023-12-30,roe_deer,2
frge,19,48.01274300362252,7.872538001052288,2023-12-29,2024-01-31,2024-01-01,red_fox,1
frge,19,48.01274300362252,7.872538001052288,2023-12-29,2024-01-31,2024-01-01,roe_deer,1
frge,19,48.01274300362252,7.872538001052288,2023-12-29,2024-01-31,2024-01-05,european_hare,1
frge,19,48.01274300362252,7.872538001052288,2023-12-29,2024-01-31,2024-01-05,roe_deer,1
frge,19,48.01274300362252,7.872538001052288,2023-12-29,2024-01-31,2024-01-08,roe_deer,5
frge,19,48.01274300362252,7.872538001052288,2023-12-29,2024-01-31,2024-01-09,roe_deer,11
frge,19,48.01274300362252,7.872538001052288,2023-12-29,2024-01-31,2024-01-10,red_fox,1
frge,19,48.01274300362252,7.872538001052288,2023-12-29,2024-01-31,2024-01-11,european_hare,1
frge,19,48.01274300362252,7.872538001052288,2023-12-29,2024-01-31,2024-01-11,roe_deer,10
frge,19,48.01274300362252,7.872538001052288,2023-12-29,2024-01-31,2024-01-13,european_hare,1
frge,19,48.01274300362252,7.872538001052288,2023-12-29,2024-01-31,2024-01-14,roe_deer,1
frge,19,48.01274300362252,7.872538001052288,2023-12-29,2024-01-31,2024-01-17,roe_deer,1
frge,19,48.01274300362252,7.872538001052288,2023-12-29,2024-01-31,2024-01-19,red_fox,1
frge,19,48.01274300362252,7.872538001052288,2023-12-29,2024-01-31,2024-01-20,red_fox,1
frge,19,48.01274300362252,7.872538001052288,2023-12-29,2024-01-31,2024-01-21,red_fox,1
frge,19,48.01274300362252,7.872538001052288,2023-12-29,2024-01-31,2024-01-24,roe_deer,1
frge,19,48.01274300362252,7.872538001052288,2023-12-29,2024-01-31,2024-01-25,roe_deer,3
frge,19,48.01274300362252,7.872538001052288,2023-12-29,2024-01-31,2024-01-27,european_hare,1
frge,19,48.01274300362252,7.872538001052288,2023-12-29,2024-01-31,2024-01-27,roe_deer,3
frge,19,48.01274300362252,7.872538001052288,2023-12-29,2024-01-31,2024-01-28,european_hare,2
frge,19,48.01274300362252,7.872538001052288,2023-12-29,2024-01-31,2024-01-30,roe_deer,3
frge,20,48.001611003614904,7.8682510010474225,2022-10-06,2022-11-04,2022-10-07,roe_deer,9
frge,20,48.001611003614904,7.8682510010474225,2022-10-06,2022-11-04,2022-10-08,roe_deer,2
frge,20,48.001611003614904,7.8682510010474225,2022-10-06,2022-11-04,2022-10-17,roe_deer,1
frge,20,48.001611003614904,7.8682510010474225,2022-10-06,2022-11-04,2022-10-23,european_red_squirrel,4
frge,20,48.001611003614904,7.8682510010474225,2022-10-06,2022-11-04,2022-10-24,roe_deer,1
frge,20,48.001611003614904,7.8682510010474225,2022-10-06,2022-11-04,2022-10-25,roe_deer,2
frge,20,48.001611003614904,7.8682510010474225,2022-10-06,2022-11-04,2022-10-29,european_red_squirrel,1
frge,20,48.001611003614904,7.8682510010474225,2022-10-06,2022-11-04,2022-11-04,european_badger,7
frge,20,48.001611003614904,7.8682510010474225,2023-10-04,2023-11-02,2023-10-05,european_badger,2
frge,20,48.001611003614904,7.8682510010474225,2023-10-04,2023-11-02,2023-10-05,roe_deer,9
frge,20,48.001611003614904,7.8682510010474225,2023-10-04,2023-11-02,2023-10-06,roe_deer,4
frge,20,48.001611003614904,7.8682510010474225,2023-10-04,2023-11-02,2023-10-08,domestic_cat,1
frge,20,48.001611003614904,7.8682510010474225,2023-10-04,2023-11-02,2023-10-08,roe_deer,4
frge,20,48.001611003614904,7.8682510010474225,2023-10-04,2023-11-02,2023-10-09,roe_deer,1
frge,20,48.001611003614904,7.8682510010474225,2023-10-04,2023-11-02,2023-10-09,stone_marten,1
frge,20,48.001611003614904,7.8682510010474225,2023-10-04,2023-11-02,2023-10-10,domestic_cat,3
frge,20,48.001611003614904,7.8682510010474225,2023-10-04,2023-11-02,2023-10-10,stone_marten,1
frge,20,48.001611003614904,7.8682510010474225,2023-10-04,2023-11-02,2023-10-11,domestic_cat,1
frge,20,48.001611003614904,7.8682510010474225,2023-10-04,2023-11-02,2023-10-11,roe_deer,3
frge,20,48.001611003614904,7.8682510010474225,2023-10-04,2023-11-02,2023-10-13,domestic_cat,3
frge,20,48.001611003614904,7.8682510010474225,2023-10-04,2023-11-02,2023-10-13,roe_deer,7
frge,20,48.001611003614904,7.8682510010474225,2023-10-04,2023-11-02,2023-10-14,european_badger,1
frge,20,48.001611003614904,7.8682510010474225,2023-10-04,2023-11-02,2023-10-15,domestic_cat,1
frge,20,48.001611003614904,7.8682510010474225,2023-10-04,2023-11-02,2023-10-15,roe_deer,2
frge,20,48.001611003614904,7.8682510010474225,2023-10-04,2023-11-02,2023-10-16,domestic_cat,1
frge,20,48.001611003614904,7.8682510010474225,2023-10-04,2023-11-02,2023-10-16,european_badger,2
frge,20,48.001611003614904,7.8682510010474225,2023-10-04,2023-11-02,2023-10-16,roe_deer,1
frge,20,48.001611003614904,7.8682510010474225,2023-10-04,2023-11-02,2023-10-17,domestic_cat,5
frge,20,48.001611003614904,7.8682510010474225,2023-10-04,2023-11-02,2023-10-17,red_fox,1
frge,20,48.001611003614904,7.8682510010474225,2023-10-04,2023-11-02,2023-10-17,roe_deer,10
frge,20,48.001611003614904,7.8682510010474225,2023-10-04,2023-11-02,2023-10-18,european_badger,4
frge,20,48.001611003614904,7.8682510010474225,2023-10-04,2023-11-02,2023-10-18,roe_deer,11
frge,20,48.001611003614904,7.8682510010474225,2023-10-04,2023-11-02,2023-10-19,european_red_squirrel,1
frge,20,48.001611003614904,7.8682510010474225,2023-10-04,2023-11-02,2023-10-20,domestic_cat,1
frge,20,48.001611003614904,7.8682510010474225,2023-10-04,2023-11-02,2023-10-21,domestic_cat,3
frge,20,48.001611003614904,7.8682510010474225,2023-10-04,2023-11-02,2023-10-21,european_badger,4
frge,20,48.001611003614904,7.8682510010474225,2023-10-04,2023-11-02,2023-10-22,european_badger,2
frge,20,48.001611003614904,7.8682510010474225,2023-10-04,2023-11-02,2023-10-22,wild_boar,10
frge,20,48.001611003614904,7.8682510010474225,2023-10-04,2023-11-02,2023-10-23,roe_deer,4
frge,20,48.001611003614904,7.8682510010474225,2023-10-04,2023-11-02,2023-10-23,wild_boar,1
frge,20,48.001611003614904,7.8682510010474225,2023-10-04,2023-11-02,2023-10-24,domestic_cat,3
frge,20,48.001611003614904,7.8682510010474225,2023-10-04,2023-11-02,2023-10-24,roe_deer,2
frge,20,48.001611003614904,7.8682510010474225,2023-10-04,2023-11-02,2023-10-25,domestic_cat,2
frge,20,48.001611003614904,7.8682510010474225,2023-10-04,2023-11-02,2023-10-25,wild_boar,3
frge,20,48.001611003614904,7.8682510010474225,2023-10-04,2023-11-02,2023-10-27,european_badger,1
frge,20,48.001611003614904,7.8682510010474225,2023-10-04,2023-11-02,2023-10-29,red_fox,1
frge,20,48.001611003614904,7.8682510010474225,2023-10-04,2023-11-02,2023-10-31,domestic_cat,3
frge,20,48.001611003614904,7.8682510010474225,2023-10-04,2023-11-02,2023-11-01,european_badger,1
frge,20,48.001611003614904,7.8682510010474225,2023-10-04,2023-11-02,2023-11-02,domestic_cat,2
frge,20,48.001611003614904,7.8682510010474225,2024-10-10,2024-11-21,2024-10-11,red_fox,1
frge,20,48.001611003614904,7.8682510010474225,2024-10-10,2024-11-21,2024-10-11,roe_deer,8
frge,20,48.001611003614904,7.8682510010474225,2024-10-10,2024-11-21,2024-10-12,european_badger,2
frge,20,48.001611003614904,7.8682510010474225,2024-10-10,2024-11-21,2024-10-12,roe_deer,16
frge,20,48.001611003614904,7.8682510010474225,2024-10-10,2024-11-21,2024-10-13,roe_deer,3
frge,20,48.001611003614904,7.8682510010474225,2024-10-10,2024-11-21,2024-10-14,roe_deer,3
frge,20,48.001611003614904,7.8682510010474225,2024-10-10,2024-11-21,2024-10-15,roe_deer,2
frge,20,48.001611003614904,7.8682510010474225,2024-10-10,2024-11-21,2024-10-16,domestic_cat,1
frge,20,48.001611003614904,7.8682510010474225,2024-10-10,2024-11-21,2024-10-16,stone_marten,1
frge,20,48.001611003614904,7.8682510010474225,2024-10-10,2024-11-21,2024-10-17,red_fox,1
frge,20,48.001611003614904,7.8682510010474225,2024-10-10,2024-11-21,2024-10-17,roe_deer,1
frge,20,48.001611003614904,7.8682510010474225,2024-10-10,2024-11-21,2024-10-18,roe_deer,7
frge,20,48.001611003614904,7.8682510010474225,2024-10-10,2024-11-21,2024-10-18,stone_marten,2
frge,20,48.001611003614904,7.8682510010474225,2024-10-10,2024-11-21,2024-10-19,domestic_cat,1
frge,20,48.001611003614904,7.8682510010474225,2024-10-10,2024-11-21,2024-10-19,red_fox,1
frge,20,48.001611003614904,7.8682510010474225,2024-10-10,2024-11-21,2024-10-20,roe_deer,3
frge,20,48.001611003614904,7.8682510010474225,2024-10-10,2024-11-21,2024-10-21,european_badger,2
frge,20,48.001611003614904,7.8682510010474225,2024-10-10,2024-11-21,2024-10-21,red_fox,1
frge,20,48.001611003614904,7.8682510010474225,2024-10-10,2024-11-21,2024-10-21,roe_deer,2
frge,20,48.001611003614904,7.8682510010474225,2024-10-10,2024-11-21,2024-10-22,european_badger,1
frge,20,48.001611003614904,7.8682510010474225,2024-10-10,2024-11-21,2024-10-22,red_fox,1
frge,20,48.001611003614904,7.8682510010474225,2024-10-10,2024-11-21,2024-10-23,red_fox,3
frge,20,48.001611003614904,7.8682510010474225,2024-10-10,2024-11-21,2024-10-23,roe_deer,3
frge,20,48.001611003614904,7.8682510010474225,2024-10-10,2024-11-21,2024-10-24,red_fox,4
frge,20,48.001611003614904,7.8682510010474225,2024-10-10,2024-11-21,2024-10-24,roe_deer,2
frge,20,48.001611003614904,7.8682510010474225,2024-10-10,2024-11-21,2024-10-24,stone_marten,1
frge,20,48.001611003614904,7.8682510010474225,2024-10-10,2024-11-21,2024-10-25,roe_deer,3
frge,20,48.001611003614904,7.8682510010474225,2024-10-10,2024-11-21,2024-10-26,roe_deer,22
frge,20,48.001611003614904,7.8682510010474225,2024-10-10,2024-11-21,2024-10-27,red_fox,1
frge,20,48.001611003614904,7.8682510010474225,2024-10-10,2024-11-21,2024-10-27,european_red_squirrel,1
frge,20,48.001611003614904,7.8682510010474225,2024-10-10,2024-11-21,2024-10-27,roe_deer,3
frge,20,48.001611003614904,7.8682510010474225,2024-10-10,2024-11-21,2024-10-28,roe_deer,1
frge,20,48.001611003614904,7.8682510010474225,2024-10-10,2024-11-21,2024-10-29,red_fox,1
frge,20,48.001611003614904,7.8682510010474225,2024-10-10,2024-11-21,2024-10-29,roe_deer,3
frge,20,48.001611003614904,7.8682510010474225,2024-10-10,2024-11-21,2024-10-29,stone_marten,1
frge,20,48.001611003614904,7.8682510010474225,2024-10-10,2024-11-21,2024-10-30,roe_deer,6
frge,20,48.001611003614904,7.8682510010474225,2024-10-10,2024-11-21,2024-10-31,red_fox,1
frge,20,48.001611003614904,7.8682510010474225,2024-10-10,2024-11-21,2024-10-31,roe_deer,2
frge,20,48.001611003614904,7.8682510010474225,2024-10-10,2024-11-21,2024-11-01,roe_deer,3
frge,20,48.001611003614904,7.8682510010474225,2024-10-10,2024-11-21,2024-11-01,stone_marten,1
frge,20,48.001611003614904,7.8682510010474225,2024-10-10,2024-11-21,2024-11-02,roe_deer,2
frge,20,48.001611003614904,7.8682510010474225,2024-10-10,2024-11-21,2024-11-03,european_badger,1
frge,20,48.001611003614904,7.8682510010474225,2024-10-10,2024-11-21,2024-11-03,roe_deer,3
frge,20,48.001611003614904,7.8682510010474225,2024-10-10,2024-11-21,2024-11-03,stone_marten,3
frge,20,48.001611003614904,7.8682510010474225,2024-10-10,2024-11-21,2024-11-04,roe_deer,10
frge,20,48.001611003614904,7.8682510010474225,2024-10-10,2024-11-21,2024-11-05,european_badger,1
frge,20,48.001611003614904,7.8682510010474225,2024-10-10,2024-11-21,2024-11-05,roe_deer,9
frge,20,48.001611003614904,7.8682510010474225,2024-10-10,2024-11-21,2024-11-06,red_fox,1
frge,20,48.001611003614904,7.8682510010474225,2024-10-10,2024-11-21,2024-11-07,roe_deer,3
frge,20,48.001611003614904,7.8682510010474225,2024-10-10,2024-11-21,2024-11-08,roe_deer,3
frge,20,48.001611003614904,7.8682510010474225,2024-10-10,2024-11-21,2024-11-09,european_red_squirrel,2
frge,20,48.001611003614904,7.8682510010474225,2024-10-10,2024-11-21,2024-11-09,roe_deer,3
frge,20,48.001611003614904,7.8682510010474225,2024-10-10,2024-11-21,2024-11-10,roe_deer,15
frge,20,48.001611003614904,7.8682510010474225,2024-10-10,2024-11-21,2024-11-10,stone_marten,1
frge,20,48.001611003614904,7.8682510010474225,2024-10-10,2024-11-21,2024-11-11,roe_deer,29
frge,20,48.001611003614904,7.8682510010474225,2024-10-10,2024-11-21,2024-11-11,stone_marten,1
frge,20,48.001611003614904,7.8682510010474225,2024-10-10,2024-11-21,2024-11-12,roe_deer,17
frge,20,48.001611003614904,7.8682510010474225,2024-10-10,2024-11-21,2024-11-13,domestic_cat,1
frge,20,48.001611003614904,7.8682510010474225,2024-10-10,2024-11-21,2024-11-13,roe_deer,6
frge,20,48.001611003614904,7.8682510010474225,2024-10-10,2024-11-21,2024-11-14,roe_deer,2
frge,20,48.001611003614904,7.8682510010474225,2024-10-10,2024-11-21,2024-11-16,roe_deer,30
frge,20,48.001611003614904,7.8682510010474225,2024-10-10,2024-11-21,2024-11-17,european_badger,1
frge,20,48.001611003614904,7.8682510010474225,2024-10-10,2024-11-21,2024-11-17,roe_deer,5
frge,20,48.001611003614904,7.8682510010474225,2024-10-10,2024-11-21,2024-11-18,european_badger,1
frge,20,48.001611003614904,7.8682510010474225,2024-10-10,2024-11-21,2024-11-18,roe_deer,4
frge,20,48.001611003614904,7.8682510010474225,2024-10-10,2024-11-21,2024-11-19,roe_deer,2
frge,20,48.001611003614904,7.8682510010474225,2022-03-31,2022-04-29,2022-03-31,roe_deer,2
frge,20,48.001611003614904,7.8682510010474225,2022-03-31,2022-04-29,2022-04-01,roe_deer,1
frge,20,48.001611003614904,7.8682510010474225,2022-03-31,2022-04-29,2022-04-03,roe_deer,2
frge,20,48.001611003614904,7.8682510010474225,2022-03-31,2022-04-29,2022-04-04,roe_deer,2
frge,20,48.001611003614904,7.8682510010474225,2022-03-31,2022-04-29,2022-04-06,european_badger,1
frge,20,48.001611003614904,7.8682510010474225,2022-03-31,2022-04-29,2022-04-06,roe_deer,1
frge,20,48.001611003614904,7.8682510010474225,2022-03-31,2022-04-29,2022-04-07,roe_deer,3
frge,20,48.001611003614904,7.8682510010474225,2022-03-31,2022-04-29,2022-04-07,wild_boar,1
frge,20,48.001611003614904,7.8682510010474225,2022-03-31,2022-04-29,2022-04-08,european_badger,1
frge,20,48.001611003614904,7.8682510010474225,2022-03-31,2022-04-29,2022-04-09,roe_deer,7
frge,20,48.001611003614904,7.8682510010474225,2022-03-31,2022-04-29,2022-04-10,roe_deer,1
frge,20,48.001611003614904,7.8682510010474225,2022-03-31,2022-04-29,2022-04-11,roe_deer,4
frge,20,48.001611003614904,7.8682510010474225,2022-03-31,2022-04-29,2022-04-11,stone_marten,1
frge,20,48.001611003614904,7.8682510010474225,2022-03-31,2022-04-29,2022-04-12,roe_deer,3
frge,20,48.001611003614904,7.8682510010474225,2022-03-31,2022-04-29,2022-04-13,roe_deer,1
frge,20,48.001611003614904,7.8682510010474225,2022-03-31,2022-04-29,2022-04-15,stone_marten,1
frge,20,48.001611003614904,7.8682510010474225,2022-03-31,2022-04-29,2022-04-17,roe_deer,1
frge,20,48.001611003614904,7.8682510010474225,2022-03-31,2022-04-29,2022-04-18,roe_deer,4
frge,20,48.001611003614904,7.8682510010474225,2022-03-31,2022-04-29,2022-04-19,roe_deer,2
frge,20,48.001611003614904,7.8682510010474225,2022-03-31,2022-04-29,2022-04-20,wild_boar,1
frge,20,48.001611003614904,7.8682510010474225,2022-03-31,2022-04-29,2022-04-21,roe_deer,4
frge,20,48.001611003614904,7.8682510010474225,2022-03-31,2022-04-29,2022-04-24,roe_deer,3
frge,20,48.001611003614904,7.8682510010474225,2022-03-31,2022-04-29,2022-04-26,roe_deer,1
frge,20,48.001611003614904,7.8682510010474225,2022-03-31,2022-04-29,2022-04-27,roe_deer,3
frge,20,48.001611003614904,7.8682510010474225,2022-03-31,2022-04-29,2022-04-29,roe_deer,1
frge,20,48.001611003614904,7.8682510010474225,2023-04-04,2023-05-04,2023-04-05,roe_deer,1
frge,20,48.001611003614904,7.8682510010474225,2023-04-04,2023-05-04,2023-04-08,roe_deer,3
frge,20,48.001611003614904,7.8682510010474225,2023-04-04,2023-05-04,2023-04-09,roe_deer,2
frge,20,48.001611003614904,7.8682510010474225,2023-04-04,2023-05-04,2023-04-16,roe_deer,1
frge,20,48.001611003614904,7.8682510010474225,2023-04-04,2023-05-04,2023-04-19,roe_deer,1
frge,20,48.001611003614904,7.8682510010474225,2023-04-04,2023-05-04,2023-04-20,roe_deer,1
frge,20,48.001611003614904,7.8682510010474225,2023-04-04,2023-05-04,2023-04-21,roe_deer,1
frge,20,48.001611003614904,7.8682510010474225,2023-04-04,2023-05-04,2023-04-22,roe_deer,3
frge,20,48.001611003614904,7.8682510010474225,2023-04-04,2023-05-04,2023-04-23,roe_deer,2
frge,20,48.001611003614904,7.8682510010474225,2023-04-04,2023-05-04,2023-04-24,roe_deer,1
frge,20,48.001611003614904,7.8682510010474225,2023-04-04,2023-05-04,2023-04-25,roe_deer,3
frge,20,48.001611003614904,7.8682510010474225,2023-04-04,2023-05-04,2023-04-27,roe_deer,1
frge,20,48.001611003614904,7.8682510010474225,2023-04-04,2023-05-04,2023-04-30,roe_deer,1
frge,20,48.001611003614904,7.8682510010474225,2023-04-04,2023-05-04,2023-05-01,roe_deer,2
frge,20,48.001611003614904,7.8682510010474225,2023-04-04,2023-05-04,2023-05-02,roe_deer,1
frge,20,48.001611003614904,7.8682510010474225,2023-04-04,2023-05-04,2023-05-03,roe_deer,2
frge,20,48.001611003614904,7.8682510010474225,2023-04-04,2023-05-04,2023-05-04,roe_deer,1
frge,20,48.001611003614904,7.8682510010474225,2024-03-27,2024-05-05,2024-03-27,roe_deer,17
frge,20,48.001611003614904,7.8682510010474225,2024-03-27,2024-05-05,2024-03-28,red_fox,1
frge,20,48.001611003614904,7.8682510010474225,2024-03-27,2024-05-05,2024-03-28,roe_deer,5
frge,20,48.001611003614904,7.8682510010474225,2024-03-27,2024-05-05,2024-03-29,european_badger,1
frge,20,48.001611003614904,7.8682510010474225,2024-03-27,2024-05-05,2024-03-29,roe_deer,1
frge,20,48.001611003614904,7.8682510010474225,2024-03-27,2024-05-05,2024-03-31,european_badger,1
frge,20,48.001611003614904,7.8682510010474225,2024-03-27,2024-05-05,2024-03-31,red_fox,1
frge,20,48.001611003614904,7.8682510010474225,2024-03-27,2024-05-05,2024-03-31,roe_deer,1
frge,20,48.001611003614904,7.8682510010474225,2024-03-27,2024-05-05,2024-03-31,wild_boar,4
frge,20,48.001611003614904,7.8682510010474225,2024-03-27,2024-05-05,2024-04-01,european_badger,2
frge,20,48.001611003614904,7.8682510010474225,2024-03-27,2024-05-05,2024-04-01,roe_deer,5
frge,20,48.001611003614904,7.8682510010474225,2024-03-27,2024-05-05,2024-04-02,roe_deer,2
frge,20,48.001611003614904,7.8682510010474225,2024-03-27,2024-05-05,2024-04-03,roe_deer,2
frge,20,48.001611003614904,7.8682510010474225,2024-03-27,2024-05-05,2024-04-05,european_badger,2
frge,20,48.001611003614904,7.8682510010474225,2024-03-27,2024-05-05,2024-04-05,red_fox,1
frge,20,48.001611003614904,7.8682510010474225,2024-03-27,2024-05-05,2024-04-05,roe_deer,2
frge,20,48.001611003614904,7.8682510010474225,2024-03-27,2024-05-05,2024-04-06,roe_deer,1
frge,20,48.001611003614904,7.8682510010474225,2024-03-27,2024-05-05,2024-04-07,european_badger,1
frge,20,48.001611003614904,7.8682510010474225,2024-03-27,2024-05-05,2024-04-07,roe_deer,1
frge,20,48.001611003614904,7.8682510010474225,2024-03-27,2024-05-05,2024-04-08,european_badger,1
frge,20,48.001611003614904,7.8682510010474225,2024-03-27,2024-05-05,2024-04-08,roe_deer,6
frge,20,48.001611003614904,7.8682510010474225,2024-03-27,2024-05-05,2024-04-09,european_badger,1
frge,20,48.001611003614904,7.8682510010474225,2024-03-27,2024-05-05,2024-04-09,roe_deer,3
frge,20,48.001611003614904,7.8682510010474225,2024-03-27,2024-05-05,2024-04-10,domestic_cat,1
frge,20,48.001611003614904,7.8682510010474225,2024-03-27,2024-05-05,2024-04-11,european_badger,1
frge,20,48.001611003614904,7.8682510010474225,2024-03-27,2024-05-05,2024-04-11,red_fox,1
frge,20,48.001611003614904,7.8682510010474225,2024-03-27,2024-05-05,2024-04-11,roe_deer,2
frge,20,48.001611003614904,7.8682510010474225,2024-03-27,2024-05-05,2024-04-13,red_fox,1
frge,20,48.001611003614904,7.8682510010474225,2024-03-27,2024-05-05,2024-04-13,roe_deer,1
frge,20,48.001611003614904,7.8682510010474225,2024-03-27,2024-05-05,2024-04-14,red_fox,2
frge,20,48.001611003614904,7.8682510010474225,2024-03-27,2024-05-05,2024-04-15,roe_deer,2
frge,20,48.001611003614904,7.8682510010474225,2024-03-27,2024-05-05,2024-04-16,roe_deer,2
frge,20,48.001611003614904,7.8682510010474225,2024-03-27,2024-05-05,2024-04-17,roe_deer,2
frge,20,48.001611003614904,7.8682510010474225,2024-03-27,2024-05-05,2024-04-19,red_fox,1
frge,20,48.001611003614904,7.8682510010474225,2024-03-27,2024-05-05,2024-04-20,roe_deer,7
frge,20,48.001611003614904,7.8682510010474225,2024-03-27,2024-05-05,2024-04-21,roe_deer,2
frge,20,48.001611003614904,7.8682510010474225,2024-03-27,2024-05-05,2024-04-21,stone_marten,1
frge,20,48.001611003614904,7.8682510010474225,2024-03-27,2024-05-05,2024-04-22,red_fox,2
frge,20,48.001611003614904,7.8682510010474225,2024-03-27,2024-05-05,2024-04-22,roe_deer,1
frge,20,48.001611003614904,7.8682510010474225,2024-03-27,2024-05-05,2024-04-23,red_fox,2
frge,20,48.001611003614904,7.8682510010474225,2024-03-27,2024-05-05,2024-04-23,roe_deer,2
frge,20,48.001611003614904,7.8682510010474225,2024-03-27,2024-05-05,2024-04-23,stone_marten,6
frge,20,48.001611003614904,7.8682510010474225,2024-03-27,2024-05-05,2024-04-24,roe_deer,4
frge,20,48.001611003614904,7.8682510010474225,2024-03-27,2024-05-05,2024-04-24,stone_marten,1
frge,20,48.001611003614904,7.8682510010474225,2024-03-27,2024-05-05,2024-04-25,domestic_cat,1
frge,20,48.001611003614904,7.8682510010474225,2024-03-27,2024-05-05,2024-04-25,european_badger,2
frge,20,48.001611003614904,7.8682510010474225,2024-03-27,2024-05-05,2024-04-25,roe_deer,3
frge,20,48.001611003614904,7.8682510010474225,2024-03-27,2024-05-05,2024-04-26,european_badger,1
frge,20,48.001611003614904,7.8682510010474225,2024-03-27,2024-05-05,2024-04-26,stone_marten,3
frge,20,48.001611003614904,7.8682510010474225,2024-03-27,2024-05-05,2024-04-27,european_badger,1
frge,20,48.001611003614904,7.8682510010474225,2024-03-27,2024-05-05,2024-04-27,red_fox,1
frge,20,48.001611003614904,7.8682510010474225,2024-03-27,2024-05-05,2024-04-27,roe_deer,5
frge,20,48.001611003614904,7.8682510010474225,2024-03-27,2024-05-05,2024-04-29,domestic_cat,2
frge,20,48.001611003614904,7.8682510010474225,2024-03-27,2024-05-05,2024-04-29,roe_deer,2
frge,20,48.001611003614904,7.8682510010474225,2024-03-27,2024-05-05,2024-05-02,european_badger,1
frge,20,48.001611003614904,7.8682510010474225,2024-03-27,2024-05-05,2024-05-02,roe_deer,10
frge,20,48.001611003614904,7.8682510010474225,2024-03-27,2024-05-05,2024-05-02,wild_boar,1
frge,20,48.001611003614904,7.8682510010474225,2024-03-27,2024-05-05,2024-05-04,red_fox,2
frge,20,48.001611003614904,7.8682510010474225,2024-03-27,2024-05-05,2024-05-04,roe_deer,3
frge,20,48.001611003614904,7.8682510010474225,2024-03-27,2024-05-05,2024-05-05,roe_deer,2
frge,20,48.001611003614904,7.8682510010474225,2022-06-27,2022-07-26,2022-06-27,roe_deer,2
frge,20,48.001611003614904,7.8682510010474225,2022-06-27,2022-07-26,2022-06-28,european_badger,2
frge,20,48.001611003614904,7.8682510010474225,2022-06-27,2022-07-26,2022-06-28,european_red_squirrel,3
frge,20,48.001611003614904,7.8682510010474225,2022-06-27,2022-07-26,2022-06-28,stone_marten,1
frge,20,48.001611003614904,7.8682510010474225,2022-06-27,2022-07-26,2022-06-29,domestic_cat,2
frge,20,48.001611003614904,7.8682510010474225,2022-06-27,2022-07-26,2022-06-29,european_red_squirrel,5
frge,20,48.001611003614904,7.8682510010474225,2022-06-27,2022-07-26,2022-07-01,domestic_cat,23
frge,20,48.001611003614904,7.8682510010474225,2022-06-27,2022-07-26,2022-07-01,roe_deer,7
frge,20,48.001611003614904,7.8682510010474225,2022-06-27,2022-07-26,2022-07-01,stone_marten,2
frge,20,48.001611003614904,7.8682510010474225,2022-06-27,2022-07-26,2022-07-02,roe_deer,2
frge,20,48.001611003614904,7.8682510010474225,2022-06-27,2022-07-26,2022-07-03,european_badger,4
frge,20,48.001611003614904,7.8682510010474225,2022-06-27,2022-07-26,2022-07-03,european_red_squirrel,4
frge,20,48.001611003614904,7.8682510010474225,2022-06-27,2022-07-26,2022-07-04,european_red_squirrel,2
frge,20,48.001611003614904,7.8682510010474225,2022-06-27,2022-07-26,2022-07-04,roe_deer,2
frge,20,48.001611003614904,7.8682510010474225,2022-06-27,2022-07-26,2022-07-05,european_red_squirrel,6
frge,20,48.001611003614904,7.8682510010474225,2022-06-27,2022-07-26,2022-07-06,european_red_squirrel,2
frge,20,48.001611003614904,7.8682510010474225,2022-06-27,2022-07-26,2022-07-06,roe_deer,2
frge,20,48.001611003614904,7.8682510010474225,2022-06-27,2022-07-26,2022-07-07,european_red_squirrel,2
frge,20,48.001611003614904,7.8682510010474225,2022-06-27,2022-07-26,2022-07-07,roe_deer,7
frge,20,48.001611003614904,7.8682510010474225,2022-06-27,2022-07-26,2022-07-08,european_red_squirrel,4
frge,20,48.001611003614904,7.8682510010474225,2022-06-27,2022-07-26,2022-07-08,roe_deer,7
frge,20,48.001611003614904,7.8682510010474225,2022-06-27,2022-07-26,2022-07-09,european_red_squirrel,3
frge,20,48.001611003614904,7.8682510010474225,2022-06-27,2022-07-26,2022-07-09,roe_deer,8
frge,20,48.001611003614904,7.8682510010474225,2022-06-27,2022-07-26,2022-07-10,european_badger,2
frge,20,48.001611003614904,7.8682510010474225,2022-06-27,2022-07-26,2022-07-12,roe_deer,1
frge,20,48.001611003614904,7.8682510010474225,2022-06-27,2022-07-26,2022-07-13,european_red_squirrel,2
frge,20,48.001611003614904,7.8682510010474225,2022-06-27,2022-07-26,2022-07-13,roe_deer,3
frge,20,48.001611003614904,7.8682510010474225,2022-06-27,2022-07-26,2022-07-16,stone_marten,1
frge,20,48.001611003614904,7.8682510010474225,2022-06-27,2022-07-26,2022-07-17,red_fox,1
frge,20,48.001611003614904,7.8682510010474225,2022-06-27,2022-07-26,2022-07-17,roe_deer,1
frge,20,48.001611003614904,7.8682510010474225,2022-06-27,2022-07-26,2022-07-18,roe_deer,2
frge,20,48.001611003614904,7.8682510010474225,2022-06-27,2022-07-26,2022-07-20,european_red_squirrel,1
frge,20,48.001611003614904,7.8682510010474225,2022-06-27,2022-07-26,2022-07-21,european_red_squirrel,4
frge,20,48.001611003614904,7.8682510010474225,2022-06-27,2022-07-26,2022-07-21,roe_deer,1
frge,20,48.001611003614904,7.8682510010474225,2022-06-27,2022-07-26,2022-07-21,stone_marten,2
frge,20,48.001611003614904,7.8682510010474225,2022-06-27,2022-07-26,2022-07-22,roe_deer,4
frge,20,48.001611003614904,7.8682510010474225,2022-06-27,2022-07-26,2022-07-24,roe_deer,4
frge,20,48.001611003614904,7.8682510010474225,2023-06-27,2023-07-27,2023-06-28,roe_deer,2
frge,20,48.001611003614904,7.8682510010474225,2023-06-27,2023-07-27,2023-06-29,roe_deer,1
frge,20,48.001611003614904,7.8682510010474225,2023-06-27,2023-07-27,2023-06-30,roe_deer,1
frge,20,48.001611003614904,7.8682510010474225,2023-06-27,2023-07-27,2023-07-02,roe_deer,2
frge,20,48.001611003614904,7.8682510010474225,2023-06-27,2023-07-27,2023-07-08,roe_deer,1
frge,20,48.001611003614904,7.8682510010474225,2023-06-27,2023-07-27,2023-07-12,roe_deer,1
frge,20,48.001611003614904,7.8682510010474225,2023-06-27,2023-07-27,2023-07-14,european_badger,1
frge,20,48.001611003614904,7.8682510010474225,2023-06-27,2023-07-27,2023-07-18,roe_deer,4
frge,20,48.001611003614904,7.8682510010474225,2023-06-27,2023-07-27,2023-07-20,roe_deer,1
frge,20,48.001611003614904,7.8682510010474225,2023-06-27,2023-07-27,2023-07-21,roe_deer,1
frge,20,48.001611003614904,7.8682510010474225,2023-06-27,2023-07-27,2023-07-22,european_badger,1
frge,20,48.001611003614904,7.8682510010474225,2023-06-27,2023-07-27,2023-07-22,roe_deer,1
frge,20,48.001611003614904,7.8682510010474225,2023-06-27,2023-07-27,2023-07-24,roe_deer,3
frge,20,48.001611003614904,7.8682510010474225,2024-06-26,2024-07-29,2024-06-26,stone_marten,2
frge,20,48.001611003614904,7.8682510010474225,2024-06-26,2024-07-29,2024-06-27,roe_deer,2
frge,20,48.001611003614904,7.8682510010474225,2024-06-26,2024-07-29,2024-06-27,stone_marten,1
frge,20,48.001611003614904,7.8682510010474225,2024-06-26,2024-07-29,2024-06-27,wild_boar,1
frge,20,48.001611003614904,7.8682510010474225,2024-06-26,2024-07-29,2024-06-29,roe_deer,1
frge,20,48.001611003614904,7.8682510010474225,2024-06-26,2024-07-29,2024-06-30,domestic_cat,1
frge,20,48.001611003614904,7.8682510010474225,2024-06-26,2024-07-29,2024-06-30,european_red_squirrel,1
frge,20,48.001611003614904,7.8682510010474225,2024-06-26,2024-07-29,2024-06-30,roe_deer,3
frge,20,48.001611003614904,7.8682510010474225,2024-06-26,2024-07-29,2024-07-01,red_fox,2
frge,20,48.001611003614904,7.8682510010474225,2024-06-26,2024-07-29,2024-07-01,roe_deer,1
frge,20,48.001611003614904,7.8682510010474225,2024-06-26,2024-07-29,2024-07-02,european_badger,2
frge,20,48.001611003614904,7.8682510010474225,2024-06-26,2024-07-29,2024-07-02,red_fox,2
frge,20,48.001611003614904,7.8682510010474225,2024-06-26,2024-07-29,2024-07-02,stone_marten,3
frge,20,48.001611003614904,7.8682510010474225,2024-06-26,2024-07-29,2024-07-03,european_red_squirrel,1
frge,20,48.001611003614904,7.8682510010474225,2024-06-26,2024-07-29,2024-07-03,roe_deer,4
frge,20,48.001611003614904,7.8682510010474225,2024-06-26,2024-07-29,2024-07-04,red_fox,1
frge,20,48.001611003614904,7.8682510010474225,2024-06-26,2024-07-29,2024-07-04,european_red_squirrel,1
frge,20,48.001611003614904,7.8682510010474225,2024-06-26,2024-07-29,2024-07-04,roe_deer,3
frge,20,48.001611003614904,7.8682510010474225,2024-06-26,2024-07-29,2024-07-04,stone_marten,2
frge,20,48.001611003614904,7.8682510010474225,2024-06-26,2024-07-29,2024-07-05,roe_deer,1
frge,20,48.001611003614904,7.8682510010474225,2024-06-26,2024-07-29,2024-07-05,stone_marten,2
frge,20,48.001611003614904,7.8682510010474225,2024-06-26,2024-07-29,2024-07-06,european_badger,2
frge,20,48.001611003614904,7.8682510010474225,2024-06-26,2024-07-29,2024-07-06,european_red_squirrel,1
frge,20,48.001611003614904,7.8682510010474225,2024-06-26,2024-07-29,2024-07-06,roe_deer,2
frge,20,48.001611003614904,7.8682510010474225,2024-06-26,2024-07-29,2024-07-07,stone_marten,1
frge,20,48.001611003614904,7.8682510010474225,2024-06-26,2024-07-29,2024-07-08,european_badger,2
frge,20,48.001611003614904,7.8682510010474225,2024-06-26,2024-07-29,2024-07-09,domestic_cat,1
frge,20,48.001611003614904,7.8682510010474225,2024-06-26,2024-07-29,2024-07-09,red_fox,1
frge,20,48.001611003614904,7.8682510010474225,2024-06-26,2024-07-29,2024-07-09,european_red_squirrel,2
frge,20,48.001611003614904,7.8682510010474225,2024-06-26,2024-07-29,2024-07-09,roe_deer,1
frge,20,48.001611003614904,7.8682510010474225,2024-06-26,2024-07-29,2024-07-10,european_badger,3
frge,20,48.001611003614904,7.8682510010474225,2024-06-26,2024-07-29,2024-07-10,red_fox,2
frge,20,48.001611003614904,7.8682510010474225,2024-06-26,2024-07-29,2024-07-11,european_red_squirrel,1
frge,20,48.001611003614904,7.8682510010474225,2024-06-26,2024-07-29,2024-07-11,stone_marten,1
frge,20,48.001611003614904,7.8682510010474225,2024-06-26,2024-07-29,2024-07-12,roe_deer,1
frge,20,48.001611003614904,7.8682510010474225,2024-06-26,2024-07-29,2024-07-13,roe_deer,2
frge,20,48.001611003614904,7.8682510010474225,2024-06-26,2024-07-29,2024-07-14,roe_deer,1
frge,20,48.001611003614904,7.8682510010474225,2024-06-26,2024-07-29,2024-07-16,european_badger,1
frge,20,48.001611003614904,7.8682510010474225,2024-06-26,2024-07-29,2024-07-16,roe_deer,5
frge,20,48.001611003614904,7.8682510010474225,2024-06-26,2024-07-29,2024-07-16,stone_marten,2
frge,20,48.001611003614904,7.8682510010474225,2024-06-26,2024-07-29,2024-07-17,european_badger,1
frge,20,48.001611003614904,7.8682510010474225,2024-06-26,2024-07-29,2024-07-17,red_fox,1
frge,20,48.001611003614904,7.8682510010474225,2024-06-26,2024-07-29,2024-07-17,european_red_squirrel,1
frge,20,48.001611003614904,7.8682510010474225,2024-06-26,2024-07-29,2024-07-17,stone_marten,2
frge,20,48.001611003614904,7.8682510010474225,2024-06-26,2024-07-29,2024-07-18,european_badger,1
frge,20,48.001611003614904,7.8682510010474225,2024-06-26,2024-07-29,2024-07-18,roe_deer,3
frge,20,48.001611003614904,7.8682510010474225,2024-06-26,2024-07-29,2024-07-18,stone_marten,2
frge,20,48.001611003614904,7.8682510010474225,2024-06-26,2024-07-29,2024-07-19,stone_marten,1
frge,20,48.001611003614904,7.8682510010474225,2024-06-26,2024-07-29,2024-07-20,european_red_squirrel,1
frge,20,48.001611003614904,7.8682510010474225,2024-06-26,2024-07-29,2024-07-20,roe_deer,1
frge,20,48.001611003614904,7.8682510010474225,2024-06-26,2024-07-29,2024-07-20,stone_marten,2
frge,20,48.001611003614904,7.8682510010474225,2024-06-26,2024-07-29,2024-07-21,red_fox,1
frge,20,48.001611003614904,7.8682510010474225,2024-06-26,2024-07-29,2024-07-21,roe_deer,1
frge,20,48.001611003614904,7.8682510010474225,2024-06-26,2024-07-29,2024-07-22,european_badger,1
frge,20,48.001611003614904,7.8682510010474225,2024-06-26,2024-07-29,2024-07-22,european_red_squirrel,2
frge,20,48.001611003614904,7.8682510010474225,2024-06-26,2024-07-29,2024-07-22,roe_deer,1
frge,20,48.001611003614904,7.8682510010474225,2024-06-26,2024-07-29,2024-07-23,roe_deer,1
frge,20,48.001611003614904,7.8682510010474225,2024-06-26,2024-07-29,2024-07-24,red_fox,1
frge,20,48.001611003614904,7.8682510010474225,2024-06-26,2024-07-29,2024-07-24,roe_deer,4
frge,20,48.001611003614904,7.8682510010474225,2024-06-26,2024-07-29,2024-07-25,domestic_cat,1
frge,20,48.001611003614904,7.8682510010474225,2024-06-26,2024-07-29,2024-07-25,red_fox,4
frge,20,48.001611003614904,7.8682510010474225,2024-06-26,2024-07-29,2024-07-25,european_red_squirrel,3
frge,20,48.001611003614904,7.8682510010474225,2024-06-26,2024-07-29,2024-07-25,roe_deer,5
frge,20,48.001611003614904,7.8682510010474225,2024-06-26,2024-07-29,2024-07-25,stone_marten,3
frge,20,48.001611003614904,7.8682510010474225,2024-06-26,2024-07-29,2024-07-26,roe_deer,6
frge,20,48.001611003614904,7.8682510010474225,2024-06-26,2024-07-29,2024-07-27,stone_marten,1
frge,20,48.001611003614904,7.8682510010474225,2024-06-26,2024-07-29,2024-07-28,roe_deer,4
frge,20,48.001611003614904,7.8682510010474225,2022-01-13,2022-02-13,2022-01-14,roe_deer,2
frge,20,48.001611003614904,7.8682510010474225,2022-01-13,2022-02-13,2022-01-15,roe_deer,5
frge,20,48.001611003614904,7.8682510010474225,2022-01-13,2022-02-13,2022-01-15,stone_marten,1
frge,20,48.001611003614904,7.8682510010474225,2022-01-13,2022-02-13,2022-01-16,roe_deer,6
frge,20,48.001611003614904,7.8682510010474225,2022-01-13,2022-02-13,2022-01-17,roe_deer,2
frge,20,48.001611003614904,7.8682510010474225,2022-01-13,2022-02-13,2022-01-18,roe_deer,5
frge,20,48.001611003614904,7.8682510010474225,2022-01-13,2022-02-13,2022-01-19,roe_deer,1
frge,20,48.001611003614904,7.8682510010474225,2022-01-13,2022-02-13,2022-01-19,stone_marten,1
frge,20,48.001611003614904,7.8682510010474225,2022-01-13,2022-02-13,2022-01-20,roe_deer,5
frge,20,48.001611003614904,7.8682510010474225,2022-01-13,2022-02-13,2022-01-21,roe_deer,6
frge,20,48.001611003614904,7.8682510010474225,2022-01-13,2022-02-13,2022-01-26,roe_deer,2
frge,20,48.001611003614904,7.8682510010474225,2022-01-13,2022-02-13,2022-01-27,red_fox,1
frge,20,48.001611003614904,7.8682510010474225,2022-01-13,2022-02-13,2022-01-27,european_red_squirrel,4
frge,20,48.001611003614904,7.8682510010474225,2022-01-13,2022-02-13,2022-01-27,roe_deer,2
frge,20,48.001611003614904,7.8682510010474225,2022-01-13,2022-02-13,2022-01-28,roe_deer,1
frge,20,48.001611003614904,7.8682510010474225,2022-01-13,2022-02-13,2022-01-31,red_fox,1
frge,20,48.001611003614904,7.8682510010474225,2022-01-13,2022-02-13,2022-02-01,european_badger,1
frge,20,48.001611003614904,7.8682510010474225,2022-01-13,2022-02-13,2022-02-01,roe_deer,9
frge,20,48.001611003614904,7.8682510010474225,2022-01-13,2022-02-13,2022-02-03,european_badger,1
frge,20,48.001611003614904,7.8682510010474225,2022-01-13,2022-02-13,2022-02-03,red_fox,1
frge,20,48.001611003614904,7.8682510010474225,2022-01-13,2022-02-13,2022-02-08,european_hare,1
frge,20,48.001611003614904,7.8682510010474225,2022-01-13,2022-02-13,2022-02-08,roe_deer,1
frge,20,48.001611003614904,7.8682510010474225,2022-01-13,2022-02-13,2022-02-13,roe_deer,2
frge,20,48.001611003614904,7.8682510010474225,2023-01-11,2023-02-09,2023-01-12,red_fox,1
frge,20,48.001611003614904,7.8682510010474225,2023-01-11,2023-02-09,2023-01-15,red_fox,1
frge,20,48.001611003614904,7.8682510010474225,2023-01-11,2023-02-09,2023-01-15,roe_deer,2
frge,20,48.001611003614904,7.8682510010474225,2023-01-11,2023-02-09,2023-01-23,roe_deer,2
frge,20,48.001611003614904,7.8682510010474225,2023-01-11,2023-02-09,2023-01-24,european_badger,1
frge,20,48.001611003614904,7.8682510010474225,2023-01-11,2023-02-09,2023-01-24,roe_deer,3
frge,20,48.001611003614904,7.8682510010474225,2023-01-11,2023-02-09,2023-01-25,roe_deer,4
frge,20,48.001611003614904,7.8682510010474225,2023-01-11,2023-02-09,2023-01-26,roe_deer,2
frge,20,48.001611003614904,7.8682510010474225,2023-01-11,2023-02-09,2023-01-27,roe_deer,2
frge,20,48.001611003614904,7.8682510010474225,2023-01-11,2023-02-09,2023-01-29,roe_deer,1
frge,20,48.001611003614904,7.8682510010474225,2023-01-11,2023-02-09,2023-01-30,european_badger,1
frge,20,48.001611003614904,7.8682510010474225,2023-01-11,2023-02-09,2023-01-30,roe_deer,3
frge,20,48.001611003614904,7.8682510010474225,2023-01-11,2023-02-09,2023-02-02,stone_marten,1
frge,20,48.001611003614904,7.8682510010474225,2023-12-29,2024-01-31,2023-12-30,roe_deer,1
frge,20,48.001611003614904,7.8682510010474225,2023-12-29,2024-01-31,2024-01-02,roe_deer,8
frge,20,48.001611003614904,7.8682510010474225,2023-12-29,2024-01-31,2024-01-03,roe_deer,4
frge,20,48.001611003614904,7.8682510010474225,2023-12-29,2024-01-31,2024-01-04,domestic_cat,1
frge,20,48.001611003614904,7.8682510010474225,2023-12-29,2024-01-31,2024-01-07,roe_deer,8
frge,20,48.001611003614904,7.8682510010474225,2023-12-29,2024-01-31,2024-01-08,roe_deer,2
frge,20,48.001611003614904,7.8682510010474225,2023-12-29,2024-01-31,2024-01-09,european_badger,2
frge,20,48.001611003614904,7.8682510010474225,2023-12-29,2024-01-31,2024-01-13,roe_deer,1
frge,20,48.001611003614904,7.8682510010474225,2023-12-29,2024-01-31,2024-01-18,roe_deer,1
frge,20,48.001611003614904,7.8682510010474225,2023-12-29,2024-01-31,2024-01-26,roe_deer,3
frge,20,48.001611003614904,7.8682510010474225,2023-12-29,2024-01-31,2024-01-29,roe_deer,1
frge,21,47.9975680036143,7.769797000932641,2022-10-03,2022-10-31,2022-10-04,wild_boar,2
frge,21,47.9975680036143,7.769797000932641,2022-10-03,2022-10-31,2022-10-14,wild_boar,1
frge,21,47.9975680036143,7.769797000932641,2022-10-03,2022-10-31,2022-10-24,wild_boar,2
frge,21,47.9975680036143,7.769797000932641,2022-10-03,2022-10-31,2022-10-31,wild_boar,1
frge,21,47.9975680036143,7.769797000932641,2023-10-05,2023-11-03,2023-10-07,wild_boar,1
frge,21,47.9975680036143,7.769797000932641,2023-10-05,2023-11-03,2023-10-14,european_red_squirrel,1
frge,21,47.9975680036143,7.769797000932641,2023-10-05,2023-11-03,2023-10-16,roe_deer,6
frge,21,47.9975680036143,7.769797000932641,2023-10-05,2023-11-03,2023-10-24,red_fox,1
frge,21,47.9975680036143,7.769797000932641,2023-10-05,2023-11-03,2023-10-26,red_fox,1
frge,21,47.9975680036143,7.769797000932641,2024-10-09,2024-11-12,2024-10-09,wild_boar,1
frge,21,47.9975680036143,7.769797000932641,2024-10-09,2024-11-12,2024-10-11,european_badger,1
frge,21,47.9975680036143,7.769797000932641,2024-10-09,2024-11-12,2024-10-21,roe_deer,1
frge,21,47.9975680036143,7.769797000932641,2024-10-09,2024-11-12,2024-10-22,wild_boar,1
frge,21,47.9975680036143,7.769797000932641,2024-10-09,2024-11-12,2024-10-23,wild_boar,8
frge,21,47.9975680036143,7.769797000932641,2024-10-09,2024-11-12,2024-10-26,wild_boar,1
frge,21,47.9975680036143,7.769797000932641,2024-10-09,2024-11-12,2024-10-27,wild_boar,40
frge,21,47.9975680036143,7.769797000932641,2024-10-09,2024-11-12,2024-10-28,wild_boar,1
frge,21,47.9975680036143,7.769797000932641,2024-10-09,2024-11-12,2024-11-05,red_fox,1
frge,21,47.9975680036143,7.769797000932641,2024-10-09,2024-11-12,2024-11-06,wild_boar,6
frge,21,47.9975680036143,7.769797000932641,2024-10-09,2024-11-12,2024-11-09,wild_boar,8
frge,21,47.9975680036143,7.769797000932641,2024-10-09,2024-11-12,2024-11-10,roe_deer,1
frge,21,47.9975680036143,7.769797000932641,2022-04-01,2022-04-30,2022-04-07,red_fox,1
frge,21,47.9975680036143,7.769797000932641,2022-04-01,2022-04-30,2022-04-10,roe_deer,1
frge,21,47.9975680036143,7.769797000932641,2022-04-01,2022-04-30,2022-04-12,red_fox,1
frge,21,47.9975680036143,7.769797000932641,2022-04-01,2022-04-30,2022-04-24,domestic_cat,1
frge,21,47.9975680036143,7.769797000932641,2023-04-05,2023-05-04,2023-04-09,roe_deer,1
frge,21,47.9975680036143,7.769797000932641,2023-04-05,2023-05-04,2023-04-16,roe_deer,2
frge,21,47.9975680036143,7.769797000932641,2023-04-05,2023-05-04,2023-04-30,roe_deer,1
frge,21,47.9975680036143,7.769797000932641,2023-04-05,2023-05-04,2023-05-02,roe_deer,1
frge,21,47.9975680036143,7.769797000932641,2024-03-26,2024-04-29,2024-03-28,roe_deer,3
frge,21,47.9975680036143,7.769797000932641,2024-03-26,2024-04-29,2024-04-01,european_badger,1
frge,21,47.9975680036143,7.769797000932641,2024-03-26,2024-04-29,2024-04-01,wild_boar,1
frge,21,47.9975680036143,7.769797000932641,2024-03-26,2024-04-29,2024-04-04,domestic_cat,1
frge,21,47.9975680036143,7.769797000932641,2024-03-26,2024-04-29,2024-04-04,stone_marten,1
frge,21,47.9975680036143,7.769797000932641,2024-03-26,2024-04-29,2024-04-09,wild_boar,1
frge,21,47.9975680036143,7.769797000932641,2024-03-26,2024-04-29,2024-04-12,european_badger,1
frge,21,47.9975680036143,7.769797000932641,2024-03-26,2024-04-29,2024-04-22,roe_deer,1
frge,21,47.9975680036143,7.769797000932641,2024-03-26,2024-04-29,2024-04-23,wild_boar,5
frge,21,47.9975680036143,7.769797000932641,2022-07-01,2022-07-28,2022-07-02,red_fox,1
frge,21,47.9975680036143,7.769797000932641,2022-07-01,2022-07-28,2022-07-03,red_fox,1
frge,21,47.9975680036143,7.769797000932641,2022-07-01,2022-07-28,2022-07-05,red_fox,1
frge,21,47.9975680036143,7.769797000932641,2022-07-01,2022-07-28,2022-07-06,red_fox,1
frge,21,47.9975680036143,7.769797000932641,2022-07-01,2022-07-28,2022-07-08,red_fox,1
frge,21,47.9975680036143,7.769797000932641,2022-07-01,2022-07-28,2022-07-25,red_fox,1
frge,21,47.9975680036143,7.769797000932641,2023-06-28,2023-07-28,2023-07-04,stone_marten,1
frge,21,47.9975680036143,7.769797000932641,2023-06-28,2023-07-28,2023-07-06,stone_marten,1
frge,21,47.9975680036143,7.769797000932641,2023-06-28,2023-07-28,2023-07-18,stone_marten,2
frge,21,47.9975680036143,7.769797000932641,2023-06-28,2023-07-28,2023-07-24,stone_marten,2
frge,21,47.9975680036143,7.769797000932641,2023-06-28,2023-07-28,2023-07-25,roe_deer,1
frge,21,47.9975680036143,7.769797000932641,2024-06-27,2024-07-30,2024-06-30,wild_boar,1
frge,21,47.9975680036143,7.769797000932641,2024-06-27,2024-07-30,2024-07-03,roe_deer,1
frge,21,47.9975680036143,7.769797000932641,2024-06-27,2024-07-30,2024-07-22,roe_deer,2
frge,21,47.9975680036143,7.769797000932641,2024-06-27,2024-07-30,2024-07-24,roe_deer,1
frge,21,47.9975680036143,7.769797000932641,2022-01-15,2022-03-02,2022-01-15,red_fox,1
frge,21,47.9975680036143,7.769797000932641,2022-01-15,2022-03-02,2022-01-19,red_fox,2
frge,21,47.9975680036143,7.769797000932641,2022-01-15,2022-03-02,2022-01-20,red_fox,1
frge,21,47.9975680036143,7.769797000932641,2023-01-11,2023-02-09,2023-01-17,red_fox,1
frge,21,47.9975680036143,7.769797000932641,2023-01-11,2023-02-09,2023-01-18,red_fox,1
frge,21,47.9975680036143,7.769797000932641,2023-12-30,2024-01-31,2024-01-08,red_fox,1
frge,21,47.9975680036143,7.769797000932641,2023-12-30,2024-01-31,2024-01-28,red_fox,1
frge,21,47.9975680036143,7.769797000932641,2023-12-30,2024-01-31,2024-01-28,wild_boar,1
frge,23,47.98521200360333,7.878195001059208,2022-10-05,2022-11-03,2022-10-07,red_fox,3
frge,23,47.98521200360333,7.878195001059208,2022-10-05,2022-11-03,2022-10-11,red_fox,2
frge,23,47.98521200360333,7.878195001059208,2022-10-05,2022-11-03,2022-10-12,red_fox,2
frge,23,47.98521200360333,7.878195001059208,2022-10-05,2022-11-03,2022-10-18,red_fox,1
frge,23,47.98521200360333,7.878195001059208,2022-10-05,2022-11-03,2022-10-31,red_fox,1
frge,23,47.98521200360333,7.878195001059208,2022-10-05,2022-11-03,2022-11-03,red_fox,1
frge,23,47.98521200360333,7.878195001059208,2023-10-06,2023-11-04,2023-10-07,domestic_cat,1
frge,23,47.98521200360333,7.878195001059208,2023-10-06,2023-11-04,2023-10-07,red_fox,1
frge,23,47.98521200360333,7.878195001059208,2023-10-06,2023-11-04,2023-10-08,red_fox,1
frge,23,47.98521200360333,7.878195001059208,2023-10-06,2023-11-04,2023-10-09,red_fox,1
frge,23,47.98521200360333,7.878195001059208,2023-10-06,2023-11-04,2023-10-10,red_fox,1
frge,23,47.98521200360333,7.878195001059208,2023-10-06,2023-11-04,2023-10-16,red_fox,2
frge,23,47.98521200360333,7.878195001059208,2023-10-06,2023-11-04,2023-10-17,red_fox,1
frge,23,47.98521200360333,7.878195001059208,2023-10-06,2023-11-04,2023-10-18,red_fox,1
frge,23,47.98521200360333,7.878195001059208,2023-10-06,2023-11-04,2023-10-21,red_fox,1
frge,23,47.98521200360333,7.878195001059208,2023-10-06,2023-11-04,2023-10-22,red_fox,1
frge,23,47.98521200360333,7.878195001059208,2023-10-06,2023-11-04,2023-10-25,red_fox,1
frge,23,47.98521200360333,7.878195001059208,2023-10-06,2023-11-04,2023-10-26,red_fox,1
frge,23,47.98521200360333,7.878195001059208,2023-10-06,2023-11-04,2023-10-27,red_fox,1
frge,23,47.98521200360333,7.878195001059208,2023-10-06,2023-11-04,2023-10-28,domestic_cat,1
frge,23,47.98521200360333,7.878195001059208,2023-10-06,2023-11-04,2023-10-28,red_fox,1
frge,23,47.98521200360333,7.878195001059208,2023-10-06,2023-11-04,2023-10-31,red_fox,2
frge,23,47.98521200360333,7.878195001059208,2023-10-06,2023-11-04,2023-11-03,red_fox,5
frge,23,47.98521200360333,7.878195001059208,2024-10-17,2024-11-19,2024-10-17,domestic_cat,2
frge,23,47.98521200360333,7.878195001059208,2024-10-17,2024-11-19,2024-10-18,domestic_cat,6
frge,23,47.98521200360333,7.878195001059208,2024-10-17,2024-11-19,2024-10-18,stone_marten,2
frge,23,47.98521200360333,7.878195001059208,2024-10-17,2024-11-19,2024-10-19,domestic_cat,2
frge,23,47.98521200360333,7.878195001059208,2024-10-17,2024-11-19,2024-10-19,stone_marten,1
frge,23,47.98521200360333,7.878195001059208,2024-10-17,2024-11-19,2024-10-20,domestic_cat,3
frge,23,47.98521200360333,7.878195001059208,2024-10-17,2024-11-19,2024-10-20,stone_marten,1
frge,23,47.98521200360333,7.878195001059208,2024-10-17,2024-11-19,2024-10-21,domestic_cat,4
frge,23,47.98521200360333,7.878195001059208,2024-10-17,2024-11-19,2024-10-24,domestic_cat,6
frge,23,47.98521200360333,7.878195001059208,2024-10-17,2024-11-19,2024-10-25,stone_marten,1
frge,23,47.98521200360333,7.878195001059208,2024-10-17,2024-11-19,2024-10-26,domestic_cat,1
frge,23,47.98521200360333,7.878195001059208,2024-10-17,2024-11-19,2024-10-26,red_fox,1
frge,23,47.98521200360333,7.878195001059208,2024-10-17,2024-11-19,2024-10-28,domestic_cat,2
frge,23,47.98521200360333,7.878195001059208,2024-10-17,2024-11-19,2024-10-29,domestic_cat,3
frge,23,47.98521200360333,7.878195001059208,2024-10-17,2024-11-19,2024-10-29,red_fox,2
frge,23,47.98521200360333,7.878195001059208,2024-10-17,2024-11-19,2024-10-30,domestic_cat,5
frge,23,47.98521200360333,7.878195001059208,2024-10-17,2024-11-19,2024-10-31,domestic_cat,3
frge,23,47.98521200360333,7.878195001059208,2024-10-17,2024-11-19,2024-10-31,red_fox,1
frge,23,47.98521200360333,7.878195001059208,2024-10-17,2024-11-19,2024-11-02,domestic_cat,1
frge,23,47.98521200360333,7.878195001059208,2024-10-17,2024-11-19,2024-11-03,domestic_cat,4
frge,23,47.98521200360333,7.878195001059208,2024-10-17,2024-11-19,2024-11-03,red_fox,5
frge,23,47.98521200360333,7.878195001059208,2024-10-17,2024-11-19,2024-11-04,stone_marten,2
frge,23,47.98521200360333,7.878195001059208,2024-10-17,2024-11-19,2024-11-05,domestic_cat,1
frge,23,47.98521200360333,7.878195001059208,2024-10-17,2024-11-19,2024-11-05,red_fox,1
frge,23,47.98521200360333,7.878195001059208,2024-10-17,2024-11-19,2024-11-06,domestic_cat,3
frge,23,47.98521200360333,7.878195001059208,2024-10-17,2024-11-19,2024-11-06,red_fox,1
frge,23,47.98521200360333,7.878195001059208,2024-10-17,2024-11-19,2024-11-08,domestic_cat,2
frge,23,47.98521200360333,7.878195001059208,2024-10-17,2024-11-19,2024-11-09,domestic_cat,2
frge,23,47.98521200360333,7.878195001059208,2024-10-17,2024-11-19,2024-11-09,red_fox,1
frge,23,47.98521200360333,7.878195001059208,2024-10-17,2024-11-19,2024-11-10,domestic_cat,2
frge,23,47.98521200360333,7.878195001059208,2024-10-17,2024-11-19,2024-11-11,domestic_cat,6
frge,23,47.98521200360333,7.878195001059208,2024-10-17,2024-11-19,2024-11-11,stone_marten,1
frge,23,47.98521200360333,7.878195001059208,2024-10-17,2024-11-19,2024-11-12,domestic_cat,3
frge,23,47.98521200360333,7.878195001059208,2024-10-17,2024-11-19,2024-11-13,domestic_cat,5
frge,23,47.98521200360333,7.878195001059208,2024-10-17,2024-11-19,2024-11-14,domestic_cat,4
frge,23,47.98521200360333,7.878195001059208,2024-10-17,2024-11-19,2024-11-15,red_fox,2
frge,23,47.98521200360333,7.878195001059208,2024-10-17,2024-11-19,2024-11-18,domestic_cat,1
frge,23,47.98521200360333,7.878195001059208,2024-10-17,2024-11-19,2024-11-19,domestic_cat,2
frge,23,47.98521200360333,7.878195001059208,2024-10-17,2024-11-19,2024-11-19,red_fox,2
frge,23,47.98521200360333,7.878195001059208,2024-10-17,2024-11-19,2024-11-19,stone_marten,2
frge,23,47.98521200360333,7.878195001059208,2022-03-29,2022-04-27,2022-03-31,red_fox,2
frge,23,47.98521200360333,7.878195001059208,2022-03-29,2022-04-27,2022-04-01,red_fox,1
frge,23,47.98521200360333,7.878195001059208,2022-03-29,2022-04-27,2022-04-03,red_fox,2
frge,23,47.98521200360333,7.878195001059208,2022-03-29,2022-04-27,2022-04-04,red_fox,3
frge,23,47.98521200360333,7.878195001059208,2022-03-29,2022-04-27,2022-04-05,red_fox,1
frge,23,47.98521200360333,7.878195001059208,2022-03-29,2022-04-27,2022-04-06,red_fox,2
frge,23,47.98521200360333,7.878195001059208,2022-03-29,2022-04-27,2022-04-07,red_fox,1
frge,23,47.98521200360333,7.878195001059208,2022-03-29,2022-04-27,2022-04-09,red_fox,1
frge,23,47.98521200360333,7.878195001059208,2022-03-29,2022-04-27,2022-04-10,red_fox,1
frge,23,47.98521200360333,7.878195001059208,2022-03-29,2022-04-27,2022-04-11,red_fox,1
frge,23,47.98521200360333,7.878195001059208,2022-03-29,2022-04-27,2022-04-13,domestic_cat,1
frge,23,47.98521200360333,7.878195001059208,2022-03-29,2022-04-27,2022-04-15,red_fox,1
frge,23,47.98521200360333,7.878195001059208,2022-03-29,2022-04-27,2022-04-16,red_fox,3
frge,23,47.98521200360333,7.878195001059208,2022-03-29,2022-04-27,2022-04-18,red_fox,1
frge,23,47.98521200360333,7.878195001059208,2022-03-29,2022-04-27,2022-04-20,red_fox,1
frge,23,47.98521200360333,7.878195001059208,2022-03-29,2022-04-27,2022-04-23,european_red_squirrel,1
frge,23,47.98521200360333,7.878195001059208,2022-03-29,2022-04-27,2022-04-27,european_badger,2
frge,23,47.98521200360333,7.878195001059208,2022-03-29,2022-04-27,2022-04-27,red_fox,1
frge,23,47.98521200360333,7.878195001059208,2023-04-04,2023-05-03,2023-04-06,stone_marten,3
frge,23,47.98521200360333,7.878195001059208,2024-03-28,2024-04-26,2024-04-25,european_badger,1
frge,23,47.98521200360333,7.878195001059208,2022-06-28,2022-07-27,2022-06-28,red_fox,1
frge,23,47.98521200360333,7.878195001059208,2022-06-28,2022-07-27,2022-06-29,red_fox,1
frge,23,47.98521200360333,7.878195001059208,2022-06-28,2022-07-27,2022-07-02,red_fox,4
frge,23,47.98521200360333,7.878195001059208,2022-06-28,2022-07-27,2022-07-03,red_fox,2
frge,23,47.98521200360333,7.878195001059208,2022-06-28,2022-07-27,2022-07-06,domestic_cat,2
frge,23,47.98521200360333,7.878195001059208,2022-06-28,2022-07-27,2022-07-06,red_fox,1
frge,23,47.98521200360333,7.878195001059208,2022-06-28,2022-07-27,2022-07-08,domestic_cat,2
frge,23,47.98521200360333,7.878195001059208,2022-06-28,2022-07-27,2022-07-09,domestic_cat,1
frge,23,47.98521200360333,7.878195001059208,2022-06-28,2022-07-27,2022-07-09,red_fox,2
frge,23,47.98521200360333,7.878195001059208,2022-06-28,2022-07-27,2022-07-10,stone_marten,1
frge,23,47.98521200360333,7.878195001059208,2022-06-28,2022-07-27,2022-07-12,red_fox,3
frge,23,47.98521200360333,7.878195001059208,2022-06-28,2022-07-27,2022-07-15,red_fox,1
frge,23,47.98521200360333,7.878195001059208,2022-06-28,2022-07-27,2022-07-16,european_badger,1
frge,23,47.98521200360333,7.878195001059208,2022-06-28,2022-07-27,2022-07-21,red_fox,1
frge,23,47.98521200360333,7.878195001059208,2022-06-28,2022-07-27,2022-07-25,red_fox,2
frge,23,47.98521200360333,7.878195001059208,2023-06-29,2023-07-29,2023-06-29,domestic_cat,1
frge,23,47.98521200360333,7.878195001059208,2023-06-29,2023-07-29,2023-06-29,red_fox,3
frge,23,47.98521200360333,7.878195001059208,2023-06-29,2023-07-29,2023-06-30,red_fox,8
frge,23,47.98521200360333,7.878195001059208,2023-06-29,2023-07-29,2023-07-01,domestic_cat,2
frge,23,47.98521200360333,7.878195001059208,2023-06-29,2023-07-29,2023-07-01,red_fox,2
frge,23,47.98521200360333,7.878195001059208,2023-06-29,2023-07-29,2023-07-02,red_fox,6
frge,23,47.98521200360333,7.878195001059208,2023-06-29,2023-07-29,2023-07-03,domestic_cat,4
frge,23,47.98521200360333,7.878195001059208,2023-06-29,2023-07-29,2023-07-03,european_badger,1
frge,23,47.98521200360333,7.878195001059208,2023-06-29,2023-07-29,2023-07-03,red_fox,7
frge,23,47.98521200360333,7.878195001059208,2023-06-29,2023-07-29,2023-07-03,stone_marten,3
frge,23,47.98521200360333,7.878195001059208,2023-06-29,2023-07-29,2023-07-04,red_fox,5
frge,23,47.98521200360333,7.878195001059208,2023-06-29,2023-07-29,2023-07-05,domestic_cat,2
frge,23,47.98521200360333,7.878195001059208,2023-06-29,2023-07-29,2023-07-05,red_fox,5
frge,23,47.98521200360333,7.878195001059208,2023-06-29,2023-07-29,2023-07-06,domestic_cat,1
frge,23,47.98521200360333,7.878195001059208,2023-06-29,2023-07-29,2023-07-06,red_fox,3
frge,23,47.98521200360333,7.878195001059208,2023-06-29,2023-07-29,2023-07-07,red_fox,3
frge,23,47.98521200360333,7.878195001059208,2023-06-29,2023-07-29,2023-07-08,red_fox,3
frge,23,47.98521200360333,7.878195001059208,2023-06-29,2023-07-29,2023-07-13,domestic_cat,3
frge,23,47.98521200360333,7.878195001059208,2023-06-29,2023-07-29,2023-07-13,red_fox,1
frge,23,47.98521200360333,7.878195001059208,2023-06-29,2023-07-29,2023-07-14,red_fox,6
frge,23,47.98521200360333,7.878195001059208,2023-06-29,2023-07-29,2023-07-15,domestic_cat,2
frge,23,47.98521200360333,7.878195001059208,2023-06-29,2023-07-29,2023-07-15,red_fox,1
frge,23,47.98521200360333,7.878195001059208,2023-06-29,2023-07-29,2023-07-16,red_fox,1
frge,23,47.98521200360333,7.878195001059208,2023-06-29,2023-07-29,2023-07-17,red_fox,5
frge,23,47.98521200360333,7.878195001059208,2023-06-29,2023-07-29,2023-07-18,european_badger,2
frge,23,47.98521200360333,7.878195001059208,2023-06-29,2023-07-29,2023-07-18,red_fox,1
frge,23,47.98521200360333,7.878195001059208,2023-06-29,2023-07-29,2023-07-19,european_badger,1
frge,23,47.98521200360333,7.878195001059208,2023-06-29,2023-07-29,2023-07-19,red_fox,4
frge,23,47.98521200360333,7.878195001059208,2023-06-29,2023-07-29,2023-07-20,red_fox,5
frge,23,47.98521200360333,7.878195001059208,2023-06-29,2023-07-29,2023-07-21,red_fox,3
frge,23,47.98521200360333,7.878195001059208,2023-06-29,2023-07-29,2023-07-22,domestic_cat,1
frge,23,47.98521200360333,7.878195001059208,2023-06-29,2023-07-29,2023-07-22,red_fox,3
frge,23,47.98521200360333,7.878195001059208,2023-06-29,2023-07-29,2023-07-22,stone_marten,1
frge,23,47.98521200360333,7.878195001059208,2023-06-29,2023-07-29,2023-07-23,red_fox,4
frge,23,47.98521200360333,7.878195001059208,2023-06-29,2023-07-29,2023-07-24,red_fox,6
frge,23,47.98521200360333,7.878195001059208,2023-06-29,2023-07-29,2023-07-25,red_fox,1
frge,23,47.98521200360333,7.878195001059208,2023-06-29,2023-07-29,2023-07-26,domestic_cat,1
frge,23,47.98521200360333,7.878195001059208,2023-06-29,2023-07-29,2023-07-26,red_fox,3
frge,23,47.98521200360333,7.878195001059208,2023-06-29,2023-07-29,2023-07-27,european_badger,1
frge,23,47.98521200360333,7.878195001059208,2023-06-29,2023-07-29,2023-07-27,red_fox,4
frge,23,47.98521200360333,7.878195001059208,2023-06-29,2023-07-29,2023-07-28,red_fox,4
frge,23,47.98521200360333,7.878195001059208,2024-06-28,2024-08-19,2024-06-28,domestic_cat,1
frge,23,47.98521200360333,7.878195001059208,2024-06-28,2024-08-19,2024-06-29,red_fox,1
frge,23,47.98521200360333,7.878195001059208,2024-06-28,2024-08-19,2024-06-30,domestic_cat,1
frge,23,47.98521200360333,7.878195001059208,2024-06-28,2024-08-19,2024-06-30,red_fox,1
frge,23,47.98521200360333,7.878195001059208,2024-06-28,2024-08-19,2024-06-30,stone_marten,1
frge,23,47.98521200360333,7.878195001059208,2024-06-28,2024-08-19,2024-07-01,domestic_cat,2
frge,23,47.98521200360333,7.878195001059208,2024-06-28,2024-08-19,2024-07-01,red_fox,1
frge,23,47.98521200360333,7.878195001059208,2024-06-28,2024-08-19,2024-07-01,stone_marten,2
frge,23,47.98521200360333,7.878195001059208,2024-06-28,2024-08-19,2024-07-02,red_fox,1
frge,23,47.98521200360333,7.878195001059208,2024-06-28,2024-08-19,2024-07-03,domestic_cat,4
frge,23,47.98521200360333,7.878195001059208,2024-06-28,2024-08-19,2024-07-03,red_fox,1
frge,23,47.98521200360333,7.878195001059208,2024-06-28,2024-08-19,2024-07-03,stone_marten,1
frge,23,47.98521200360333,7.878195001059208,2024-06-28,2024-08-19,2024-07-04,red_fox,3
frge,23,47.98521200360333,7.878195001059208,2024-06-28,2024-08-19,2024-07-05,domestic_cat,6
frge,23,47.98521200360333,7.878195001059208,2024-06-28,2024-08-19,2024-07-05,stone_marten,1
frge,23,47.98521200360333,7.878195001059208,2024-06-28,2024-08-19,2024-07-06,domestic_cat,5
frge,23,47.98521200360333,7.878195001059208,2024-06-28,2024-08-19,2024-07-07,domestic_cat,8
frge,23,47.98521200360333,7.878195001059208,2024-06-28,2024-08-19,2024-07-07,red_fox,2
frge,23,47.98521200360333,7.878195001059208,2024-06-28,2024-08-19,2024-07-08,domestic_cat,4
frge,23,47.98521200360333,7.878195001059208,2024-06-28,2024-08-19,2024-07-09,domestic_cat,1
frge,23,47.98521200360333,7.878195001059208,2024-06-28,2024-08-19,2024-07-10,red_fox,1
frge,23,47.98521200360333,7.878195001059208,2024-06-28,2024-08-19,2024-07-10,stone_marten,1
frge,23,47.98521200360333,7.878195001059208,2024-06-28,2024-08-19,2024-07-11,domestic_cat,1
frge,23,47.98521200360333,7.878195001059208,2024-06-28,2024-08-19,2024-07-13,domestic_cat,3
frge,23,47.98521200360333,7.878195001059208,2024-06-28,2024-08-19,2024-07-13,red_fox,1
frge,23,47.98521200360333,7.878195001059208,2024-06-28,2024-08-19,2024-07-14,domestic_cat,4
frge,23,47.98521200360333,7.878195001059208,2024-06-28,2024-08-19,2024-07-14,red_fox,1
frge,23,47.98521200360333,7.878195001059208,2024-06-28,2024-08-19,2024-07-15,red_fox,3
frge,23,47.98521200360333,7.878195001059208,2024-06-28,2024-08-19,2024-07-16,european_badger,1
frge,23,47.98521200360333,7.878195001059208,2024-06-28,2024-08-19,2024-07-18,domestic_cat,3
frge,23,47.98521200360333,7.878195001059208,2024-06-28,2024-08-19,2024-07-19,domestic_cat,23
frge,23,47.98521200360333,7.878195001059208,2024-06-28,2024-08-19,2024-07-19,european_badger,1
frge,23,47.98521200360333,7.878195001059208,2024-06-28,2024-08-19,2024-07-20,domestic_cat,9
frge,23,47.98521200360333,7.878195001059208,2024-06-28,2024-08-19,2024-07-20,red_fox,1
frge,23,47.98521200360333,7.878195001059208,2024-06-28,2024-08-19,2024-07-20,stone_marten,2
frge,23,47.98521200360333,7.878195001059208,2024-06-28,2024-08-19,2024-07-21,domestic_cat,1
frge,23,47.98521200360333,7.878195001059208,2024-06-28,2024-08-19,2024-07-22,domestic_cat,1
frge,23,47.98521200360333,7.878195001059208,2024-06-28,2024-08-19,2024-07-23,domestic_cat,4
frge,23,47.98521200360333,7.878195001059208,2024-06-28,2024-08-19,2024-07-23,red_fox,1
frge,23,47.98521200360333,7.878195001059208,2024-06-28,2024-08-19,2024-07-23,stone_marten,2
frge,23,47.98521200360333,7.878195001059208,2024-06-28,2024-08-19,2024-07-24,domestic_cat,4
frge,23,47.98521200360333,7.878195001059208,2024-06-28,2024-08-19,2024-07-25,domestic_cat,16
frge,23,47.98521200360333,7.878195001059208,2024-06-28,2024-08-19,2024-07-26,domestic_cat,2
frge,23,47.98521200360333,7.878195001059208,2024-06-28,2024-08-19,2024-07-27,domestic_cat,2
frge,23,47.98521200360333,7.878195001059208,2024-06-28,2024-08-19,2024-07-28,red_fox,3
frge,23,47.98521200360333,7.878195001059208,2024-06-28,2024-08-19,2024-07-28,stone_marten,1
frge,23,47.98521200360333,7.878195001059208,2024-06-28,2024-08-19,2024-07-29,domestic_cat,8
frge,23,47.98521200360333,7.878195001059208,2024-06-28,2024-08-19,2024-07-30,domestic_cat,2
frge,23,47.98521200360333,7.878195001059208,2024-06-28,2024-08-19,2024-08-03,domestic_cat,3
frge,23,47.98521200360333,7.878195001059208,2024-06-28,2024-08-19,2024-08-03,stone_marten,2
frge,23,47.98521200360333,7.878195001059208,2024-06-28,2024-08-19,2024-08-04,domestic_cat,8
frge,23,47.98521200360333,7.878195001059208,2024-06-28,2024-08-19,2024-08-04,stone_marten,1
frge,23,47.98521200360333,7.878195001059208,2024-06-28,2024-08-19,2024-08-05,domestic_cat,4
frge,23,47.98521200360333,7.878195001059208,2024-06-28,2024-08-19,2024-08-05,red_fox,6
frge,23,47.98521200360333,7.878195001059208,2024-06-28,2024-08-19,2024-08-06,domestic_cat,5
frge,23,47.98521200360333,7.878195001059208,2024-06-28,2024-08-19,2024-08-06,red_fox,1
frge,23,47.98521200360333,7.878195001059208,2024-06-28,2024-08-19,2024-08-07,domestic_cat,3
frge,23,47.98521200360333,7.878195001059208,2024-06-28,2024-08-19,2024-08-07,red_fox,2
frge,23,47.98521200360333,7.878195001059208,2024-06-28,2024-08-19,2024-08-08,domestic_cat,3
frge,23,47.98521200360333,7.878195001059208,2024-06-28,2024-08-19,2024-08-08,red_fox,2
frge,23,47.98521200360333,7.878195001059208,2024-06-28,2024-08-19,2024-08-09,domestic_cat,2
frge,23,47.98521200360333,7.878195001059208,2024-06-28,2024-08-19,2024-08-09,red_fox,1
frge,23,47.98521200360333,7.878195001059208,2024-06-28,2024-08-19,2024-08-10,domestic_cat,7
frge,23,47.98521200360333,7.878195001059208,2024-06-28,2024-08-19,2024-08-12,domestic_cat,16
frge,23,47.98521200360333,7.878195001059208,2024-06-28,2024-08-19,2024-08-14,stone_marten,2
frge,23,47.98521200360333,7.878195001059208,2024-06-28,2024-08-19,2024-08-15,domestic_cat,3
frge,23,47.98521200360333,7.878195001059208,2024-06-28,2024-08-19,2024-08-15,european_badger,1
frge,23,47.98521200360333,7.878195001059208,2024-06-28,2024-08-19,2024-08-15,red_fox,2
frge,23,47.98521200360333,7.878195001059208,2024-06-28,2024-08-19,2024-08-16,red_fox,3
frge,23,47.98521200360333,7.878195001059208,2024-06-28,2024-08-19,2024-08-17,domestic_cat,3
frge,23,47.98521200360333,7.878195001059208,2024-06-28,2024-08-19,2024-08-18,red_fox,1
frge,23,47.98521200360333,7.878195001059208,2024-06-28,2024-08-19,2024-08-19,domestic_cat,2
frge,23,47.98521200360333,7.878195001059208,2022-01-11,2022-02-14,2022-01-15,red_fox,1
frge,23,47.98521200360333,7.878195001059208,2022-01-11,2022-02-14,2022-01-16,red_fox,1
frge,23,47.98521200360333,7.878195001059208,2022-01-11,2022-02-14,2022-01-25,red_fox,1
frge,23,47.98521200360333,7.878195001059208,2022-01-11,2022-02-14,2022-01-26,red_fox,1
frge,23,47.98521200360333,7.878195001059208,2022-01-11,2022-02-14,2022-01-31,red_fox,1
frge,23,47.98521200360333,7.878195001059208,2022-01-11,2022-02-14,2022-02-05,red_fox,1
frge,23,47.98521200360333,7.878195001059208,2022-01-11,2022-02-14,2022-02-07,red_fox,1
frge,23,47.98521200360333,7.878195001059208,2023-01-12,2023-02-10,2023-01-12,red_fox,1
frge,23,47.98521200360333,7.878195001059208,2023-01-12,2023-02-10,2023-01-20,red_fox,1
frge,23,47.98521200360333,7.878195001059208,2023-01-12,2023-02-10,2023-01-22,red_fox,1
frge,23,47.98521200360333,7.878195001059208,2023-01-12,2023-02-10,2023-01-26,red_fox,1
frge,23,47.98521200360333,7.878195001059208,2023-01-12,2023-02-10,2023-02-03,red_fox,2
frge,23,47.98521200360333,7.878195001059208,2023-01-12,2023-02-10,2023-02-06,red_fox,1
frge,23,47.98521200360333,7.878195001059208,2023-12-30,2024-01-30,2023-12-31,red_fox,3
frge,23,47.98521200360333,7.878195001059208,2023-12-30,2024-01-30,2024-01-26,red_fox,1
frge,23,47.98521200360333,7.878195001059208,2023-12-30,2024-01-30,2024-01-29,red_fox,2
frge,24,47.98418200360204,7.901257001086103,2022-10-05,2022-11-03,2022-11-02,red_fox,1
frge,24,47.98418200360204,7.901257001086103,2023-10-06,2023-11-05,2023-10-06,red_fox,3
frge,24,47.98418200360204,7.901257001086103,2023-10-06,2023-11-05,2023-10-06,stone_marten,10
frge,24,47.98418200360204,7.901257001086103,2023-10-06,2023-11-05,2023-10-07,domestic_cat,7
frge,24,47.98418200360204,7.901257001086103,2023-10-06,2023-11-05,2023-10-07,red_fox,5
frge,24,47.98418200360204,7.901257001086103,2023-10-06,2023-11-05,2023-10-07,stone_marten,2
frge,24,47.98418200360204,7.901257001086103,2023-10-06,2023-11-05,2023-10-08,domestic_cat,1
frge,24,47.98418200360204,7.901257001086103,2023-10-06,2023-11-05,2023-10-08,red_fox,2
frge,24,47.98418200360204,7.901257001086103,2023-10-06,2023-11-05,2023-10-08,stone_marten,4
frge,24,47.98418200360204,7.901257001086103,2023-10-06,2023-11-05,2023-10-09,domestic_cat,4
frge,24,47.98418200360204,7.901257001086103,2023-10-06,2023-11-05,2023-10-09,red_fox,2
frge,24,47.98418200360204,7.901257001086103,2023-10-06,2023-11-05,2023-10-09,stone_marten,3
frge,24,47.98418200360204,7.901257001086103,2023-10-06,2023-11-05,2023-10-10,domestic_cat,3
frge,24,47.98418200360204,7.901257001086103,2023-10-06,2023-11-05,2023-10-10,red_fox,7
frge,24,47.98418200360204,7.901257001086103,2023-10-06,2023-11-05,2023-10-10,stone_marten,4
frge,24,47.98418200360204,7.901257001086103,2023-10-06,2023-11-05,2023-10-11,domestic_cat,2
frge,24,47.98418200360204,7.901257001086103,2023-10-06,2023-11-05,2023-10-11,red_fox,1
frge,24,47.98418200360204,7.901257001086103,2023-10-06,2023-11-05,2023-10-11,stone_marten,3
frge,24,47.98418200360204,7.901257001086103,2023-10-06,2023-11-05,2023-10-12,domestic_cat,2
frge,24,47.98418200360204,7.901257001086103,2023-10-06,2023-11-05,2023-10-12,red_fox,1
frge,24,47.98418200360204,7.901257001086103,2023-10-06,2023-11-05,2023-10-12,stone_marten,1
frge,24,47.98418200360204,7.901257001086103,2023-10-06,2023-11-05,2023-10-13,red_fox,2
frge,24,47.98418200360204,7.901257001086103,2023-10-06,2023-11-05,2023-10-13,stone_marten,2
frge,24,47.98418200360204,7.901257001086103,2023-10-06,2023-11-05,2023-10-14,red_fox,2
frge,24,47.98418200360204,7.901257001086103,2023-10-06,2023-11-05,2023-10-14,stone_marten,3
frge,24,47.98418200360204,7.901257001086103,2023-10-06,2023-11-05,2023-10-15,domestic_cat,1
frge,24,47.98418200360204,7.901257001086103,2023-10-06,2023-11-05,2023-10-15,red_fox,4
frge,24,47.98418200360204,7.901257001086103,2023-10-06,2023-11-05,2023-10-15,stone_marten,4
frge,24,47.98418200360204,7.901257001086103,2023-10-06,2023-11-05,2023-10-16,domestic_cat,1
frge,24,47.98418200360204,7.901257001086103,2023-10-06,2023-11-05,2023-10-16,red_fox,3
frge,24,47.98418200360204,7.901257001086103,2023-10-06,2023-11-05,2023-10-17,domestic_cat,2
frge,24,47.98418200360204,7.901257001086103,2023-10-06,2023-11-05,2023-10-17,red_fox,3
frge,24,47.98418200360204,7.901257001086103,2023-10-06,2023-11-05,2023-10-17,european_red_squirrel,1
frge,24,47.98418200360204,7.901257001086103,2023-10-06,2023-11-05,2023-10-18,red_fox,3
frge,24,47.98418200360204,7.901257001086103,2023-10-06,2023-11-05,2023-10-18,stone_marten,2
frge,24,47.98418200360204,7.901257001086103,2023-10-06,2023-11-05,2023-10-19,red_fox,1
frge,24,47.98418200360204,7.901257001086103,2023-10-06,2023-11-05,2023-10-19,stone_marten,3
frge,24,47.98418200360204,7.901257001086103,2023-10-06,2023-11-05,2023-10-20,domestic_cat,4
frge,24,47.98418200360204,7.901257001086103,2023-10-06,2023-11-05,2023-10-20,red_fox,2
frge,24,47.98418200360204,7.901257001086103,2023-10-06,2023-11-05,2023-10-20,stone_marten,1
frge,24,47.98418200360204,7.901257001086103,2023-10-06,2023-11-05,2023-10-21,domestic_cat,7
frge,24,47.98418200360204,7.901257001086103,2023-10-06,2023-11-05,2023-10-21,red_fox,6
frge,24,47.98418200360204,7.901257001086103,2023-10-06,2023-11-05,2023-10-21,stone_marten,1
frge,24,47.98418200360204,7.901257001086103,2023-10-06,2023-11-05,2023-10-22,domestic_cat,2
frge,24,47.98418200360204,7.901257001086103,2023-10-06,2023-11-05,2023-10-22,red_fox,3
frge,24,47.98418200360204,7.901257001086103,2023-10-06,2023-11-05,2023-10-23,domestic_cat,2
frge,24,47.98418200360204,7.901257001086103,2023-10-06,2023-11-05,2023-10-23,red_fox,2
frge,24,47.98418200360204,7.901257001086103,2023-10-06,2023-11-05,2023-10-23,stone_marten,1
frge,24,47.98418200360204,7.901257001086103,2023-10-06,2023-11-05,2023-10-24,red_fox,2
frge,24,47.98418200360204,7.901257001086103,2023-10-06,2023-11-05,2023-10-24,stone_marten,8
frge,24,47.98418200360204,7.901257001086103,2023-10-06,2023-11-05,2023-10-25,red_fox,1
frge,24,47.98418200360204,7.901257001086103,2023-10-06,2023-11-05,2023-10-25,stone_marten,1
frge,24,47.98418200360204,7.901257001086103,2023-10-06,2023-11-05,2023-10-26,domestic_cat,4
frge,24,47.98418200360204,7.901257001086103,2023-10-06,2023-11-05,2023-10-26,red_fox,3
frge,24,47.98418200360204,7.901257001086103,2023-10-06,2023-11-05,2023-10-26,stone_marten,1
frge,24,47.98418200360204,7.901257001086103,2023-10-06,2023-11-05,2023-10-27,red_fox,3
frge,24,47.98418200360204,7.901257001086103,2023-10-06,2023-11-05,2023-10-28,domestic_cat,3
frge,24,47.98418200360204,7.901257001086103,2023-10-06,2023-11-05,2023-10-28,red_fox,3
frge,24,47.98418200360204,7.901257001086103,2023-10-06,2023-11-05,2023-10-28,stone_marten,1
frge,24,47.98418200360204,7.901257001086103,2023-10-06,2023-11-05,2023-10-29,domestic_cat,1
frge,24,47.98418200360204,7.901257001086103,2023-10-06,2023-11-05,2023-10-29,stone_marten,1
frge,24,47.98418200360204,7.901257001086103,2023-10-06,2023-11-05,2023-10-30,domestic_cat,2
frge,24,47.98418200360204,7.901257001086103,2023-10-06,2023-11-05,2023-10-30,red_fox,4
frge,24,47.98418200360204,7.901257001086103,2023-10-06,2023-11-05,2023-10-31,red_fox,2
frge,24,47.98418200360204,7.901257001086103,2023-10-06,2023-11-05,2023-10-31,stone_marten,4
frge,24,47.98418200360204,7.901257001086103,2023-10-06,2023-11-05,2023-11-01,domestic_cat,8
frge,24,47.98418200360204,7.901257001086103,2023-10-06,2023-11-05,2023-11-01,red_fox,1
frge,24,47.98418200360204,7.901257001086103,2023-10-06,2023-11-05,2023-11-02,domestic_cat,2
frge,24,47.98418200360204,7.901257001086103,2023-10-06,2023-11-05,2023-11-02,red_fox,3
frge,24,47.98418200360204,7.901257001086103,2023-10-06,2023-11-05,2023-11-02,stone_marten,3
frge,24,47.98418200360204,7.901257001086103,2023-10-06,2023-11-05,2023-11-03,domestic_cat,5
frge,24,47.98418200360204,7.901257001086103,2023-10-06,2023-11-05,2023-11-03,red_fox,2
frge,24,47.98418200360204,7.901257001086103,2023-10-06,2023-11-05,2023-11-03,stone_marten,2
frge,24,47.98418200360204,7.901257001086103,2023-10-06,2023-11-05,2023-11-04,domestic_cat,3
frge,24,47.98418200360204,7.901257001086103,2023-10-06,2023-11-05,2023-11-04,red_fox,3
frge,24,47.98418200360204,7.901257001086103,2023-10-06,2023-11-05,2023-11-05,red_fox,1
frge,24,47.98418200360204,7.901257001086103,2022-03-29,2022-04-27,2022-03-31,domestic_cat,1
frge,24,47.98418200360204,7.901257001086103,2022-03-29,2022-04-27,2022-04-03,domestic_cat,2
frge,24,47.98418200360204,7.901257001086103,2022-03-29,2022-04-27,2022-04-03,red_fox,1
frge,24,47.98418200360204,7.901257001086103,2022-03-29,2022-04-27,2022-04-04,domestic_cat,2
frge,24,47.98418200360204,7.901257001086103,2022-03-29,2022-04-27,2022-04-04,red_fox,1
frge,24,47.98418200360204,7.901257001086103,2022-03-29,2022-04-27,2022-04-05,domestic_cat,2
frge,24,47.98418200360204,7.901257001086103,2022-03-29,2022-04-27,2022-04-06,domestic_cat,1
frge,24,47.98418200360204,7.901257001086103,2022-03-29,2022-04-27,2022-04-06,red_fox,1
frge,24,47.98418200360204,7.901257001086103,2022-03-29,2022-04-27,2022-04-07,stone_marten,1
frge,24,47.98418200360204,7.901257001086103,2022-03-29,2022-04-27,2022-04-08,domestic_cat,2
frge,24,47.98418200360204,7.901257001086103,2022-03-29,2022-04-27,2022-04-09,domestic_cat,1
frge,24,47.98418200360204,7.901257001086103,2022-03-29,2022-04-27,2022-04-10,domestic_cat,3
frge,24,47.98418200360204,7.901257001086103,2022-03-29,2022-04-27,2022-04-10,european_badger,1
frge,24,47.98418200360204,7.901257001086103,2022-03-29,2022-04-27,2022-04-11,domestic_cat,3
frge,24,47.98418200360204,7.901257001086103,2022-03-29,2022-04-27,2022-04-11,red_fox,1
frge,24,47.98418200360204,7.901257001086103,2022-03-29,2022-04-27,2022-04-12,european_hedgehog,1
frge,24,47.98418200360204,7.901257001086103,2022-03-29,2022-04-27,2022-04-13,domestic_cat,1
frge,24,47.98418200360204,7.901257001086103,2022-03-29,2022-04-27,2022-04-15,domestic_cat,1
frge,24,47.98418200360204,7.901257001086103,2022-03-29,2022-04-27,2022-04-16,domestic_cat,2
frge,24,47.98418200360204,7.901257001086103,2022-03-29,2022-04-27,2022-04-18,red_fox,1
frge,24,47.98418200360204,7.901257001086103,2022-03-29,2022-04-27,2022-04-19,domestic_cat,2
frge,24,47.98418200360204,7.901257001086103,2022-03-29,2022-04-27,2022-04-20,domestic_cat,2
frge,24,47.98418200360204,7.901257001086103,2022-03-29,2022-04-27,2022-04-20,red_fox,1
frge,24,47.98418200360204,7.901257001086103,2022-03-29,2022-04-27,2022-04-21,domestic_cat,2
frge,24,47.98418200360204,7.901257001086103,2022-03-29,2022-04-27,2022-04-21,red_fox,1
frge,24,47.98418200360204,7.901257001086103,2022-03-29,2022-04-27,2022-04-22,domestic_cat,5
frge,24,47.98418200360204,7.901257001086103,2022-03-29,2022-04-27,2022-04-23,domestic_cat,2
frge,24,47.98418200360204,7.901257001086103,2022-03-29,2022-04-27,2022-04-24,stone_marten,1
frge,24,47.98418200360204,7.901257001086103,2022-03-29,2022-04-27,2022-04-26,domestic_cat,4
frge,24,47.98418200360204,7.901257001086103,2023-04-04,2023-05-03,2023-04-06,domestic_cat,1
frge,24,47.98418200360204,7.901257001086103,2023-04-04,2023-05-03,2023-04-06,red_fox,3
frge,24,47.98418200360204,7.901257001086103,2023-04-04,2023-05-03,2023-04-08,domestic_cat,11
frge,24,47.98418200360204,7.901257001086103,2023-04-04,2023-05-03,2023-04-09,domestic_cat,1
frge,24,47.98418200360204,7.901257001086103,2023-04-04,2023-05-03,2023-04-10,domestic_cat,1
frge,24,47.98418200360204,7.901257001086103,2023-04-04,2023-05-03,2023-04-12,domestic_cat,3
frge,24,47.98418200360204,7.901257001086103,2023-04-04,2023-05-03,2023-04-13,domestic_cat,3
frge,24,47.98418200360204,7.901257001086103,2023-04-04,2023-05-03,2023-04-14,domestic_cat,1
frge,24,47.98418200360204,7.901257001086103,2023-04-04,2023-05-03,2023-04-17,red_fox,1
frge,24,47.98418200360204,7.901257001086103,2023-04-04,2023-05-03,2023-04-18,red_fox,1
frge,24,47.98418200360204,7.901257001086103,2023-04-04,2023-05-03,2023-04-21,red_fox,1
frge,24,47.98418200360204,7.901257001086103,2023-04-04,2023-05-03,2023-05-02,domestic_cat,1
frge,24,47.98418200360204,7.901257001086103,2022-07-01,2022-07-27,2022-07-03,domestic_cat,1
frge,24,47.98418200360204,7.901257001086103,2022-07-01,2022-07-27,2022-07-04,domestic_cat,1
frge,24,47.98418200360204,7.901257001086103,2022-07-01,2022-07-27,2022-07-06,domestic_cat,1
frge,24,47.98418200360204,7.901257001086103,2022-07-01,2022-07-27,2022-07-09,red_fox,1
frge,24,47.98418200360204,7.901257001086103,2022-07-01,2022-07-27,2022-07-13,domestic_cat,1
frge,24,47.98418200360204,7.901257001086103,2022-07-01,2022-07-27,2022-07-21,domestic_cat,1
frge,24,47.98418200360204,7.901257001086103,2022-07-01,2022-07-27,2022-07-27,red_fox,1
frge,24,47.98418200360204,7.901257001086103,2024-06-28,2024-08-19,2024-08-15,red_fox,2
frge,24,47.98418200360204,7.901257001086103,2022-01-11,2022-02-14,2022-01-12,stone_marten,1
frge,24,47.98418200360204,7.901257001086103,2022-01-11,2022-02-14,2022-01-14,red_fox,1
frge,24,47.98418200360204,7.901257001086103,2022-01-11,2022-02-14,2022-01-20,stone_marten,3
frge,24,47.98418200360204,7.901257001086103,2022-01-11,2022-02-14,2022-01-21,stone_marten,2
frge,24,47.98418200360204,7.901257001086103,2022-01-11,2022-02-14,2022-01-22,stone_marten,2
frge,24,47.98418200360204,7.901257001086103,2022-01-11,2022-02-14,2022-01-25,red_fox,1
frge,24,47.98418200360204,7.901257001086103,2022-01-11,2022-02-14,2022-01-26,stone_marten,4
frge,24,47.98418200360204,7.901257001086103,2022-01-11,2022-02-14,2022-01-27,stone_marten,1
frge,24,47.98418200360204,7.901257001086103,2022-01-11,2022-02-14,2022-01-30,red_fox,1
frge,24,47.98418200360204,7.901257001086103,2022-01-11,2022-02-14,2022-01-30,stone_marten,3
frge,24,47.98418200360204,7.901257001086103,2022-01-11,2022-02-14,2022-01-31,red_fox,3
frge,24,47.98418200360204,7.901257001086103,2022-01-11,2022-02-14,2022-02-01,stone_marten,1
frge,24,47.98418200360204,7.901257001086103,2022-01-11,2022-02-14,2022-02-02,stone_marten,3
frge,24,47.98418200360204,7.901257001086103,2022-01-11,2022-02-14,2022-02-03,red_fox,3
frge,24,47.98418200360204,7.901257001086103,2022-01-11,2022-02-14,2022-02-04,stone_marten,1
frge,24,47.98418200360204,7.901257001086103,2022-01-11,2022-02-14,2022-02-10,red_fox,6
frge,24,47.98418200360204,7.901257001086103,2022-01-11,2022-02-14,2022-02-10,stone_marten,2
frge,24,47.98418200360204,7.901257001086103,2022-01-11,2022-02-14,2022-02-11,red_fox,2
frge,24,47.98418200360204,7.901257001086103,2022-01-11,2022-02-14,2022-02-11,stone_marten,2
frge,24,47.98418200360204,7.901257001086103,2022-01-11,2022-02-14,2022-02-14,red_fox,2
frge,24,47.98418200360204,7.901257001086103,2023-01-12,2023-02-10,2023-01-12,domestic_cat,2
frge,24,47.98418200360204,7.901257001086103,2023-01-12,2023-02-10,2023-01-12,red_fox,1
frge,24,47.98418200360204,7.901257001086103,2023-01-12,2023-02-10,2023-01-13,domestic_cat,1
frge,24,47.98418200360204,7.901257001086103,2023-01-12,2023-02-10,2023-01-14,red_fox,6
frge,24,47.98418200360204,7.901257001086103,2023-01-12,2023-02-10,2023-01-15,red_fox,4
frge,24,47.98418200360204,7.901257001086103,2023-01-12,2023-02-10,2023-01-16,red_fox,3
frge,24,47.98418200360204,7.901257001086103,2023-01-12,2023-02-10,2023-01-16,stone_marten,1
frge,24,47.98418200360204,7.901257001086103,2023-01-12,2023-02-10,2023-01-17,red_fox,5
frge,24,47.98418200360204,7.901257001086103,2023-01-12,2023-02-10,2023-01-17,stone_marten,1
frge,24,47.98418200360204,7.901257001086103,2023-01-12,2023-02-10,2023-01-18,domestic_cat,1
frge,24,47.98418200360204,7.901257001086103,2023-01-12,2023-02-10,2023-01-19,domestic_cat,3
frge,24,47.98418200360204,7.901257001086103,2023-01-12,2023-02-10,2023-01-19,red_fox,1
frge,24,47.98418200360204,7.901257001086103,2023-01-12,2023-02-10,2023-01-20,red_fox,4
frge,24,47.98418200360204,7.901257001086103,2023-01-12,2023-02-10,2023-01-21,domestic_cat,1
frge,24,47.98418200360204,7.901257001086103,2023-01-12,2023-02-10,2023-01-22,domestic_cat,1
frge,24,47.98418200360204,7.901257001086103,2023-01-12,2023-02-10,2023-01-23,domestic_cat,2
frge,24,47.98418200360204,7.901257001086103,2023-01-12,2023-02-10,2023-01-23,red_fox,3
frge,24,47.98418200360204,7.901257001086103,2023-01-12,2023-02-10,2023-01-24,domestic_cat,1
frge,24,47.98418200360204,7.901257001086103,2023-01-12,2023-02-10,2023-01-24,red_fox,2
frge,24,47.98418200360204,7.901257001086103,2023-01-12,2023-02-10,2023-01-25,domestic_cat,15
frge,24,47.98418200360204,7.901257001086103,2023-01-12,2023-02-10,2023-01-25,red_fox,1
frge,24,47.98418200360204,7.901257001086103,2023-01-12,2023-02-10,2023-01-26,domestic_cat,1
frge,24,47.98418200360204,7.901257001086103,2023-01-12,2023-02-10,2023-01-26,red_fox,5
frge,24,47.98418200360204,7.901257001086103,2023-01-12,2023-02-10,2023-01-27,domestic_cat,1
frge,24,47.98418200360204,7.901257001086103,2023-01-12,2023-02-10,2023-01-27,red_fox,1
frge,24,47.98418200360204,7.901257001086103,2023-01-12,2023-02-10,2023-01-28,red_fox,1
frge,24,47.98418200360204,7.901257001086103,2023-01-12,2023-02-10,2023-01-29,domestic_cat,2
frge,24,47.98418200360204,7.901257001086103,2023-01-12,2023-02-10,2023-01-29,red_fox,3
frge,24,47.98418200360204,7.901257001086103,2023-01-12,2023-02-10,2023-01-30,red_fox,1
frge,24,47.98418200360204,7.901257001086103,2023-01-12,2023-02-10,2023-01-31,red_fox,1
frge,24,47.98418200360204,7.901257001086103,2023-01-12,2023-02-10,2023-02-01,domestic_cat,3
frge,24,47.98418200360204,7.901257001086103,2023-01-12,2023-02-10,2023-02-01,red_fox,3
frge,24,47.98418200360204,7.901257001086103,2023-01-12,2023-02-10,2023-02-02,red_fox,1
frge,24,47.98418200360204,7.901257001086103,2023-01-12,2023-02-10,2023-02-03,domestic_cat,2
frge,24,47.98418200360204,7.901257001086103,2023-01-12,2023-02-10,2023-02-03,red_fox,1
frge,24,47.98418200360204,7.901257001086103,2023-01-12,2023-02-10,2023-02-04,domestic_cat,1
frge,24,47.98418200360204,7.901257001086103,2023-01-12,2023-02-10,2023-02-06,domestic_cat,2
frge,24,47.98418200360204,7.901257001086103,2023-01-12,2023-02-10,2023-02-06,red_fox,3
frge,24,47.98418200360204,7.901257001086103,2023-01-12,2023-02-10,2023-02-07,domestic_cat,3
frge,24,47.98418200360204,7.901257001086103,2023-01-12,2023-02-10,2023-02-07,red_fox,1
frge,24,47.98418200360204,7.901257001086103,2023-01-12,2023-02-10,2023-02-08,red_fox,3
frge,24,47.98418200360204,7.901257001086103,2023-01-12,2023-02-10,2023-02-09,domestic_cat,1
frge,24,47.98418200360204,7.901257001086103,2023-01-12,2023-02-10,2023-02-09,red_fox,1
frge,24,47.98418200360204,7.901257001086103,2023-01-12,2023-02-10,2023-02-10,red_fox,2
frge,24,47.98418200360204,7.901257001086103,2023-12-29,2024-01-30,2023-12-29,red_fox,2
frge,24,47.98418200360204,7.901257001086103,2023-12-29,2024-01-30,2023-12-30,red_fox,1
frge,24,47.98418200360204,7.901257001086103,2023-12-29,2024-01-30,2023-12-31,domestic_cat,1
frge,24,47.98418200360204,7.901257001086103,2023-12-29,2024-01-30,2023-12-31,red_fox,2
frge,24,47.98418200360204,7.901257001086103,2023-12-29,2024-01-30,2024-01-01,red_fox,2
frge,24,47.98418200360204,7.901257001086103,2023-12-29,2024-01-30,2024-01-02,domestic_cat,3
frge,24,47.98418200360204,7.901257001086103,2023-12-29,2024-01-30,2024-01-02,red_fox,1
frge,24,47.98418200360204,7.901257001086103,2023-12-29,2024-01-30,2024-01-03,domestic_cat,5
frge,24,47.98418200360204,7.901257001086103,2023-12-29,2024-01-30,2024-01-03,red_fox,5
frge,24,47.98418200360204,7.901257001086103,2023-12-29,2024-01-30,2024-01-03,stone_marten,2
frge,24,47.98418200360204,7.901257001086103,2023-12-29,2024-01-30,2024-01-04,domestic_cat,4
frge,24,47.98418200360204,7.901257001086103,2023-12-29,2024-01-30,2024-01-04,red_fox,2
frge,24,47.98418200360204,7.901257001086103,2023-12-29,2024-01-30,2024-01-05,red_fox,2
frge,24,47.98418200360204,7.901257001086103,2023-12-29,2024-01-30,2024-01-06,domestic_cat,1
frge,24,47.98418200360204,7.901257001086103,2023-12-29,2024-01-30,2024-01-06,red_fox,1
frge,24,47.98418200360204,7.901257001086103,2023-12-29,2024-01-30,2024-01-07,domestic_cat,1
frge,24,47.98418200360204,7.901257001086103,2023-12-29,2024-01-30,2024-01-07,red_fox,3
frge,24,47.98418200360204,7.901257001086103,2023-12-29,2024-01-30,2024-01-08,domestic_cat,1
frge,24,47.98418200360204,7.901257001086103,2023-12-29,2024-01-30,2024-01-08,red_fox,2
frge,24,47.98418200360204,7.901257001086103,2023-12-29,2024-01-30,2024-01-09,red_fox,2
frge,24,47.98418200360204,7.901257001086103,2023-12-29,2024-01-30,2024-01-10,domestic_cat,1
frge,24,47.98418200360204,7.901257001086103,2023-12-29,2024-01-30,2024-01-10,red_fox,3
frge,24,47.98418200360204,7.901257001086103,2023-12-29,2024-01-30,2024-01-12,red_fox,1
frge,24,47.98418200360204,7.901257001086103,2023-12-29,2024-01-30,2024-01-13,red_fox,2
frge,24,47.98418200360204,7.901257001086103,2023-12-29,2024-01-30,2024-01-14,red_fox,1
frge,24,47.98418200360204,7.901257001086103,2023-12-29,2024-01-30,2024-01-15,domestic_cat,7
frge,24,47.98418200360204,7.901257001086103,2023-12-29,2024-01-30,2024-01-15,red_fox,1
frge,24,47.98418200360204,7.901257001086103,2023-12-29,2024-01-30,2024-01-16,red_fox,1
frge,24,47.98418200360204,7.901257001086103,2023-12-29,2024-01-30,2024-01-17,domestic_cat,1
frge,24,47.98418200360204,7.901257001086103,2023-12-29,2024-01-30,2024-01-17,red_fox,1
frge,24,47.98418200360204,7.901257001086103,2023-12-29,2024-01-30,2024-01-18,domestic_cat,1
frge,24,47.98418200360204,7.901257001086103,2023-12-29,2024-01-30,2024-01-21,domestic_cat,4
frge,24,47.98418200360204,7.901257001086103,2023-12-29,2024-01-30,2024-01-22,domestic_cat,1
frge,24,47.98418200360204,7.901257001086103,2023-12-29,2024-01-30,2024-01-22,stone_marten,2
frge,24,47.98418200360204,7.901257001086103,2023-12-29,2024-01-30,2024-01-23,domestic_cat,4
frge,24,47.98418200360204,7.901257001086103,2023-12-29,2024-01-30,2024-01-23,stone_marten,1
frge,24,47.98418200360204,7.901257001086103,2023-12-29,2024-01-30,2024-01-24,domestic_cat,3
frge,24,47.98418200360204,7.901257001086103,2023-12-29,2024-01-30,2024-01-24,red_fox,2
frge,24,47.98418200360204,7.901257001086103,2023-12-29,2024-01-30,2024-01-25,domestic_cat,2
frge,24,47.98418200360204,7.901257001086103,2023-12-29,2024-01-30,2024-01-25,red_fox,2
frge,24,47.98418200360204,7.901257001086103,2023-12-29,2024-01-30,2024-01-26,domestic_cat,3
frge,24,47.98418200360204,7.901257001086103,2023-12-29,2024-01-30,2024-01-26,stone_marten,1
frge,24,47.98418200360204,7.901257001086103,2023-12-29,2024-01-30,2024-01-28,red_fox,2
frge,24,47.98418200360204,7.901257001086103,2023-12-29,2024-01-30,2024-01-29,domestic_cat,2
frge,25,47.9790520035988,7.888178001070925,2022-10-05,2022-11-03,2022-10-10,european_red_squirrel,1
frge,25,47.9790520035988,7.888178001070925,2022-10-05,2022-11-03,2022-10-21,european_red_squirrel,1
frge,25,47.9790520035988,7.888178001070925,2022-10-05,2022-11-03,2022-10-25,stone_marten,1
frge,25,47.9790520035988,7.888178001070925,2022-10-05,2022-11-03,2022-10-29,european_red_squirrel,1
frge,25,47.9790520035988,7.888178001070925,2023-10-06,2023-11-05,2023-10-06,european_red_squirrel,2
frge,25,47.9790520035988,7.888178001070925,2023-10-06,2023-11-05,2023-10-07,domestic_cat,2
frge,25,47.9790520035988,7.888178001070925,2023-10-06,2023-11-05,2023-10-07,red_fox,1
frge,25,47.9790520035988,7.888178001070925,2023-10-06,2023-11-05,2023-10-07,european_red_squirrel,1
frge,25,47.9790520035988,7.888178001070925,2023-10-06,2023-11-05,2023-10-07,roe_deer,1
frge,25,47.9790520035988,7.888178001070925,2023-10-06,2023-11-05,2023-10-07,stone_marten,1
frge,25,47.9790520035988,7.888178001070925,2023-10-06,2023-11-05,2023-10-08,red_fox,1
frge,25,47.9790520035988,7.888178001070925,2023-10-06,2023-11-05,2023-10-08,european_red_squirrel,3
frge,25,47.9790520035988,7.888178001070925,2023-10-06,2023-11-05,2023-10-10,european_red_squirrel,2
frge,25,47.9790520035988,7.888178001070925,2023-10-06,2023-11-05,2023-10-12,european_red_squirrel,2
frge,25,47.9790520035988,7.888178001070925,2023-10-06,2023-11-05,2023-10-13,european_red_squirrel,4
frge,25,47.9790520035988,7.888178001070925,2023-10-06,2023-11-05,2023-10-13,roe_deer,1
frge,25,47.9790520035988,7.888178001070925,2023-10-06,2023-11-05,2023-10-14,european_red_squirrel,1
frge,25,47.9790520035988,7.888178001070925,2023-10-06,2023-11-05,2023-10-15,red_fox,2
frge,25,47.9790520035988,7.888178001070925,2023-10-06,2023-11-05,2023-10-15,european_red_squirrel,3
frge,25,47.9790520035988,7.888178001070925,2023-10-06,2023-11-05,2023-10-16,red_fox,2
frge,25,47.9790520035988,7.888178001070925,2023-10-06,2023-11-05,2023-10-16,european_red_squirrel,1
frge,25,47.9790520035988,7.888178001070925,2023-10-06,2023-11-05,2023-10-17,european_red_squirrel,1
frge,25,47.9790520035988,7.888178001070925,2023-10-06,2023-11-05,2023-10-18,domestic_cat,1
frge,25,47.9790520035988,7.888178001070925,2023-10-06,2023-11-05,2023-10-18,red_fox,1
frge,25,47.9790520035988,7.888178001070925,2023-10-06,2023-11-05,2023-10-18,european_red_squirrel,2
frge,25,47.9790520035988,7.888178001070925,2023-10-06,2023-11-05,2023-10-20,european_red_squirrel,1
frge,25,47.9790520035988,7.888178001070925,2023-10-06,2023-11-05,2023-10-21,domestic_cat,1
frge,25,47.9790520035988,7.888178001070925,2023-10-06,2023-11-05,2023-10-21,european_red_squirrel,1
frge,25,47.9790520035988,7.888178001070925,2023-10-06,2023-11-05,2023-10-22,european_red_squirrel,2
frge,25,47.9790520035988,7.888178001070925,2023-10-06,2023-11-05,2023-10-22,stone_marten,1
frge,25,47.9790520035988,7.888178001070925,2023-10-06,2023-11-05,2023-10-25,european_red_squirrel,1
frge,25,47.9790520035988,7.888178001070925,2023-10-06,2023-11-05,2023-10-27,european_red_squirrel,1
frge,25,47.9790520035988,7.888178001070925,2023-10-06,2023-11-05,2023-10-27,roe_deer,1
frge,25,47.9790520035988,7.888178001070925,2023-10-06,2023-11-05,2023-10-29,domestic_cat,1
frge,25,47.9790520035988,7.888178001070925,2023-10-06,2023-11-05,2023-10-30,european_red_squirrel,2
frge,25,47.9790520035988,7.888178001070925,2023-10-06,2023-11-05,2023-10-30,roe_deer,1
frge,25,47.9790520035988,7.888178001070925,2023-10-06,2023-11-05,2023-11-01,european_red_squirrel,1
frge,25,47.9790520035988,7.888178001070925,2023-10-06,2023-11-05,2023-11-02,european_red_squirrel,2
frge,25,47.9790520035988,7.888178001070925,2023-10-06,2023-11-05,2023-11-04,red_fox,1
frge,25,47.9790520035988,7.888178001070925,2023-10-06,2023-11-05,2023-11-05,european_red_squirrel,1
frge,25,47.9790520035988,7.888178001070925,2024-10-17,2024-11-25,2024-10-19,roe_deer,1
frge,25,47.9790520035988,7.888178001070925,2024-10-17,2024-11-25,2024-10-20,red_fox,4
frge,25,47.9790520035988,7.888178001070925,2024-10-17,2024-11-25,2024-10-21,red_fox,3
frge,25,47.9790520035988,7.888178001070925,2024-10-17,2024-11-25,2024-10-21,roe_deer,2
frge,25,47.9790520035988,7.888178001070925,2024-10-17,2024-11-25,2024-10-22,roe_deer,1
frge,25,47.9790520035988,7.888178001070925,2024-10-17,2024-11-25,2024-10-23,red_fox,1
frge,25,47.9790520035988,7.888178001070925,2024-10-17,2024-11-25,2024-10-24,roe_deer,1
frge,25,47.9790520035988,7.888178001070925,2024-10-17,2024-11-25,2024-10-25,red_fox,4
frge,25,47.9790520035988,7.888178001070925,2024-10-17,2024-11-25,2024-10-26,red_fox,2
frge,25,47.9790520035988,7.888178001070925,2024-10-17,2024-11-25,2024-10-26,roe_deer,1
frge,25,47.9790520035988,7.888178001070925,2024-10-17,2024-11-25,2024-10-27,red_fox,4
frge,25,47.9790520035988,7.888178001070925,2024-10-17,2024-11-25,2024-10-28,red_fox,1
frge,25,47.9790520035988,7.888178001070925,2024-10-17,2024-11-25,2024-10-29,red_fox,3
frge,25,47.9790520035988,7.888178001070925,2024-10-17,2024-11-25,2024-10-29,european_red_squirrel,1
frge,25,47.9790520035988,7.888178001070925,2024-10-17,2024-11-25,2024-10-30,roe_deer,3
frge,25,47.9790520035988,7.888178001070925,2024-10-17,2024-11-25,2024-10-31,red_fox,1
frge,25,47.9790520035988,7.888178001070925,2024-10-17,2024-11-25,2024-10-31,roe_deer,2
frge,25,47.9790520035988,7.888178001070925,2024-10-17,2024-11-25,2024-11-01,red_fox,3
frge,25,47.9790520035988,7.888178001070925,2024-10-17,2024-11-25,2024-11-01,european_red_squirrel,1
frge,25,47.9790520035988,7.888178001070925,2024-10-17,2024-11-25,2024-11-02,european_red_squirrel,3
frge,25,47.9790520035988,7.888178001070925,2024-10-17,2024-11-25,2024-11-03,european_red_squirrel,1
frge,25,47.9790520035988,7.888178001070925,2024-10-17,2024-11-25,2024-11-04,roe_deer,1
frge,25,47.9790520035988,7.888178001070925,2024-10-17,2024-11-25,2024-11-05,red_fox,1
frge,25,47.9790520035988,7.888178001070925,2024-10-17,2024-11-25,2024-11-05,roe_deer,2
frge,25,47.9790520035988,7.888178001070925,2024-10-17,2024-11-25,2024-11-07,red_fox,1
frge,25,47.9790520035988,7.888178001070925,2024-10-17,2024-11-25,2024-11-09,red_fox,2
frge,25,47.9790520035988,7.888178001070925,2024-10-17,2024-11-25,2024-11-09,roe_deer,27
frge,25,47.9790520035988,7.888178001070925,2024-10-17,2024-11-25,2024-11-10,red_fox,2
frge,25,47.9790520035988,7.888178001070925,2024-10-17,2024-11-25,2024-11-10,european_red_squirrel,1
frge,25,47.9790520035988,7.888178001070925,2024-10-17,2024-11-25,2024-11-11,red_fox,1
frge,25,47.9790520035988,7.888178001070925,2024-10-17,2024-11-25,2024-11-11,roe_deer,1
frge,25,47.9790520035988,7.888178001070925,2024-10-17,2024-11-25,2024-11-12,red_fox,1
frge,25,47.9790520035988,7.888178001070925,2024-10-17,2024-11-25,2024-11-13,european_red_squirrel,2
frge,25,47.9790520035988,7.888178001070925,2024-10-17,2024-11-25,2024-11-14,red_fox,1
frge,25,47.9790520035988,7.888178001070925,2024-10-17,2024-11-25,2024-11-14,european_red_squirrel,1
frge,25,47.9790520035988,7.888178001070925,2024-10-17,2024-11-25,2024-11-15,red_fox,1
frge,25,47.9790520035988,7.888178001070925,2024-10-17,2024-11-25,2024-11-16,red_fox,1
frge,25,47.9790520035988,7.888178001070925,2024-10-17,2024-11-25,2024-11-17,european_badger,3
frge,25,47.9790520035988,7.888178001070925,2024-10-17,2024-11-25,2024-11-19,roe_deer,1
frge,25,47.9790520035988,7.888178001070925,2024-10-17,2024-11-25,2024-11-20,red_fox,1
frge,25,47.9790520035988,7.888178001070925,2024-10-17,2024-11-25,2024-11-20,roe_deer,1
frge,25,47.9790520035988,7.888178001070925,2024-10-17,2024-11-25,2024-11-21,european_red_squirrel,3
frge,25,47.9790520035988,7.888178001070925,2024-10-17,2024-11-25,2024-11-22,red_fox,1
frge,25,47.9790520035988,7.888178001070925,2024-10-17,2024-11-25,2024-11-22,roe_deer,5
frge,25,47.9790520035988,7.888178001070925,2024-10-17,2024-11-25,2024-11-23,red_fox,1
frge,25,47.9790520035988,7.888178001070925,2022-03-29,2022-04-27,2022-04-14,stone_marten,1
frge,25,47.9790520035988,7.888178001070925,2022-03-29,2022-04-27,2022-04-21,roe_deer,1
frge,25,47.9790520035988,7.888178001070925,2022-03-29,2022-04-27,2022-04-26,roe_deer,1
frge,25,47.9790520035988,7.888178001070925,2023-04-04,2023-05-03,2023-04-04,european_badger,2
frge,25,47.9790520035988,7.888178001070925,2023-04-04,2023-05-03,2023-04-21,european_badger,1
frge,25,47.9790520035988,7.888178001070925,2023-04-04,2023-05-03,2023-04-30,european_badger,1
frge,25,47.9790520035988,7.888178001070925,2024-03-28,2024-04-26,2024-03-28,european_red_squirrel,1
frge,25,47.9790520035988,7.888178001070925,2024-03-28,2024-04-26,2024-03-28,roe_deer,2
frge,25,47.9790520035988,7.888178001070925,2024-03-28,2024-04-26,2024-03-30,red_fox,1
frge,25,47.9790520035988,7.888178001070925,2024-03-28,2024-04-26,2024-03-31,stone_marten,1
frge,25,47.9790520035988,7.888178001070925,2024-03-28,2024-04-26,2024-04-01,roe_deer,3
frge,25,47.9790520035988,7.888178001070925,2024-03-28,2024-04-26,2024-04-02,european_red_squirrel,1
frge,25,47.9790520035988,7.888178001070925,2024-03-28,2024-04-26,2024-04-03,european_red_squirrel,1
frge,25,47.9790520035988,7.888178001070925,2024-03-28,2024-04-26,2024-04-05,european_red_squirrel,1
frge,25,47.9790520035988,7.888178001070925,2024-03-28,2024-04-26,2024-04-09,european_red_squirrel,1
frge,25,47.9790520035988,7.888178001070925,2024-03-28,2024-04-26,2024-04-09,stone_marten,1
frge,25,47.9790520035988,7.888178001070925,2024-03-28,2024-04-26,2024-04-10,roe_deer,1
frge,25,47.9790520035988,7.888178001070925,2024-03-28,2024-04-26,2024-04-11,red_fox,1
frge,25,47.9790520035988,7.888178001070925,2024-03-28,2024-04-26,2024-04-13,european_red_squirrel,1
frge,25,47.9790520035988,7.888178001070925,2024-03-28,2024-04-26,2024-04-14,roe_deer,2
frge,25,47.9790520035988,7.888178001070925,2024-03-28,2024-04-26,2024-04-15,wild_boar,1
frge,25,47.9790520035988,7.888178001070925,2024-03-28,2024-04-26,2024-04-16,european_red_squirrel,2
frge,25,47.9790520035988,7.888178001070925,2024-03-28,2024-04-26,2024-04-16,roe_deer,10
frge,25,47.9790520035988,7.888178001070925,2024-03-28,2024-04-26,2024-04-17,european_red_squirrel,3
frge,25,47.9790520035988,7.888178001070925,2024-03-28,2024-04-26,2024-04-18,european_red_squirrel,3
frge,25,47.9790520035988,7.888178001070925,2024-03-28,2024-04-26,2024-04-19,european_red_squirrel,2
frge,25,47.9790520035988,7.888178001070925,2024-03-28,2024-04-26,2024-04-20,red_fox,1
frge,25,47.9790520035988,7.888178001070925,2024-03-28,2024-04-26,2024-04-20,roe_deer,2
frge,25,47.9790520035988,7.888178001070925,2024-03-28,2024-04-26,2024-04-21,red_fox,3
frge,25,47.9790520035988,7.888178001070925,2024-03-28,2024-04-26,2024-04-21,european_red_squirrel,1
frge,25,47.9790520035988,7.888178001070925,2024-03-28,2024-04-26,2024-04-21,roe_deer,2
frge,25,47.9790520035988,7.888178001070925,2024-03-28,2024-04-26,2024-04-22,european_red_squirrel,2
frge,25,47.9790520035988,7.888178001070925,2024-03-28,2024-04-26,2024-04-22,roe_deer,1
frge,25,47.9790520035988,7.888178001070925,2024-03-28,2024-04-26,2024-04-23,european_red_squirrel,1
frge,25,47.9790520035988,7.888178001070925,2024-03-28,2024-04-26,2024-04-24,roe_deer,4
frge,25,47.9790520035988,7.888178001070925,2024-03-28,2024-04-26,2024-04-25,european_red_squirrel,1
frge,25,47.9790520035988,7.888178001070925,2022-06-28,2022-07-11,2022-06-29,roe_deer,3
frge,25,47.9790520035988,7.888178001070925,2022-06-28,2022-07-11,2022-07-01,red_fox,2
frge,25,47.9790520035988,7.888178001070925,2022-06-28,2022-07-11,2022-07-03,roe_deer,1
frge,25,47.9790520035988,7.888178001070925,2022-06-28,2022-07-11,2022-07-03,stone_marten,2
frge,25,47.9790520035988,7.888178001070925,2022-06-28,2022-07-11,2022-07-04,roe_deer,1
frge,25,47.9790520035988,7.888178001070925,2022-06-28,2022-07-11,2022-07-07,roe_deer,1
frge,25,47.9790520035988,7.888178001070925,2022-06-28,2022-07-11,2022-07-11,roe_deer,1
frge,25,47.9790520035988,7.888178001070925,2024-06-28,2024-08-19,2024-06-28,european_red_squirrel,2
frge,25,47.9790520035988,7.888178001070925,2024-06-28,2024-08-19,2024-06-29,red_fox,2
frge,25,47.9790520035988,7.888178001070925,2024-06-28,2024-08-19,2024-06-30,roe_deer,1
frge,25,47.9790520035988,7.888178001070925,2024-06-28,2024-08-19,2024-07-01,roe_deer,1
frge,25,47.9790520035988,7.888178001070925,2024-06-28,2024-08-19,2024-07-03,red_fox,1
frge,25,47.9790520035988,7.888178001070925,2024-06-28,2024-08-19,2024-07-03,european_red_squirrel,2
frge,25,47.9790520035988,7.888178001070925,2024-06-28,2024-08-19,2024-07-04,red_fox,2
frge,25,47.9790520035988,7.888178001070925,2024-06-28,2024-08-19,2024-07-04,european_red_squirrel,1
frge,25,47.9790520035988,7.888178001070925,2024-06-28,2024-08-19,2024-07-06,european_red_squirrel,1
frge,25,47.9790520035988,7.888178001070925,2024-06-28,2024-08-19,2024-07-07,red_fox,2
frge,25,47.9790520035988,7.888178001070925,2024-06-28,2024-08-19,2024-07-07,stone_marten,1
frge,25,47.9790520035988,7.888178001070925,2024-06-28,2024-08-19,2024-07-09,european_red_squirrel,1
frge,25,47.9790520035988,7.888178001070925,2024-06-28,2024-08-19,2024-07-11,red_fox,1
frge,25,47.9790520035988,7.888178001070925,2024-06-28,2024-08-19,2024-07-12,roe_deer,1
frge,25,47.9790520035988,7.888178001070925,2024-06-28,2024-08-19,2024-07-13,red_fox,1
frge,25,47.9790520035988,7.888178001070925,2024-06-28,2024-08-19,2024-07-13,roe_deer,1
frge,25,47.9790520035988,7.888178001070925,2024-06-28,2024-08-19,2024-07-14,european_badger,2
frge,25,47.9790520035988,7.888178001070925,2024-06-28,2024-08-19,2024-07-15,european_badger,1
frge,25,47.9790520035988,7.888178001070925,2024-06-28,2024-08-19,2024-07-15,red_fox,1
frge,25,47.9790520035988,7.888178001070925,2024-06-28,2024-08-19,2024-07-17,european_badger,1
frge,25,47.9790520035988,7.888178001070925,2024-06-28,2024-08-19,2024-07-19,red_fox,1
frge,25,47.9790520035988,7.888178001070925,2024-06-28,2024-08-19,2024-07-20,european_red_squirrel,1
frge,25,47.9790520035988,7.888178001070925,2024-06-28,2024-08-19,2024-07-20,roe_deer,2
frge,25,47.9790520035988,7.888178001070925,2024-06-28,2024-08-19,2024-07-22,european_badger,1
frge,25,47.9790520035988,7.888178001070925,2024-06-28,2024-08-19,2024-07-22,red_fox,1
frge,25,47.9790520035988,7.888178001070925,2024-06-28,2024-08-19,2024-07-23,european_red_squirrel,1
frge,25,47.9790520035988,7.888178001070925,2024-06-28,2024-08-19,2024-07-24,roe_deer,1
frge,25,47.9790520035988,7.888178001070925,2024-06-28,2024-08-19,2024-07-25,red_fox,1
frge,25,47.9790520035988,7.888178001070925,2024-06-28,2024-08-19,2024-07-25,roe_deer,3
frge,25,47.9790520035988,7.888178001070925,2024-06-28,2024-08-19,2024-07-26,red_fox,5
frge,25,47.9790520035988,7.888178001070925,2024-06-28,2024-08-19,2024-07-27,red_fox,1
frge,25,47.9790520035988,7.888178001070925,2024-06-28,2024-08-19,2024-07-27,european_red_squirrel,1
frge,25,47.9790520035988,7.888178001070925,2024-06-28,2024-08-19,2024-07-27,roe_deer,2
frge,25,47.9790520035988,7.888178001070925,2024-06-28,2024-08-19,2024-07-27,stone_marten,1
frge,25,47.9790520035988,7.888178001070925,2024-06-28,2024-08-19,2024-07-28,red_fox,2
frge,25,47.9790520035988,7.888178001070925,2024-06-28,2024-08-19,2024-07-28,european_red_squirrel,2
frge,25,47.9790520035988,7.888178001070925,2024-06-28,2024-08-19,2024-07-28,roe_deer,3
frge,25,47.9790520035988,7.888178001070925,2024-06-28,2024-08-19,2024-07-29,european_badger,1
frge,25,47.9790520035988,7.888178001070925,2024-06-28,2024-08-19,2024-07-29,european_red_squirrel,5
frge,25,47.9790520035988,7.888178001070925,2024-06-28,2024-08-19,2024-07-29,stone_marten,1
frge,25,47.9790520035988,7.888178001070925,2024-06-28,2024-08-19,2024-07-30,red_fox,1
frge,25,47.9790520035988,7.888178001070925,2024-06-28,2024-08-19,2024-07-30,european_red_squirrel,2
frge,25,47.9790520035988,7.888178001070925,2024-06-28,2024-08-19,2024-07-30,roe_deer,3
frge,25,47.9790520035988,7.888178001070925,2024-06-28,2024-08-19,2024-07-30,stone_marten,1
frge,25,47.9790520035988,7.888178001070925,2024-06-28,2024-08-19,2024-07-31,european_red_squirrel,6
frge,25,47.9790520035988,7.888178001070925,2024-06-28,2024-08-19,2024-07-31,roe_deer,1
frge,25,47.9790520035988,7.888178001070925,2024-06-28,2024-08-19,2024-08-01,european_red_squirrel,3
frge,25,47.9790520035988,7.888178001070925,2024-06-28,2024-08-19,2024-08-02,european_red_squirrel,2
frge,25,47.9790520035988,7.888178001070925,2024-06-28,2024-08-19,2024-08-02,roe_deer,2
frge,25,47.9790520035988,7.888178001070925,2024-06-28,2024-08-19,2024-08-03,european_red_squirrel,4
frge,25,47.9790520035988,7.888178001070925,2024-06-28,2024-08-19,2024-08-03,roe_deer,1
frge,25,47.9790520035988,7.888178001070925,2024-06-28,2024-08-19,2024-08-03,stone_marten,1
frge,25,47.9790520035988,7.888178001070925,2024-06-28,2024-08-19,2024-08-04,red_fox,3
frge,25,47.9790520035988,7.888178001070925,2024-06-28,2024-08-19,2024-08-04,european_red_squirrel,1
frge,25,47.9790520035988,7.888178001070925,2024-06-28,2024-08-19,2024-08-05,european_red_squirrel,8
frge,25,47.9790520035988,7.888178001070925,2024-06-28,2024-08-19,2024-08-05,stone_marten,1
frge,25,47.9790520035988,7.888178001070925,2024-06-28,2024-08-19,2024-08-07,european_red_squirrel,1
frge,25,47.9790520035988,7.888178001070925,2024-06-28,2024-08-19,2024-08-08,european_red_squirrel,6
frge,25,47.9790520035988,7.888178001070925,2024-06-28,2024-08-19,2024-08-08,stone_marten,3
frge,25,47.9790520035988,7.888178001070925,2024-06-28,2024-08-19,2024-08-09,european_red_squirrel,2
frge,25,47.9790520035988,7.888178001070925,2024-06-28,2024-08-19,2024-08-10,european_red_squirrel,4
frge,25,47.9790520035988,7.888178001070925,2024-06-28,2024-08-19,2024-08-10,roe_deer,1
frge,25,47.9790520035988,7.888178001070925,2024-06-28,2024-08-19,2024-08-11,red_fox,1
frge,25,47.9790520035988,7.888178001070925,2024-06-28,2024-08-19,2024-08-11,european_red_squirrel,1
frge,25,47.9790520035988,7.888178001070925,2024-06-28,2024-08-19,2024-08-11,stone_marten,1
frge,25,47.9790520035988,7.888178001070925,2024-06-28,2024-08-19,2024-08-12,red_fox,1
frge,25,47.9790520035988,7.888178001070925,2024-06-28,2024-08-19,2024-08-12,european_red_squirrel,5
frge,25,47.9790520035988,7.888178001070925,2024-06-28,2024-08-19,2024-08-13,red_fox,1
frge,25,47.9790520035988,7.888178001070925,2024-06-28,2024-08-19,2024-08-13,european_red_squirrel,2
frge,25,47.9790520035988,7.888178001070925,2024-06-28,2024-08-19,2024-08-13,stone_marten,1
frge,25,47.9790520035988,7.888178001070925,2024-06-28,2024-08-19,2024-08-14,european_red_squirrel,7
frge,25,47.9790520035988,7.888178001070925,2024-06-28,2024-08-19,2024-08-15,red_fox,4
frge,25,47.9790520035988,7.888178001070925,2024-06-28,2024-08-19,2024-08-15,stone_marten,1
frge,25,47.9790520035988,7.888178001070925,2024-06-28,2024-08-19,2024-08-16,red_fox,1
frge,25,47.9790520035988,7.888178001070925,2024-06-28,2024-08-19,2024-08-17,european_red_squirrel,3
frge,25,47.9790520035988,7.888178001070925,2024-06-28,2024-08-19,2024-08-18,red_fox,1
frge,25,47.9790520035988,7.888178001070925,2024-06-28,2024-08-19,2024-08-18,european_red_squirrel,4
frge,25,47.9790520035988,7.888178001070925,2024-06-28,2024-08-19,2024-08-19,european_red_squirrel,2
frge,25,47.9790520035988,7.888178001070925,2024-06-28,2024-08-19,2024-08-19,stone_marten,1
frge,25,47.9790520035988,7.888178001070925,2022-01-14,2022-02-14,2022-01-14,red_fox,1
frge,25,47.9790520035988,7.888178001070925,2022-01-14,2022-02-14,2022-01-22,red_fox,1
frge,25,47.9790520035988,7.888178001070925,2022-01-14,2022-02-14,2022-01-24,red_fox,3
frge,25,47.9790520035988,7.888178001070925,2022-01-14,2022-02-14,2022-01-24,stone_marten,2
frge,25,47.9790520035988,7.888178001070925,2022-01-14,2022-02-14,2022-01-25,red_fox,1
frge,25,47.9790520035988,7.888178001070925,2022-01-14,2022-02-14,2022-01-26,roe_deer,1
frge,25,47.9790520035988,7.888178001070925,2022-01-14,2022-02-14,2022-01-28,red_fox,1
frge,25,47.9790520035988,7.888178001070925,2022-01-14,2022-02-14,2022-01-28,roe_deer,1
frge,25,47.9790520035988,7.888178001070925,2022-01-14,2022-02-14,2022-01-29,red_fox,1
frge,25,47.9790520035988,7.888178001070925,2022-01-14,2022-02-14,2022-02-02,stone_marten,1
frge,25,47.9790520035988,7.888178001070925,2022-01-14,2022-02-14,2022-02-06,roe_deer,1
frge,25,47.9790520035988,7.888178001070925,2022-01-14,2022-02-14,2022-02-13,red_fox,1
frge,25,47.9790520035988,7.888178001070925,2023-01-26,2023-02-22,2023-01-28,roe_deer,3
frge,25,47.9790520035988,7.888178001070925,2023-01-26,2023-02-22,2023-01-28,stone_marten,1
frge,25,47.9790520035988,7.888178001070925,2023-01-26,2023-02-22,2023-02-07,red_fox,2
frge,25,47.9790520035988,7.888178001070925,2023-01-26,2023-02-22,2023-02-13,roe_deer,2
frge,25,47.9790520035988,7.888178001070925,2023-01-26,2023-02-22,2023-02-19,stone_marten,1
frge,25,47.9790520035988,7.888178001070925,2023-12-29,2024-01-30,2023-12-29,roe_deer,1
frge,25,47.9790520035988,7.888178001070925,2023-12-29,2024-01-30,2023-12-30,red_fox,5
frge,25,47.9790520035988,7.888178001070925,2023-12-29,2024-01-30,2023-12-30,european_red_squirrel,3
frge,25,47.9790520035988,7.888178001070925,2023-12-29,2024-01-30,2023-12-31,european_red_squirrel,3
frge,25,47.9790520035988,7.888178001070925,2023-12-29,2024-01-30,2024-01-01,european_red_squirrel,1
frge,25,47.9790520035988,7.888178001070925,2023-12-29,2024-01-30,2024-01-02,european_red_squirrel,1
frge,25,47.9790520035988,7.888178001070925,2023-12-29,2024-01-30,2024-01-03,red_fox,1
frge,25,47.9790520035988,7.888178001070925,2023-12-29,2024-01-30,2024-01-03,roe_deer,8
frge,25,47.9790520035988,7.888178001070925,2023-12-29,2024-01-30,2024-01-03,stone_marten,2
frge,25,47.9790520035988,7.888178001070925,2023-12-29,2024-01-30,2024-01-04,roe_deer,1
frge,25,47.9790520035988,7.888178001070925,2023-12-29,2024-01-30,2024-01-05,red_fox,1
frge,25,47.9790520035988,7.888178001070925,2023-12-29,2024-01-30,2024-01-05,european_red_squirrel,7
frge,25,47.9790520035988,7.888178001070925,2023-12-29,2024-01-30,2024-01-06,european_red_squirrel,1
frge,25,47.9790520035988,7.888178001070925,2023-12-29,2024-01-30,2024-01-07,red_fox,1
frge,25,47.9790520035988,7.888178001070925,2023-12-29,2024-01-30,2024-01-07,european_red_squirrel,2
frge,25,47.9790520035988,7.888178001070925,2023-12-29,2024-01-30,2024-01-08,european_red_squirrel,2
frge,25,47.9790520035988,7.888178001070925,2023-12-29,2024-01-30,2024-01-09,european_red_squirrel,1
frge,25,47.9790520035988,7.888178001070925,2023-12-29,2024-01-30,2024-01-10,red_fox,4
frge,25,47.9790520035988,7.888178001070925,2023-12-29,2024-01-30,2024-01-11,red_fox,2
frge,25,47.9790520035988,7.888178001070925,2023-12-29,2024-01-30,2024-01-12,red_fox,3
frge,25,47.9790520035988,7.888178001070925,2023-12-29,2024-01-30,2024-01-13,red_fox,4
frge,25,47.9790520035988,7.888178001070925,2023-12-29,2024-01-30,2024-01-13,roe_deer,1
frge,25,47.9790520035988,7.888178001070925,2023-12-29,2024-01-30,2024-01-14,red_fox,2
frge,25,47.9790520035988,7.888178001070925,2023-12-29,2024-01-30,2024-01-15,red_fox,2
frge,25,47.9790520035988,7.888178001070925,2023-12-29,2024-01-30,2024-01-16,red_fox,2
frge,25,47.9790520035988,7.888178001070925,2023-12-29,2024-01-30,2024-01-18,european_red_squirrel,1
frge,25,47.9790520035988,7.888178001070925,2023-12-29,2024-01-30,2024-01-21,red_fox,3
frge,25,47.9790520035988,7.888178001070925,2023-12-29,2024-01-30,2024-01-21,european_red_squirrel,1
frge,25,47.9790520035988,7.888178001070925,2023-12-29,2024-01-30,2024-01-22,european_red_squirrel,1
frge,25,47.9790520035988,7.888178001070925,2023-12-29,2024-01-30,2024-01-23,red_fox,2
frge,25,47.9790520035988,7.888178001070925,2023-12-29,2024-01-30,2024-01-24,red_fox,1
frge,25,47.9790520035988,7.888178001070925,2023-12-29,2024-01-30,2024-01-24,european_red_squirrel,1
frge,25,47.9790520035988,7.888178001070925,2023-12-29,2024-01-30,2024-01-25,red_fox,4
frge,25,47.9790520035988,7.888178001070925,2023-12-29,2024-01-30,2024-01-25,european_red_squirrel,1
frge,25,47.9790520035988,7.888178001070925,2023-12-29,2024-01-30,2024-01-26,red_fox,2
frge,25,47.9790520035988,7.888178001070925,2023-12-29,2024-01-30,2024-01-26,european_red_squirrel,1
frge,25,47.9790520035988,7.888178001070925,2023-12-29,2024-01-30,2024-01-27,european_badger,1
frge,25,47.9790520035988,7.888178001070925,2023-12-29,2024-01-30,2024-01-27,red_fox,2
frge,25,47.9790520035988,7.888178001070925,2023-12-29,2024-01-30,2024-01-27,european_red_squirrel,1
frge,25,47.9790520035988,7.888178001070925,2023-12-29,2024-01-30,2024-01-27,roe_deer,8
frge,25,47.9790520035988,7.888178001070925,2023-12-29,2024-01-30,2024-01-28,red_fox,1
frge,25,47.9790520035988,7.888178001070925,2023-12-29,2024-01-30,2024-01-28,roe_deer,3
frge,29,47.98113000360146,7.836332001010439,2022-10-04,2022-11-02,2022-10-04,european_red_squirrel,1
frge,29,47.98113000360146,7.836332001010439,2022-10-04,2022-11-02,2022-10-04,stone_marten,2
frge,29,47.98113000360146,7.836332001010439,2022-10-04,2022-11-02,2022-10-05,european_red_squirrel,10
frge,29,47.98113000360146,7.836332001010439,2022-10-04,2022-11-02,2022-10-06,european_red_squirrel,4
frge,29,47.98113000360146,7.836332001010439,2022-10-04,2022-11-02,2022-10-08,european_red_squirrel,7
frge,29,47.98113000360146,7.836332001010439,2022-10-04,2022-11-02,2022-10-09,european_red_squirrel,4
frge,29,47.98113000360146,7.836332001010439,2022-10-04,2022-11-02,2022-10-10,european_red_squirrel,7
frge,29,47.98113000360146,7.836332001010439,2022-10-04,2022-11-02,2022-10-11,red_fox,1
frge,29,47.98113000360146,7.836332001010439,2022-10-04,2022-11-02,2022-10-11,european_red_squirrel,13
frge,29,47.98113000360146,7.836332001010439,2022-10-04,2022-11-02,2022-10-12,red_fox,1
frge,29,47.98113000360146,7.836332001010439,2022-10-04,2022-11-02,2022-10-12,european_red_squirrel,1
frge,29,47.98113000360146,7.836332001010439,2022-10-04,2022-11-02,2022-10-13,stone_marten,2
frge,29,47.98113000360146,7.836332001010439,2022-10-04,2022-11-02,2022-10-14,european_red_squirrel,3
frge,29,47.98113000360146,7.836332001010439,2022-10-04,2022-11-02,2022-10-15,european_red_squirrel,1
frge,29,47.98113000360146,7.836332001010439,2022-10-04,2022-11-02,2022-10-17,european_red_squirrel,2
frge,29,47.98113000360146,7.836332001010439,2022-10-04,2022-11-02,2022-10-17,stone_marten,1
frge,29,47.98113000360146,7.836332001010439,2022-10-04,2022-11-02,2022-10-19,european_red_squirrel,1
frge,29,47.98113000360146,7.836332001010439,2022-10-04,2022-11-02,2022-10-22,stone_marten,1
frge,29,47.98113000360146,7.836332001010439,2022-10-04,2022-11-02,2022-10-25,european_red_squirrel,1
frge,29,47.98113000360146,7.836332001010439,2022-10-04,2022-11-02,2022-10-27,european_red_squirrel,1
frge,29,47.98113000360146,7.836332001010439,2022-10-04,2022-11-02,2022-10-30,european_red_squirrel,2
frge,29,47.98113000360146,7.836332001010439,2022-10-04,2022-11-02,2022-10-31,european_red_squirrel,1
frge,29,47.98113000360146,7.836332001010439,2022-10-04,2022-11-02,2022-11-01,european_red_squirrel,1
frge,29,47.98113000360146,7.836332001010439,2022-10-04,2022-11-02,2022-11-02,european_red_squirrel,1
frge,29,47.98113000360146,7.836332001010439,2023-10-06,2023-11-03,2023-10-06,domestic_cat,3
frge,29,47.98113000360146,7.836332001010439,2023-10-06,2023-11-03,2023-10-07,red_fox,1
frge,29,47.98113000360146,7.836332001010439,2023-10-06,2023-11-03,2023-10-08,domestic_cat,1
frge,29,47.98113000360146,7.836332001010439,2023-10-06,2023-11-03,2023-10-09,domestic_cat,2
frge,29,47.98113000360146,7.836332001010439,2023-10-06,2023-11-03,2023-10-13,domestic_cat,4
frge,29,47.98113000360146,7.836332001010439,2023-10-06,2023-11-03,2023-10-15,domestic_cat,1
frge,29,47.98113000360146,7.836332001010439,2023-10-06,2023-11-03,2023-10-17,european_red_squirrel,1
frge,29,47.98113000360146,7.836332001010439,2023-10-06,2023-11-03,2023-10-30,red_fox,1
frge,29,47.98113000360146,7.836332001010439,2024-10-17,2024-11-18,2024-10-18,stone_marten,2
frge,29,47.98113000360146,7.836332001010439,2024-10-17,2024-11-18,2024-10-23,red_fox,1
frge,29,47.98113000360146,7.836332001010439,2024-10-17,2024-11-18,2024-11-06,domestic_cat,3
frge,29,47.98113000360146,7.836332001010439,2024-10-17,2024-11-18,2024-11-07,red_fox,3
frge,29,47.98113000360146,7.836332001010439,2024-10-17,2024-11-18,2024-11-08,red_fox,1
frge,29,47.98113000360146,7.836332001010439,2024-10-17,2024-11-18,2024-11-09,domestic_cat,1
frge,29,47.98113000360146,7.836332001010439,2024-10-17,2024-11-18,2024-11-10,domestic_cat,3
frge,29,47.98113000360146,7.836332001010439,2024-10-17,2024-11-18,2024-11-11,domestic_cat,1
frge,29,47.98113000360146,7.836332001010439,2024-10-17,2024-11-18,2024-11-11,stone_marten,1
frge,29,47.98113000360146,7.836332001010439,2024-10-17,2024-11-18,2024-11-12,domestic_cat,7
frge,29,47.98113000360146,7.836332001010439,2024-10-17,2024-11-18,2024-11-13,domestic_cat,4
frge,29,47.98113000360146,7.836332001010439,2024-10-17,2024-11-18,2024-11-13,red_fox,1
frge,29,47.98113000360146,7.836332001010439,2024-10-17,2024-11-18,2024-11-14,domestic_cat,7
frge,29,47.98113000360146,7.836332001010439,2024-10-17,2024-11-18,2024-11-14,red_fox,1
frge,29,47.98113000360146,7.836332001010439,2024-10-17,2024-11-18,2024-11-15,domestic_cat,9
frge,29,47.98113000360146,7.836332001010439,2024-10-17,2024-11-18,2024-11-18,domestic_cat,1
frge,29,47.98113000360146,7.836332001010439,2023-04-04,2023-05-03,2023-04-05,stone_marten,1
frge,29,47.98113000360146,7.836332001010439,2023-04-04,2023-05-03,2023-04-09,stone_marten,3
frge,29,47.98113000360146,7.836332001010439,2023-04-04,2023-05-03,2023-04-10,red_fox,1
frge,29,47.98113000360146,7.836332001010439,2023-04-04,2023-05-03,2023-04-14,stone_marten,2
frge,29,47.98113000360146,7.836332001010439,2023-04-04,2023-05-03,2023-04-15,european_red_squirrel,1
frge,29,47.98113000360146,7.836332001010439,2023-04-04,2023-05-03,2023-04-16,european_red_squirrel,2
frge,29,47.98113000360146,7.836332001010439,2023-04-04,2023-05-03,2023-04-20,european_red_squirrel,3
frge,29,47.98113000360146,7.836332001010439,2023-04-04,2023-05-03,2023-04-24,european_red_squirrel,4
frge,29,47.98113000360146,7.836332001010439,2023-04-04,2023-05-03,2023-05-02,european_red_squirrel,3
frge,29,47.98113000360146,7.836332001010439,2024-03-28,2024-04-29,2024-03-29,domestic_cat,4
frge,29,47.98113000360146,7.836332001010439,2024-03-28,2024-04-29,2024-03-30,domestic_cat,2
frge,29,47.98113000360146,7.836332001010439,2024-03-28,2024-04-29,2024-03-31,domestic_cat,4
frge,29,47.98113000360146,7.836332001010439,2024-03-28,2024-04-29,2024-04-01,domestic_cat,2
frge,29,47.98113000360146,7.836332001010439,2024-03-28,2024-04-29,2024-04-02,domestic_cat,8
frge,29,47.98113000360146,7.836332001010439,2024-03-28,2024-04-29,2024-04-04,domestic_cat,6
frge,29,47.98113000360146,7.836332001010439,2024-03-28,2024-04-29,2024-04-05,domestic_cat,10
frge,29,47.98113000360146,7.836332001010439,2024-03-28,2024-04-29,2024-04-07,domestic_cat,8
frge,29,47.98113000360146,7.836332001010439,2024-03-28,2024-04-29,2024-04-09,domestic_cat,3
frge,29,47.98113000360146,7.836332001010439,2024-03-28,2024-04-29,2024-04-10,domestic_cat,6
frge,29,47.98113000360146,7.836332001010439,2024-03-28,2024-04-29,2024-04-11,domestic_cat,8
frge,29,47.98113000360146,7.836332001010439,2024-03-28,2024-04-29,2024-04-12,domestic_cat,1
frge,29,47.98113000360146,7.836332001010439,2024-03-28,2024-04-29,2024-04-13,domestic_cat,4
frge,29,47.98113000360146,7.836332001010439,2024-03-28,2024-04-29,2024-04-15,domestic_cat,3
frge,29,47.98113000360146,7.836332001010439,2024-03-28,2024-04-29,2024-04-15,stone_marten,1
frge,29,47.98113000360146,7.836332001010439,2024-03-28,2024-04-29,2024-04-16,red_fox,1
frge,29,47.98113000360146,7.836332001010439,2024-03-28,2024-04-29,2024-04-17,domestic_cat,1
frge,29,47.98113000360146,7.836332001010439,2024-03-28,2024-04-29,2024-04-18,domestic_cat,8
frge,29,47.98113000360146,7.836332001010439,2024-03-28,2024-04-29,2024-04-19,domestic_cat,1
frge,29,47.98113000360146,7.836332001010439,2024-03-28,2024-04-29,2024-04-20,domestic_cat,1
frge,29,47.98113000360146,7.836332001010439,2024-03-28,2024-04-29,2024-04-20,stone_marten,1
frge,29,47.98113000360146,7.836332001010439,2024-03-28,2024-04-29,2024-04-21,domestic_cat,2
frge,29,47.98113000360146,7.836332001010439,2024-03-28,2024-04-29,2024-04-21,red_fox,1
frge,29,47.98113000360146,7.836332001010439,2024-03-28,2024-04-29,2024-04-22,domestic_cat,2
frge,29,47.98113000360146,7.836332001010439,2024-03-28,2024-04-29,2024-04-23,domestic_cat,1
frge,29,47.98113000360146,7.836332001010439,2024-03-28,2024-04-29,2024-04-23,red_fox,1
frge,29,47.98113000360146,7.836332001010439,2024-03-28,2024-04-29,2024-04-24,domestic_cat,1
frge,29,47.98113000360146,7.836332001010439,2022-06-30,2022-07-29,2022-07-05,red_fox,1
frge,29,47.98113000360146,7.836332001010439,2022-06-30,2022-07-29,2022-07-16,european_badger,1
frge,29,47.98113000360146,7.836332001010439,2022-06-30,2022-07-29,2022-07-16,stone_marten,1
frge,29,47.98113000360146,7.836332001010439,2022-06-30,2022-07-29,2022-07-20,european_badger,1
frge,29,47.98113000360146,7.836332001010439,2022-06-30,2022-07-29,2022-07-23,stone_marten,2
frge,29,47.98113000360146,7.836332001010439,2023-06-29,2023-07-12,2023-07-04,domestic_cat,2
frge,29,47.98113000360146,7.836332001010439,2023-06-29,2023-07-12,2023-07-04,stone_marten,1
frge,29,47.98113000360146,7.836332001010439,2023-06-29,2023-07-12,2023-07-09,european_red_squirrel,1
frge,29,47.98113000360146,7.836332001010439,2023-06-29,2023-07-12,2023-07-10,european_edible_dormouse,2
frge,29,47.98113000360146,7.836332001010439,2024-06-28,2024-08-21,2024-06-30,red_fox,1
frge,29,47.98113000360146,7.836332001010439,2024-06-28,2024-08-21,2024-07-01,red_fox,1
frge,29,47.98113000360146,7.836332001010439,2024-06-28,2024-08-21,2024-07-04,domestic_cat,1
frge,29,47.98113000360146,7.836332001010439,2024-06-28,2024-08-21,2024-07-05,domestic_cat,3
frge,29,47.98113000360146,7.836332001010439,2024-06-28,2024-08-21,2024-07-06,european_edible_dormouse,2
frge,29,47.98113000360146,7.836332001010439,2024-06-28,2024-08-21,2024-07-07,domestic_cat,1
frge,29,47.98113000360146,7.836332001010439,2024-06-28,2024-08-21,2024-07-08,red_fox,2
frge,29,47.98113000360146,7.836332001010439,2024-06-28,2024-08-21,2024-07-13,domestic_cat,7
frge,29,47.98113000360146,7.836332001010439,2024-06-28,2024-08-21,2024-07-13,red_fox,1
frge,29,47.98113000360146,7.836332001010439,2024-06-28,2024-08-21,2024-07-14,european_edible_dormouse,2
frge,29,47.98113000360146,7.836332001010439,2024-06-28,2024-08-21,2024-07-14,red_fox,6
frge,29,47.98113000360146,7.836332001010439,2024-06-28,2024-08-21,2024-07-22,european_edible_dormouse,1
frge,29,47.98113000360146,7.836332001010439,2024-06-28,2024-08-21,2024-07-22,red_fox,2
frge,29,47.98113000360146,7.836332001010439,2024-06-28,2024-08-21,2024-07-23,domestic_cat,2
frge,29,47.98113000360146,7.836332001010439,2024-06-28,2024-08-21,2024-07-23,european_edible_dormouse,4
frge,29,47.98113000360146,7.836332001010439,2024-06-28,2024-08-21,2024-07-24,domestic_cat,4
frge,29,47.98113000360146,7.836332001010439,2024-06-28,2024-08-21,2024-07-25,domestic_cat,9
frge,29,47.98113000360146,7.836332001010439,2024-06-28,2024-08-21,2024-07-31,domestic_cat,1
frge,29,47.98113000360146,7.836332001010439,2024-06-28,2024-08-21,2024-08-01,domestic_cat,1
frge,29,47.98113000360146,7.836332001010439,2024-06-28,2024-08-21,2024-08-01,red_fox,1
frge,29,47.98113000360146,7.836332001010439,2024-06-28,2024-08-21,2024-08-02,domestic_cat,2
frge,29,47.98113000360146,7.836332001010439,2024-06-28,2024-08-21,2024-08-02,red_fox,1
frge,29,47.98113000360146,7.836332001010439,2024-06-28,2024-08-21,2024-08-03,domestic_cat,7
frge,29,47.98113000360146,7.836332001010439,2024-06-28,2024-08-21,2024-08-06,domestic_cat,1
frge,29,47.98113000360146,7.836332001010439,2024-06-28,2024-08-21,2024-08-09,domestic_cat,3
frge,29,47.98113000360146,7.836332001010439,2024-06-28,2024-08-21,2024-08-10,stone_marten,1
frge,29,47.98113000360146,7.836332001010439,2024-06-28,2024-08-21,2024-08-11,domestic_cat,8
frge,29,47.98113000360146,7.836332001010439,2024-06-28,2024-08-21,2024-08-12,domestic_cat,1
frge,29,47.98113000360146,7.836332001010439,2024-06-28,2024-08-21,2024-08-14,domestic_cat,3
frge,29,47.98113000360146,7.836332001010439,2024-06-28,2024-08-21,2024-08-17,domestic_cat,3
frge,29,47.98113000360146,7.836332001010439,2024-06-28,2024-08-21,2024-08-19,domestic_cat,8
frge,29,47.98113000360146,7.836332001010439,2024-06-28,2024-08-21,2024-08-21,domestic_cat,1
frge,29,47.98113000360146,7.836332001010439,2022-01-11,2022-02-11,2022-02-01,stone_marten,1
frge,29,47.98113000360146,7.836332001010439,2022-01-11,2022-02-11,2022-02-06,european_red_squirrel,1
frge,29,47.98113000360146,7.836332001010439,2023-01-11,2023-02-09,2023-01-12,european_red_squirrel,2
frge,29,47.98113000360146,7.836332001010439,2023-01-11,2023-02-09,2023-01-13,european_red_squirrel,2
frge,29,47.98113000360146,7.836332001010439,2023-01-11,2023-02-09,2023-01-16,european_red_squirrel,4
frge,29,47.98113000360146,7.836332001010439,2023-01-11,2023-02-09,2023-01-19,european_red_squirrel,3
frge,29,47.98113000360146,7.836332001010439,2023-01-11,2023-02-09,2023-01-21,european_red_squirrel,2
frge,29,47.98113000360146,7.836332001010439,2023-01-11,2023-02-09,2023-01-26,domestic_cat,1
frge,29,47.98113000360146,7.836332001010439,2023-01-11,2023-02-09,2023-01-28,domestic_cat,1
frge,29,47.98113000360146,7.836332001010439,2023-01-11,2023-02-09,2023-01-28,stone_marten,1
frge,29,47.98113000360146,7.836332001010439,2023-01-11,2023-02-09,2023-01-30,european_red_squirrel,3
frge,29,47.98113000360146,7.836332001010439,2023-01-11,2023-02-09,2023-02-03,european_red_squirrel,4
frge,29,47.98113000360146,7.836332001010439,2024-01-02,2024-01-31,2024-01-03,domestic_cat,2
frge,29,47.98113000360146,7.836332001010439,2024-01-02,2024-01-31,2024-01-04,domestic_cat,2
frge,29,47.98113000360146,7.836332001010439,2024-01-02,2024-01-31,2024-01-07,domestic_cat,1
frge,29,47.98113000360146,7.836332001010439,2024-01-02,2024-01-31,2024-01-13,red_fox,1
frge,29,47.98113000360146,7.836332001010439,2024-01-02,2024-01-31,2024-01-15,red_fox,2
frge,29,47.98113000360146,7.836332001010439,2024-01-02,2024-01-31,2024-01-17,domestic_cat,4
frge,29,47.98113000360146,7.836332001010439,2024-01-02,2024-01-31,2024-01-20,domestic_cat,1
frge,29,47.98113000360146,7.836332001010439,2024-01-02,2024-01-31,2024-01-20,red_fox,1
frge,29,47.98113000360146,7.836332001010439,2024-01-02,2024-01-31,2024-01-21,red_fox,1
frge,29,47.98113000360146,7.836332001010439,2024-01-02,2024-01-31,2024-01-23,domestic_cat,1
frge,29,47.98113000360146,7.836332001010439,2024-01-02,2024-01-31,2024-01-25,domestic_cat,2
frge,29,47.98113000360146,7.836332001010439,2024-01-02,2024-01-31,2024-01-27,red_fox,1
frge,29,47.98113000360146,7.836332001010439,2024-01-02,2024-01-31,2024-01-29,domestic_cat,3
frge,32,48.01851200362823,7.795186000962042,2022-10-05,2022-11-03,2022-10-05,red_fox,1
frge,32,48.01851200362823,7.795186000962042,2022-10-05,2022-11-03,2022-10-05,european_red_squirrel,1
frge,32,48.01851200362823,7.795186000962042,2022-10-05,2022-11-03,2022-10-07,european_red_squirrel,1
frge,32,48.01851200362823,7.795186000962042,2022-10-05,2022-11-03,2022-10-08,european_red_squirrel,1
frge,32,48.01851200362823,7.795186000962042,2022-10-05,2022-11-03,2022-10-09,european_red_squirrel,2
frge,32,48.01851200362823,7.795186000962042,2022-10-05,2022-11-03,2022-10-10,european_red_squirrel,1
frge,32,48.01851200362823,7.795186000962042,2022-10-05,2022-11-03,2022-10-12,european_red_squirrel,1
frge,32,48.01851200362823,7.795186000962042,2022-10-05,2022-11-03,2022-10-13,red_fox,1
frge,32,48.01851200362823,7.795186000962042,2022-10-05,2022-11-03,2022-10-13,european_red_squirrel,1
frge,32,48.01851200362823,7.795186000962042,2022-10-05,2022-11-03,2022-10-13,stone_marten,1
frge,32,48.01851200362823,7.795186000962042,2022-10-05,2022-11-03,2022-10-16,red_fox,1
frge,32,48.01851200362823,7.795186000962042,2022-10-05,2022-11-03,2022-10-16,european_red_squirrel,6
frge,32,48.01851200362823,7.795186000962042,2022-10-05,2022-11-03,2022-10-17,red_fox,1
frge,32,48.01851200362823,7.795186000962042,2022-10-05,2022-11-03,2022-10-17,european_red_squirrel,2
frge,32,48.01851200362823,7.795186000962042,2022-10-05,2022-11-03,2022-10-17,stone_marten,1
frge,32,48.01851200362823,7.795186000962042,2022-10-05,2022-11-03,2022-10-19,red_fox,3
frge,32,48.01851200362823,7.795186000962042,2022-10-05,2022-11-03,2022-10-22,european_red_squirrel,2
frge,32,48.01851200362823,7.795186000962042,2022-10-05,2022-11-03,2022-10-23,european_red_squirrel,3
frge,32,48.01851200362823,7.795186000962042,2022-10-05,2022-11-03,2022-10-24,red_fox,2
frge,32,48.01851200362823,7.795186000962042,2022-10-05,2022-11-03,2022-10-25,red_fox,1
frge,32,48.01851200362823,7.795186000962042,2022-10-05,2022-11-03,2022-10-25,european_red_squirrel,1
frge,32,48.01851200362823,7.795186000962042,2022-10-05,2022-11-03,2022-10-25,stone_marten,1
frge,32,48.01851200362823,7.795186000962042,2022-10-05,2022-11-03,2022-10-26,european_red_squirrel,1
frge,32,48.01851200362823,7.795186000962042,2022-10-05,2022-11-03,2022-10-27,red_fox,1
frge,32,48.01851200362823,7.795186000962042,2022-10-05,2022-11-03,2022-10-27,european_red_squirrel,3
frge,32,48.01851200362823,7.795186000962042,2022-10-05,2022-11-03,2022-10-27,stone_marten,1
frge,32,48.01851200362823,7.795186000962042,2022-10-05,2022-11-03,2022-10-28,red_fox,2
frge,32,48.01851200362823,7.795186000962042,2022-10-05,2022-11-03,2022-10-28,european_red_squirrel,1
frge,32,48.01851200362823,7.795186000962042,2022-10-05,2022-11-03,2022-10-29,european_red_squirrel,5
frge,32,48.01851200362823,7.795186000962042,2022-10-05,2022-11-03,2022-10-30,red_fox,1
frge,32,48.01851200362823,7.795186000962042,2022-10-05,2022-11-03,2022-10-30,european_red_squirrel,3
frge,32,48.01851200362823,7.795186000962042,2022-10-05,2022-11-03,2022-10-31,european_red_squirrel,1
frge,32,48.01851200362823,7.795186000962042,2022-10-05,2022-11-03,2022-11-02,coypu,2
frge,32,48.01851200362823,7.795186000962042,2022-10-05,2022-11-03,2022-11-02,domestic_cat,1
frge,32,48.01851200362823,7.795186000962042,2022-10-05,2022-11-03,2022-11-02,stone_marten,1
frge,32,48.01851200362823,7.795186000962042,2022-03-31,2022-04-29,2022-03-31,stone_marten,1
frge,32,48.01851200362823,7.795186000962042,2022-03-31,2022-04-29,2022-04-03,red_fox,1
frge,32,48.01851200362823,7.795186000962042,2022-03-31,2022-04-29,2022-04-05,european_red_squirrel,1
frge,32,48.01851200362823,7.795186000962042,2022-03-31,2022-04-29,2022-04-05,stone_marten,1
frge,32,48.01851200362823,7.795186000962042,2022-03-31,2022-04-29,2022-04-06,european_red_squirrel,1
frge,32,48.01851200362823,7.795186000962042,2022-03-31,2022-04-29,2022-04-10,european_hedgehog,1
frge,32,48.01851200362823,7.795186000962042,2022-03-31,2022-04-29,2022-04-11,european_red_squirrel,1
frge,32,48.01851200362823,7.795186000962042,2022-03-31,2022-04-29,2022-04-12,european_hedgehog,1
frge,32,48.01851200362823,7.795186000962042,2022-03-31,2022-04-29,2022-04-16,european_hedgehog,2
frge,32,48.01851200362823,7.795186000962042,2022-03-31,2022-04-29,2022-04-17,red_fox,1
frge,32,48.01851200362823,7.795186000962042,2022-03-31,2022-04-29,2022-04-18,red_fox,2
frge,32,48.01851200362823,7.795186000962042,2022-03-31,2022-04-29,2022-04-19,domestic_cat,1
frge,32,48.01851200362823,7.795186000962042,2022-03-31,2022-04-29,2022-04-19,european_hedgehog,1
frge,32,48.01851200362823,7.795186000962042,2022-03-31,2022-04-29,2022-04-20,red_fox,1
frge,32,48.01851200362823,7.795186000962042,2022-03-31,2022-04-29,2022-04-22,european_hedgehog,1
frge,32,48.01851200362823,7.795186000962042,2022-03-31,2022-04-29,2022-04-22,red_fox,1
frge,32,48.01851200362823,7.795186000962042,2022-03-31,2022-04-29,2022-04-25,red_fox,1
frge,32,48.01851200362823,7.795186000962042,2022-03-31,2022-04-29,2022-04-29,red_fox,1
frge,32,48.01851200362823,7.795186000962042,2023-04-05,2023-05-04,2023-04-08,european_red_squirrel,2
frge,32,48.01851200362823,7.795186000962042,2023-04-05,2023-05-04,2023-04-11,european_red_squirrel,1
frge,32,48.01851200362823,7.795186000962042,2023-04-05,2023-05-04,2023-04-13,red_fox,1
frge,32,48.01851200362823,7.795186000962042,2023-04-05,2023-05-04,2023-04-15,european_red_squirrel,1
frge,32,48.01851200362823,7.795186000962042,2022-06-29,2022-07-28,2022-06-29,domestic_cat,2
frge,32,48.01851200362823,7.795186000962042,2022-06-29,2022-07-28,2022-06-29,red_fox,2
frge,32,48.01851200362823,7.795186000962042,2022-06-29,2022-07-28,2022-07-01,red_fox,4
frge,32,48.01851200362823,7.795186000962042,2022-06-29,2022-07-28,2022-07-04,european_hedgehog,4
frge,32,48.01851200362823,7.795186000962042,2022-06-29,2022-07-28,2022-07-04,red_fox,2
frge,32,48.01851200362823,7.795186000962042,2022-06-29,2022-07-28,2022-07-05,european_red_squirrel,1
frge,32,48.01851200362823,7.795186000962042,2022-06-29,2022-07-28,2022-07-06,red_fox,1
frge,32,48.01851200362823,7.795186000962042,2022-06-29,2022-07-28,2022-07-07,european_hedgehog,1
frge,32,48.01851200362823,7.795186000962042,2022-06-29,2022-07-28,2022-07-07,red_fox,1
frge,32,48.01851200362823,7.795186000962042,2022-06-29,2022-07-28,2022-07-08,european_hedgehog,1
frge,32,48.01851200362823,7.795186000962042,2022-06-29,2022-07-28,2022-07-10,red_fox,1
frge,32,48.01851200362823,7.795186000962042,2022-06-29,2022-07-28,2022-07-15,european_hedgehog,1
frge,32,48.01851200362823,7.795186000962042,2022-06-29,2022-07-28,2022-07-15,red_fox,1
frge,32,48.01851200362823,7.795186000962042,2022-06-29,2022-07-28,2022-07-18,red_fox,1
frge,32,48.01851200362823,7.795186000962042,2022-06-29,2022-07-28,2022-07-19,european_hedgehog,1
frge,32,48.01851200362823,7.795186000962042,2022-06-29,2022-07-28,2022-07-20,european_red_squirrel,5
frge,32,48.01851200362823,7.795186000962042,2022-06-29,2022-07-28,2022-07-21,european_hedgehog,2
frge,32,48.01851200362823,7.795186000962042,2022-06-29,2022-07-28,2022-07-22,european_hedgehog,1
frge,32,48.01851200362823,7.795186000962042,2022-06-29,2022-07-28,2022-07-22,red_fox,1
frge,32,48.01851200362823,7.795186000962042,2022-06-29,2022-07-28,2022-07-22,european_red_squirrel,1
frge,32,48.01851200362823,7.795186000962042,2022-06-29,2022-07-28,2022-07-23,domestic_cat,1
frge,32,48.01851200362823,7.795186000962042,2022-06-29,2022-07-28,2022-07-24,european_red_squirrel,1
frge,32,48.01851200362823,7.795186000962042,2022-06-29,2022-07-28,2022-07-25,red_fox,1
frge,32,48.01851200362823,7.795186000962042,2022-06-29,2022-07-28,2022-07-26,european_hedgehog,1
frge,32,48.01851200362823,7.795186000962042,2022-06-29,2022-07-28,2022-07-26,stone_marten,6
frge,32,48.01851200362823,7.795186000962042,2022-06-29,2022-07-28,2022-07-27,red_fox,1
frge,32,48.01851200362823,7.795186000962042,2022-06-29,2022-07-28,2022-07-27,stone_marten,2
frge,32,48.01851200362823,7.795186000962042,2023-06-28,2023-07-28,2023-07-06,stone_marten,1
frge,32,48.01851200362823,7.795186000962042,2023-06-28,2023-07-28,2023-07-07,red_fox,1
frge,32,48.01851200362823,7.795186000962042,2023-06-28,2023-07-28,2023-07-09,european_red_squirrel,1
frge,32,48.01851200362823,7.795186000962042,2023-06-28,2023-07-28,2023-07-14,european_red_squirrel,2
frge,32,48.01851200362823,7.795186000962042,2023-06-28,2023-07-28,2023-07-16,red_fox,1
frge,32,48.01851200362823,7.795186000962042,2023-06-28,2023-07-28,2023-07-17,red_fox,1
frge,32,48.01851200362823,7.795186000962042,2023-06-28,2023-07-28,2023-07-19,red_fox,3
frge,32,48.01851200362823,7.795186000962042,2023-06-28,2023-07-28,2023-07-20,red_fox,1
frge,32,48.01851200362823,7.795186000962042,2023-06-28,2023-07-28,2023-07-20,european_red_squirrel,1
frge,32,48.01851200362823,7.795186000962042,2023-06-28,2023-07-28,2023-07-21,red_fox,1
frge,32,48.01851200362823,7.795186000962042,2023-06-28,2023-07-28,2023-07-21,european_red_squirrel,1
frge,32,48.01851200362823,7.795186000962042,2023-06-28,2023-07-28,2023-07-22,european_red_squirrel,9
frge,32,48.01851200362823,7.795186000962042,2023-06-28,2023-07-28,2023-07-23,red_fox,1
frge,32,48.01851200362823,7.795186000962042,2023-06-28,2023-07-28,2023-07-23,european_red_squirrel,1
frge,32,48.01851200362823,7.795186000962042,2023-06-28,2023-07-28,2023-07-24,european_red_squirrel,1
frge,32,48.01851200362823,7.795186000962042,2023-06-28,2023-07-28,2023-07-25,red_fox,1
frge,32,48.01851200362823,7.795186000962042,2023-06-28,2023-07-28,2023-07-25,european_red_squirrel,1
frge,32,48.01851200362823,7.795186000962042,2023-06-28,2023-07-28,2023-07-27,european_red_squirrel,3
frge,32,48.01851200362823,7.795186000962042,2023-06-28,2023-07-28,2023-07-28,european_red_squirrel,2
frge,32,48.01851200362823,7.795186000962042,2022-01-14,2022-02-16,2022-01-14,red_fox,1
frge,32,48.01851200362823,7.795186000962042,2022-01-14,2022-02-16,2022-01-18,european_hare,1
frge,32,48.01851200362823,7.795186000962042,2022-01-14,2022-02-16,2022-01-18,red_fox,2
frge,32,48.01851200362823,7.795186000962042,2022-01-14,2022-02-16,2022-01-18,stone_marten,1
frge,32,48.01851200362823,7.795186000962042,2022-01-14,2022-02-16,2022-01-19,red_fox,1
frge,32,48.01851200362823,7.795186000962042,2022-01-14,2022-02-16,2022-01-19,european_red_squirrel,1
frge,32,48.01851200362823,7.795186000962042,2022-01-14,2022-02-16,2022-01-21,red_fox,3
frge,32,48.01851200362823,7.795186000962042,2022-01-14,2022-02-16,2022-01-22,european_hare,2
frge,32,48.01851200362823,7.795186000962042,2022-01-14,2022-02-16,2022-01-23,red_fox,4
frge,32,48.01851200362823,7.795186000962042,2022-01-14,2022-02-16,2022-01-23,stone_marten,3
frge,32,48.01851200362823,7.795186000962042,2022-01-14,2022-02-16,2022-01-24,red_fox,3
frge,32,48.01851200362823,7.795186000962042,2022-01-14,2022-02-16,2022-01-25,red_fox,6
frge,32,48.01851200362823,7.795186000962042,2022-01-14,2022-02-16,2022-01-26,red_fox,7
frge,32,48.01851200362823,7.795186000962042,2022-01-14,2022-02-16,2022-01-27,red_fox,2
frge,32,48.01851200362823,7.795186000962042,2022-01-14,2022-02-16,2022-01-28,red_fox,4
frge,32,48.01851200362823,7.795186000962042,2022-01-14,2022-02-16,2022-01-28,stone_marten,2
frge,32,48.01851200362823,7.795186000962042,2022-01-14,2022-02-16,2022-01-29,red_fox,2
frge,32,48.01851200362823,7.795186000962042,2022-01-14,2022-02-16,2022-01-30,red_fox,4
frge,32,48.01851200362823,7.795186000962042,2022-01-14,2022-02-16,2022-02-02,european_red_squirrel,2
frge,32,48.01851200362823,7.795186000962042,2022-01-14,2022-02-16,2022-02-05,red_fox,1
frge,32,48.01851200362823,7.795186000962042,2022-01-14,2022-02-16,2022-02-05,stone_marten,3
frge,32,48.01851200362823,7.795186000962042,2022-01-14,2022-02-16,2022-02-06,european_red_squirrel,1
frge,32,48.01851200362823,7.795186000962042,2022-01-14,2022-02-16,2022-02-07,red_fox,1
frge,32,48.01851200362823,7.795186000962042,2022-01-14,2022-02-16,2022-02-07,stone_marten,1
frge,32,48.01851200362823,7.795186000962042,2022-01-14,2022-02-16,2022-02-08,red_fox,3
frge,32,48.01851200362823,7.795186000962042,2022-01-14,2022-02-16,2022-02-09,red_fox,1
frge,32,48.01851200362823,7.795186000962042,2022-01-14,2022-02-16,2022-02-09,stone_marten,3
frge,32,48.01851200362823,7.795186000962042,2022-01-14,2022-02-16,2022-02-10,european_red_squirrel,2
frge,32,48.01851200362823,7.795186000962042,2022-01-14,2022-02-16,2022-02-10,stone_marten,2
frge,32,48.01851200362823,7.795186000962042,2022-01-14,2022-02-16,2022-02-11,stone_marten,1
frge,32,48.01851200362823,7.795186000962042,2022-01-14,2022-02-16,2022-02-12,red_fox,1
frge,32,48.01851200362823,7.795186000962042,2022-01-14,2022-02-16,2022-02-12,stone_marten,2
frge,32,48.01851200362823,7.795186000962042,2022-01-14,2022-02-16,2022-02-13,red_fox,6
frge,32,48.01851200362823,7.795186000962042,2022-01-14,2022-02-16,2022-02-14,red_fox,2
frge,32,48.01851200362823,7.795186000962042,2022-01-14,2022-02-16,2022-02-15,european_red_squirrel,1
frge,32,48.01851200362823,7.795186000962042,2022-01-14,2022-02-16,2022-02-16,stone_marten,1
frge,32,48.01851200362823,7.795186000962042,2023-01-11,2023-02-09,2023-01-14,red_fox,1
frge,32,48.01851200362823,7.795186000962042,2023-01-11,2023-02-09,2023-01-17,stone_marten,2
frge,32,48.01851200362823,7.795186000962042,2023-01-11,2023-02-09,2023-01-19,european_red_squirrel,2
frge,32,48.01851200362823,7.795186000962042,2023-01-11,2023-02-09,2023-01-20,stone_marten,1
frge,32,48.01851200362823,7.795186000962042,2023-01-11,2023-02-09,2023-01-21,red_fox,1
frge,32,48.01851200362823,7.795186000962042,2023-01-11,2023-02-09,2023-01-24,european_red_squirrel,3
frge,32,48.01851200362823,7.795186000962042,2023-01-11,2023-02-09,2023-01-29,european_red_squirrel,1
frge,32,48.01851200362823,7.795186000962042,2023-01-11,2023-02-09,2023-01-29,stone_marten,1
frge,33,47.99529700361224,7.794166000961104,2022-10-03,2022-11-08,2022-10-05,domestic_cat,1
frge,33,47.99529700361224,7.794166000961104,2022-10-03,2022-11-08,2022-10-11,european_hedgehog,1
frge,33,47.99529700361224,7.794166000961104,2022-10-03,2022-11-08,2022-10-15,stone_marten,1
frge,33,47.99529700361224,7.794166000961104,2022-10-03,2022-11-08,2022-10-20,stone_marten,1
frge,33,47.99529700361224,7.794166000961104,2022-10-03,2022-11-08,2022-10-28,domestic_cat,1
frge,33,47.99529700361224,7.794166000961104,2022-10-03,2022-11-08,2022-11-04,stone_marten,1
frge,33,47.99529700361224,7.794166000961104,2023-10-05,2023-11-03,2023-10-14,stone_marten,1
frge,33,47.99529700361224,7.794166000961104,2023-10-05,2023-11-03,2023-10-16,stone_marten,1
frge,33,47.99529700361224,7.794166000961104,2023-10-05,2023-11-03,2023-10-23,stone_marten,2
frge,33,47.99529700361224,7.794166000961104,2023-10-05,2023-11-03,2023-10-28,european_red_squirrel,2
frge,33,47.99529700361224,7.794166000961104,2023-10-05,2023-11-03,2023-10-30,domestic_cat,1
frge,33,47.99529700361224,7.794166000961104,2023-10-05,2023-11-03,2023-11-02,domestic_cat,1
frge,33,47.99529700361224,7.794166000961104,2024-10-09,2024-11-12,2024-10-15,domestic_cat,1
frge,33,47.99529700361224,7.794166000961104,2024-10-09,2024-11-12,2024-10-20,stone_marten,2
frge,33,47.99529700361224,7.794166000961104,2024-10-09,2024-11-12,2024-10-24,stone_marten,1
frge,33,47.99529700361224,7.794166000961104,2024-10-09,2024-11-12,2024-10-26,domestic_cat,1
frge,33,47.99529700361224,7.794166000961104,2024-10-09,2024-11-12,2024-10-30,european_red_squirrel,1
frge,33,47.99529700361224,7.794166000961104,2024-10-09,2024-11-12,2024-11-01,domestic_cat,1
frge,33,47.99529700361224,7.794166000961104,2024-10-09,2024-11-12,2024-11-01,stone_marten,1
frge,33,47.99529700361224,7.794166000961104,2024-10-09,2024-11-12,2024-11-02,domestic_cat,1
frge,33,47.99529700361224,7.794166000961104,2024-10-09,2024-11-12,2024-11-03,domestic_cat,1
frge,33,47.99529700361224,7.794166000961104,2024-10-09,2024-11-12,2024-11-04,domestic_cat,3
frge,33,47.99529700361224,7.794166000961104,2024-10-09,2024-11-12,2024-11-04,stone_marten,5
frge,33,47.99529700361224,7.794166000961104,2024-10-09,2024-11-12,2024-11-07,stone_marten,1
frge,33,47.99529700361224,7.794166000961104,2024-10-09,2024-11-12,2024-11-11,stone_marten,1
frge,33,47.99529700361224,7.794166000961104,2022-04-01,2022-04-30,2022-04-02,stone_marten,1
frge,33,47.99529700361224,7.794166000961104,2022-04-01,2022-04-30,2022-04-04,domestic_cat,2
frge,33,47.99529700361224,7.794166000961104,2022-04-01,2022-04-30,2022-04-04,stone_marten,2
frge,33,47.99529700361224,7.794166000961104,2022-04-01,2022-04-30,2022-04-05,domestic_cat,2
frge,33,47.99529700361224,7.794166000961104,2022-04-01,2022-04-30,2022-04-07,domestic_cat,1
frge,33,47.99529700361224,7.794166000961104,2022-04-01,2022-04-30,2022-04-12,domestic_cat,1
frge,33,47.99529700361224,7.794166000961104,2022-04-01,2022-04-30,2022-04-14,european_hedgehog,1
frge,33,47.99529700361224,7.794166000961104,2022-04-01,2022-04-30,2022-04-15,domestic_cat,2
frge,33,47.99529700361224,7.794166000961104,2022-04-01,2022-04-30,2022-04-18,european_hedgehog,1
frge,33,47.99529700361224,7.794166000961104,2022-04-01,2022-04-30,2022-04-25,stone_marten,1
frge,33,47.99529700361224,7.794166000961104,2023-04-05,2023-05-04,2023-04-14,domestic_cat,3
frge,33,47.99529700361224,7.794166000961104,2023-04-05,2023-05-04,2023-04-15,domestic_cat,2
frge,33,47.99529700361224,7.794166000961104,2023-04-05,2023-05-04,2023-04-18,domestic_cat,3
frge,33,47.99529700361224,7.794166000961104,2023-04-05,2023-05-04,2023-04-28,domestic_cat,2
frge,33,47.99529700361224,7.794166000961104,2024-03-26,2024-04-29,2024-03-28,domestic_cat,7
frge,33,47.99529700361224,7.794166000961104,2024-03-26,2024-04-29,2024-03-29,domestic_cat,3
frge,33,47.99529700361224,7.794166000961104,2024-03-26,2024-04-29,2024-03-30,domestic_cat,4
frge,33,47.99529700361224,7.794166000961104,2024-03-26,2024-04-29,2024-03-31,domestic_cat,1
frge,33,47.99529700361224,7.794166000961104,2024-03-26,2024-04-29,2024-04-01,domestic_cat,1
frge,33,47.99529700361224,7.794166000961104,2024-03-26,2024-04-29,2024-04-02,stone_marten,1
frge,33,47.99529700361224,7.794166000961104,2024-03-26,2024-04-29,2024-04-04,domestic_cat,2
frge,33,47.99529700361224,7.794166000961104,2024-03-26,2024-04-29,2024-04-05,domestic_cat,5
frge,33,47.99529700361224,7.794166000961104,2024-03-26,2024-04-29,2024-04-08,domestic_cat,1
frge,33,47.99529700361224,7.794166000961104,2024-03-26,2024-04-29,2024-04-15,domestic_cat,3
frge,33,47.99529700361224,7.794166000961104,2024-03-26,2024-04-29,2024-04-18,stone_marten,1
frge,33,47.99529700361224,7.794166000961104,2024-03-26,2024-04-29,2024-04-25,stone_marten,2
frge,33,47.99529700361224,7.794166000961104,2022-06-30,2022-07-29,2022-07-02,stone_marten,1
frge,33,47.99529700361224,7.794166000961104,2022-06-30,2022-07-29,2022-07-04,stone_marten,1
frge,33,47.99529700361224,7.794166000961104,2022-06-30,2022-07-29,2022-07-05,european_hedgehog,1
frge,33,47.99529700361224,7.794166000961104,2022-06-30,2022-07-29,2022-07-07,stone_marten,1
frge,33,47.99529700361224,7.794166000961104,2022-06-30,2022-07-29,2022-07-11,european_hedgehog,1
frge,33,47.99529700361224,7.794166000961104,2022-06-30,2022-07-29,2022-07-13,domestic_cat,2
frge,33,47.99529700361224,7.794166000961104,2022-06-30,2022-07-29,2022-07-13,stone_marten,3
frge,33,47.99529700361224,7.794166000961104,2022-06-30,2022-07-29,2022-07-18,domestic_cat,1
frge,33,47.99529700361224,7.794166000961104,2022-06-30,2022-07-29,2022-07-22,european_hedgehog,1
frge,33,47.99529700361224,7.794166000961104,2022-06-30,2022-07-29,2022-07-23,stone_marten,2
frge,33,47.99529700361224,7.794166000961104,2022-06-30,2022-07-29,2022-07-27,domestic_cat,1
frge,33,47.99529700361224,7.794166000961104,2022-06-30,2022-07-29,2022-07-29,european_hedgehog,1
frge,33,47.99529700361224,7.794166000961104,2023-06-28,2023-07-28,2023-07-15,domestic_cat,2
frge,33,47.99529700361224,7.794166000961104,2023-06-28,2023-07-28,2023-07-22,domestic_cat,4
frge,33,47.99529700361224,7.794166000961104,2023-06-28,2023-07-28,2023-07-27,domestic_cat,1
frge,33,47.99529700361224,7.794166000961104,2022-01-16,2022-02-10,2022-01-17,stone_marten,2
frge,33,47.99529700361224,7.794166000961104,2022-01-16,2022-02-10,2022-01-26,stone_marten,3
frge,33,47.99529700361224,7.794166000961104,2022-01-16,2022-02-10,2022-01-28,stone_marten,2
frge,33,47.99529700361224,7.794166000961104,2022-01-16,2022-02-10,2022-01-29,stone_marten,3
frge,33,47.99529700361224,7.794166000961104,2022-01-16,2022-02-10,2022-02-04,stone_marten,2
frge,33,47.99529700361224,7.794166000961104,2022-01-16,2022-02-10,2022-02-07,stone_marten,1
frge,33,47.99529700361224,7.794166000961104,2023-01-11,2023-02-09,2023-01-13,domestic_cat,1
frge,33,47.99529700361224,7.794166000961104,2023-01-11,2023-02-09,2023-01-16,stone_marten,1
frge,33,47.99529700361224,7.794166000961104,2023-01-11,2023-02-09,2023-01-25,stone_marten,1
frge,33,47.99529700361224,7.794166000961104,2023-01-11,2023-02-09,2023-01-27,domestic_cat,1
frge,33,47.99529700361224,7.794166000961104,2023-01-11,2023-02-09,2023-01-27,stone_marten,2
frge,33,47.99529700361224,7.794166000961104,2023-01-11,2023-02-09,2023-01-30,stone_marten,1
frge,33,47.99529700361224,7.794166000961104,2023-01-11,2023-02-09,2023-01-31,domestic_cat,1
frge,33,47.99529700361224,7.794166000961104,2023-01-11,2023-02-09,2023-01-31,stone_marten,1
frge,33,47.99529700361224,7.794166000961104,2023-01-11,2023-02-09,2023-02-01,domestic_cat,1
frge,33,47.99529700361224,7.794166000961104,2023-01-11,2023-02-09,2023-02-02,domestic_cat,1
frge,33,47.99529700361224,7.794166000961104,2023-01-11,2023-02-09,2023-02-03,stone_marten,1
frge,33,47.99529700361224,7.794166000961104,2023-01-11,2023-02-09,2023-02-06,stone_marten,1
frge,33,47.99529700361224,7.794166000961104,2023-01-11,2023-02-09,2023-02-08,stone_marten,2
frge,33,47.99529700361224,7.794166000961104,2023-01-11,2023-02-09,2023-02-09,domestic_cat,3
frge,33,47.99529700361224,7.794166000961104,2023-12-30,2024-01-18,2023-12-30,stone_marten,5
frge,33,47.99529700361224,7.794166000961104,2023-12-30,2024-01-18,2024-01-01,stone_marten,3
frge,33,47.99529700361224,7.794166000961104,2023-12-30,2024-01-18,2024-01-02,stone_marten,1
frge,34,47.98802800360744,7.7818470009468035,2022-10-06,2022-11-04,2022-10-08,european_hare,1
frge,34,47.98802800360744,7.7818470009468035,2022-10-06,2022-11-04,2022-10-12,european_hedgehog,3
frge,34,47.98802800360744,7.7818470009468035,2022-10-06,2022-11-04,2022-10-14,red_fox,1
frge,34,47.98802800360744,7.7818470009468035,2022-10-06,2022-11-04,2022-10-18,european_hare,2
frge,34,47.98802800360744,7.7818470009468035,2022-10-06,2022-11-04,2022-10-18,red_fox,1
frge,34,47.98802800360744,7.7818470009468035,2022-10-06,2022-11-04,2022-10-21,european_red_squirrel,1
frge,34,47.98802800360744,7.7818470009468035,2022-10-06,2022-11-04,2022-10-26,european_hedgehog,1
frge,34,47.98802800360744,7.7818470009468035,2022-10-06,2022-11-04,2022-10-26,red_fox,1
frge,34,47.98802800360744,7.7818470009468035,2022-10-06,2022-11-04,2022-11-01,european_red_squirrel,1
frge,34,47.98802800360744,7.7818470009468035,2023-10-05,2023-11-03,2023-10-13,red_fox,1
frge,34,47.98802800360744,7.7818470009468035,2023-10-05,2023-11-03,2023-10-26,red_fox,1
frge,34,47.98802800360744,7.7818470009468035,2024-10-09,2024-11-12,2024-11-05,red_fox,1
frge,34,47.98802800360744,7.7818470009468035,2024-10-09,2024-11-12,2024-11-08,stone_marten,1
frge,34,47.98802800360744,7.7818470009468035,2024-10-09,2024-11-12,2024-11-09,stone_marten,1
frge,34,47.98802800360744,7.7818470009468035,2023-04-05,2023-05-04,2023-04-07,red_fox,1
frge,34,47.98802800360744,7.7818470009468035,2023-04-05,2023-05-04,2023-04-18,roe_deer,1
frge,34,47.98802800360744,7.7818470009468035,2023-04-05,2023-05-04,2023-04-22,european_hedgehog,2
frge,34,47.98802800360744,7.7818470009468035,2023-04-05,2023-05-04,2023-04-29,european_hedgehog,1
frge,34,47.98802800360744,7.7818470009468035,2024-03-26,2024-04-29,2024-03-28,european_hare,1
frge,34,47.98802800360744,7.7818470009468035,2024-03-26,2024-04-29,2024-04-03,red_fox,1
frge,34,47.98802800360744,7.7818470009468035,2024-03-26,2024-04-29,2024-04-07,domestic_cat,1
frge,34,47.98802800360744,7.7818470009468035,2024-03-26,2024-04-29,2024-04-08,european_hare,1
frge,34,47.98802800360744,7.7818470009468035,2024-03-26,2024-04-29,2024-04-20,european_hare,1
frge,34,47.98802800360744,7.7818470009468035,2022-06-30,2022-07-29,2022-07-09,european_red_squirrel,1
frge,34,47.98802800360744,7.7818470009468035,2022-06-30,2022-07-29,2022-07-12,european_red_squirrel,1
frge,34,47.98802800360744,7.7818470009468035,2022-06-30,2022-07-29,2022-07-14,european_red_squirrel,1
frge,34,47.98802800360744,7.7818470009468035,2022-06-30,2022-07-29,2022-07-15,european_red_squirrel,1
frge,34,47.98802800360744,7.7818470009468035,2022-06-30,2022-07-29,2022-07-17,european_red_squirrel,2
frge,34,47.98802800360744,7.7818470009468035,2022-06-30,2022-07-29,2022-07-18,european_red_squirrel,1
frge,34,47.98802800360744,7.7818470009468035,2022-06-30,2022-07-29,2022-07-23,european_hedgehog,1
frge,34,47.98802800360744,7.7818470009468035,2022-06-30,2022-07-29,2022-07-26,european_red_squirrel,1
frge,34,47.98802800360744,7.7818470009468035,2022-06-30,2022-07-29,2022-07-27,red_fox,1
frge,34,47.98802800360744,7.7818470009468035,2022-06-30,2022-07-29,2022-07-28,european_hedgehog,1
frge,34,47.98802800360744,7.7818470009468035,2022-06-30,2022-07-29,2022-07-29,stone_marten,1
frge,34,47.98802800360744,7.7818470009468035,2023-06-28,2023-07-28,2023-06-29,european_red_squirrel,1
frge,34,47.98802800360744,7.7818470009468035,2023-06-28,2023-07-28,2023-06-30,european_hedgehog,1
frge,34,47.98802800360744,7.7818470009468035,2023-06-28,2023-07-28,2023-06-30,european_red_squirrel,4
frge,34,47.98802800360744,7.7818470009468035,2023-06-28,2023-07-28,2023-07-01,red_fox,2
frge,34,47.98802800360744,7.7818470009468035,2023-06-28,2023-07-28,2023-07-01,european_red_squirrel,2
frge,34,47.98802800360744,7.7818470009468035,2023-06-28,2023-07-28,2023-07-03,european_hedgehog,2
frge,34,47.98802800360744,7.7818470009468035,2023-06-28,2023-07-28,2023-07-03,european_red_squirrel,4
frge,34,47.98802800360744,7.7818470009468035,2023-06-28,2023-07-28,2023-07-04,european_hedgehog,2
frge,34,47.98802800360744,7.7818470009468035,2023-06-28,2023-07-28,2023-07-07,european_hedgehog,3
frge,34,47.98802800360744,7.7818470009468035,2023-06-28,2023-07-28,2023-07-07,red_fox,1
frge,34,47.98802800360744,7.7818470009468035,2023-06-28,2023-07-28,2023-07-09,red_fox,1
frge,34,47.98802800360744,7.7818470009468035,2023-06-28,2023-07-28,2023-07-10,red_fox,1
frge,34,47.98802800360744,7.7818470009468035,2023-06-28,2023-07-28,2023-07-11,stone_marten,3
frge,34,47.98802800360744,7.7818470009468035,2023-06-28,2023-07-28,2023-07-12,stone_marten,1
frge,34,47.98802800360744,7.7818470009468035,2023-06-28,2023-07-28,2023-07-13,european_hedgehog,1
frge,34,47.98802800360744,7.7818470009468035,2023-06-28,2023-07-28,2023-07-14,european_hedgehog,1
frge,34,47.98802800360744,7.7818470009468035,2023-06-28,2023-07-28,2023-07-14,red_fox,5
frge,34,47.98802800360744,7.7818470009468035,2023-06-28,2023-07-28,2023-07-14,european_red_squirrel,2
frge,34,47.98802800360744,7.7818470009468035,2023-06-28,2023-07-28,2023-07-14,stone_marten,8
frge,34,47.98802800360744,7.7818470009468035,2023-06-28,2023-07-28,2023-07-16,european_hedgehog,1
frge,34,47.98802800360744,7.7818470009468035,2023-06-28,2023-07-28,2023-07-16,stone_marten,3
frge,34,47.98802800360744,7.7818470009468035,2023-06-28,2023-07-28,2023-07-17,stone_marten,5
frge,34,47.98802800360744,7.7818470009468035,2023-06-28,2023-07-28,2023-07-18,european_red_squirrel,3
frge,34,47.98802800360744,7.7818470009468035,2023-06-28,2023-07-28,2023-07-18,stone_marten,1
frge,34,47.98802800360744,7.7818470009468035,2023-06-28,2023-07-28,2023-07-21,european_hare,1
frge,34,47.98802800360744,7.7818470009468035,2023-06-28,2023-07-28,2023-07-21,red_fox,1
frge,34,47.98802800360744,7.7818470009468035,2023-06-28,2023-07-28,2023-07-22,stone_marten,1
frge,34,47.98802800360744,7.7818470009468035,2023-06-28,2023-07-28,2023-07-24,european_hedgehog,1
frge,34,47.98802800360744,7.7818470009468035,2023-06-28,2023-07-28,2023-07-26,european_red_squirrel,1
frge,34,47.98802800360744,7.7818470009468035,2023-06-28,2023-07-28,2023-07-27,stone_marten,1
frge,34,47.98802800360744,7.7818470009468035,2024-06-27,2024-08-21,2024-07-01,roe_deer,1
frge,34,47.98802800360744,7.7818470009468035,2024-06-27,2024-08-21,2024-07-01,wild_boar,1
frge,34,47.98802800360744,7.7818470009468035,2024-06-27,2024-08-21,2024-07-10,roe_deer,1
frge,34,47.98802800360744,7.7818470009468035,2024-06-27,2024-08-21,2024-07-13,roe_deer,1
frge,34,47.98802800360744,7.7818470009468035,2024-06-27,2024-08-21,2024-07-31,stone_marten,1
frge,34,47.98802800360744,7.7818470009468035,2024-06-27,2024-08-21,2024-08-08,red_fox,3
frge,34,47.98802800360744,7.7818470009468035,2024-06-27,2024-08-21,2024-08-12,red_fox,1
frge,34,47.98802800360744,7.7818470009468035,2024-06-27,2024-08-21,2024-08-15,stone_marten,2
frge,34,47.98802800360744,7.7818470009468035,2024-06-27,2024-08-21,2024-08-18,red_fox,1
frge,34,47.98802800360744,7.7818470009468035,2024-06-27,2024-08-21,2024-08-20,stone_marten,2
frge,34,47.98802800360744,7.7818470009468035,2022-01-12,2022-02-10,2022-01-14,stone_marten,2
frge,34,47.98802800360744,7.7818470009468035,2022-01-12,2022-02-10,2022-01-28,european_hare,1
frge,34,47.98802800360744,7.7818470009468035,2022-01-12,2022-02-10,2022-02-06,stone_marten,1
frge,34,47.98802800360744,7.7818470009468035,2023-01-11,2023-02-09,2023-01-14,european_hare,2
frge,34,47.98802800360744,7.7818470009468035,2023-01-11,2023-02-09,2023-01-17,stone_marten,1
frge,34,47.98802800360744,7.7818470009468035,2023-01-11,2023-02-09,2023-02-03,european_hare,1
frge,34,47.98802800360744,7.7818470009468035,2023-12-30,2024-01-31,2024-01-02,domestic_cat,1
frge,34,47.98802800360744,7.7818470009468035,2023-12-30,2024-01-31,2024-01-06,european_hare,2
frge,34,47.98802800360744,7.7818470009468035,2023-12-30,2024-01-31,2024-01-07,red_fox,1
frge,34,47.98802800360744,7.7818470009468035,2023-12-30,2024-01-31,2024-01-25,european_hare,2
frge,36,48.00182400361554,7.847290001022977,2022-10-04,2022-11-02,2022-10-21,stone_marten,1
frge,36,48.00182400361554,7.847290001022977,2022-03-31,2022-05-02,2022-04-01,stone_marten,1
frge,36,48.00182400361554,7.847290001022977,2022-03-31,2022-05-02,2022-04-04,european_red_squirrel,1
frge,36,48.00182400361554,7.847290001022977,2022-03-31,2022-05-02,2022-04-07,stone_marten,2
frge,36,48.00182400361554,7.847290001022977,2022-03-31,2022-05-02,2022-04-09,european_red_squirrel,1
frge,36,48.00182400361554,7.847290001022977,2022-03-31,2022-05-02,2022-04-09,stone_marten,2
frge,36,48.00182400361554,7.847290001022977,2022-03-31,2022-05-02,2022-04-13,european_red_squirrel,1
frge,36,48.00182400361554,7.847290001022977,2022-03-31,2022-05-02,2022-04-14,stone_marten,1
frge,36,48.00182400361554,7.847290001022977,2022-03-31,2022-05-02,2022-04-15,stone_marten,1
frge,36,48.00182400361554,7.847290001022977,2022-03-31,2022-05-02,2022-04-17,stone_marten,2
frge,36,48.00182400361554,7.847290001022977,2022-07-04,2022-08-03,2022-07-13,stone_marten,1
frge,36,48.00182400361554,7.847290001022977,2022-07-04,2022-08-03,2022-07-27,domestic_cat,6
frge,36,48.00182400361554,7.847290001022977,2022-07-04,2022-08-03,2022-07-29,european_hedgehog,1
frge,36,48.00182400361554,7.847290001022977,2022-07-04,2022-08-03,2022-07-29,stone_marten,1
frge,36,48.00182400361554,7.847290001022977,2022-07-04,2022-08-03,2022-07-31,european_red_squirrel,1
frge,36,48.00182400361554,7.847290001022977,2022-07-04,2022-08-03,2022-08-01,european_hedgehog,1
frge,36,48.00182400361554,7.847290001022977,2023-06-27,2023-07-27,2023-07-08,domestic_cat,2
frge,36,48.00182400361554,7.847290001022977,2023-06-27,2023-07-27,2023-07-24,european_red_squirrel,3
frge,36,48.00182400361554,7.847290001022977,2022-01-10,2022-02-07,2022-01-30,european_red_squirrel,2
frge,36,48.00182400361554,7.847290001022977,2022-01-10,2022-02-07,2022-02-01,stone_marten,3
frge,36,48.00182400361554,7.847290001022977,2022-01-10,2022-02-07,2022-02-03,stone_marten,1
frge,36,48.00182400361554,7.847290001022977,2022-01-10,2022-02-07,2022-02-04,european_red_squirrel,1
frge,37,48.0090000036203,7.856850001034044,2022-10-07,2022-11-07,2022-10-07,stone_marten,1
frge,37,48.0090000036203,7.856850001034044,2022-10-07,2022-11-07,2022-10-10,european_red_squirrel,2
frge,37,48.0090000036203,7.856850001034044,2022-10-07,2022-11-07,2022-10-11,european_red_squirrel,1
frge,37,48.0090000036203,7.856850001034044,2022-10-07,2022-11-07,2022-10-15,domestic_cat,1
frge,37,48.0090000036203,7.856850001034044,2022-10-07,2022-11-07,2022-10-15,stone_marten,1
frge,37,48.0090000036203,7.856850001034044,2022-10-07,2022-11-07,2022-10-16,european_red_squirrel,1
frge,37,48.0090000036203,7.856850001034044,2022-10-07,2022-11-07,2022-10-25,european_red_squirrel,1
frge,37,48.0090000036203,7.856850001034044,2022-10-07,2022-11-07,2022-10-29,european_red_squirrel,1
frge,37,48.0090000036203,7.856850001034044,2023-10-04,2023-11-02,2023-10-16,european_red_squirrel,2
frge,37,48.0090000036203,7.856850001034044,2023-10-04,2023-11-02,2023-10-17,domestic_cat,1
frge,37,48.0090000036203,7.856850001034044,2023-10-04,2023-11-02,2023-10-17,european_red_squirrel,1
frge,37,48.0090000036203,7.856850001034044,2023-10-04,2023-11-02,2023-10-18,european_red_squirrel,1
frge,37,48.0090000036203,7.856850001034044,2023-10-04,2023-11-02,2023-10-21,european_red_squirrel,2
frge,37,48.0090000036203,7.856850001034044,2023-10-04,2023-11-02,2023-10-25,european_red_squirrel,1
frge,37,48.0090000036203,7.856850001034044,2023-10-04,2023-11-02,2023-10-29,european_red_squirrel,2
frge,37,48.0090000036203,7.856850001034044,2023-10-04,2023-11-02,2023-11-02,domestic_cat,1
frge,37,48.0090000036203,7.856850001034044,2024-09-30,2024-11-11,2024-10-02,domestic_cat,1
frge,37,48.0090000036203,7.856850001034044,2024-09-30,2024-11-11,2024-10-02,red_fox,2
frge,37,48.0090000036203,7.856850001034044,2024-09-30,2024-11-11,2024-10-03,domestic_cat,2
frge,37,48.0090000036203,7.856850001034044,2024-09-30,2024-11-11,2024-10-06,domestic_cat,1
frge,37,48.0090000036203,7.856850001034044,2024-09-30,2024-11-11,2024-10-07,stone_marten,1
frge,37,48.0090000036203,7.856850001034044,2024-09-30,2024-11-11,2024-10-08,stone_marten,1
frge,37,48.0090000036203,7.856850001034044,2024-09-30,2024-11-11,2024-10-10,domestic_cat,2
frge,37,48.0090000036203,7.856850001034044,2024-09-30,2024-11-11,2024-10-10,stone_marten,3
frge,37,48.0090000036203,7.856850001034044,2024-09-30,2024-11-11,2024-10-13,domestic_cat,1
frge,37,48.0090000036203,7.856850001034044,2024-09-30,2024-11-11,2024-10-14,domestic_cat,1
frge,37,48.0090000036203,7.856850001034044,2024-09-30,2024-11-11,2024-10-16,domestic_cat,1
frge,37,48.0090000036203,7.856850001034044,2024-09-30,2024-11-11,2024-10-19,domestic_cat,1
frge,37,48.0090000036203,7.856850001034044,2024-09-30,2024-11-11,2024-10-20,domestic_cat,1
frge,37,48.0090000036203,7.856850001034044,2024-09-30,2024-11-11,2024-10-22,domestic_cat,1
frge,37,48.0090000036203,7.856850001034044,2024-09-30,2024-11-11,2024-11-08,domestic_cat,1
frge,37,48.0090000036203,7.856850001034044,2022-03-31,2022-05-03,2022-04-06,domestic_cat,1
frge,37,48.0090000036203,7.856850001034044,2022-03-31,2022-05-03,2022-04-14,european_badger,1
frge,37,48.0090000036203,7.856850001034044,2022-03-31,2022-05-03,2022-04-20,european_badger,1
frge,37,48.0090000036203,7.856850001034044,2022-03-31,2022-05-03,2022-04-25,red_fox,1
frge,37,48.0090000036203,7.856850001034044,2023-04-06,2023-05-05,2023-04-10,domestic_cat,1
frge,37,48.0090000036203,7.856850001034044,2023-04-06,2023-05-05,2023-04-11,european_red_squirrel,2
frge,37,48.0090000036203,7.856850001034044,2023-04-06,2023-05-05,2023-04-14,domestic_cat,2
frge,37,48.0090000036203,7.856850001034044,2023-04-06,2023-05-05,2023-04-18,red_fox,1
frge,37,48.0090000036203,7.856850001034044,2024-03-27,2024-05-01,2024-03-27,red_fox,1
frge,37,48.0090000036203,7.856850001034044,2024-03-27,2024-05-01,2024-04-15,stone_marten,1
frge,37,48.0090000036203,7.856850001034044,2022-07-04,2022-08-09,2022-07-05,european_badger,1
frge,37,48.0090000036203,7.856850001034044,2022-07-04,2022-08-09,2022-07-06,domestic_cat,4
frge,37,48.0090000036203,7.856850001034044,2022-07-04,2022-08-09,2022-07-09,domestic_cat,1
frge,37,48.0090000036203,7.856850001034044,2022-07-04,2022-08-09,2022-07-10,domestic_cat,1
frge,37,48.0090000036203,7.856850001034044,2022-07-04,2022-08-09,2022-07-14,domestic_cat,3
frge,37,48.0090000036203,7.856850001034044,2022-07-04,2022-08-09,2022-07-14,red_fox,1
frge,37,48.0090000036203,7.856850001034044,2022-07-04,2022-08-09,2022-07-18,european_badger,2
frge,37,48.0090000036203,7.856850001034044,2022-07-04,2022-08-09,2022-07-19,european_badger,3
frge,37,48.0090000036203,7.856850001034044,2022-07-04,2022-08-09,2022-07-21,european_badger,1
frge,37,48.0090000036203,7.856850001034044,2022-07-04,2022-08-09,2022-07-23,red_fox,1
frge,37,48.0090000036203,7.856850001034044,2022-07-04,2022-08-09,2022-07-30,domestic_cat,1
frge,37,48.0090000036203,7.856850001034044,2022-07-04,2022-08-09,2022-08-02,european_badger,2
frge,37,48.0090000036203,7.856850001034044,2022-07-04,2022-08-09,2022-08-05,domestic_cat,12
frge,37,48.0090000036203,7.856850001034044,2022-07-04,2022-08-09,2022-08-08,red_fox,1
frge,37,48.0090000036203,7.856850001034044,2022-07-04,2022-08-09,2022-08-09,european_badger,2
frge,37,48.0090000036203,7.856850001034044,2024-06-26,2024-07-29,2024-07-02,european_red_squirrel,4
frge,37,48.0090000036203,7.856850001034044,2024-06-26,2024-07-29,2024-07-05,domestic_cat,1
frge,37,48.0090000036203,7.856850001034044,2024-06-26,2024-07-29,2024-07-07,domestic_cat,2
frge,37,48.0090000036203,7.856850001034044,2024-06-26,2024-07-29,2024-07-12,stone_marten,1
frge,37,48.0090000036203,7.856850001034044,2024-06-26,2024-07-29,2024-07-19,red_fox,1
frge,37,48.0090000036203,7.856850001034044,2024-06-26,2024-07-29,2024-07-26,domestic_cat,1
frge,37,48.0090000036203,7.856850001034044,2023-01-10,2023-01-25,2023-01-13,stone_marten,1
frge,37,48.0090000036203,7.856850001034044,2023-01-10,2023-01-25,2023-01-15,stone_marten,1
frge,37,48.0090000036203,7.856850001034044,2023-01-10,2023-01-25,2023-01-17,domestic_cat,1
frge,37,48.0090000036203,7.856850001034044,2023-01-10,2023-01-25,2023-01-17,red_fox,2
frge,37,48.0090000036203,7.856850001034044,2023-01-10,2023-01-25,2023-01-23,red_fox,1
frge,37,48.0090000036203,7.856850001034044,2023-12-29,2024-02-02,2023-12-30,stone_marten,1
frge,37,48.0090000036203,7.856850001034044,2023-12-29,2024-02-02,2023-12-31,domestic_cat,1
frge,37,48.0090000036203,7.856850001034044,2023-12-29,2024-02-02,2024-01-04,european_red_squirrel,1
frge,37,48.0090000036203,7.856850001034044,2023-12-29,2024-02-02,2024-01-22,domestic_cat,1
frge,37,48.0090000036203,7.856850001034044,2023-12-29,2024-02-02,2024-01-22,stone_marten,1
frge,37,48.0090000036203,7.856850001034044,2023-12-29,2024-02-02,2024-01-24,domestic_cat,2
frge,37,48.0090000036203,7.856850001034044,2023-12-29,2024-02-02,2024-01-26,domestic_cat,2
frge,37,48.0090000036203,7.856850001034044,2023-12-29,2024-02-02,2024-01-29,stone_marten,1
frge,38,47.99241667360909,7.844516668019857,2022-10-07,2022-11-03,2022-10-07,domestic_cat,3
frge,38,47.99241667360909,7.844516668019857,2022-10-07,2022-11-03,2022-10-08,domestic_cat,2
frge,38,47.99241667360909,7.844516668019857,2022-10-07,2022-11-03,2022-10-09,domestic_cat,1
frge,38,47.99241667360909,7.844516668019857,2022-10-07,2022-11-03,2022-10-10,domestic_cat,2
frge,38,47.99241667360909,7.844516668019857,2022-10-07,2022-11-03,2022-10-11,domestic_cat,2
frge,38,47.99241667360909,7.844516668019857,2022-10-07,2022-11-03,2022-10-12,domestic_cat,3
frge,38,47.99241667360909,7.844516668019857,2022-10-07,2022-11-03,2022-10-13,domestic_cat,2
frge,38,47.99241667360909,7.844516668019857,2022-10-07,2022-11-03,2022-10-14,domestic_cat,1
frge,38,47.99241667360909,7.844516668019857,2022-10-07,2022-11-03,2022-10-16,domestic_cat,1
frge,38,47.99241667360909,7.844516668019857,2022-10-07,2022-11-03,2022-10-28,stone_marten,1
frge,38,47.99241667360909,7.844516668019857,2022-03-31,2022-05-03,2022-04-01,european_hedgehog,1
frge,38,47.99241667360909,7.844516668019857,2022-03-31,2022-05-03,2022-04-02,european_hedgehog,1
frge,38,47.99241667360909,7.844516668019857,2022-03-31,2022-05-03,2022-04-03,domestic_cat,1
frge,38,47.99241667360909,7.844516668019857,2022-03-31,2022-05-03,2022-04-04,domestic_cat,1
frge,38,47.99241667360909,7.844516668019857,2022-03-31,2022-05-03,2022-04-05,european_hedgehog,1
frge,38,47.99241667360909,7.844516668019857,2022-03-31,2022-05-03,2022-04-05,stone_marten,1
frge,38,47.99241667360909,7.844516668019857,2022-03-31,2022-05-03,2022-04-06,domestic_cat,2
frge,38,47.99241667360909,7.844516668019857,2022-03-31,2022-05-03,2022-04-06,european_hedgehog,1
frge,38,47.99241667360909,7.844516668019857,2022-03-31,2022-05-03,2022-04-08,european_hedgehog,1
frge,38,47.99241667360909,7.844516668019857,2022-03-31,2022-05-03,2022-04-10,domestic_cat,2
frge,38,47.99241667360909,7.844516668019857,2022-03-31,2022-05-03,2022-04-11,domestic_cat,3
frge,38,47.99241667360909,7.844516668019857,2022-03-31,2022-05-03,2022-04-11,european_hedgehog,3
frge,38,47.99241667360909,7.844516668019857,2022-03-31,2022-05-03,2022-04-13,domestic_cat,1
frge,38,47.99241667360909,7.844516668019857,2022-03-31,2022-05-03,2022-04-13,european_hedgehog,1
frge,38,47.99241667360909,7.844516668019857,2022-03-31,2022-05-03,2022-04-14,domestic_cat,2
frge,38,47.99241667360909,7.844516668019857,2022-03-31,2022-05-03,2022-04-14,european_hedgehog,1
frge,38,47.99241667360909,7.844516668019857,2022-03-31,2022-05-03,2022-04-15,domestic_cat,1
frge,38,47.99241667360909,7.844516668019857,2022-03-31,2022-05-03,2022-04-15,european_hedgehog,2
frge,38,47.99241667360909,7.844516668019857,2022-03-31,2022-05-03,2022-04-16,domestic_cat,2
frge,38,47.99241667360909,7.844516668019857,2022-03-31,2022-05-03,2022-04-17,european_hedgehog,4
frge,38,47.99241667360909,7.844516668019857,2022-03-31,2022-05-03,2022-04-18,european_hedgehog,1
frge,38,47.99241667360909,7.844516668019857,2022-03-31,2022-05-03,2022-04-20,european_hedgehog,2
frge,38,47.99241667360909,7.844516668019857,2022-03-31,2022-05-03,2022-04-21,domestic_cat,4
frge,38,47.99241667360909,7.844516668019857,2022-03-31,2022-05-03,2022-04-21,european_hedgehog,3
frge,38,47.99241667360909,7.844516668019857,2022-03-31,2022-05-03,2022-04-21,stone_marten,1
frge,38,47.99241667360909,7.844516668019857,2022-03-31,2022-05-03,2022-04-22,domestic_cat,2
frge,38,47.99241667360909,7.844516668019857,2022-03-31,2022-05-03,2022-04-23,domestic_cat,2
frge,38,47.99241667360909,7.844516668019857,2022-03-31,2022-05-03,2022-04-24,domestic_cat,2
frge,38,47.99241667360909,7.844516668019857,2022-03-31,2022-05-03,2022-04-25,stone_marten,1
frge,38,47.99241667360909,7.844516668019857,2022-03-31,2022-05-03,2022-04-26,domestic_cat,3
frge,38,47.99241667360909,7.844516668019857,2022-03-31,2022-05-03,2022-04-27,domestic_cat,3
frge,38,47.99241667360909,7.844516668019857,2022-03-31,2022-05-03,2022-04-27,european_hedgehog,1
frge,38,47.99241667360909,7.844516668019857,2022-03-31,2022-05-03,2022-04-28,domestic_cat,3
frge,38,47.99241667360909,7.844516668019857,2022-03-31,2022-05-03,2022-04-29,domestic_cat,3
frge,38,47.99241667360909,7.844516668019857,2022-03-31,2022-05-03,2022-04-29,european_hedgehog,2
frge,38,47.99241667360909,7.844516668019857,2022-03-31,2022-05-03,2022-04-30,domestic_cat,2
frge,38,47.99241667360909,7.844516668019857,2022-03-31,2022-05-03,2022-04-30,european_hedgehog,1
frge,38,47.99241667360909,7.844516668019857,2022-03-31,2022-05-03,2022-05-01,domestic_cat,3
frge,38,47.99241667360909,7.844516668019857,2022-03-31,2022-05-03,2022-05-01,european_hedgehog,2
frge,38,47.99241667360909,7.844516668019857,2022-03-31,2022-05-03,2022-05-01,stone_marten,1
frge,38,47.99241667360909,7.844516668019857,2022-03-31,2022-05-03,2022-05-02,domestic_cat,3
frge,38,47.99241667360909,7.844516668019857,2023-04-04,2023-05-04,2023-04-05,domestic_cat,5
frge,38,47.99241667360909,7.844516668019857,2023-04-04,2023-05-04,2023-04-05,stone_marten,3
frge,38,47.99241667360909,7.844516668019857,2023-04-04,2023-05-04,2023-04-07,domestic_cat,5
frge,38,47.99241667360909,7.844516668019857,2023-04-04,2023-05-04,2023-04-08,domestic_cat,3
frge,38,47.99241667360909,7.844516668019857,2023-04-04,2023-05-04,2023-04-08,stone_marten,3
frge,38,47.99241667360909,7.844516668019857,2023-04-04,2023-05-04,2023-04-10,domestic_cat,12
frge,38,47.99241667360909,7.844516668019857,2023-04-04,2023-05-04,2023-04-11,domestic_cat,4
frge,38,47.99241667360909,7.844516668019857,2023-04-04,2023-05-04,2023-04-12,stone_marten,1
frge,38,47.99241667360909,7.844516668019857,2023-04-04,2023-05-04,2023-04-13,domestic_cat,3
frge,38,47.99241667360909,7.844516668019857,2023-04-04,2023-05-04,2023-04-14,domestic_cat,16
frge,38,47.99241667360909,7.844516668019857,2023-04-04,2023-05-04,2023-04-15,domestic_cat,11
frge,38,47.99241667360909,7.844516668019857,2023-04-04,2023-05-04,2023-04-16,domestic_cat,8
frge,38,47.99241667360909,7.844516668019857,2023-04-04,2023-05-04,2023-04-17,domestic_cat,4
frge,38,47.99241667360909,7.844516668019857,2023-04-04,2023-05-04,2023-04-19,domestic_cat,16
frge,38,47.99241667360909,7.844516668019857,2023-04-04,2023-05-04,2023-04-20,domestic_cat,1
frge,38,47.99241667360909,7.844516668019857,2023-04-04,2023-05-04,2023-04-21,domestic_cat,1
frge,38,47.99241667360909,7.844516668019857,2023-04-04,2023-05-04,2023-04-22,domestic_cat,2
frge,38,47.99241667360909,7.844516668019857,2023-04-04,2023-05-04,2023-04-22,stone_marten,1
frge,38,47.99241667360909,7.844516668019857,2023-04-04,2023-05-04,2023-04-23,domestic_cat,7
frge,38,47.99241667360909,7.844516668019857,2023-04-04,2023-05-04,2023-04-23,stone_marten,4
frge,38,47.99241667360909,7.844516668019857,2023-04-04,2023-05-04,2023-04-24,domestic_cat,8
frge,38,47.99241667360909,7.844516668019857,2023-04-04,2023-05-04,2023-04-24,stone_marten,7
frge,38,47.99241667360909,7.844516668019857,2023-04-04,2023-05-04,2023-04-25,domestic_cat,21
frge,38,47.99241667360909,7.844516668019857,2023-04-04,2023-05-04,2023-04-26,domestic_cat,4
frge,38,47.99241667360909,7.844516668019857,2023-04-04,2023-05-04,2023-04-27,domestic_cat,5
frge,38,47.99241667360909,7.844516668019857,2023-04-04,2023-05-04,2023-04-28,domestic_cat,4
frge,38,47.99241667360909,7.844516668019857,2023-04-04,2023-05-04,2023-04-29,domestic_cat,3
frge,38,47.99241667360909,7.844516668019857,2023-04-04,2023-05-04,2023-04-30,domestic_cat,10
frge,38,47.99241667360909,7.844516668019857,2023-04-04,2023-05-04,2023-05-01,domestic_cat,2
frge,38,47.99241667360909,7.844516668019857,2023-04-04,2023-05-04,2023-05-02,domestic_cat,2
frge,38,47.99241667360909,7.844516668019857,2023-04-04,2023-05-04,2023-05-03,domestic_cat,2
frge,38,47.99241667360909,7.844516668019857,2023-04-04,2023-05-04,2023-05-04,domestic_cat,1
frge,38,47.99241667360909,7.844516668019857,2022-06-30,2022-08-20,2022-06-30,domestic_cat,1
frge,38,47.99241667360909,7.844516668019857,2022-06-30,2022-08-20,2022-07-04,european_hedgehog,1
frge,38,47.99241667360909,7.844516668019857,2022-06-30,2022-08-20,2022-07-06,stone_marten,2
frge,38,47.99241667360909,7.844516668019857,2022-06-30,2022-08-20,2022-07-07,stone_marten,1
frge,38,47.99241667360909,7.844516668019857,2022-06-30,2022-08-20,2022-07-08,european_red_squirrel,2
frge,38,47.99241667360909,7.844516668019857,2022-06-30,2022-08-20,2022-07-10,european_red_squirrel,1
frge,38,47.99241667360909,7.844516668019857,2022-06-30,2022-08-20,2022-07-10,stone_marten,1
frge,38,47.99241667360909,7.844516668019857,2022-06-30,2022-08-20,2022-07-11,stone_marten,3
frge,38,47.99241667360909,7.844516668019857,2022-06-30,2022-08-20,2022-07-13,stone_marten,6
frge,38,47.99241667360909,7.844516668019857,2022-06-30,2022-08-20,2022-07-14,european_red_squirrel,2
frge,38,47.99241667360909,7.844516668019857,2022-06-30,2022-08-20,2022-07-14,stone_marten,1
frge,38,47.99241667360909,7.844516668019857,2022-06-30,2022-08-20,2022-07-15,stone_marten,4
frge,38,47.99241667360909,7.844516668019857,2022-06-30,2022-08-20,2022-07-16,european_red_squirrel,1
frge,38,47.99241667360909,7.844516668019857,2022-06-30,2022-08-20,2022-07-16,stone_marten,3
frge,38,47.99241667360909,7.844516668019857,2022-06-30,2022-08-20,2022-07-17,stone_marten,2
frge,38,47.99241667360909,7.844516668019857,2022-06-30,2022-08-20,2022-07-18,stone_marten,2
frge,38,47.99241667360909,7.844516668019857,2022-06-30,2022-08-20,2022-07-20,stone_marten,1
frge,38,47.99241667360909,7.844516668019857,2022-06-30,2022-08-20,2022-07-21,european_hedgehog,1
frge,38,47.99241667360909,7.844516668019857,2022-06-30,2022-08-20,2022-07-21,european_red_squirrel,2
frge,38,47.99241667360909,7.844516668019857,2022-06-30,2022-08-20,2022-07-21,stone_marten,2
frge,38,47.99241667360909,7.844516668019857,2022-06-30,2022-08-20,2022-07-22,european_hedgehog,2
frge,38,47.99241667360909,7.844516668019857,2022-06-30,2022-08-20,2022-07-22,stone_marten,1
frge,38,47.99241667360909,7.844516668019857,2022-06-30,2022-08-20,2022-07-23,domestic_cat,4
frge,38,47.99241667360909,7.844516668019857,2022-06-30,2022-08-20,2022-07-23,stone_marten,8
frge,38,47.99241667360909,7.844516668019857,2022-06-30,2022-08-20,2022-08-12,european_hedgehog,1
frge,38,47.99241667360909,7.844516668019857,2022-06-30,2022-08-20,2022-08-12,stone_marten,1
frge,38,47.99241667360909,7.844516668019857,2022-06-30,2022-08-20,2022-08-13,european_hedgehog,1
frge,38,47.99241667360909,7.844516668019857,2022-06-30,2022-08-20,2022-08-14,domestic_cat,2
frge,38,47.99241667360909,7.844516668019857,2022-06-30,2022-08-20,2022-08-14,european_hedgehog,2
frge,38,47.99241667360909,7.844516668019857,2022-06-30,2022-08-20,2022-08-18,european_red_squirrel,4
frge,38,47.99241667360909,7.844516668019857,2022-06-30,2022-08-20,2022-08-19,european_red_squirrel,4
frge,38,47.99241667360909,7.844516668019857,2022-06-30,2022-08-20,2022-08-20,european_red_squirrel,19
frge,38,47.99241667360909,7.844516668019857,2022-06-30,2022-08-20,2022-08-20,stone_marten,2
frge,38,47.99241667360909,7.844516668019857,2023-06-27,2023-07-27,2023-06-28,domestic_cat,8
frge,38,47.99241667360909,7.844516668019857,2023-06-27,2023-07-27,2023-06-29,domestic_cat,4
frge,38,47.99241667360909,7.844516668019857,2023-06-27,2023-07-27,2023-06-29,stone_marten,1
frge,38,47.99241667360909,7.844516668019857,2023-06-27,2023-07-27,2023-06-30,domestic_cat,1
frge,38,47.99241667360909,7.844516668019857,2023-06-27,2023-07-27,2023-07-01,domestic_cat,6
frge,38,47.99241667360909,7.844516668019857,2023-06-27,2023-07-27,2023-07-02,domestic_cat,8
frge,38,47.99241667360909,7.844516668019857,2023-06-27,2023-07-27,2023-07-03,domestic_cat,9
frge,38,47.99241667360909,7.844516668019857,2023-06-27,2023-07-27,2023-07-03,stone_marten,1
frge,38,47.99241667360909,7.844516668019857,2023-06-27,2023-07-27,2023-07-04,domestic_cat,1
frge,38,47.99241667360909,7.844516668019857,2023-06-27,2023-07-27,2023-07-06,domestic_cat,1
frge,38,47.99241667360909,7.844516668019857,2023-06-27,2023-07-27,2023-07-07,domestic_cat,10
frge,38,47.99241667360909,7.844516668019857,2023-06-27,2023-07-27,2023-07-08,stone_marten,1
frge,38,47.99241667360909,7.844516668019857,2023-06-27,2023-07-27,2023-07-09,domestic_cat,1
frge,38,47.99241667360909,7.844516668019857,2023-06-27,2023-07-27,2023-07-09,stone_marten,1
frge,38,47.99241667360909,7.844516668019857,2023-06-27,2023-07-27,2023-07-10,domestic_cat,3
frge,38,47.99241667360909,7.844516668019857,2023-06-27,2023-07-27,2023-07-11,domestic_cat,1
frge,38,47.99241667360909,7.844516668019857,2023-06-27,2023-07-27,2023-07-12,domestic_cat,1
frge,38,47.99241667360909,7.844516668019857,2023-06-27,2023-07-27,2023-07-12,stone_marten,1
frge,38,47.99241667360909,7.844516668019857,2023-06-27,2023-07-27,2023-07-13,stone_marten,1
frge,38,47.99241667360909,7.844516668019857,2023-06-27,2023-07-27,2023-07-14,stone_marten,1
frge,38,47.99241667360909,7.844516668019857,2023-06-27,2023-07-27,2023-07-15,domestic_cat,1
frge,38,47.99241667360909,7.844516668019857,2023-06-27,2023-07-27,2023-07-16,domestic_cat,6
frge,38,47.99241667360909,7.844516668019857,2023-06-27,2023-07-27,2023-07-16,stone_marten,2
frge,38,47.99241667360909,7.844516668019857,2023-06-27,2023-07-27,2023-07-17,domestic_cat,11
frge,38,47.99241667360909,7.844516668019857,2023-06-27,2023-07-27,2023-07-18,domestic_cat,2
frge,38,47.99241667360909,7.844516668019857,2023-06-27,2023-07-27,2023-07-19,domestic_cat,7
frge,38,47.99241667360909,7.844516668019857,2023-06-27,2023-07-27,2023-07-19,stone_marten,1
frge,38,47.99241667360909,7.844516668019857,2023-06-27,2023-07-27,2023-07-20,domestic_cat,4
frge,38,47.99241667360909,7.844516668019857,2023-06-27,2023-07-27,2023-07-21,domestic_cat,1
frge,38,47.99241667360909,7.844516668019857,2023-06-27,2023-07-27,2023-07-22,domestic_cat,8
frge,38,47.99241667360909,7.844516668019857,2023-06-27,2023-07-27,2023-07-22,stone_marten,1
frge,38,47.99241667360909,7.844516668019857,2023-06-27,2023-07-27,2023-07-23,domestic_cat,3
frge,38,47.99241667360909,7.844516668019857,2023-06-27,2023-07-27,2023-07-25,domestic_cat,2
frge,38,47.99241667360909,7.844516668019857,2023-06-27,2023-07-27,2023-07-26,domestic_cat,15
frge,38,47.99241667360909,7.844516668019857,2022-01-14,2022-02-13,2022-01-14,european_red_squirrel,5
frge,38,47.99241667360909,7.844516668019857,2022-01-14,2022-02-13,2022-01-20,european_red_squirrel,5
frge,38,47.99241667360909,7.844516668019857,2022-01-14,2022-02-13,2022-01-21,stone_marten,1
frge,38,47.99241667360909,7.844516668019857,2022-01-14,2022-02-13,2022-01-22,european_red_squirrel,1
frge,38,47.99241667360909,7.844516668019857,2022-01-14,2022-02-13,2022-01-26,stone_marten,1
frge,38,47.99241667360909,7.844516668019857,2022-01-14,2022-02-13,2022-01-30,european_red_squirrel,2
frge,38,47.99241667360909,7.844516668019857,2022-01-14,2022-02-13,2022-01-31,european_red_squirrel,2
frge,38,47.99241667360909,7.844516668019857,2022-01-14,2022-02-13,2022-02-03,stone_marten,2
frge,38,47.99241667360909,7.844516668019857,2022-01-14,2022-02-13,2022-02-07,european_red_squirrel,4
frge,38,47.99241667360909,7.844516668019857,2022-01-14,2022-02-13,2022-02-11,european_red_squirrel,6
frge,38,47.99241667360909,7.844516668019857,2023-01-12,2023-02-10,2023-01-12,domestic_cat,1
frge,38,47.99241667360909,7.844516668019857,2023-01-12,2023-02-10,2023-01-15,stone_marten,1
frge,38,47.99241667360909,7.844516668019857,2023-01-12,2023-02-10,2023-01-16,domestic_cat,1
frge,38,47.99241667360909,7.844516668019857,2023-01-12,2023-02-10,2023-01-17,stone_marten,3
frge,38,47.99241667360909,7.844516668019857,2023-01-12,2023-02-10,2023-01-21,stone_marten,1
frge,38,47.99241667360909,7.844516668019857,2023-01-12,2023-02-10,2023-01-27,domestic_cat,2
frge,38,47.99241667360909,7.844516668019857,2023-01-12,2023-02-10,2023-01-31,stone_marten,1
frge,38,47.99241667360909,7.844516668019857,2023-01-12,2023-02-10,2023-02-01,stone_marten,1
frge,38,47.99241667360909,7.844516668019857,2023-01-12,2023-02-10,2023-02-02,domestic_cat,3
frge,38,47.99241667360909,7.844516668019857,2023-01-12,2023-02-10,2023-02-03,domestic_cat,2
frge,38,47.99241667360909,7.844516668019857,2023-01-12,2023-02-10,2023-02-04,domestic_cat,3
frge,38,47.99241667360909,7.844516668019857,2023-01-12,2023-02-10,2023-02-05,domestic_cat,1
frge,38,47.99241667360909,7.844516668019857,2023-01-12,2023-02-10,2023-02-05,stone_marten,1
frge,38,47.99241667360909,7.844516668019857,2023-01-12,2023-02-10,2023-02-06,domestic_cat,1
frge,38,47.99241667360909,7.844516668019857,2023-01-12,2023-02-10,2023-02-07,domestic_cat,2
frge,38,47.99241667360909,7.844516668019857,2023-01-12,2023-02-10,2023-02-08,domestic_cat,1
frge,41,47.982286713601866,7.853226842030127,2022-10-19,2022-11-17,2022-10-19,domestic_cat,1
frge,41,47.982286713601866,7.853226842030127,2022-10-19,2022-11-17,2022-10-26,domestic_cat,1
frge,41,47.982286713601866,7.853226842030127,2022-10-19,2022-11-17,2022-10-26,stone_marten,1
frge,41,47.982286713601866,7.853226842030127,2022-10-19,2022-11-17,2022-10-27,domestic_cat,1
frge,41,47.982286713601866,7.853226842030127,2022-10-19,2022-11-17,2022-10-28,stone_marten,1
frge,41,47.982286713601866,7.853226842030127,2022-10-19,2022-11-17,2022-11-02,stone_marten,1
frge,41,47.982286713601866,7.853226842030127,2022-10-19,2022-11-17,2022-11-06,domestic_cat,1
frge,41,47.982286713601866,7.853226842030127,2022-10-19,2022-11-17,2022-11-08,domestic_cat,1
frge,41,47.982286713601866,7.853226842030127,2022-10-19,2022-11-17,2022-11-13,domestic_cat,1
frge,41,47.982286713601866,7.853226842030127,2022-10-19,2022-11-17,2022-11-14,domestic_cat,1
frge,41,47.982286713601866,7.853226842030127,2023-04-04,2023-05-03,2023-04-04,domestic_cat,1
frge,41,47.982286713601866,7.853226842030127,2023-04-04,2023-05-03,2023-04-05,domestic_cat,2
frge,41,47.982286713601866,7.853226842030127,2023-04-04,2023-05-03,2023-04-08,domestic_cat,9
frge,41,47.982286713601866,7.853226842030127,2023-04-04,2023-05-03,2023-04-09,domestic_cat,4
frge,41,47.982286713601866,7.853226842030127,2023-04-04,2023-05-03,2023-04-10,domestic_cat,18
frge,41,47.982286713601866,7.853226842030127,2023-04-04,2023-05-03,2023-04-11,domestic_cat,12
frge,41,47.982286713601866,7.853226842030127,2023-04-04,2023-05-03,2023-04-12,domestic_cat,3
frge,41,47.982286713601866,7.853226842030127,2023-04-04,2023-05-03,2023-04-13,domestic_cat,2
frge,41,47.982286713601866,7.853226842030127,2023-04-04,2023-05-03,2023-04-13,european_red_squirrel,1
frge,41,47.982286713601866,7.853226842030127,2023-04-04,2023-05-03,2023-04-14,domestic_cat,6
frge,41,47.982286713601866,7.853226842030127,2023-04-04,2023-05-03,2023-04-15,domestic_cat,4
frge,41,47.982286713601866,7.853226842030127,2023-04-04,2023-05-03,2023-04-15,european_badger,4
frge,41,47.982286713601866,7.853226842030127,2023-04-04,2023-05-03,2023-04-15,stone_marten,1
frge,41,47.982286713601866,7.853226842030127,2023-04-04,2023-05-03,2023-04-16,domestic_cat,1
frge,41,47.982286713601866,7.853226842030127,2023-04-04,2023-05-03,2023-04-17,domestic_cat,1
frge,41,47.982286713601866,7.853226842030127,2023-04-04,2023-05-03,2023-04-17,european_badger,12
frge,41,47.982286713601866,7.853226842030127,2023-04-04,2023-05-03,2023-04-18,domestic_cat,7
frge,41,47.982286713601866,7.853226842030127,2023-04-04,2023-05-03,2023-04-18,european_hedgehog,1
frge,41,47.982286713601866,7.853226842030127,2023-04-04,2023-05-03,2023-04-19,domestic_cat,5
frge,41,47.982286713601866,7.853226842030127,2023-04-04,2023-05-03,2023-04-19,stone_marten,1
frge,41,47.982286713601866,7.853226842030127,2023-04-04,2023-05-03,2023-04-20,domestic_cat,4
frge,41,47.982286713601866,7.853226842030127,2023-04-04,2023-05-03,2023-04-22,european_badger,2
frge,41,47.982286713601866,7.853226842030127,2023-04-04,2023-05-03,2023-04-24,domestic_cat,1
frge,41,47.982286713601866,7.853226842030127,2023-04-04,2023-05-03,2023-04-26,domestic_cat,2
frge,41,47.982286713601866,7.853226842030127,2023-04-04,2023-05-03,2023-04-26,european_hedgehog,1
frge,41,47.982286713601866,7.853226842030127,2023-04-04,2023-05-03,2023-04-29,domestic_cat,3
frge,41,47.982286713601866,7.853226842030127,2023-04-04,2023-05-03,2023-04-30,domestic_cat,2
frge,41,47.982286713601866,7.853226842030127,2023-04-04,2023-05-03,2023-05-01,stone_marten,1
frge,41,47.982286713601866,7.853226842030127,2023-04-04,2023-05-03,2023-05-02,domestic_cat,1
frge,41,47.982286713601866,7.853226842030127,2022-07-04,2022-07-18,2022-07-05,domestic_cat,6
frge,41,47.982286713601866,7.853226842030127,2022-07-04,2022-07-18,2022-07-05,european_red_squirrel,1
frge,41,47.982286713601866,7.853226842030127,2022-07-04,2022-07-18,2022-07-07,domestic_cat,3
frge,41,47.982286713601866,7.853226842030127,2022-07-04,2022-07-18,2022-07-08,domestic_cat,9
frge,41,47.982286713601866,7.853226842030127,2022-07-04,2022-07-18,2022-07-10,domestic_cat,2
frge,41,47.982286713601866,7.853226842030127,2022-07-04,2022-07-18,2022-07-12,european_hedgehog,1
frge,41,47.982286713601866,7.853226842030127,2022-07-04,2022-07-18,2022-07-13,domestic_cat,2
frge,41,47.982286713601866,7.853226842030127,2022-07-04,2022-07-18,2022-07-13,european_hedgehog,5
frge,41,47.982286713601866,7.853226842030127,2022-07-04,2022-07-18,2022-07-14,european_hedgehog,2
frge,41,47.982286713601866,7.853226842030127,2022-07-04,2022-07-18,2022-07-14,european_red_squirrel,1
frge,41,47.982286713601866,7.853226842030127,2022-07-04,2022-07-18,2022-07-16,domestic_cat,5
frge,41,47.982286713601866,7.853226842030127,2022-07-04,2022-07-18,2022-07-17,domestic_cat,2
frge,41,47.982286713601866,7.853226842030127,2022-07-04,2022-07-18,2022-07-18,domestic_cat,3
frge,41,47.982286713601866,7.853226842030127,2022-07-04,2022-07-18,2022-07-18,european_hedgehog,1
frge,41,47.982286713601866,7.853226842030127,2023-06-29,2023-07-31,2023-06-29,domestic_cat,8
frge,41,47.982286713601866,7.853226842030127,2023-06-29,2023-07-31,2023-06-30,domestic_cat,16
frge,41,47.982286713601866,7.853226842030127,2023-06-29,2023-07-31,2023-07-01,domestic_cat,1
frge,41,47.982286713601866,7.853226842030127,2023-06-29,2023-07-31,2023-07-01,stone_marten,1
frge,41,47.982286713601866,7.853226842030127,2023-06-29,2023-07-31,2023-07-02,domestic_cat,10
frge,41,47.982286713601866,7.853226842030127,2023-06-29,2023-07-31,2023-07-04,domestic_cat,3
frge,41,47.982286713601866,7.853226842030127,2023-06-29,2023-07-31,2023-07-05,domestic_cat,8
frge,41,47.982286713601866,7.853226842030127,2023-06-29,2023-07-31,2023-07-05,european_hedgehog,1
frge,41,47.982286713601866,7.853226842030127,2023-06-29,2023-07-31,2023-07-06,domestic_cat,10
frge,41,47.982286713601866,7.853226842030127,2023-06-29,2023-07-31,2023-07-09,domestic_cat,2
frge,41,47.982286713601866,7.853226842030127,2023-06-29,2023-07-31,2023-07-10,domestic_cat,3
frge,41,47.982286713601866,7.853226842030127,2023-06-29,2023-07-31,2023-07-14,domestic_cat,4
frge,41,47.982286713601866,7.853226842030127,2023-06-29,2023-07-31,2023-07-15,red_fox,2
frge,41,47.982286713601866,7.853226842030127,2023-06-29,2023-07-31,2023-07-15,stone_marten,1
frge,41,47.982286713601866,7.853226842030127,2023-06-29,2023-07-31,2023-07-16,domestic_cat,3
frge,41,47.982286713601866,7.853226842030127,2023-06-29,2023-07-31,2023-07-17,domestic_cat,4
frge,41,47.982286713601866,7.853226842030127,2023-06-29,2023-07-31,2023-07-18,domestic_cat,9
frge,41,47.982286713601866,7.853226842030127,2023-06-29,2023-07-31,2023-07-19,domestic_cat,4
frge,41,47.982286713601866,7.853226842030127,2023-06-29,2023-07-31,2023-07-20,domestic_cat,3
frge,41,47.982286713601866,7.853226842030127,2023-06-29,2023-07-31,2023-07-22,domestic_cat,2
frge,41,47.982286713601866,7.853226842030127,2023-06-29,2023-07-31,2023-07-24,domestic_cat,4
frge,41,47.982286713601866,7.853226842030127,2023-06-29,2023-07-31,2023-07-25,domestic_cat,4
frge,41,47.982286713601866,7.853226842030127,2023-06-29,2023-07-31,2023-07-25,stone_marten,1
frge,41,47.982286713601866,7.853226842030127,2023-06-29,2023-07-31,2023-07-26,domestic_cat,1
frge,41,47.982286713601866,7.853226842030127,2023-06-29,2023-07-31,2023-07-27,domestic_cat,3
frge,41,47.982286713601866,7.853226842030127,2023-06-29,2023-07-31,2023-07-28,domestic_cat,4
frge,41,47.982286713601866,7.853226842030127,2023-06-29,2023-07-31,2023-07-28,european_hedgehog,1
frge,41,47.982286713601866,7.853226842030127,2023-06-29,2023-07-31,2023-07-29,domestic_cat,1
frge,41,47.982286713601866,7.853226842030127,2023-06-29,2023-07-31,2023-07-30,domestic_cat,1
frge,41,47.982286713601866,7.853226842030127,2023-01-11,2023-02-09,2023-01-17,domestic_cat,1
frge,41,47.982286713601866,7.853226842030127,2023-01-11,2023-02-09,2023-01-17,red_fox,1
frge,41,47.982286713601866,7.853226842030127,2023-01-11,2023-02-09,2023-01-21,domestic_cat,1
frge,41,47.982286713601866,7.853226842030127,2023-01-11,2023-02-09,2023-01-22,stone_marten,2
frge,41,47.982286713601866,7.853226842030127,2023-01-11,2023-02-09,2023-01-23,domestic_cat,1
frge,41,47.982286713601866,7.853226842030127,2023-01-11,2023-02-09,2023-01-24,domestic_cat,1
frge,41,47.982286713601866,7.853226842030127,2023-01-11,2023-02-09,2023-01-28,european_red_squirrel,3
frge,41,47.982286713601866,7.853226842030127,2023-01-11,2023-02-09,2023-01-30,domestic_cat,1
frge,41,47.982286713601866,7.853226842030127,2023-01-11,2023-02-09,2023-01-31,domestic_cat,1
frge,41,47.982286713601866,7.853226842030127,2023-01-11,2023-02-09,2023-02-02,domestic_cat,6
frge,41,47.982286713601866,7.853226842030127,2023-01-11,2023-02-09,2023-02-02,stone_marten,2
